model,exercise,target,criterion,seed,target_bit,accuracy,lop,global_opposing_support,global_matching_support,global_opposing_rate,target_cardinality,total_hamming1_support,is_hand_criterion
gru,cpr,0000000000001,0,57.333333333333336,0.0,0.9500000000000001,12.0,201.33333333333334,861.6666666666666,0.18944171110023125,1.0,111.0,1.0
gru,cpr,0000000000001,1,57.333333333333336,0.0,0.9833333333333334,0.0,74.66666666666667,988.3333333333334,0.07024471679789394,1.0,111.0,1.0
gru,cpr,0000000000001,2,57.333333333333336,0.0,1.0,12.0,93.66666666666667,969.3333333333334,0.08813496745403032,1.0,111.0,1.0
gru,cpr,0000000000001,3,57.333333333333336,0.0,1.0,6.333333333333333,167.33333333333334,895.6666666666666,0.15732469364695895,1.0,111.0,0.0
gru,cpr,0000000000001,4,57.333333333333336,0.0,1.0,10.333333333333334,141.66666666666666,921.3333333333334,0.13326680560794837,1.0,111.0,0.0
gru,cpr,0000000000001,5,57.333333333333336,0.0,0.65,0.0,144.66666666666666,918.3333333333334,0.1361749411639855,1.0,111.0,0.0
gru,cpr,0000000000001,6,57.333333333333336,0.0,1.0,10.0,146.0,917.0,0.13736280886120764,1.0,111.0,0.0
gru,cpr,0000000000001,7,57.333333333333336,0.0,1.0,9.666666666666666,150.33333333333334,912.6666666666666,0.1415444242007532,1.0,111.0,0.0
gru,cpr,0000000000001,8,57.333333333333336,0.0,0.5333333333333333,0.0,180.66666666666666,882.3333333333334,0.16997387939575703,1.0,111.0,0.0
gru,cpr,0000000000001,9,57.333333333333336,0.0,0.4833333333333334,8.666666666666666,180.66666666666666,882.3333333333334,0.16995961071470933,1.0,111.0,0.0
gru,cpr,0000000000001,10,57.333333333333336,0.0,0.8666666666666667,0.0,131.66666666666666,931.3333333333334,0.12385839404211223,1.0,111.0,0.0
gru,cpr,0000000000001,11,57.333333333333336,0.0,0.6166666666666667,0.0,79.0,984.0,0.07438352609429637,1.0,111.0,0.0
gru,cpr,0000000000001,12,57.333333333333336,1.0,0.06666666666666667,42.0,991.3333333333334,71.66666666666667,0.932577806671857,1.0,111.0,0.0
gru,cpr,0000000000010,0,57.333333333333336,0.0,1.0,7.0,195.0,856.0,0.18553758325404376,1.0,99.0,1.0
gru,cpr,0000000000010,1,57.333333333333336,0.0,0.9833333333333334,12.0,92.0,959.0,0.08753568030447194,1.0,99.0,1.0
gru,cpr,0000000000010,2,57.333333333333336,0.0,1.0,0.0,95.0,956.0,0.09039010466222645,1.0,99.0,1.0
gru,cpr,0000000000010,3,57.333333333333336,0.0,1.0,0.0,180.0,871.0,0.1712654614652712,1.0,99.0,0.0
gru,cpr,0000000000010,4,57.333333333333336,0.0,1.0,0.0,151.0,900.0,0.14367269267364416,1.0,99.0,0.0
gru,cpr,0000000000010,5,57.333333333333336,0.0,1.0,7.0,165.0,886.0,0.15699333967649856,1.0,99.0,0.0
gru,cpr,0000000000010,6,57.333333333333336,0.0,1.0,12.0,138.0,913.0,0.1313035204567079,1.0,99.0,0.0
gru,cpr,0000000000010,7,57.333333333333336,0.0,1.0,12.0,157.0,894.0,0.1493815413891532,1.0,99.0,0.0
gru,cpr,0000000000010,8,57.333333333333336,0.0,0.8333333333333334,0.0,148.0,903.0,0.14081826831588962,1.0,99.0,0.0
gru,cpr,0000000000010,9,57.333333333333336,0.0,0.26666666666666666,7.0,165.0,886.0,0.15699333967649856,1.0,99.0,0.0
gru,cpr,0000000000010,10,57.333333333333336,0.0,0.6333333333333333,0.0,135.0,916.0,0.12844909609895339,1.0,99.0,0.0
gru,cpr,0000000000010,11,57.333333333333336,1.0,0.35000000000000003,42.0,994.0,57.0,0.9457659372026641,1.0,99.0,0.0
gru,cpr,0000000000010,12,57.333333333333336,0.0,1.0,0.0,102.0,949.0,0.09705042816365367,1.0,99.0,0.0
gru,cpr,0000000000100,0,57.333333333333336,0.0,0.9,12.0,207.0,840.0,0.19770773638968478,1.0,138.0,1.0
gru,cpr,0000000000100,1,57.333333333333336,0.0,0.8333333333333334,10.0,94.0,953.0,0.0897803247373448,1.0,138.0,1.0
gru,cpr,0000000000100,2,57.333333333333336,0.0,1.0,12.0,63.0,984.0,0.06017191977077364,1.0,138.0,1.0
gru,cpr,0000000000100,3,57.333333333333336,0.0,1.0,12.0,162.0,885.0,0.15472779369627507,1.0,138.0,0.0
gru,cpr,0000000000100,4,57.333333333333336,0.0,1.0,12.0,145.0,902.0,0.1384909264565425,1.0,138.0,0.0
gru,cpr,0000000000100,5,57.333333333333336,0.0,1.0,7.0,166.0,881.0,0.15854823304680038,1.0,138.0,0.0
gru,cpr,0000000000100,6,57.333333333333336,0.0,1.0,12.0,138.0,909.0,0.1318051575931232,1.0,138.0,0.0
gru,cpr,0000000000100,7,57.333333333333336,0.0,1.0,7.0,165.0,882.0,0.15759312320916904,1.0,138.0,0.0
gru,cpr,0000000000100,8,57.333333333333336,0.0,1.0,5.0,176.0,871.0,0.16809933142311365,1.0,138.0,0.0
gru,cpr,0000000000100,9,57.333333333333336,0.0,0.21666666666666667,7.0,203.0,844.0,0.1938872970391595,1.0,138.0,0.0
gru,cpr,0000000000100,10,57.333333333333336,1.0,0.2833333333333333,42.0,951.0,96.0,0.9083094555873924,1.0,138.0,0.0
gru,cpr,0000000000100,11,57.333333333333336,0.0,0.5666666666666667,0.0,88.0,959.0,0.08404966571155682,1.0,138.0,0.0
gru,cpr,0000000000100,12,57.333333333333336,0.0,0.8333333333333334,0.0,95.0,952.0,0.09073543457497613,1.0,138.0,0.0
gru,cpr,0000000001000,0,57.333333333333336,0.0,0.7999999999999999,12.0,214.0,875.0,0.19651056014692378,1.0,153.0,1.0
gru,cpr,0000000001000,1,57.333333333333336,0.0,0.9833333333333334,7.0,87.0,1002.0,0.07988980716253444,1.0,153.0,1.0
gru,cpr,0000000001000,2,57.333333333333336,0.0,1.0,6.0,74.0,1015.0,0.06795224977043159,1.0,153.0,1.0
gru,cpr,0000000001000,3,57.333333333333336,0.0,1.0,9.0,169.0,920.0,0.155188246097337,1.0,153.0,0.0
gru,cpr,0000000001000,4,57.333333333333336,0.0,1.0,12.0,155.0,934.0,0.1423324150596878,1.0,153.0,0.0
gru,cpr,0000000001000,5,57.333333333333336,0.0,1.0,12.0,176.0,913.0,0.16161616161616163,1.0,153.0,0.0
gru,cpr,0000000001000,6,57.333333333333336,0.0,1.0,12.0,158.0,931.0,0.14508723599632692,1.0,153.0,0.0
gru,cpr,0000000001000,7,57.333333333333336,0.0,1.0,12.0,154.0,935.0,0.1414141414141414,1.0,153.0,0.0
gru,cpr,0000000001000,8,57.333333333333336,0.0,1.0,10.0,158.0,931.0,0.14508723599632692,1.0,153.0,0.0
gru,cpr,0000000001000,9,57.333333333333336,1.0,0.016666666666666666,42.0,930.0,159.0,0.8539944903581267,1.0,153.0,0.0
gru,cpr,0000000001000,10,57.333333333333336,0.0,0.5166666666666666,5.0,120.0,969.0,0.11019283746556474,1.0,153.0,0.0
gru,cpr,0000000001000,11,57.333333333333336,0.0,0.5666666666666667,7.0,97.0,992.0,0.08907254361799816,1.0,153.0,0.0
gru,cpr,0000000001000,12,57.333333333333336,0.0,0.9333333333333332,7.0,107.0,982.0,0.09825528007346189,1.0,153.0,0.0
gru,cpr,0000000001001,0,57.333333333333336,0.0,0.9333333333333332,0.0,185.0,902.0,0.1701931922723091,2.0,64.0,1.0
gru,cpr,0000000001001,1,57.333333333333336,0.0,1.0,0.0,90.0,997.0,0.0827966881324747,2.0,64.0,1.0
gru,cpr,0000000001001,2,57.333333333333336,0.0,1.0,0.0,98.0,989.0,0.09015639374425023,2.0,64.0,1.0
gru,cpr,0000000001001,3,57.333333333333336,0.0,1.0,0.0,171.0,916.0,0.15731370745170192,2.0,64.0,0.0
gru,cpr,0000000001001,4,57.333333333333336,0.0,1.0,0.0,146.0,941.0,0.1343146274149034,2.0,64.0,0.0
gru,cpr,0000000001001,5,57.333333333333336,0.0,0.9333333333333332,0.0,128.0,959.0,0.11775528978840848,2.0,64.0,0.0
gru,cpr,0000000001001,6,57.333333333333336,0.0,1.0,0.0,143.0,944.0,0.13155473781048757,2.0,64.0,0.0
gru,cpr,0000000001001,7,57.333333333333336,0.0,1.0,0.0,164.0,923.0,0.15087396504139836,2.0,64.0,0.0
gru,cpr,0000000001001,8,57.333333333333336,0.0,0.6666666666666666,0.0,165.0,922.0,0.15179392824287027,2.0,64.0,0.0
gru,cpr,0000000001001,9,57.333333333333336,1.0,0.4666666666666666,22.0,906.0,181.0,0.8334866605335787,2.0,64.0,0.0
gru,cpr,0000000001001,10,57.333333333333336,0.0,0.26666666666666666,0.0,122.0,965.0,0.11223551057957681,2.0,64.0,0.0
gru,cpr,0000000001001,11,57.333333333333336,0.0,1.0,0.0,86.0,1001.0,0.07911683532658693,2.0,64.0,0.0
gru,cpr,0000000001001,12,57.333333333333336,1.0,0.39999999999999997,42.0,998.0,89.0,0.9181232750689973,2.0,64.0,0.0
gru,cpr,0000000001010,0,57.333333333333336,0.0,0.7999999999999999,0.0,185.0,902.0,0.1701931922723091,2.0,62.0,1.0
gru,cpr,0000000001010,1,57.333333333333336,0.0,0.8666666666666667,0.0,90.0,997.0,0.0827966881324747,2.0,62.0,1.0
gru,cpr,0000000001010,2,57.333333333333336,0.0,1.0,0.0,98.0,989.0,0.09015639374425023,2.0,62.0,1.0
gru,cpr,0000000001010,3,57.333333333333336,0.0,0.8333333333333334,0.0,171.0,916.0,0.15731370745170192,2.0,62.0,0.0
gru,cpr,0000000001010,4,57.333333333333336,0.0,1.0,0.0,146.0,941.0,0.1343146274149034,2.0,62.0,0.0
gru,cpr,0000000001010,5,57.333333333333336,0.0,0.8333333333333334,0.0,128.0,959.0,0.11775528978840848,2.0,62.0,0.0
gru,cpr,0000000001010,6,57.333333333333336,0.0,1.0,0.0,143.0,944.0,0.13155473781048757,2.0,62.0,0.0
gru,cpr,0000000001010,7,57.333333333333336,0.0,1.0,0.0,164.0,923.0,0.15087396504139836,2.0,62.0,0.0
gru,cpr,0000000001010,8,57.333333333333336,0.0,0.6666666666666666,0.0,165.0,922.0,0.15179392824287027,2.0,62.0,0.0
gru,cpr,0000000001010,9,57.333333333333336,1.0,1.0,20.0,906.0,181.0,0.8334866605335787,2.0,62.0,0.0
gru,cpr,0000000001010,10,57.333333333333336,0.0,0.26666666666666666,0.0,122.0,965.0,0.11223551057957681,2.0,62.0,0.0
gru,cpr,0000000001010,11,57.333333333333336,1.0,0.4666666666666666,42.0,1008.0,79.0,0.9273229070837167,2.0,62.0,0.0
gru,cpr,0000000001010,12,57.333333333333336,0.0,0.8666666666666667,0.0,96.0,991.0,0.08831646734130634,2.0,62.0,0.0
gru,cpr,0000000001100,0,57.333333333333336,0.0,0.8333333333333334,0.0,185.0,902.0,0.1701931922723091,2.0,64.0,1.0
gru,cpr,0000000001100,1,57.333333333333336,0.0,0.9333333333333332,0.0,90.0,997.0,0.0827966881324747,2.0,64.0,1.0
gru,cpr,0000000001100,2,57.333333333333336,0.0,1.0,0.0,98.0,989.0,0.09015639374425023,2.0,64.0,1.0
gru,cpr,0000000001100,3,57.333333333333336,0.0,1.0,0.0,171.0,916.0,0.15731370745170192,2.0,64.0,0.0
gru,cpr,0000000001100,4,57.333333333333336,0.0,1.0,0.0,146.0,941.0,0.1343146274149034,2.0,64.0,0.0
gru,cpr,0000000001100,5,57.333333333333336,0.0,0.9333333333333332,0.0,128.0,959.0,0.11775528978840848,2.0,64.0,0.0
gru,cpr,0000000001100,6,57.333333333333336,0.0,1.0,0.0,143.0,944.0,0.13155473781048757,2.0,64.0,0.0
gru,cpr,0000000001100,7,57.333333333333336,0.0,1.0,0.0,164.0,923.0,0.15087396504139836,2.0,64.0,0.0
gru,cpr,0000000001100,8,57.333333333333336,0.0,0.8333333333333334,0.0,165.0,922.0,0.15179392824287027,2.0,64.0,0.0
gru,cpr,0000000001100,9,57.333333333333336,1.0,0.7666666666666666,22.0,906.0,181.0,0.8334866605335787,2.0,64.0,0.0
gru,cpr,0000000001100,10,57.333333333333336,1.0,0.7000000000000001,42.0,977.0,110.0,0.8988040478380864,2.0,64.0,0.0
gru,cpr,0000000001100,11,57.333333333333336,0.0,0.39999999999999997,0.0,91.0,996.0,0.08371665133394664,2.0,64.0,0.0
gru,cpr,0000000001100,12,57.333333333333336,0.0,0.7666666666666666,0.0,96.0,991.0,0.08831646734130634,2.0,64.0,0.0
gru,cpr,0000000010000,0,57.333333333333336,0.0,0.75,12.0,214.0,875.0,0.19651056014692378,1.0,146.0,1.0
gru,cpr,0000000010000,1,57.333333333333336,0.0,0.6666666666666666,12.0,87.0,1002.0,0.07988980716253444,1.0,146.0,1.0
gru,cpr,0000000010000,2,57.333333333333336,0.0,0.9833333333333334,5.0,74.0,1015.0,0.06795224977043159,1.0,146.0,1.0
gru,cpr,0000000010000,3,57.333333333333336,0.0,0.9666666666666667,12.0,169.0,920.0,0.155188246097337,1.0,146.0,0.0
gru,cpr,0000000010000,4,57.333333333333336,0.0,1.0,12.0,155.0,934.0,0.1423324150596878,1.0,146.0,0.0
gru,cpr,0000000010000,5,57.333333333333336,0.0,1.0,12.0,176.0,913.0,0.16161616161616163,1.0,146.0,0.0
gru,cpr,0000000010000,6,57.333333333333336,0.0,1.0,10.0,158.0,931.0,0.14508723599632692,1.0,146.0,0.0
gru,cpr,0000000010000,7,57.333333333333336,0.0,1.0,12.0,154.0,935.0,0.1414141414141414,1.0,146.0,0.0
gru,cpr,0000000010000,8,57.333333333333336,1.0,0.65,42.0,953.0,136.0,0.8751147842056933,1.0,146.0,0.0
gru,cpr,0000000010000,9,57.333333333333336,0.0,0.6,10.0,181.0,908.0,0.16620752984389348,1.0,146.0,0.0
gru,cpr,0000000010000,10,57.333333333333336,0.0,0.6333333333333333,7.0,120.0,969.0,0.11019283746556474,1.0,146.0,0.0
gru,cpr,0000000010000,11,57.333333333333336,0.0,0.6666666666666666,0.0,97.0,992.0,0.08907254361799816,1.0,146.0,0.0
gru,cpr,0000000010000,12,57.333333333333336,0.0,0.5333333333333333,0.0,107.0,982.0,0.09825528007346189,1.0,146.0,0.0
gru,cpr,0000000010100,0,57.333333333333336,0.0,1.0,0.0,185.0,902.0,0.1701931922723091,2.0,64.0,1.0
gru,cpr,0000000010100,1,57.333333333333336,0.0,0.8666666666666667,0.0,90.0,997.0,0.0827966881324747,2.0,64.0,1.0
gru,cpr,0000000010100,2,57.333333333333336,0.0,0.6666666666666666,0.0,98.0,989.0,0.09015639374425023,2.0,64.0,1.0
gru,cpr,0000000010100,3,57.333333333333336,0.0,1.0,0.0,171.0,916.0,0.15731370745170192,2.0,64.0,0.0
gru,cpr,0000000010100,4,57.333333333333336,0.0,1.0,0.0,146.0,941.0,0.1343146274149034,2.0,64.0,0.0
gru,cpr,0000000010100,5,57.333333333333336,0.0,0.7000000000000001,0.0,128.0,959.0,0.11775528978840848,2.0,64.0,0.0
gru,cpr,0000000010100,6,57.333333333333336,0.0,1.0,0.0,143.0,944.0,0.13155473781048757,2.0,64.0,0.0
gru,cpr,0000000010100,7,57.333333333333336,0.0,1.0,0.0,164.0,923.0,0.15087396504139836,2.0,64.0,0.0
gru,cpr,0000000010100,8,57.333333333333336,1.0,0.8666666666666667,22.0,929.0,158.0,0.8546458141674332,2.0,64.0,0.0
gru,cpr,0000000010100,9,57.333333333333336,0.0,0.06666666666666667,0.0,188.0,899.0,0.17295308187672495,2.0,64.0,0.0
gru,cpr,0000000010100,10,57.333333333333336,1.0,0.3666666666666667,42.0,977.0,110.0,0.8988040478380864,2.0,64.0,0.0
gru,cpr,0000000010100,11,57.333333333333336,0.0,0.9333333333333332,0.0,91.0,996.0,0.08371665133394664,2.0,64.0,0.0
gru,cpr,0000000010100,12,57.333333333333336,0.0,0.8666666666666667,0.0,96.0,991.0,0.08831646734130634,2.0,64.0,0.0
gru,cpr,0000000011000,0,57.333333333333336,0.0,0.8666666666666667,0.0,185.0,902.0,0.1701931922723091,2.0,84.0,1.0
gru,cpr,0000000011000,1,57.333333333333336,0.0,0.6666666666666666,0.0,90.0,997.0,0.0827966881324747,2.0,84.0,1.0
gru,cpr,0000000011000,2,57.333333333333336,0.0,1.0,0.0,98.0,989.0,0.09015639374425023,2.0,84.0,1.0
gru,cpr,0000000011000,3,57.333333333333336,0.0,1.0,0.0,171.0,916.0,0.15731370745170192,2.0,84.0,0.0
gru,cpr,0000000011000,4,57.333333333333336,0.0,1.0,0.0,146.0,941.0,0.1343146274149034,2.0,84.0,0.0
gru,cpr,0000000011000,5,57.333333333333336,0.0,1.0,0.0,128.0,959.0,0.11775528978840848,2.0,84.0,0.0
gru,cpr,0000000011000,6,57.333333333333336,0.0,1.0,0.0,143.0,944.0,0.13155473781048757,2.0,84.0,0.0
gru,cpr,0000000011000,7,57.333333333333336,0.0,1.0,0.0,164.0,923.0,0.15087396504139836,2.0,84.0,0.0
gru,cpr,0000000011000,8,57.333333333333336,1.0,1.0,42.0,929.0,158.0,0.8546458141674332,2.0,84.0,0.0
gru,cpr,0000000011000,9,57.333333333333336,1.0,0.16666666666666666,42.0,911.0,176.0,0.8380864765409384,2.0,84.0,0.0
gru,cpr,0000000011000,10,57.333333333333336,0.0,0.4666666666666666,0.0,122.0,965.0,0.11223551057957681,2.0,84.0,0.0
gru,cpr,0000000011000,11,57.333333333333336,0.0,1.0,0.0,91.0,996.0,0.08371665133394664,2.0,84.0,0.0
gru,cpr,0000000011000,12,57.333333333333336,0.0,1.0,0.0,96.0,991.0,0.08831646734130634,2.0,84.0,0.0
gru,cpr,0000000100000,0,57.333333333333336,0.0,0.39999999999999997,12.0,214.0,875.0,0.19651056014692378,1.0,150.0,1.0
gru,cpr,0000000100000,1,57.333333333333336,0.0,0.9833333333333334,5.0,87.0,1002.0,0.07988980716253444,1.0,150.0,1.0
gru,cpr,0000000100000,2,57.333333333333336,0.0,1.0,12.0,74.0,1015.0,0.06795224977043159,1.0,150.0,1.0
gru,cpr,0000000100000,3,57.333333333333336,0.0,0.8166666666666668,10.0,169.0,920.0,0.155188246097337,1.0,150.0,0.0
gru,cpr,0000000100000,4,57.333333333333336,0.0,1.0,12.0,155.0,934.0,0.1423324150596878,1.0,150.0,0.0
gru,cpr,0000000100000,5,57.333333333333336,0.0,0.7166666666666667,12.0,176.0,913.0,0.16161616161616163,1.0,150.0,0.0
gru,cpr,0000000100000,6,57.333333333333336,0.0,1.0,0.0,158.0,931.0,0.14508723599632692,1.0,150.0,0.0
gru,cpr,0000000100000,7,57.333333333333336,1.0,1.0,42.0,957.0,132.0,0.8787878787878788,1.0,150.0,0.0
gru,cpr,0000000100000,8,57.333333333333336,0.0,1.0,12.0,158.0,931.0,0.14508723599632692,1.0,150.0,0.0
gru,cpr,0000000100000,9,57.333333333333336,0.0,0.3666666666666667,12.0,181.0,908.0,0.16620752984389348,1.0,150.0,0.0
gru,cpr,0000000100000,10,57.333333333333336,0.0,0.9833333333333334,12.0,120.0,969.0,0.11019283746556474,1.0,150.0,0.0
gru,cpr,0000000100000,11,57.333333333333336,0.0,0.6,7.0,97.0,992.0,0.08907254361799816,1.0,150.0,0.0
gru,cpr,0000000100000,12,57.333333333333336,0.0,1.0,2.0,107.0,982.0,0.09825528007346189,1.0,150.0,0.0
gru,cpr,0000000100001,0,57.333333333333336,0.0,1.0,0.0,185.0,902.0,0.1701931922723091,2.0,62.0,1.0
gru,cpr,0000000100001,1,57.333333333333336,0.0,0.6666666666666666,0.0,90.0,997.0,0.0827966881324747,2.0,62.0,1.0
gru,cpr,0000000100001,2,57.333333333333336,0.0,1.0,0.0,98.0,989.0,0.09015639374425023,2.0,62.0,1.0
gru,cpr,0000000100001,3,57.333333333333336,0.0,1.0,0.0,171.0,916.0,0.15731370745170192,2.0,62.0,0.0
gru,cpr,0000000100001,4,57.333333333333336,0.0,1.0,0.0,146.0,941.0,0.1343146274149034,2.0,62.0,0.0
gru,cpr,0000000100001,5,57.333333333333336,0.0,0.4666666666666666,0.0,128.0,959.0,0.11775528978840848,2.0,62.0,0.0
gru,cpr,0000000100001,6,57.333333333333336,0.0,1.0,0.0,143.0,944.0,0.13155473781048757,2.0,62.0,0.0
gru,cpr,0000000100001,7,57.333333333333336,1.0,1.0,22.0,930.0,157.0,0.8555657773689053,2.0,62.0,0.0
gru,cpr,0000000100001,8,57.333333333333336,0.0,1.0,0.0,165.0,922.0,0.15179392824287027,2.0,62.0,0.0
gru,cpr,0000000100001,9,57.333333333333336,0.0,0.5333333333333333,0.0,183.0,904.0,0.16835326586936525,2.0,62.0,0.0
gru,cpr,0000000100001,10,57.333333333333336,0.0,0.8333333333333334,0.0,122.0,965.0,0.11223551057957681,2.0,62.0,0.0
gru,cpr,0000000100001,11,57.333333333333336,0.0,0.5,0.0,91.0,996.0,0.08371665133394664,2.0,62.0,0.0
gru,cpr,0000000100001,12,57.333333333333336,1.0,0.0,40.0,998.0,89.0,0.9181232750689973,2.0,62.0,0.0
gru,cpr,0000000100010,0,57.333333333333336,0.0,0.6,8.0,185.0,902.0,0.1701931922723091,2.0,68.0,1.0
gru,cpr,0000000100010,1,57.333333333333336,0.0,0.9333333333333332,0.0,90.0,997.0,0.0827966881324747,2.0,68.0,1.0
gru,cpr,0000000100010,2,57.333333333333336,0.0,1.0,0.0,98.0,989.0,0.09015639374425023,2.0,68.0,1.0
gru,cpr,0000000100010,3,57.333333333333336,0.0,1.0,0.0,171.0,916.0,0.15731370745170192,2.0,68.0,0.0
gru,cpr,0000000100010,4,57.333333333333336,0.0,1.0,0.0,146.0,941.0,0.1343146274149034,2.0,68.0,0.0
gru,cpr,0000000100010,5,57.333333333333336,0.0,0.8666666666666667,0.0,128.0,959.0,0.11775528978840848,2.0,68.0,0.0
gru,cpr,0000000100010,6,57.333333333333336,0.0,1.0,0.0,143.0,944.0,0.13155473781048757,2.0,68.0,0.0
gru,cpr,0000000100010,7,57.333333333333336,1.0,1.0,20.0,930.0,157.0,0.8555657773689053,2.0,68.0,0.0
gru,cpr,0000000100010,8,57.333333333333336,0.0,1.0,0.0,165.0,922.0,0.15179392824287027,2.0,68.0,0.0
gru,cpr,0000000100010,9,57.333333333333336,0.0,0.6,0.0,183.0,904.0,0.16835326586936525,2.0,68.0,0.0
gru,cpr,0000000100010,10,57.333333333333336,0.0,0.8666666666666667,0.0,122.0,965.0,0.11223551057957681,2.0,68.0,0.0
gru,cpr,0000000100010,11,57.333333333333336,1.0,0.0,40.0,1008.0,79.0,0.9273229070837167,2.0,68.0,0.0
gru,cpr,0000000100010,12,57.333333333333336,0.0,0.6,0.0,101.0,986.0,0.09291628334866604,2.0,68.0,0.0
gru,cpr,0000000100100,0,57.333333333333336,0.0,1.0,0.0,185.0,902.0,0.1701931922723091,2.0,62.0,1.0
gru,cpr,0000000100100,1,57.333333333333336,0.0,1.0,0.0,90.0,997.0,0.0827966881324747,2.0,62.0,1.0
gru,cpr,0000000100100,2,57.333333333333336,0.0,1.0,0.0,98.0,989.0,0.09015639374425023,2.0,62.0,1.0
gru,cpr,0000000100100,3,57.333333333333336,0.0,1.0,0.0,171.0,916.0,0.15731370745170192,2.0,62.0,0.0
gru,cpr,0000000100100,4,57.333333333333336,0.0,1.0,0.0,146.0,941.0,0.1343146274149034,2.0,62.0,0.0
gru,cpr,0000000100100,5,57.333333333333336,0.0,1.0,0.0,128.0,959.0,0.11775528978840848,2.0,62.0,0.0
gru,cpr,0000000100100,6,57.333333333333336,0.0,1.0,0.0,143.0,944.0,0.13155473781048757,2.0,62.0,0.0
gru,cpr,0000000100100,7,57.333333333333336,1.0,1.0,22.0,930.0,157.0,0.8555657773689053,2.0,62.0,0.0
gru,cpr,0000000100100,8,57.333333333333336,0.0,0.9333333333333332,0.0,165.0,922.0,0.15179392824287027,2.0,62.0,0.0
gru,cpr,0000000100100,9,57.333333333333336,0.0,0.06666666666666667,0.0,183.0,904.0,0.16835326586936525,2.0,62.0,0.0
gru,cpr,0000000100100,10,57.333333333333336,1.0,0.0,40.0,977.0,110.0,0.8988040478380864,2.0,62.0,0.0
gru,cpr,0000000100100,11,57.333333333333336,0.0,0.3666666666666667,0.0,91.0,996.0,0.08371665133394664,2.0,62.0,0.0
gru,cpr,0000000100100,12,57.333333333333336,0.0,0.8333333333333334,0.0,101.0,986.0,0.09291628334866604,2.0,62.0,0.0
gru,cpr,0000000101000,0,57.333333333333336,0.0,1.0,0.0,185.0,902.0,0.1701931922723091,2.0,82.0,1.0
gru,cpr,0000000101000,1,57.333333333333336,0.0,1.0,0.0,90.0,997.0,0.0827966881324747,2.0,82.0,1.0
gru,cpr,0000000101000,2,57.333333333333336,0.0,1.0,0.0,98.0,989.0,0.09015639374425023,2.0,82.0,1.0
gru,cpr,0000000101000,3,57.333333333333336,0.0,1.0,0.0,171.0,916.0,0.15731370745170192,2.0,82.0,0.0
gru,cpr,0000000101000,4,57.333333333333336,0.0,1.0,0.0,146.0,941.0,0.1343146274149034,2.0,82.0,0.0
gru,cpr,0000000101000,5,57.333333333333336,0.0,0.9333333333333332,0.0,128.0,959.0,0.11775528978840848,2.0,82.0,0.0
gru,cpr,0000000101000,6,57.333333333333336,0.0,1.0,0.0,143.0,944.0,0.13155473781048757,2.0,82.0,0.0
gru,cpr,0000000101000,7,57.333333333333336,1.0,1.0,42.0,930.0,157.0,0.8555657773689053,2.0,82.0,0.0
gru,cpr,0000000101000,8,57.333333333333336,0.0,0.7333333333333334,0.0,165.0,922.0,0.15179392824287027,2.0,82.0,0.0
gru,cpr,0000000101000,9,57.333333333333336,1.0,0.0,40.0,916.0,171.0,0.8426862925482981,2.0,82.0,0.0
gru,cpr,0000000101000,10,57.333333333333336,0.0,0.13333333333333333,0.0,122.0,965.0,0.11223551057957681,2.0,82.0,0.0
gru,cpr,0000000101000,11,57.333333333333336,0.0,0.5333333333333333,0.0,91.0,996.0,0.08371665133394664,2.0,82.0,0.0
gru,cpr,0000000101000,12,57.333333333333336,0.0,0.4666666666666666,0.0,101.0,986.0,0.09291628334866604,2.0,82.0,0.0
gru,cpr,0000000110000,0,57.333333333333336,0.0,0.6666666666666666,0.0,185.0,902.0,0.1701931922723091,2.0,82.0,1.0
gru,cpr,0000000110000,1,57.333333333333336,0.0,1.0,0.0,90.0,997.0,0.0827966881324747,2.0,82.0,1.0
gru,cpr,0000000110000,2,57.333333333333336,0.0,1.0,0.0,98.0,989.0,0.09015639374425023,2.0,82.0,1.0
gru,cpr,0000000110000,3,57.333333333333336,0.0,1.0,0.0,171.0,916.0,0.15731370745170192,2.0,82.0,0.0
gru,cpr,0000000110000,4,57.333333333333336,0.0,1.0,0.0,146.0,941.0,0.1343146274149034,2.0,82.0,0.0
gru,cpr,0000000110000,5,57.333333333333336,0.0,0.9333333333333332,0.0,128.0,959.0,0.11775528978840848,2.0,82.0,0.0
gru,cpr,0000000110000,6,57.333333333333336,0.0,1.0,0.0,143.0,944.0,0.13155473781048757,2.0,82.0,0.0
gru,cpr,0000000110000,7,57.333333333333336,1.0,1.0,42.0,930.0,157.0,0.8555657773689053,2.0,82.0,0.0
gru,cpr,0000000110000,8,57.333333333333336,1.0,0.0,40.0,934.0,153.0,0.8592456301747932,2.0,82.0,0.0
gru,cpr,0000000110000,9,57.333333333333336,0.0,0.39999999999999997,0.0,183.0,904.0,0.16835326586936525,2.0,82.0,0.0
gru,cpr,0000000110000,10,57.333333333333336,0.0,0.5333333333333333,0.0,122.0,965.0,0.11223551057957681,2.0,82.0,0.0
gru,cpr,0000000110000,11,57.333333333333336,0.0,0.5333333333333333,0.0,91.0,996.0,0.08371665133394664,2.0,82.0,0.0
gru,cpr,0000000110000,12,57.333333333333336,0.0,0.8333333333333334,0.0,101.0,986.0,0.09291628334866604,2.0,82.0,0.0
gru,cpr,0000001000000,0,57.333333333333336,0.0,1.0,12.0,214.0,875.0,0.19651056014692378,1.0,150.0,1.0
gru,cpr,0000001000000,1,57.333333333333336,0.0,0.7666666666666666,7.0,87.0,1002.0,0.07988980716253444,1.0,150.0,1.0
gru,cpr,0000001000000,2,57.333333333333336,0.0,1.0,5.0,74.0,1015.0,0.06795224977043159,1.0,150.0,1.0
gru,cpr,0000001000000,3,57.333333333333336,0.0,1.0,7.0,169.0,920.0,0.155188246097337,1.0,150.0,0.0
gru,cpr,0000001000000,4,57.333333333333336,0.0,1.0,7.0,155.0,934.0,0.1423324150596878,1.0,150.0,0.0
gru,cpr,0000001000000,5,57.333333333333336,0.0,0.9333333333333332,12.0,176.0,913.0,0.16161616161616163,1.0,150.0,0.0
gru,cpr,0000001000000,6,57.333333333333336,1.0,1.0,42.0,973.0,116.0,0.8934802571166207,1.0,150.0,0.0
gru,cpr,0000001000000,7,57.333333333333336,0.0,1.0,0.0,174.0,915.0,0.15977961432506887,1.0,150.0,0.0
gru,cpr,0000001000000,8,57.333333333333336,0.0,1.0,10.0,158.0,931.0,0.14508723599632692,1.0,150.0,0.0
gru,cpr,0000001000000,9,57.333333333333336,0.0,0.6,12.0,181.0,908.0,0.16620752984389348,1.0,150.0,0.0
gru,cpr,0000001000000,10,57.333333333333336,0.0,0.6666666666666666,12.0,120.0,969.0,0.11019283746556474,1.0,150.0,0.0
gru,cpr,0000001000000,11,57.333333333333336,0.0,0.5166666666666667,12.0,97.0,992.0,0.08907254361799816,1.0,150.0,0.0
gru,cpr,0000001000000,12,57.333333333333336,0.0,0.9500000000000001,12.0,107.0,982.0,0.09825528007346189,1.0,150.0,0.0
gru,cpr,0000001000001,0,57.333333333333336,0.0,1.0,0.0,185.0,902.0,0.1701931922723091,2.0,44.0,1.0
gru,cpr,0000001000001,1,57.333333333333336,0.0,1.0,0.0,90.0,997.0,0.0827966881324747,2.0,44.0,1.0
gru,cpr,0000001000001,2,57.333333333333336,0.0,0.9333333333333332,0.0,98.0,989.0,0.09015639374425023,2.0,44.0,1.0
gru,cpr,0000001000001,3,57.333333333333336,0.0,1.0,0.0,171.0,916.0,0.15731370745170192,2.0,44.0,0.0
gru,cpr,0000001000001,4,57.333333333333336,0.0,1.0,0.0,146.0,941.0,0.1343146274149034,2.0,44.0,0.0
gru,cpr,0000001000001,5,57.333333333333336,0.0,0.6666666666666666,0.0,128.0,959.0,0.11775528978840848,2.0,44.0,0.0
gru,cpr,0000001000001,6,57.333333333333336,1.0,1.0,22.0,956.0,131.0,0.8794848206071757,2.0,44.0,0.0
gru,cpr,0000001000001,7,57.333333333333336,0.0,1.0,0.0,169.0,918.0,0.15547378104875806,2.0,44.0,0.0
gru,cpr,0000001000001,8,57.333333333333336,0.0,1.0,0.0,165.0,922.0,0.15179392824287027,2.0,44.0,0.0
gru,cpr,0000001000001,9,57.333333333333336,0.0,0.7666666666666666,0.0,183.0,904.0,0.16835326586936525,2.0,44.0,0.0
gru,cpr,0000001000001,10,57.333333333333336,0.0,0.3333333333333333,0.0,122.0,965.0,0.11223551057957681,2.0,44.0,0.0
gru,cpr,0000001000001,11,57.333333333333336,0.0,1.0,0.0,91.0,996.0,0.08371665133394664,2.0,44.0,0.0
gru,cpr,0000001000001,12,57.333333333333336,1.0,0.0,22.0,998.0,89.0,0.9181232750689973,2.0,44.0,0.0
gru,cpr,0000001000010,0,57.333333333333336,0.0,1.0,0.0,195.0,885.0,0.18055555555555555,2.0,64.0,1.0
gru,cpr,0000001000010,1,57.333333333333336,0.0,0.9333333333333332,0.0,85.0,995.0,0.0787037037037037,2.0,64.0,1.0
gru,cpr,0000001000010,2,57.333333333333336,0.0,1.0,0.0,83.0,997.0,0.07685185185185185,2.0,64.0,1.0
gru,cpr,0000001000010,3,57.333333333333336,0.0,0.9333333333333332,0.0,167.0,913.0,0.15462962962962962,2.0,64.0,0.0
gru,cpr,0000001000010,4,57.333333333333336,0.0,1.0,0.0,151.0,929.0,0.1398148148148148,2.0,64.0,0.0
gru,cpr,0000001000010,5,57.333333333333336,0.0,0.39999999999999997,0.0,172.0,908.0,0.15925925925925927,2.0,64.0,0.0
gru,cpr,0000001000010,6,57.333333333333336,1.0,1.0,22.0,950.0,130.0,0.8796296296296297,2.0,64.0,0.0
gru,cpr,0000001000010,7,57.333333333333336,0.0,1.0,0.0,136.0,944.0,0.1259259259259259,2.0,64.0,0.0
gru,cpr,0000001000010,8,57.333333333333336,0.0,1.0,0.0,176.0,904.0,0.16296296296296298,2.0,64.0,0.0
gru,cpr,0000001000010,9,57.333333333333336,0.0,0.6666666666666666,0.0,185.0,895.0,0.1712962962962963,2.0,64.0,0.0
gru,cpr,0000001000010,10,57.333333333333336,0.0,0.8333333333333334,0.0,130.0,950.0,0.12037037037037036,2.0,64.0,0.0
gru,cpr,0000001000010,11,57.333333333333336,1.0,0.0,42.0,1004.0,76.0,0.9296296296296296,2.0,64.0,0.0
gru,cpr,0000001000010,12,57.333333333333336,0.0,1.0,0.0,114.0,966.0,0.10555555555555556,2.0,64.0,0.0
gru,cpr,0000001000100,0,57.333333333333336,0.0,1.0,0.0,195.0,885.0,0.18055555555555555,2.0,84.0,1.0
gru,cpr,0000001000100,1,57.333333333333336,0.0,1.0,0.0,85.0,995.0,0.0787037037037037,2.0,84.0,1.0
gru,cpr,0000001000100,2,57.333333333333336,0.0,1.0,0.0,83.0,997.0,0.07685185185185185,2.0,84.0,1.0
gru,cpr,0000001000100,3,57.333333333333336,0.0,1.0,0.0,167.0,913.0,0.15462962962962962,2.0,84.0,0.0
gru,cpr,0000001000100,4,57.333333333333336,0.0,1.0,0.0,151.0,929.0,0.1398148148148148,2.0,84.0,0.0
gru,cpr,0000001000100,5,57.333333333333336,0.0,0.6,0.0,172.0,908.0,0.15925925925925927,2.0,84.0,0.0
gru,cpr,0000001000100,6,57.333333333333336,1.0,1.0,42.0,950.0,130.0,0.8796296296296297,2.0,84.0,0.0
gru,cpr,0000001000100,7,57.333333333333336,0.0,1.0,0.0,136.0,944.0,0.1259259259259259,2.0,84.0,0.0
gru,cpr,0000001000100,8,57.333333333333336,0.0,1.0,0.0,176.0,904.0,0.16296296296296298,2.0,84.0,0.0
gru,cpr,0000001000100,9,57.333333333333336,0.0,0.3,0.0,185.0,895.0,0.1712962962962963,2.0,84.0,0.0
gru,cpr,0000001000100,10,57.333333333333336,1.0,0.0,42.0,962.0,118.0,0.8907407407407407,2.0,84.0,0.0
gru,cpr,0000001000100,11,57.333333333333336,0.0,0.5333333333333333,0.0,88.0,992.0,0.08148148148148149,2.0,84.0,0.0
gru,cpr,0000001000100,12,57.333333333333336,0.0,0.6666666666666666,0.0,114.0,966.0,0.10555555555555556,2.0,84.0,0.0
gru,cpr,0000001001000,0,57.333333333333336,0.0,1.0,0.0,195.0,885.0,0.18055555555555555,2.0,64.0,1.0
gru,cpr,0000001001000,1,57.333333333333336,0.0,0.7999999999999999,0.0,85.0,995.0,0.0787037037037037,2.0,64.0,1.0
gru,cpr,0000001001000,2,57.333333333333336,0.0,1.0,0.0,83.0,997.0,0.07685185185185185,2.0,64.0,1.0
gru,cpr,0000001001000,3,57.333333333333336,0.0,1.0,0.0,167.0,913.0,0.15462962962962962,2.0,64.0,0.0
gru,cpr,0000001001000,4,57.333333333333336,0.0,1.0,0.0,151.0,929.0,0.1398148148148148,2.0,64.0,0.0
gru,cpr,0000001001000,5,57.333333333333336,0.0,0.7999999999999999,0.0,172.0,908.0,0.15925925925925927,2.0,64.0,0.0
gru,cpr,0000001001000,6,57.333333333333336,1.0,1.0,22.0,950.0,130.0,0.8796296296296297,2.0,64.0,0.0
gru,cpr,0000001001000,7,57.333333333333336,0.0,1.0,0.0,136.0,944.0,0.1259259259259259,2.0,64.0,0.0
gru,cpr,0000001001000,8,57.333333333333336,0.0,1.0,0.0,176.0,904.0,0.16296296296296298,2.0,64.0,0.0
gru,cpr,0000001001000,9,57.333333333333336,1.0,0.0,42.0,907.0,173.0,0.8398148148148148,2.0,64.0,0.0
gru,cpr,0000001001000,10,57.333333333333336,0.0,0.39999999999999997,0.0,130.0,950.0,0.12037037037037036,2.0,64.0,0.0
gru,cpr,0000001001000,11,57.333333333333336,0.0,0.6666666666666666,0.0,88.0,992.0,0.08148148148148149,2.0,64.0,0.0
gru,cpr,0000001001000,12,57.333333333333336,0.0,1.0,0.0,114.0,966.0,0.10555555555555556,2.0,64.0,0.0
gru,cpr,0000001010000,0,57.333333333333336,0.0,1.0,0.0,195.0,885.0,0.18055555555555555,2.0,92.0,1.0
gru,cpr,0000001010000,1,57.333333333333336,0.0,0.8666666666666667,0.0,85.0,995.0,0.0787037037037037,2.0,92.0,1.0
gru,cpr,0000001010000,2,57.333333333333336,0.0,1.0,0.0,83.0,997.0,0.07685185185185185,2.0,92.0,1.0
gru,cpr,0000001010000,3,57.333333333333336,0.0,1.0,0.0,167.0,913.0,0.15462962962962962,2.0,92.0,0.0
gru,cpr,0000001010000,4,57.333333333333336,0.0,1.0,8.0,151.0,929.0,0.1398148148148148,2.0,92.0,0.0
gru,cpr,0000001010000,5,57.333333333333336,0.0,0.2333333333333333,0.0,172.0,908.0,0.15925925925925927,2.0,92.0,0.0
gru,cpr,0000001010000,6,57.333333333333336,1.0,1.0,42.0,950.0,130.0,0.8796296296296297,2.0,92.0,0.0
gru,cpr,0000001010000,7,57.333333333333336,0.0,1.0,0.0,136.0,944.0,0.1259259259259259,2.0,92.0,0.0
gru,cpr,0000001010000,8,57.333333333333336,1.0,0.0,42.0,911.0,169.0,0.8435185185185187,2.0,92.0,0.0
gru,cpr,0000001010000,9,57.333333333333336,0.0,1.0,0.0,180.0,900.0,0.16666666666666666,2.0,92.0,0.0
gru,cpr,0000001010000,10,57.333333333333336,0.0,1.0,0.0,130.0,950.0,0.12037037037037036,2.0,92.0,0.0
gru,cpr,0000001010000,11,57.333333333333336,0.0,0.7333333333333334,0.0,88.0,992.0,0.08148148148148149,2.0,92.0,0.0
gru,cpr,0000001010000,12,57.333333333333336,0.0,1.0,0.0,114.0,966.0,0.10555555555555556,2.0,92.0,0.0
gru,cpr,0000010000000,0,57.333333333333336,0.0,0.8333333333333334,7.0,195.0,856.0,0.18553758325404376,1.0,145.0,1.0
gru,cpr,0000010000000,1,57.333333333333336,0.0,0.85,12.0,92.0,959.0,0.08753568030447194,1.0,145.0,1.0
gru,cpr,0000010000000,2,57.333333333333336,0.0,1.0,10.0,95.0,956.0,0.09039010466222645,1.0,145.0,1.0
gru,cpr,0000010000000,3,57.333333333333336,0.0,1.0,12.0,180.0,871.0,0.1712654614652712,1.0,145.0,0.0
gru,cpr,0000010000000,4,57.333333333333336,0.0,1.0,0.0,151.0,900.0,0.14367269267364416,1.0,145.0,0.0
gru,cpr,0000010000000,5,57.333333333333336,1.0,0.26666666666666666,42.0,908.0,143.0,0.8639391056137012,1.0,145.0,0.0
gru,cpr,0000010000000,6,57.333333333333336,0.0,1.0,12.0,138.0,913.0,0.1313035204567079,1.0,145.0,0.0
gru,cpr,0000010000000,7,57.333333333333336,0.0,1.0,12.0,137.0,914.0,0.13035204567078973,1.0,145.0,0.0
gru,cpr,0000010000000,8,57.333333333333336,0.0,0.9666666666666667,12.0,170.0,881.0,0.16175071360608945,1.0,145.0,0.0
gru,cpr,0000010000000,9,57.333333333333336,0.0,0.6,7.0,163.0,888.0,0.15509039010466222,1.0,145.0,0.0
gru,cpr,0000010000000,10,57.333333333333336,0.0,0.43333333333333335,12.0,115.0,936.0,0.10941960038058991,1.0,145.0,0.0
gru,cpr,0000010000000,11,57.333333333333336,0.0,0.5833333333333334,7.0,99.0,952.0,0.09419600380589914,1.0,145.0,0.0
gru,cpr,0000010000000,12,57.333333333333336,0.0,0.65,0.0,102.0,949.0,0.09705042816365367,1.0,145.0,0.0
gru,cpr,0000010000010,0,57.333333333333336,0.0,1.0,0.0,195.0,885.0,0.18055555555555555,2.0,64.0,1.0
gru,cpr,0000010000010,1,57.333333333333336,0.0,0.8666666666666667,0.0,85.0,995.0,0.0787037037037037,2.0,64.0,1.0
gru,cpr,0000010000010,2,57.333333333333336,0.0,1.0,0.0,83.0,997.0,0.07685185185185185,2.0,64.0,1.0
gru,cpr,0000010000010,3,57.333333333333336,0.0,1.0,0.0,167.0,913.0,0.15462962962962962,2.0,64.0,0.0
gru,cpr,0000010000010,4,57.333333333333336,0.0,1.0,0.0,151.0,929.0,0.1398148148148148,2.0,64.0,0.0
gru,cpr,0000010000010,5,57.333333333333336,1.0,1.0,22.0,915.0,165.0,0.8472222222222222,2.0,64.0,0.0
gru,cpr,0000010000010,6,57.333333333333336,0.0,1.0,0.0,137.0,943.0,0.12685185185185185,2.0,64.0,0.0
gru,cpr,0000010000010,7,57.333333333333336,0.0,1.0,0.0,136.0,944.0,0.1259259259259259,2.0,64.0,0.0
gru,cpr,0000010000010,8,57.333333333333336,0.0,1.0,0.0,176.0,904.0,0.16296296296296298,2.0,64.0,0.0
gru,cpr,0000010000010,9,57.333333333333336,0.0,0.7333333333333334,0.0,180.0,900.0,0.16666666666666666,2.0,64.0,0.0
gru,cpr,0000010000010,10,57.333333333333336,0.0,0.6,0.0,130.0,950.0,0.12037037037037036,2.0,64.0,0.0
gru,cpr,0000010000010,11,57.333333333333336,1.0,0.0,42.0,999.0,81.0,0.9250000000000002,2.0,64.0,0.0
gru,cpr,0000010000010,12,57.333333333333336,0.0,1.0,0.0,114.0,966.0,0.10555555555555556,2.0,64.0,0.0
gru,cpr,0000010000100,0,57.333333333333336,0.0,1.0,0.0,195.0,885.0,0.18055555555555555,2.0,84.0,1.0
gru,cpr,0000010000100,1,57.333333333333336,0.0,0.9333333333333332,0.0,85.0,995.0,0.0787037037037037,2.0,84.0,1.0
gru,cpr,0000010000100,2,57.333333333333336,0.0,1.0,0.0,83.0,997.0,0.07685185185185185,2.0,84.0,1.0
gru,cpr,0000010000100,3,57.333333333333336,0.0,1.0,0.0,167.0,913.0,0.15462962962962962,2.0,84.0,0.0
gru,cpr,0000010000100,4,57.333333333333336,0.0,1.0,0.0,151.0,929.0,0.1398148148148148,2.0,84.0,0.0
gru,cpr,0000010000100,5,57.333333333333336,1.0,1.0,42.0,915.0,165.0,0.8472222222222222,2.0,84.0,0.0
gru,cpr,0000010000100,6,57.333333333333336,0.0,1.0,0.0,137.0,943.0,0.12685185185185185,2.0,84.0,0.0
gru,cpr,0000010000100,7,57.333333333333336,0.0,1.0,0.0,136.0,944.0,0.1259259259259259,2.0,84.0,0.0
gru,cpr,0000010000100,8,57.333333333333336,0.0,0.8333333333333334,0.0,176.0,904.0,0.16296296296296298,2.0,84.0,0.0
gru,cpr,0000010000100,9,57.333333333333336,0.0,0.9333333333333332,0.0,180.0,900.0,0.16666666666666666,2.0,84.0,0.0
gru,cpr,0000010000100,10,57.333333333333336,1.0,0.16666666666666666,42.0,962.0,118.0,0.8907407407407407,2.0,84.0,0.0
gru,cpr,0000010000100,11,57.333333333333336,0.0,0.8666666666666667,0.0,93.0,987.0,0.0861111111111111,2.0,84.0,0.0
gru,cpr,0000010000100,12,57.333333333333336,0.0,1.0,0.0,114.0,966.0,0.10555555555555556,2.0,84.0,0.0
gru,cpr,0000010001000,0,57.333333333333336,0.0,0.8333333333333334,0.0,195.0,885.0,0.18055555555555555,2.0,72.0,1.0
gru,cpr,0000010001000,1,57.333333333333336,0.0,0.8666666666666667,0.0,85.0,995.0,0.0787037037037037,2.0,72.0,1.0
gru,cpr,0000010001000,2,57.333333333333336,0.0,1.0,0.0,83.0,997.0,0.07685185185185185,2.0,72.0,1.0
gru,cpr,0000010001000,3,57.333333333333336,0.0,1.0,8.0,167.0,913.0,0.15462962962962962,2.0,72.0,0.0
gru,cpr,0000010001000,4,57.333333333333336,0.0,1.0,0.0,151.0,929.0,0.1398148148148148,2.0,72.0,0.0
gru,cpr,0000010001000,5,57.333333333333336,1.0,1.0,22.0,915.0,165.0,0.8472222222222222,2.0,72.0,0.0
gru,cpr,0000010001000,6,57.333333333333336,0.0,1.0,0.0,137.0,943.0,0.12685185185185185,2.0,72.0,0.0
gru,cpr,0000010001000,7,57.333333333333336,0.0,1.0,0.0,136.0,944.0,0.1259259259259259,2.0,72.0,0.0
gru,cpr,0000010001000,8,57.333333333333336,0.0,1.0,0.0,176.0,904.0,0.16296296296296298,2.0,72.0,0.0
gru,cpr,0000010001000,9,57.333333333333336,1.0,0.0,42.0,907.0,173.0,0.8398148148148148,2.0,72.0,0.0
gru,cpr,0000010001000,10,57.333333333333336,0.0,0.8666666666666667,0.0,125.0,955.0,0.11574074074074074,2.0,72.0,0.0
gru,cpr,0000010001000,11,57.333333333333336,0.0,0.6,0.0,93.0,987.0,0.0861111111111111,2.0,72.0,0.0
gru,cpr,0000010001000,12,57.333333333333336,0.0,1.0,0.0,114.0,966.0,0.10555555555555556,2.0,72.0,0.0
gru,cpr,0000010010000,0,57.333333333333336,0.0,0.6666666666666666,0.0,195.0,885.0,0.18055555555555555,2.0,84.0,1.0
gru,cpr,0000010010000,1,57.333333333333336,0.0,0.8666666666666667,0.0,85.0,995.0,0.0787037037037037,2.0,84.0,1.0
gru,cpr,0000010010000,2,57.333333333333336,0.0,1.0,0.0,83.0,997.0,0.07685185185185185,2.0,84.0,1.0
gru,cpr,0000010010000,3,57.333333333333336,0.0,0.8333333333333334,0.0,167.0,913.0,0.15462962962962962,2.0,84.0,0.0
gru,cpr,0000010010000,4,57.333333333333336,0.0,1.0,0.0,151.0,929.0,0.1398148148148148,2.0,84.0,0.0
gru,cpr,0000010010000,5,57.333333333333336,1.0,0.3333333333333333,42.0,915.0,165.0,0.8472222222222222,2.0,84.0,0.0
gru,cpr,0000010010000,6,57.333333333333336,0.0,1.0,0.0,137.0,943.0,0.12685185185185185,2.0,84.0,0.0
gru,cpr,0000010010000,7,57.333333333333336,0.0,1.0,0.0,136.0,944.0,0.1259259259259259,2.0,84.0,0.0
gru,cpr,0000010010000,8,57.333333333333336,1.0,0.5333333333333333,42.0,911.0,169.0,0.8435185185185187,2.0,84.0,0.0
gru,cpr,0000010010000,9,57.333333333333336,0.0,0.8666666666666667,0.0,180.0,900.0,0.16666666666666666,2.0,84.0,0.0
gru,cpr,0000010010000,10,57.333333333333336,0.0,0.8666666666666667,0.0,125.0,955.0,0.11574074074074074,2.0,84.0,0.0
gru,cpr,0000010010000,11,57.333333333333336,0.0,0.8666666666666667,0.0,93.0,987.0,0.0861111111111111,2.0,84.0,0.0
gru,cpr,0000010010000,12,57.333333333333336,0.0,1.0,0.0,114.0,966.0,0.10555555555555556,2.0,84.0,0.0
gru,cpr,0000010100000,0,57.333333333333336,0.0,0.8333333333333334,0.0,195.0,885.0,0.18055555555555555,2.0,64.0,1.0
gru,cpr,0000010100000,1,57.333333333333336,0.0,0.9333333333333332,0.0,85.0,995.0,0.0787037037037037,2.0,64.0,1.0
gru,cpr,0000010100000,2,57.333333333333336,0.0,0.8333333333333334,0.0,83.0,997.0,0.07685185185185185,2.0,64.0,1.0
gru,cpr,0000010100000,3,57.333333333333336,0.0,1.0,0.0,167.0,913.0,0.15462962962962962,2.0,64.0,0.0
gru,cpr,0000010100000,4,57.333333333333336,0.0,1.0,0.0,151.0,929.0,0.1398148148148148,2.0,64.0,0.0
gru,cpr,0000010100000,5,57.333333333333336,1.0,0.0,22.0,915.0,165.0,0.8472222222222222,2.0,64.0,0.0
gru,cpr,0000010100000,6,57.333333333333336,0.0,1.0,0.0,137.0,943.0,0.12685185185185185,2.0,64.0,0.0
gru,cpr,0000010100000,7,57.333333333333336,1.0,1.0,42.0,956.0,124.0,0.8851851851851852,2.0,64.0,0.0
gru,cpr,0000010100000,8,57.333333333333336,0.0,0.7999999999999999,0.0,181.0,899.0,0.1675925925925926,2.0,64.0,0.0
gru,cpr,0000010100000,9,57.333333333333336,0.0,0.7333333333333334,0.0,180.0,900.0,0.16666666666666666,2.0,64.0,0.0
gru,cpr,0000010100000,10,57.333333333333336,0.0,1.0,0.0,125.0,955.0,0.11574074074074074,2.0,64.0,0.0
gru,cpr,0000010100000,11,57.333333333333336,0.0,0.39999999999999997,0.0,93.0,987.0,0.0861111111111111,2.0,64.0,0.0
gru,cpr,0000010100000,12,57.333333333333336,0.0,0.8666666666666667,0.0,114.0,966.0,0.10555555555555556,2.0,64.0,0.0
gru,cpr,0000011000000,0,57.333333333333336,0.0,1.0,0.0,195.0,885.0,0.18055555555555555,2.0,84.0,1.0
gru,cpr,0000011000000,1,57.333333333333336,0.0,0.8666666666666667,0.0,85.0,995.0,0.0787037037037037,2.0,84.0,1.0
gru,cpr,0000011000000,2,57.333333333333336,0.0,1.0,0.0,83.0,997.0,0.07685185185185185,2.0,84.0,1.0
gru,cpr,0000011000000,3,57.333333333333336,0.0,1.0,0.0,167.0,913.0,0.15462962962962962,2.0,84.0,0.0
gru,cpr,0000011000000,4,57.333333333333336,0.0,1.0,0.0,151.0,929.0,0.1398148148148148,2.0,84.0,0.0
gru,cpr,0000011000000,5,57.333333333333336,1.0,0.0,42.0,915.0,165.0,0.8472222222222222,2.0,84.0,0.0
gru,cpr,0000011000000,6,57.333333333333336,1.0,1.0,42.0,955.0,125.0,0.8842592592592592,2.0,84.0,0.0
gru,cpr,0000011000000,7,57.333333333333336,0.0,1.0,0.0,136.0,944.0,0.1259259259259259,2.0,84.0,0.0
gru,cpr,0000011000000,8,57.333333333333336,0.0,1.0,0.0,181.0,899.0,0.1675925925925926,2.0,84.0,0.0
gru,cpr,0000011000000,9,57.333333333333336,0.0,0.7333333333333334,0.0,180.0,900.0,0.16666666666666666,2.0,84.0,0.0
gru,cpr,0000011000000,10,57.333333333333336,0.0,0.8666666666666667,0.0,125.0,955.0,0.11574074074074074,2.0,84.0,0.0
gru,cpr,0000011000000,11,57.333333333333336,0.0,0.8666666666666667,0.0,93.0,987.0,0.0861111111111111,2.0,84.0,0.0
gru,cpr,0000011000000,12,57.333333333333336,0.0,1.0,0.0,114.0,966.0,0.10555555555555556,2.0,84.0,0.0
gru,cpr,0000100000000,0,57.333333333333336,0.0,0.3833333333333333,10.333333333333334,197.66666666666666,847.6666666666666,0.18911775028516276,1.0,119.0,1.0
gru,cpr,0000100000000,1,57.333333333333336,0.0,1.0,0.0,78.0,967.3333333333334,0.07460052840416094,1.0,119.0,1.0
gru,cpr,0000100000000,2,57.333333333333336,0.0,1.0,0.0,97.0,948.3333333333334,0.09279854347635341,1.0,119.0,1.0
gru,cpr,0000100000000,3,57.333333333333336,0.0,1.0,11.333333333333334,173.66666666666666,871.6666666666666,0.16614630555799284,1.0,119.0,0.0
gru,cpr,0000100000000,4,57.333333333333336,1.0,0.9833333333333334,42.0,925.6666666666666,119.66666666666667,0.885524212024607,1.0,119.0,0.0
gru,cpr,0000100000000,5,57.333333333333336,0.0,0.8333333333333334,0.0,169.66666666666666,875.6666666666666,0.16231245064490654,1.0,119.0,0.0
gru,cpr,0000100000000,6,57.333333333333336,0.0,0.8333333333333334,7.0,116.66666666666667,928.6666666666666,0.11156688407280668,1.0,119.0,0.0
gru,cpr,0000100000000,7,57.333333333333336,0.0,1.0,8.666666666666666,174.0,871.3333333333334,0.1664546225614928,1.0,119.0,0.0
gru,cpr,0000100000000,8,57.333333333333336,0.0,0.8333333333333334,11.333333333333334,177.0,868.3333333333334,0.16932209255847055,1.0,119.0,0.0
gru,cpr,0000100000000,9,57.333333333333336,0.0,0.8166666666666668,8.333333333333334,198.33333333333334,847.0,0.18974657073498877,1.0,119.0,0.0
gru,cpr,0000100000000,10,57.333333333333336,0.0,0.8166666666666668,12.0,131.0,914.3333333333334,0.12531197293634777,1.0,119.0,0.0
gru,cpr,0000100000000,11,57.333333333333336,0.0,1.0,0.0,74.0,971.3333333333334,0.0707739853567703,1.0,119.0,0.0
gru,cpr,0000100000000,12,57.333333333333336,0.0,0.9833333333333334,8.0,114.0,931.3333333333334,0.10905160227350279,1.0,119.0,0.0
gru,cpr,0000100000001,0,57.333333333333336,0.0,0.7999999999999999,0.0,195.0,885.0,0.18055555555555555,2.0,64.0,1.0
gru,cpr,0000100000001,1,57.333333333333336,0.0,1.0,0.0,85.0,995.0,0.0787037037037037,2.0,64.0,1.0
gru,cpr,0000100000001,2,57.333333333333336,0.0,1.0,0.0,83.0,997.0,0.07685185185185185,2.0,64.0,1.0
gru,cpr,0000100000001,3,57.333333333333336,0.0,1.0,0.0,167.0,913.0,0.15462962962962962,2.0,64.0,0.0
gru,cpr,0000100000001,4,57.333333333333336,1.0,1.0,42.0,941.0,139.0,0.8712962962962963,2.0,64.0,0.0
gru,cpr,0000100000001,5,57.333333333333336,0.0,1.0,0.0,177.0,903.0,0.1638888888888889,2.0,64.0,0.0
gru,cpr,0000100000001,6,57.333333333333336,0.0,1.0,0.0,137.0,943.0,0.12685185185185185,2.0,64.0,0.0
gru,cpr,0000100000001,7,57.333333333333336,0.0,1.0,0.0,136.0,944.0,0.1259259259259259,2.0,64.0,0.0
gru,cpr,0000100000001,8,57.333333333333336,0.0,1.0,0.0,181.0,899.0,0.1675925925925926,2.0,64.0,0.0
gru,cpr,0000100000001,9,57.333333333333336,0.0,0.9333333333333332,0.0,180.0,900.0,0.16666666666666666,2.0,64.0,0.0
gru,cpr,0000100000001,10,57.333333333333336,0.0,0.7000000000000001,0.0,125.0,955.0,0.11574074074074074,2.0,64.0,0.0
gru,cpr,0000100000001,11,57.333333333333336,0.0,1.0,0.0,93.0,987.0,0.0861111111111111,2.0,64.0,0.0
gru,cpr,0000100000001,12,57.333333333333336,1.0,0.16666666666666666,22.0,978.0,102.0,0.9055555555555556,2.0,64.0,0.0
gru,cpr,0000100000100,0,57.333333333333336,0.0,0.9333333333333332,0.0,195.0,885.0,0.18055555555555555,2.0,64.0,1.0
gru,cpr,0000100000100,1,57.333333333333336,0.0,1.0,0.0,85.0,995.0,0.0787037037037037,2.0,64.0,1.0
gru,cpr,0000100000100,2,57.333333333333336,0.0,1.0,0.0,83.0,997.0,0.07685185185185185,2.0,64.0,1.0
gru,cpr,0000100000100,3,57.333333333333336,0.0,1.0,0.0,167.0,913.0,0.15462962962962962,2.0,64.0,0.0
gru,cpr,0000100000100,4,57.333333333333336,1.0,1.0,42.0,941.0,139.0,0.8712962962962963,2.0,64.0,0.0
gru,cpr,0000100000100,5,57.333333333333336,0.0,1.0,0.0,177.0,903.0,0.1638888888888889,2.0,64.0,0.0
gru,cpr,0000100000100,6,57.333333333333336,0.0,1.0,0.0,137.0,943.0,0.12685185185185185,2.0,64.0,0.0
gru,cpr,0000100000100,7,57.333333333333336,0.0,1.0,0.0,136.0,944.0,0.1259259259259259,2.0,64.0,0.0
gru,cpr,0000100000100,8,57.333333333333336,0.0,1.0,0.0,181.0,899.0,0.1675925925925926,2.0,64.0,0.0
gru,cpr,0000100000100,9,57.333333333333336,0.0,0.3,0.0,180.0,900.0,0.16666666666666666,2.0,64.0,0.0
gru,cpr,0000100000100,10,57.333333333333336,1.0,0.0,22.0,967.0,113.0,0.8953703703703703,2.0,64.0,0.0
gru,cpr,0000100000100,11,57.333333333333336,0.0,1.0,0.0,93.0,987.0,0.0861111111111111,2.0,64.0,0.0
gru,cpr,0000100000100,12,57.333333333333336,0.0,0.6666666666666666,0.0,114.0,966.0,0.10555555555555556,2.0,64.0,0.0
gru,cpr,0000100001000,0,57.333333333333336,0.0,0.7999999999999999,8.0,195.0,885.0,0.18055555555555555,2.0,52.0,1.0
gru,cpr,0000100001000,1,57.333333333333336,0.0,1.0,0.0,85.0,995.0,0.0787037037037037,2.0,52.0,1.0
gru,cpr,0000100001000,2,57.333333333333336,0.0,1.0,0.0,83.0,997.0,0.07685185185185185,2.0,52.0,1.0
gru,cpr,0000100001000,3,57.333333333333336,0.0,1.0,0.0,167.0,913.0,0.15462962962962962,2.0,52.0,0.0
gru,cpr,0000100001000,4,57.333333333333336,1.0,1.0,22.0,941.0,139.0,0.8712962962962963,2.0,52.0,0.0
gru,cpr,0000100001000,5,57.333333333333336,0.0,1.0,0.0,177.0,903.0,0.1638888888888889,2.0,52.0,0.0
gru,cpr,0000100001000,6,57.333333333333336,0.0,1.0,0.0,137.0,943.0,0.12685185185185185,2.0,52.0,0.0
gru,cpr,0000100001000,7,57.333333333333336,0.0,1.0,0.0,136.0,944.0,0.1259259259259259,2.0,52.0,0.0
gru,cpr,0000100001000,8,57.333333333333336,0.0,1.0,0.0,181.0,899.0,0.1675925925925926,2.0,52.0,0.0
gru,cpr,0000100001000,9,57.333333333333336,1.0,0.0,22.0,912.0,168.0,0.8444444444444444,2.0,52.0,0.0
gru,cpr,0000100001000,10,57.333333333333336,0.0,0.5666666666666667,0.0,125.0,955.0,0.11574074074074074,2.0,52.0,0.0
gru,cpr,0000100001000,11,57.333333333333336,0.0,1.0,0.0,93.0,987.0,0.0861111111111111,2.0,52.0,0.0
gru,cpr,0000100001000,12,57.333333333333336,0.0,0.9333333333333332,0.0,114.0,966.0,0.10555555555555556,2.0,52.0,0.0
gru,cpr,0000100010000,0,57.333333333333336,0.0,0.5333333333333333,8.0,190.0,907.6666666666666,0.17303913145827457,2.0,92.66666666666667,1.0
gru,cpr,0000100010000,1,57.333333333333336,0.0,1.0,0.0,93.0,1004.6666666666666,0.08468840871030038,2.0,92.66666666666667,1.0
gru,cpr,0000100010000,2,57.333333333333336,0.0,1.0,0.0,95.66666666666667,1002.0,0.08721179898708133,2.0,92.66666666666667,1.0
gru,cpr,0000100010000,3,57.333333333333336,0.0,1.0,0.0,165.33333333333334,932.3333333333334,0.15075009749088739,2.0,92.66666666666667,0.0
gru,cpr,0000100010000,4,57.333333333333336,1.0,1.0,42.0,965.3333333333334,132.33333333333334,0.8793894535550124,2.0,92.66666666666667,0.0
gru,cpr,0000100010000,5,57.333333333333336,0.0,1.0,0.0,146.33333333333334,951.3333333333334,0.1330515620602462,2.0,92.66666666666667,0.0
gru,cpr,0000100010000,6,57.333333333333336,0.0,1.0,8.0,146.66666666666666,951.0,0.13363006736805297,2.0,92.66666666666667,0.0
gru,cpr,0000100010000,7,57.333333333333336,0.0,1.0,0.0,165.33333333333334,932.3333333333334,0.15062732611338978,2.0,92.66666666666667,0.0
gru,cpr,0000100010000,8,57.333333333333336,1.0,0.6666666666666666,34.666666666666664,932.0,165.66666666666666,0.8490572501020126,2.0,92.66666666666667,0.0
gru,cpr,0000100010000,9,57.333333333333336,0.0,0.5333333333333333,0.0,188.66666666666666,909.0,0.17177743631988415,2.0,92.66666666666667,0.0
gru,cpr,0000100010000,10,57.333333333333336,0.0,1.0,0.0,117.66666666666667,980.0,0.10717036912804095,2.0,92.66666666666667,0.0
gru,cpr,0000100010000,11,57.333333333333336,0.0,1.0,0.0,92.66666666666667,1005.0,0.08447821753498641,2.0,92.66666666666667,0.0
gru,cpr,0000100010000,12,57.333333333333336,0.0,1.0,0.0,98.66666666666667,999.0,0.08982260906167865,2.0,92.66666666666667,0.0
gru,cpr,0000100100000,0,57.333333333333336,0.0,0.8333333333333334,0.0,185.0,902.0,0.1701931922723091,2.0,82.0,1.0
gru,cpr,0000100100000,1,57.333333333333336,0.0,1.0,0.0,90.0,997.0,0.0827966881324747,2.0,82.0,1.0
gru,cpr,0000100100000,2,57.333333333333336,0.0,1.0,0.0,98.0,989.0,0.09015639374425023,2.0,82.0,1.0
gru,cpr,0000100100000,3,57.333333333333336,0.0,1.0,0.0,171.0,916.0,0.15731370745170192,2.0,82.0,0.0
gru,cpr,0000100100000,4,57.333333333333336,1.0,0.13333333333333333,40.0,953.0,134.0,0.8767249310027599,2.0,82.0,0.0
gru,cpr,0000100100000,5,57.333333333333336,0.0,1.0,0.0,130.0,957.0,0.11959521619135234,2.0,82.0,0.0
gru,cpr,0000100100000,6,57.333333333333336,0.0,1.0,0.0,146.0,941.0,0.1343146274149034,2.0,82.0,0.0
gru,cpr,0000100100000,7,57.333333333333336,1.0,1.0,42.0,933.0,154.0,0.8583256669733211,2.0,82.0,0.0
gru,cpr,0000100100000,8,57.333333333333336,0.0,0.8666666666666667,0.0,175.0,912.0,0.1609935602575897,2.0,82.0,0.0
gru,cpr,0000100100000,9,57.333333333333336,0.0,1.0,0.0,181.0,906.0,0.16651333946642136,2.0,82.0,0.0
gru,cpr,0000100100000,10,57.333333333333336,0.0,0.39999999999999997,0.0,115.0,972.0,0.10579576816927323,2.0,82.0,0.0
gru,cpr,0000100100000,11,57.333333333333336,0.0,0.9333333333333332,0.0,95.0,992.0,0.08739650413983441,2.0,82.0,0.0
gru,cpr,0000100100000,12,57.333333333333336,0.0,0.7999999999999999,0.0,94.0,993.0,0.08647654093836248,2.0,82.0,0.0
gru,cpr,0000101000000,0,57.333333333333336,0.0,1.0,0.0,185.0,902.0,0.1701931922723091,2.0,72.0,1.0
gru,cpr,0000101000000,1,57.333333333333336,0.0,1.0,0.0,90.0,997.0,0.0827966881324747,2.0,72.0,1.0
gru,cpr,0000101000000,2,57.333333333333336,0.0,1.0,0.0,98.0,989.0,0.09015639374425023,2.0,72.0,1.0
gru,cpr,0000101000000,3,57.333333333333336,0.0,0.6666666666666666,0.0,171.0,916.0,0.15731370745170192,2.0,72.0,0.0
gru,cpr,0000101000000,4,57.333333333333336,1.0,1.0,22.0,953.0,134.0,0.8767249310027599,2.0,72.0,0.0
gru,cpr,0000101000000,5,57.333333333333336,0.0,1.0,0.0,130.0,957.0,0.11959521619135234,2.0,72.0,0.0
gru,cpr,0000101000000,6,57.333333333333336,1.0,0.7999999999999999,42.0,953.0,134.0,0.8767249310027599,2.0,72.0,0.0
gru,cpr,0000101000000,7,57.333333333333336,0.0,1.0,0.0,166.0,921.0,0.15271389144434222,2.0,72.0,0.0
gru,cpr,0000101000000,8,57.333333333333336,0.0,0.6,8.0,175.0,912.0,0.1609935602575897,2.0,72.0,0.0
gru,cpr,0000101000000,9,57.333333333333336,0.0,1.0,0.0,181.0,906.0,0.16651333946642136,2.0,72.0,0.0
gru,cpr,0000101000000,10,57.333333333333336,0.0,1.0,0.0,115.0,972.0,0.10579576816927323,2.0,72.0,0.0
gru,cpr,0000101000000,11,57.333333333333336,0.0,1.0,0.0,95.0,992.0,0.08739650413983441,2.0,72.0,0.0
gru,cpr,0000101000000,12,57.333333333333336,0.0,0.9333333333333332,0.0,94.0,993.0,0.08647654093836248,2.0,72.0,0.0
gru,cpr,0001000000000,0,57.333333333333336,0.0,0.08333333333333333,8.666666666666666,208.66666666666666,852.3333333333334,0.1967196766913347,1.0,125.66666666666667,1.0
gru,cpr,0001000000000,1,57.333333333333336,0.0,1.0,0.0,82.0,979.0,0.0769974982067566,1.0,125.66666666666667,1.0
gru,cpr,0001000000000,2,57.333333333333336,0.0,1.0,0.0,95.33333333333333,965.6666666666666,0.09000682307248202,1.0,125.66666666666667,1.0
gru,cpr,0001000000000,3,57.333333333333336,1.0,0.85,42.0,929.3333333333334,131.66666666666666,0.8757116114697597,1.0,125.66666666666667,0.0
gru,cpr,0001000000000,4,57.333333333333336,0.0,1.0,12.0,159.33333333333334,901.6666666666666,0.15029829073286796,1.0,125.66666666666667,0.0
gru,cpr,0001000000000,5,57.333333333333336,0.0,0.8333333333333334,10.333333333333334,164.0,897.0,0.15485750275547158,1.0,125.66666666666667,0.0
gru,cpr,0001000000000,6,57.333333333333336,0.0,1.0,7.0,111.0,950.0,0.10434402281355516,1.0,125.66666666666667,0.0
gru,cpr,0001000000000,7,57.333333333333336,0.0,1.0,10.666666666666666,171.33333333333334,889.6666666666666,0.16164383561643836,1.0,125.66666666666667,0.0
gru,cpr,0001000000000,8,57.333333333333336,0.0,0.9833333333333334,9.0,179.0,882.0,0.16870484088245072,1.0,125.66666666666667,0.0
gru,cpr,0001000000000,9,57.333333333333336,0.0,1.0,7.666666666666667,193.0,868.0,0.18232299375426442,1.0,125.66666666666667,0.0
gru,cpr,0001000000000,10,57.333333333333336,0.0,1.0,8.666666666666666,129.33333333333334,931.6666666666666,0.12191955772494271,1.0,125.66666666666667,0.0
gru,cpr,0001000000000,11,57.333333333333336,0.0,1.0,0.0,70.66666666666667,990.3333333333334,0.06652845571126158,1.0,125.66666666666667,0.0
gru,cpr,0001000000000,12,57.333333333333336,0.0,1.0,9.666666666666666,114.66666666666667,946.3333333333334,0.1080494760230235,1.0,125.66666666666667,0.0
gru,cpr,0001000000001,0,57.333333333333336,0.0,0.3666666666666667,0.0,216.0,910.0,0.19182948490230908,2.0,84.0,1.0
gru,cpr,0001000000001,1,57.333333333333336,0.0,1.0,0.0,97.0,1029.0,0.08614564831261101,2.0,84.0,1.0
gru,cpr,0001000000001,2,57.333333333333336,0.0,1.0,0.0,75.0,1051.0,0.06660746003552398,2.0,84.0,1.0
gru,cpr,0001000000001,3,57.333333333333336,1.0,1.0,42.0,962.0,164.0,0.8543516873889875,2.0,84.0,0.0
gru,cpr,0001000000001,4,57.333333333333336,0.0,1.0,0.0,153.0,973.0,0.13587921847246892,2.0,84.0,0.0
gru,cpr,0001000000001,5,57.333333333333336,0.0,0.3333333333333333,0.0,181.0,945.0,0.16074600355239788,2.0,84.0,0.0
gru,cpr,0001000000001,6,57.333333333333336,0.0,1.0,0.0,112.0,1014.0,0.0994671403197158,2.0,84.0,0.0
gru,cpr,0001000000001,7,57.333333333333336,0.0,1.0,0.0,156.0,970.0,0.13854351687388988,2.0,84.0,0.0
gru,cpr,0001000000001,8,57.333333333333336,0.0,0.8333333333333334,0.0,150.0,976.0,0.13321492007104796,2.0,84.0,0.0
gru,cpr,0001000000001,9,57.333333333333336,0.0,0.6666666666666666,0.0,211.0,915.0,0.18738898756660746,2.0,84.0,0.0
gru,cpr,0001000000001,10,57.333333333333336,0.0,0.6333333333333333,0.0,125.0,1001.0,0.11101243339253997,2.0,84.0,0.0
gru,cpr,0001000000001,11,57.333333333333336,0.0,1.0,0.0,95.0,1031.0,0.08436944937833037,2.0,84.0,0.0
gru,cpr,0001000000001,12,57.333333333333336,1.0,0.19999999999999998,42.0,1029.0,97.0,0.9138543516873888,2.0,84.0,0.0
gru,cpr,0001000000100,0,57.333333333333336,0.0,0.7666666666666666,0.0,216.0,910.0,0.19182948490230908,2.0,82.0,1.0
gru,cpr,0001000000100,1,57.333333333333336,0.0,1.0,0.0,97.0,1029.0,0.08614564831261101,2.0,82.0,1.0
gru,cpr,0001000000100,2,57.333333333333336,0.0,1.0,0.0,75.0,1051.0,0.06660746003552398,2.0,82.0,1.0
gru,cpr,0001000000100,3,57.333333333333336,1.0,1.0,40.0,962.0,164.0,0.8543516873889875,2.0,82.0,0.0
gru,cpr,0001000000100,4,57.333333333333336,0.0,1.0,0.0,153.0,973.0,0.13587921847246892,2.0,82.0,0.0
gru,cpr,0001000000100,5,57.333333333333336,0.0,0.8333333333333334,0.0,181.0,945.0,0.16074600355239788,2.0,82.0,0.0
gru,cpr,0001000000100,6,57.333333333333336,0.0,1.0,0.0,112.0,1014.0,0.0994671403197158,2.0,82.0,0.0
gru,cpr,0001000000100,7,57.333333333333336,0.0,1.0,0.0,156.0,970.0,0.13854351687388988,2.0,82.0,0.0
gru,cpr,0001000000100,8,57.333333333333336,0.0,1.0,0.0,150.0,976.0,0.13321492007104796,2.0,82.0,0.0
gru,cpr,0001000000100,9,57.333333333333336,0.0,0.3333333333333333,0.0,211.0,915.0,0.18738898756660746,2.0,82.0,0.0
gru,cpr,0001000000100,10,57.333333333333336,1.0,0.0,42.0,1013.0,113.0,0.8996447602131439,2.0,82.0,0.0
gru,cpr,0001000000100,11,57.333333333333336,0.0,1.0,0.0,95.0,1031.0,0.08436944937833037,2.0,82.0,0.0
gru,cpr,0001000000100,12,57.333333333333336,0.0,0.8666666666666667,0.0,109.0,1017.0,0.09680284191829484,2.0,82.0,0.0
gru,cpr,0001000001000,0,57.333333333333336,0.0,0.6666666666666666,8.0,185.0,902.0,0.1701931922723091,2.0,100.0,1.0
gru,cpr,0001000001000,1,57.333333333333336,0.0,1.0,0.0,90.0,997.0,0.0827966881324747,2.0,100.0,1.0
gru,cpr,0001000001000,2,57.333333333333336,0.0,1.0,0.0,98.0,989.0,0.09015639374425023,2.0,100.0,1.0
gru,cpr,0001000001000,3,57.333333333333336,1.0,1.0,42.0,928.0,159.0,0.8537258509659612,2.0,100.0,0.0
gru,cpr,0001000001000,4,57.333333333333336,0.0,1.0,0.0,146.0,941.0,0.1343146274149034,2.0,100.0,0.0
gru,cpr,0001000001000,5,57.333333333333336,0.0,0.8333333333333334,8.0,130.0,957.0,0.11959521619135234,2.0,100.0,0.0
gru,cpr,0001000001000,6,57.333333333333336,0.0,1.0,0.0,146.0,941.0,0.1343146274149034,2.0,100.0,0.0
gru,cpr,0001000001000,7,57.333333333333336,0.0,1.0,0.0,166.0,921.0,0.15271389144434222,2.0,100.0,0.0
gru,cpr,0001000001000,8,57.333333333333336,0.0,1.0,0.0,175.0,912.0,0.1609935602575897,2.0,100.0,0.0
gru,cpr,0001000001000,9,57.333333333333336,1.0,0.3333333333333333,42.0,913.0,174.0,0.8399264029438823,2.0,100.0,0.0
gru,cpr,0001000001000,10,57.333333333333336,0.0,0.4666666666666666,0.0,115.0,972.0,0.10579576816927323,2.0,100.0,0.0
gru,cpr,0001000001000,11,57.333333333333336,0.0,1.0,0.0,95.0,992.0,0.08739650413983441,2.0,100.0,0.0
gru,cpr,0001000001000,12,57.333333333333336,0.0,0.8333333333333334,0.0,89.0,998.0,0.08187672493100276,2.0,100.0,0.0
gru,cpr,0001000010000,0,57.333333333333336,0.0,0.9333333333333332,8.0,185.0,901.0,0.17034990791896867,2.0,92.0,1.0
gru,cpr,0001000010000,1,57.333333333333336,0.0,1.0,0.0,90.0,996.0,0.08287292817679558,2.0,92.0,1.0
gru,cpr,0001000010000,2,57.333333333333336,0.0,1.0,0.0,98.0,988.0,0.09023941068139964,2.0,92.0,1.0
gru,cpr,0001000010000,3,57.333333333333336,1.0,1.0,42.0,928.0,158.0,0.85451197053407,2.0,92.0,0.0
gru,cpr,0001000010000,4,57.333333333333336,0.0,1.0,0.0,146.0,940.0,0.13443830570902393,2.0,92.0,0.0
gru,cpr,0001000010000,5,57.333333333333336,0.0,0.4000000000000001,0.0,130.0,956.0,0.11970534069981582,2.0,92.0,0.0
gru,cpr,0001000010000,6,57.333333333333336,0.0,1.0,0.0,146.0,940.0,0.13443830570902393,2.0,92.0,0.0
gru,cpr,0001000010000,7,57.333333333333336,0.0,1.0,0.0,166.0,920.0,0.15285451197053407,2.0,92.0,0.0
gru,cpr,0001000010000,8,57.333333333333336,1.0,0.26666666666666666,42.0,923.0,163.0,0.8499079189686926,2.0,92.0,0.0
gru,cpr,0001000010000,9,57.333333333333336,0.0,0.5,0.0,185.0,901.0,0.17034990791896867,2.0,92.0,0.0
gru,cpr,0001000010000,10,57.333333333333336,0.0,0.7999999999999999,0.0,115.0,971.0,0.10589318600368323,2.0,92.0,0.0
gru,cpr,0001000010000,11,57.333333333333336,0.0,1.0,0.0,95.0,991.0,0.08747697974217311,2.0,92.0,0.0
gru,cpr,0001000010000,12,57.333333333333336,0.0,1.0,0.0,89.0,997.0,0.08195211786372007,2.0,92.0,0.0
gru,cpr,0001000100000,0,57.333333333333336,0.0,0.7666666666666666,0.0,185.0,901.0,0.17034990791896867,2.0,82.0,1.0
gru,cpr,0001000100000,1,57.333333333333336,0.0,1.0,0.0,90.0,996.0,0.08287292817679558,2.0,82.0,1.0
gru,cpr,0001000100000,2,57.333333333333336,0.0,1.0,0.0,98.0,988.0,0.09023941068139964,2.0,82.0,1.0
gru,cpr,0001000100000,3,57.333333333333336,1.0,0.16666666666666666,40.0,928.0,158.0,0.85451197053407,2.0,82.0,0.0
gru,cpr,0001000100000,4,57.333333333333336,0.0,0.8333333333333334,0.0,146.0,940.0,0.13443830570902393,2.0,82.0,0.0
gru,cpr,0001000100000,5,57.333333333333336,0.0,1.0,0.0,130.0,956.0,0.11970534069981582,2.0,82.0,0.0
gru,cpr,0001000100000,6,57.333333333333336,0.0,1.0,0.0,146.0,940.0,0.13443830570902393,2.0,82.0,0.0
gru,cpr,0001000100000,7,57.333333333333336,1.0,0.8333333333333334,42.0,932.0,154.0,0.8581952117863721,2.0,82.0,0.0
gru,cpr,0001000100000,8,57.333333333333336,0.0,1.0,0.0,175.0,911.0,0.16114180478821363,2.0,82.0,0.0
gru,cpr,0001000100000,9,57.333333333333336,0.0,0.9333333333333332,0.0,185.0,901.0,0.17034990791896867,2.0,82.0,0.0
gru,cpr,0001000100000,10,57.333333333333336,0.0,1.0,0.0,115.0,971.0,0.10589318600368323,2.0,82.0,0.0
gru,cpr,0001000100000,11,57.333333333333336,0.0,1.0,0.0,95.0,991.0,0.08747697974217311,2.0,82.0,0.0
gru,cpr,0001000100000,12,57.333333333333336,0.0,1.0,0.0,89.0,997.0,0.08195211786372007,2.0,82.0,0.0
gru,cpr,0001001000000,0,57.333333333333336,0.0,1.0,0.0,185.0,901.0,0.17034990791896867,2.0,64.0,1.0
gru,cpr,0001001000000,1,57.333333333333336,0.0,1.0,0.0,90.0,996.0,0.08287292817679558,2.0,64.0,1.0
gru,cpr,0001001000000,2,57.333333333333336,0.0,0.8333333333333334,0.0,98.0,988.0,0.09023941068139964,2.0,64.0,1.0
gru,cpr,0001001000000,3,57.333333333333336,1.0,0.3333333333333333,22.0,928.0,158.0,0.85451197053407,2.0,64.0,0.0
gru,cpr,0001001000000,4,57.333333333333336,0.0,1.0,0.0,146.0,940.0,0.13443830570902393,2.0,64.0,0.0
gru,cpr,0001001000000,5,57.333333333333336,0.0,1.0,0.0,130.0,956.0,0.11970534069981582,2.0,64.0,0.0
gru,cpr,0001001000000,6,57.333333333333336,1.0,0.8333333333333334,42.0,950.0,136.0,0.8747697974217311,2.0,64.0,0.0
gru,cpr,0001001000000,7,57.333333333333336,0.0,1.0,0.0,164.0,922.0,0.15101289134438306,2.0,64.0,0.0
gru,cpr,0001001000000,8,57.333333333333336,0.0,1.0,0.0,175.0,911.0,0.16114180478821363,2.0,64.0,0.0
gru,cpr,0001001000000,9,57.333333333333336,0.0,1.0,0.0,185.0,901.0,0.17034990791896867,2.0,64.0,0.0
gru,cpr,0001001000000,10,57.333333333333336,0.0,1.0,0.0,115.0,971.0,0.10589318600368323,2.0,64.0,0.0
gru,cpr,0001001000000,11,57.333333333333336,0.0,1.0,0.0,95.0,991.0,0.08747697974217311,2.0,64.0,0.0
gru,cpr,0001001000000,12,57.333333333333336,0.0,1.0,0.0,89.0,997.0,0.08195211786372007,2.0,64.0,0.0
gru,cpr,0001010000000,0,57.333333333333336,0.0,0.5666666666666667,8.0,185.0,901.0,0.17034990791896867,2.0,80.0,1.0
gru,cpr,0001010000000,1,57.333333333333336,0.0,1.0,0.0,90.0,996.0,0.08287292817679558,2.0,80.0,1.0
gru,cpr,0001010000000,2,57.333333333333336,0.0,1.0,0.0,98.0,988.0,0.09023941068139964,2.0,80.0,1.0
gru,cpr,0001010000000,3,57.333333333333336,1.0,0.6,22.0,928.0,158.0,0.85451197053407,2.0,80.0,0.0
gru,cpr,0001010000000,4,57.333333333333336,0.0,1.0,0.0,146.0,940.0,0.13443830570902393,2.0,80.0,0.0
gru,cpr,0001010000000,5,57.333333333333336,1.0,0.0,42.0,963.0,123.0,0.8867403314917127,2.0,80.0,0.0
gru,cpr,0001010000000,6,57.333333333333336,0.0,1.0,0.0,143.0,943.0,0.13167587476979742,2.0,80.0,0.0
gru,cpr,0001010000000,7,57.333333333333336,0.0,1.0,0.0,164.0,922.0,0.15101289134438306,2.0,80.0,0.0
gru,cpr,0001010000000,8,57.333333333333336,0.0,1.0,0.0,175.0,911.0,0.16114180478821363,2.0,80.0,0.0
gru,cpr,0001010000000,9,57.333333333333336,0.0,0.6,8.0,185.0,901.0,0.17034990791896867,2.0,80.0,0.0
gru,cpr,0001010000000,10,57.333333333333336,0.0,0.6666666666666666,0.0,115.0,971.0,0.10589318600368323,2.0,80.0,0.0
gru,cpr,0001010000000,11,57.333333333333336,0.0,0.9333333333333332,0.0,95.0,991.0,0.08747697974217311,2.0,80.0,0.0
gru,cpr,0001010000000,12,57.333333333333336,0.0,0.8666666666666667,0.0,89.0,997.0,0.08195211786372007,2.0,80.0,0.0
gru,cpr,0001100000000,0,57.333333333333336,0.0,0.3333333333333333,0.0,185.0,901.0,0.17034990791896867,2.0,84.0,1.0
gru,cpr,0001100000000,1,57.333333333333336,0.0,1.0,0.0,90.0,996.0,0.08287292817679558,2.0,84.0,1.0
gru,cpr,0001100000000,2,57.333333333333336,0.0,1.0,0.0,98.0,988.0,0.09023941068139964,2.0,84.0,1.0
gru,cpr,0001100000000,3,57.333333333333336,1.0,0.06666666666666667,42.0,928.0,158.0,0.85451197053407,2.0,84.0,0.0
gru,cpr,0001100000000,4,57.333333333333336,1.0,0.6,42.0,950.0,136.0,0.8747697974217311,2.0,84.0,0.0
gru,cpr,0001100000000,5,57.333333333333336,0.0,0.9333333333333332,0.0,133.0,953.0,0.12246777163904236,2.0,84.0,0.0
gru,cpr,0001100000000,6,57.333333333333336,0.0,1.0,0.0,143.0,943.0,0.13167587476979742,2.0,84.0,0.0
gru,cpr,0001100000000,7,57.333333333333336,0.0,1.0,0.0,164.0,922.0,0.15101289134438306,2.0,84.0,0.0
gru,cpr,0001100000000,8,57.333333333333336,0.0,1.0,0.0,175.0,911.0,0.16114180478821363,2.0,84.0,0.0
gru,cpr,0001100000000,9,57.333333333333336,0.0,0.8333333333333334,0.0,185.0,901.0,0.17034990791896867,2.0,84.0,0.0
gru,cpr,0001100000000,10,57.333333333333336,0.0,1.0,0.0,115.0,971.0,0.10589318600368323,2.0,84.0,0.0
gru,cpr,0001100000000,11,57.333333333333336,0.0,1.0,0.0,95.0,991.0,0.08747697974217311,2.0,84.0,0.0
gru,cpr,0001100000000,12,57.333333333333336,0.0,0.8666666666666667,0.0,89.0,997.0,0.08195211786372007,2.0,84.0,0.0
gru,cpr,0010000000000,0,57.333333333333336,0.0,0.9833333333333334,0.0,208.66666666666666,852.3333333333334,0.1967196766913347,1.0,96.66666666666667,1.0
gru,cpr,0010000000000,1,57.333333333333336,0.0,0.7833333333333333,0.0,82.0,979.0,0.0769974982067566,1.0,96.66666666666667,1.0
gru,cpr,0010000000000,2,57.333333333333336,1.0,0.7999999999999999,42.0,1006.3333333333334,54.666666666666664,0.9483213492188457,1.0,96.66666666666667,1.0
gru,cpr,0010000000000,3,57.333333333333336,0.0,1.0,0.0,172.33333333333334,888.6666666666666,0.16261656082156792,1.0,96.66666666666667,0.0
gru,cpr,0010000000000,4,57.333333333333336,0.0,1.0,0.0,159.33333333333334,901.6666666666666,0.15029829073286796,1.0,96.66666666666667,0.0
gru,cpr,0010000000000,5,57.333333333333336,0.0,1.0,5.333333333333333,164.0,897.0,0.15485750275547158,1.0,96.66666666666667,0.0
gru,cpr,0010000000000,6,57.333333333333336,0.0,0.9500000000000001,9.666666666666666,111.0,950.0,0.10434402281355516,1.0,96.66666666666667,0.0
gru,cpr,0010000000000,7,57.333333333333336,0.0,1.0,10.666666666666666,171.33333333333334,889.6666666666666,0.16164383561643836,1.0,96.66666666666667,0.0
gru,cpr,0010000000000,8,57.333333333333336,0.0,0.8166666666666668,5.666666666666667,179.0,882.0,0.16870484088245072,1.0,96.66666666666667,0.0
gru,cpr,0010000000000,9,57.333333333333336,0.0,0.9,6.0,193.0,868.0,0.18232299375426442,1.0,96.66666666666667,0.0
gru,cpr,0010000000000,10,57.333333333333336,0.0,0.9833333333333334,7.0,129.33333333333334,931.6666666666666,0.12191955772494271,1.0,96.66666666666667,0.0
gru,cpr,0010000000000,11,57.333333333333336,0.0,0.8333333333333334,0.0,70.66666666666667,990.3333333333334,0.06652845571126158,1.0,96.66666666666667,0.0
gru,cpr,0010000000000,12,57.333333333333336,0.0,0.9166666666666666,10.333333333333334,114.66666666666667,946.3333333333334,0.1080494760230235,1.0,96.66666666666667,0.0
gru,cpr,0010000000001,0,57.333333333333336,0.0,1.0,0.0,185.0,901.0,0.17034990791896867,2.0,44.0,1.0
gru,cpr,0010000000001,1,57.333333333333336,0.0,1.0,0.0,90.0,996.0,0.08287292817679558,2.0,44.0,1.0
gru,cpr,0010000000001,2,57.333333333333336,1.0,1.0,22.0,1000.0,86.0,0.9208103130755064,2.0,44.0,1.0
gru,cpr,0010000000001,3,57.333333333333336,0.0,1.0,0.0,170.0,916.0,0.15653775322283608,2.0,44.0,0.0
gru,cpr,0010000000001,4,57.333333333333336,0.0,1.0,0.0,148.0,938.0,0.13627992633517497,2.0,44.0,0.0
gru,cpr,0010000000001,5,57.333333333333336,0.0,0.6666666666666666,0.0,133.0,953.0,0.12246777163904236,2.0,44.0,0.0
gru,cpr,0010000000001,6,57.333333333333336,0.0,1.0,0.0,143.0,943.0,0.13167587476979742,2.0,44.0,0.0
gru,cpr,0010000000001,7,57.333333333333336,0.0,1.0,0.0,164.0,922.0,0.15101289134438306,2.0,44.0,0.0
gru,cpr,0010000000001,8,57.333333333333336,0.0,1.0,0.0,175.0,911.0,0.16114180478821363,2.0,44.0,0.0
gru,cpr,0010000000001,9,57.333333333333336,0.0,0.5666666666666668,0.0,185.0,901.0,0.17034990791896867,2.0,44.0,0.0
gru,cpr,0010000000001,10,57.333333333333336,0.0,0.2333333333333333,0.0,115.0,971.0,0.10589318600368323,2.0,44.0,0.0
gru,cpr,0010000000001,11,57.333333333333336,0.0,1.0,0.0,95.0,991.0,0.08747697974217311,2.0,44.0,0.0
gru,cpr,0010000000001,12,57.333333333333336,1.0,0.0,22.0,1009.0,77.0,0.929097605893186,2.0,44.0,0.0
gru,cpr,0010000000100,0,57.333333333333336,0.0,1.0,0.0,185.0,901.0,0.17034990791896867,2.0,44.0,1.0
gru,cpr,0010000000100,1,57.333333333333336,0.0,1.0,0.0,90.0,996.0,0.08287292817679558,2.0,44.0,1.0
gru,cpr,0010000000100,2,57.333333333333336,1.0,0.9333333333333332,22.0,1000.0,86.0,0.9208103130755064,2.0,44.0,1.0
gru,cpr,0010000000100,3,57.333333333333336,0.0,1.0,0.0,170.0,916.0,0.15653775322283608,2.0,44.0,0.0
gru,cpr,0010000000100,4,57.333333333333336,0.0,1.0,0.0,148.0,938.0,0.13627992633517497,2.0,44.0,0.0
gru,cpr,0010000000100,5,57.333333333333336,0.0,0.7999999999999999,0.0,133.0,953.0,0.12246777163904236,2.0,44.0,0.0
gru,cpr,0010000000100,6,57.333333333333336,0.0,1.0,0.0,143.0,943.0,0.13167587476979742,2.0,44.0,0.0
gru,cpr,0010000000100,7,57.333333333333336,0.0,1.0,0.0,164.0,922.0,0.15101289134438306,2.0,44.0,0.0
gru,cpr,0010000000100,8,57.333333333333336,0.0,1.0,0.0,175.0,911.0,0.16114180478821363,2.0,44.0,0.0
gru,cpr,0010000000100,9,57.333333333333336,0.0,0.7333333333333334,0.0,185.0,901.0,0.17034990791896867,2.0,44.0,0.0
gru,cpr,0010000000100,10,57.333333333333336,1.0,0.0,22.0,983.0,103.0,0.9051565377532228,2.0,44.0,0.0
gru,cpr,0010000000100,11,57.333333333333336,0.0,1.0,0.0,95.0,991.0,0.08747697974217311,2.0,44.0,0.0
gru,cpr,0010000000100,12,57.333333333333336,0.0,0.3666666666666667,0.0,89.0,997.0,0.08195211786372007,2.0,44.0,0.0
gru,cpr,0010000001000,0,57.333333333333336,0.0,1.0,0.0,185.0,902.0,0.1701931922723091,2.0,64.0,1.0
gru,cpr,0010000001000,1,57.333333333333336,0.0,1.0,0.0,90.0,997.0,0.0827966881324747,2.0,64.0,1.0
gru,cpr,0010000001000,2,57.333333333333336,1.0,1.0,42.0,1000.0,87.0,0.9199632014719411,2.0,64.0,1.0
gru,cpr,0010000001000,3,57.333333333333336,0.0,1.0,0.0,170.0,917.0,0.15639374425023,2.0,64.0,0.0
gru,cpr,0010000001000,4,57.333333333333336,0.0,1.0,0.0,148.0,939.0,0.13615455381784727,2.0,64.0,0.0
gru,cpr,0010000001000,5,57.333333333333336,0.0,0.4666666666666666,0.0,133.0,954.0,0.12235510579576818,2.0,64.0,0.0
gru,cpr,0010000001000,6,57.333333333333336,0.0,1.0,0.0,143.0,944.0,0.13155473781048757,2.0,64.0,0.0
gru,cpr,0010000001000,7,57.333333333333336,0.0,1.0,0.0,164.0,923.0,0.15087396504139836,2.0,64.0,0.0
gru,cpr,0010000001000,8,57.333333333333336,0.0,1.0,0.0,175.0,912.0,0.1609935602575897,2.0,64.0,0.0
gru,cpr,0010000001000,9,57.333333333333336,1.0,0.0,22.0,913.0,174.0,0.8399264029438823,2.0,64.0,0.0
gru,cpr,0010000001000,10,57.333333333333336,0.0,0.0,0.0,115.0,972.0,0.10579576816927323,2.0,64.0,0.0
gru,cpr,0010000001000,11,57.333333333333336,0.0,1.0,0.0,95.0,992.0,0.08739650413983441,2.0,64.0,0.0
gru,cpr,0010000001000,12,57.333333333333336,0.0,0.4666666666666666,0.0,89.0,998.0,0.08187672493100276,2.0,64.0,0.0
gru,cpr,0010000010000,0,57.333333333333336,0.0,1.0,0.0,185.0,901.0,0.17034990791896867,2.0,64.0,1.0
gru,cpr,0010000010000,1,57.333333333333336,0.0,1.0,0.0,90.0,996.0,0.08287292817679558,2.0,64.0,1.0
gru,cpr,0010000010000,2,57.333333333333336,1.0,0.4666666666666666,42.0,1000.0,86.0,0.9208103130755064,2.0,64.0,1.0
gru,cpr,0010000010000,3,57.333333333333336,0.0,1.0,0.0,170.0,916.0,0.15653775322283608,2.0,64.0,0.0
gru,cpr,0010000010000,4,57.333333333333336,0.0,1.0,0.0,148.0,938.0,0.13627992633517497,2.0,64.0,0.0
gru,cpr,0010000010000,5,57.333333333333336,0.0,0.7999999999999999,0.0,133.0,953.0,0.12246777163904236,2.0,64.0,0.0
gru,cpr,0010000010000,6,57.333333333333336,0.0,1.0,0.0,143.0,943.0,0.13167587476979742,2.0,64.0,0.0
gru,cpr,0010000010000,7,57.333333333333336,0.0,1.0,0.0,164.0,922.0,0.15101289134438306,2.0,64.0,0.0
gru,cpr,0010000010000,8,57.333333333333336,1.0,0.3666666666666667,22.0,918.0,168.0,0.8453038674033149,2.0,64.0,0.0
gru,cpr,0010000010000,9,57.333333333333336,0.0,0.6333333333333333,0.0,180.0,906.0,0.16574585635359115,2.0,64.0,0.0
gru,cpr,0010000010000,10,57.333333333333336,0.0,0.7333333333333334,0.0,115.0,971.0,0.10589318600368323,2.0,64.0,0.0
gru,cpr,0010000010000,11,57.333333333333336,0.0,1.0,0.0,95.0,991.0,0.08747697974217311,2.0,64.0,0.0
gru,cpr,0010000010000,12,57.333333333333336,0.0,0.7333333333333334,0.0,89.0,997.0,0.08195211786372007,2.0,64.0,0.0
gru,cpr,0010000100000,0,57.333333333333336,0.0,1.0,0.0,185.0,901.0,0.17034990791896867,2.0,62.0,1.0
gru,cpr,0010000100000,1,57.333333333333336,0.0,1.0,0.0,90.0,996.0,0.08287292817679558,2.0,62.0,1.0
gru,cpr,0010000100000,2,57.333333333333336,1.0,0.5333333333333333,40.0,1000.0,86.0,0.9208103130755064,2.0,62.0,1.0
gru,cpr,0010000100000,3,57.333333333333336,0.0,1.0,0.0,170.0,916.0,0.15653775322283608,2.0,62.0,0.0
gru,cpr,0010000100000,4,57.333333333333336,0.0,1.0,0.0,148.0,938.0,0.13627992633517497,2.0,62.0,0.0
gru,cpr,0010000100000,5,57.333333333333336,0.0,0.8333333333333334,0.0,133.0,953.0,0.12246777163904236,2.0,62.0,0.0
gru,cpr,0010000100000,6,57.333333333333336,0.0,0.5333333333333333,0.0,143.0,943.0,0.13167587476979742,2.0,62.0,0.0
gru,cpr,0010000100000,7,57.333333333333336,1.0,0.4666666666666666,22.0,932.0,154.0,0.8581952117863721,2.0,62.0,0.0
gru,cpr,0010000100000,8,57.333333333333336,0.0,0.9333333333333332,0.0,178.0,908.0,0.16390423572744015,2.0,62.0,0.0
gru,cpr,0010000100000,9,57.333333333333336,0.0,1.0,0.0,180.0,906.0,0.16574585635359115,2.0,62.0,0.0
gru,cpr,0010000100000,10,57.333333333333336,0.0,0.8333333333333334,0.0,115.0,971.0,0.10589318600368323,2.0,62.0,0.0
gru,cpr,0010000100000,11,57.333333333333336,0.0,0.7666666666666666,0.0,95.0,991.0,0.08747697974217311,2.0,62.0,0.0
gru,cpr,0010000100000,12,57.333333333333336,0.0,0.6666666666666666,0.0,89.0,997.0,0.08195211786372007,2.0,62.0,0.0
gru,cpr,0010001000000,0,57.333333333333336,0.0,1.0,0.0,190.0,907.0,0.17314360855604763,2.0,50.666666666666664,1.0
gru,cpr,0010001000000,1,57.333333333333336,0.0,1.0,0.0,93.0,1004.0,0.08473923540651429,2.0,50.666666666666664,1.0
gru,cpr,0010001000000,2,57.333333333333336,1.0,0.9333333333333332,28.666666666666668,1011.0,86.0,0.9215887639746748,2.0,50.666666666666664,1.0
gru,cpr,0010001000000,3,57.333333333333336,0.0,0.8333333333333334,0.0,162.33333333333334,934.6666666666666,0.14814759955695775,2.0,50.666666666666664,0.0
gru,cpr,0010001000000,4,57.333333333333336,0.0,1.0,0.0,143.33333333333334,953.6666666666666,0.13076987641886254,2.0,50.666666666666664,0.0
gru,cpr,0010001000000,5,57.333333333333336,0.0,0.8333333333333334,0.0,148.33333333333334,948.6666666666666,0.1349665990253729,2.0,50.666666666666664,0.0
gru,cpr,0010001000000,6,57.333333333333336,1.0,0.20000000000000004,22.0,962.6666666666666,134.33333333333334,0.8775807786813075,2.0,50.666666666666664,0.0
gru,cpr,0010001000000,7,57.333333333333336,0.0,1.0,0.0,167.33333333333334,929.6666666666666,0.15254346076558095,2.0,50.666666666666664,0.0
gru,cpr,0010001000000,8,57.333333333333336,0.0,0.8333333333333334,0.0,176.66666666666666,920.3333333333334,0.1611014833357197,2.0,50.666666666666664,0.0
gru,cpr,0010001000000,9,57.333333333333336,0.0,0.8333333333333334,0.0,187.33333333333334,909.6666666666666,0.1706700108785633,2.0,50.666666666666664,0.0
gru,cpr,0010001000000,10,57.333333333333336,0.0,1.0,0.0,119.33333333333333,977.6666666666666,0.10872473943289934,2.0,50.666666666666664,0.0
gru,cpr,0010001000000,11,57.333333333333336,0.0,1.0,0.0,92.66666666666667,1004.3333333333334,0.08453186793654555,2.0,50.666666666666664,0.0
gru,cpr,0010001000000,12,57.333333333333336,0.0,0.4666666666666666,0.0,96.0,1001.0,0.0874020970446844,2.0,50.666666666666664,0.0
gru,cpr,0010010000000,0,57.333333333333336,0.0,1.0,0.0,190.0,907.0,0.17314360855604763,2.0,50.666666666666664,1.0
gru,cpr,0010010000000,1,57.333333333333336,0.0,0.8333333333333334,0.0,93.0,1004.0,0.08473923540651429,2.0,50.666666666666664,1.0
gru,cpr,0010010000000,2,57.333333333333336,1.0,0.6666666666666666,28.666666666666668,1011.0,86.0,0.9215887639746748,2.0,50.666666666666664,1.0
gru,cpr,0010010000000,3,57.333333333333336,0.0,1.0,0.0,162.33333333333334,934.6666666666666,0.14814759955695775,2.0,50.666666666666664,0.0
gru,cpr,0010010000000,4,57.333333333333336,0.0,1.0,0.0,143.33333333333334,953.6666666666666,0.13076987641886254,2.0,50.666666666666664,0.0
gru,cpr,0010010000000,5,57.333333333333336,1.0,0.16666666666666666,22.0,960.6666666666666,136.33333333333334,0.8759745036758352,2.0,50.666666666666664,0.0
gru,cpr,0010010000000,6,57.333333333333336,0.0,1.0,0.0,146.33333333333334,950.6666666666666,0.1333603240199007,2.0,50.666666666666664,0.0
gru,cpr,0010010000000,7,57.333333333333336,0.0,1.0,0.0,167.33333333333334,929.6666666666666,0.15254346076558095,2.0,50.666666666666664,0.0
gru,cpr,0010010000000,8,57.333333333333336,0.0,1.0,0.0,176.66666666666666,920.3333333333334,0.1611014833357197,2.0,50.666666666666664,0.0
gru,cpr,0010010000000,9,57.333333333333336,0.0,0.7000000000000001,0.0,187.33333333333334,909.6666666666666,0.1706700108785633,2.0,50.666666666666664,0.0
gru,cpr,0010010000000,10,57.333333333333336,0.0,0.5333333333333333,0.0,119.33333333333333,977.6666666666666,0.10872473943289934,2.0,50.666666666666664,0.0
gru,cpr,0010010000000,11,57.333333333333336,0.0,1.0,0.0,92.66666666666667,1004.3333333333334,0.08453186793654555,2.0,50.666666666666664,0.0
gru,cpr,0010010000000,12,57.333333333333336,0.0,0.4666666666666666,0.0,96.0,1001.0,0.0874020970446844,2.0,50.666666666666664,0.0
gru,cpr,0100000000000,0,57.333333333333336,0.0,0.65,0.0,209.66666666666666,885.6666666666666,0.1914194691641947,1.0,98.0,1.0
gru,cpr,0100000000000,1,57.333333333333336,1.0,0.18333333333333335,35.333333333333336,1032.6666666666667,62.666666666666664,0.9427879434278794,1.0,98.0,1.0
gru,cpr,0100000000000,2,57.333333333333336,0.0,0.9833333333333334,0.0,90.0,1005.3333333333334,0.08216567232165672,1.0,98.0,1.0
gru,cpr,0100000000000,3,57.333333333333336,0.0,1.0,0.0,160.66666666666666,934.6666666666666,0.1466853314668533,1.0,98.0,0.0
gru,cpr,0100000000000,4,57.333333333333336,0.0,1.0,0.0,148.33333333333334,947.0,0.13542729060427292,1.0,98.0,0.0
gru,cpr,0100000000000,5,57.333333333333336,0.0,1.0,7.0,163.33333333333334,932.0,0.1491100889911009,1.0,98.0,0.0
gru,cpr,0100000000000,6,57.333333333333336,0.0,1.0,7.0,137.0,958.3333333333334,0.1250738815007388,1.0,98.0,0.0
gru,cpr,0100000000000,7,57.333333333333336,0.0,1.0,10.333333333333334,167.66666666666666,927.6666666666666,0.15307274828072748,1.0,98.0,0.0
gru,cpr,0100000000000,8,57.333333333333336,0.0,1.0,10.333333333333334,181.66666666666666,913.6666666666666,0.16585702540857025,1.0,98.0,0.0
gru,cpr,0100000000000,9,57.333333333333336,0.0,1.0,8.666666666666666,181.0,914.3333333333334,0.16524097590240974,1.0,98.0,0.0
gru,cpr,0100000000000,10,57.333333333333336,0.0,1.0,12.0,132.33333333333334,963.0,0.12081541845815419,1.0,98.0,0.0
gru,cpr,0100000000000,11,57.333333333333336,0.0,0.5,7.333333333333333,83.66666666666667,1011.6666666666666,0.07638152851381529,1.0,98.0,0.0
gru,cpr,0100000000000,12,57.333333333333336,0.0,1.0,0.0,106.66666666666667,988.6666666666666,0.09739026097390262,1.0,98.0,0.0
gru,cpr,0100000000010,0,57.333333333333336,0.0,0.8333333333333334,0.0,194.66666666666666,942.3333333333334,0.17126984795387304,2.0,42.666666666666664,1.0
gru,cpr,0100000000010,1,57.333333333333336,1.0,0.6666666666666666,21.333333333333332,1058.0,79.0,0.9304539861226132,2.0,42.666666666666664,1.0
gru,cpr,0100000000010,2,57.333333333333336,0.0,1.0,0.0,98.0,1039.0,0.08620262107622269,2.0,42.666666666666664,1.0
gru,cpr,0100000000010,3,57.333333333333336,0.0,1.0,0.0,161.0,976.0,0.141520336500896,2.0,42.666666666666664,0.0
gru,cpr,0100000000010,4,57.333333333333336,0.0,1.0,0.0,138.0,999.0,0.12135929143915893,2.0,42.666666666666664,0.0
gru,cpr,0100000000010,5,57.333333333333336,0.0,1.0,0.0,177.66666666666666,959.3333333333334,0.15628825911941446,2.0,42.666666666666664,0.0
gru,cpr,0100000000010,6,57.333333333333336,0.0,1.0,0.0,155.66666666666666,981.3333333333334,0.1369085773729037,2.0,42.666666666666664,0.0
gru,cpr,0100000000010,7,57.333333333333336,0.0,1.0,0.0,172.0,965.0,0.15128035970785433,2.0,42.666666666666664,0.0
gru,cpr,0100000000010,8,57.333333333333336,0.0,1.0,0.0,171.33333333333334,965.6666666666666,0.15072669907530875,2.0,42.666666666666664,0.0
gru,cpr,0100000000010,9,57.333333333333336,0.0,0.3666666666666667,0.0,199.33333333333334,937.6666666666666,0.17535601938280096,2.0,42.666666666666664,0.0
gru,cpr,0100000000010,10,57.333333333333336,0.0,0.6,0.0,130.0,1007.0,0.11433637924661605,2.0,42.666666666666664,0.0
gru,cpr,0100000000010,11,57.333333333333336,1.0,0.13333333333333333,21.333333333333332,1061.0,76.0,0.9331489877368068,2.0,42.666666666666664,0.0
gru,cpr,0100000000010,12,57.333333333333336,0.0,1.0,0.0,114.66666666666667,1022.3333333333334,0.10083017902733522,2.0,42.666666666666664,0.0
gru,cpr,0100000000100,0,57.333333333333336,0.0,0.9333333333333332,0.0,190.0,907.0,0.17314360855604763,2.0,56.666666666666664,1.0
gru,cpr,0100000000100,1,57.333333333333336,1.0,0.7333333333333334,22.0,1012.6666666666666,84.33333333333333,0.9231324995844421,2.0,56.666666666666664,1.0
gru,cpr,0100000000100,2,57.333333333333336,0.0,1.0,0.0,94.66666666666667,1002.3333333333334,0.08628297101628164,2.0,56.666666666666664,1.0
gru,cpr,0100000000100,3,57.333333333333336,0.0,1.0,0.0,162.33333333333334,934.6666666666666,0.14814759955695775,2.0,56.666666666666664,0.0
gru,cpr,0100000000100,4,57.333333333333336,0.0,1.0,0.0,143.33333333333334,953.6666666666666,0.13076987641886254,2.0,56.666666666666664,0.0
gru,cpr,0100000000100,5,57.333333333333336,0.0,0.5666666666666667,0.0,145.0,952.0,0.1318972313151212,2.0,56.666666666666664,0.0
gru,cpr,0100000000100,6,57.333333333333336,0.0,1.0,0.0,146.33333333333334,950.6666666666666,0.1333603240199007,2.0,56.666666666666664,0.0
gru,cpr,0100000000100,7,57.333333333333336,0.0,1.0,0.0,167.33333333333334,929.6666666666666,0.15254346076558095,2.0,56.666666666666664,0.0
gru,cpr,0100000000100,8,57.333333333333336,0.0,1.0,0.0,176.66666666666666,920.3333333333334,0.1611014833357197,2.0,56.666666666666664,0.0
gru,cpr,0100000000100,9,57.333333333333336,0.0,0.0,0.0,187.33333333333334,909.6666666666666,0.1706700108785633,2.0,56.666666666666664,0.0
gru,cpr,0100000000100,10,57.333333333333336,1.0,0.4666666666666666,34.666666666666664,986.3333333333334,110.66666666666667,0.8991469955580572,2.0,56.666666666666664,0.0
gru,cpr,0100000000100,11,57.333333333333336,0.0,0.7999999999999999,0.0,92.66666666666667,1004.3333333333334,0.08453186793654555,2.0,56.666666666666664,0.0
gru,cpr,0100000000100,12,57.333333333333336,0.0,1.0,0.0,96.0,1001.0,0.0874020970446844,2.0,56.666666666666664,0.0
gru,cpr,0100000001000,0,57.333333333333336,0.0,0.9333333333333332,0.0,190.0,907.0,0.17314360855604763,2.0,76.0,1.0
gru,cpr,0100000001000,1,57.333333333333336,1.0,0.6666666666666666,41.333333333333336,1012.6666666666666,84.33333333333333,0.9231324995844421,2.0,76.0,1.0
gru,cpr,0100000001000,2,57.333333333333336,0.0,1.0,0.0,94.66666666666667,1002.3333333333334,0.08628297101628164,2.0,76.0,1.0
gru,cpr,0100000001000,3,57.333333333333336,0.0,1.0,0.0,162.33333333333334,934.6666666666666,0.14814759955695775,2.0,76.0,0.0
gru,cpr,0100000001000,4,57.333333333333336,0.0,1.0,0.0,143.33333333333334,953.6666666666666,0.13076987641886254,2.0,76.0,0.0
gru,cpr,0100000001000,5,57.333333333333336,0.0,0.8333333333333334,0.0,145.0,952.0,0.1318972313151212,2.0,76.0,0.0
gru,cpr,0100000001000,6,57.333333333333336,0.0,1.0,0.0,146.33333333333334,950.6666666666666,0.1333603240199007,2.0,76.0,0.0
gru,cpr,0100000001000,7,57.333333333333336,0.0,1.0,0.0,167.33333333333334,929.6666666666666,0.15254346076558095,2.0,76.0,0.0
gru,cpr,0100000001000,8,57.333333333333336,0.0,1.0,0.0,176.66666666666666,920.3333333333334,0.1611014833357197,2.0,76.0,0.0
gru,cpr,0100000001000,9,57.333333333333336,1.0,0.16666666666666666,34.666666666666664,920.3333333333334,176.66666666666666,0.8390433447385441,2.0,76.0,0.0
gru,cpr,0100000001000,10,57.333333333333336,0.0,0.39999999999999997,0.0,121.33333333333333,975.6666666666666,0.11056636005905035,2.0,76.0,0.0
gru,cpr,0100000001000,11,57.333333333333336,0.0,0.3666666666666667,0.0,92.66666666666667,1004.3333333333334,0.08453186793654555,2.0,76.0,0.0
gru,cpr,0100000001000,12,57.333333333333336,0.0,0.6666666666666666,0.0,96.0,1001.0,0.0874020970446844,2.0,76.0,0.0
gru,cpr,0100000010000,0,57.333333333333336,0.0,0.7666666666666666,0.0,190.0,907.0,0.17314360855604763,2.0,76.66666666666667,1.0
gru,cpr,0100000010000,1,57.333333333333336,1.0,0.0,42.0,1012.6666666666666,84.33333333333333,0.9231324995844421,2.0,76.66666666666667,1.0
gru,cpr,0100000010000,2,57.333333333333336,0.0,1.0,0.0,94.66666666666667,1002.3333333333334,0.08628297101628164,2.0,76.66666666666667,1.0
gru,cpr,0100000010000,3,57.333333333333336,0.0,1.0,0.0,162.33333333333334,934.6666666666666,0.14814759955695775,2.0,76.66666666666667,0.0
gru,cpr,0100000010000,4,57.333333333333336,0.0,1.0,0.0,143.33333333333334,953.6666666666666,0.13076987641886254,2.0,76.66666666666667,0.0
gru,cpr,0100000010000,5,57.333333333333336,0.0,0.19999999999999998,0.0,145.0,952.0,0.1318972313151212,2.0,76.66666666666667,0.0
gru,cpr,0100000010000,6,57.333333333333336,0.0,1.0,0.0,146.33333333333334,950.6666666666666,0.1333603240199007,2.0,76.66666666666667,0.0
gru,cpr,0100000010000,7,57.333333333333336,0.0,1.0,0.0,167.33333333333334,929.6666666666666,0.15254346076558095,2.0,76.66666666666667,0.0
gru,cpr,0100000010000,8,57.333333333333336,1.0,0.8333333333333334,34.666666666666664,929.0,168.0,0.8467702516552368,2.0,76.66666666666667,0.0
gru,cpr,0100000010000,9,57.333333333333336,0.0,0.7333333333333334,0.0,185.33333333333334,911.6666666666666,0.16882839025241228,2.0,76.66666666666667,0.0
gru,cpr,0100000010000,10,57.333333333333336,0.0,0.5666666666666667,0.0,121.33333333333333,975.6666666666666,0.11056636005905035,2.0,76.66666666666667,0.0
gru,cpr,0100000010000,11,57.333333333333336,0.0,0.9333333333333332,0.0,92.66666666666667,1004.3333333333334,0.08453186793654555,2.0,76.66666666666667,0.0
gru,cpr,0100000010000,12,57.333333333333336,0.0,1.0,0.0,96.0,1001.0,0.0874020970446844,2.0,76.66666666666667,0.0
gru,cpr,0100000100000,0,57.333333333333336,0.0,0.6666666666666666,0.0,185.0,901.0,0.17034990791896867,2.0,82.0,1.0
gru,cpr,0100000100000,1,57.333333333333336,1.0,0.0,40.0,1003.0,83.0,0.923572744014733,2.0,82.0,1.0
gru,cpr,0100000100000,2,57.333333333333336,0.0,1.0,0.0,93.0,993.0,0.0856353591160221,2.0,82.0,1.0
gru,cpr,0100000100000,3,57.333333333333336,0.0,1.0,0.0,170.0,916.0,0.15653775322283608,2.0,82.0,0.0
gru,cpr,0100000100000,4,57.333333333333336,0.0,1.0,0.0,148.0,938.0,0.13627992633517497,2.0,82.0,0.0
gru,cpr,0100000100000,5,57.333333333333336,0.0,1.0,0.0,128.0,958.0,0.11786372007366482,2.0,82.0,0.0
gru,cpr,0100000100000,6,57.333333333333336,0.0,1.0,0.0,143.0,943.0,0.13167587476979742,2.0,82.0,0.0
gru,cpr,0100000100000,7,57.333333333333336,1.0,1.0,42.0,925.0,161.0,0.8517495395948435,2.0,82.0,0.0
gru,cpr,0100000100000,8,57.333333333333336,0.0,0.8333333333333334,0.0,176.0,910.0,0.16206261510128914,2.0,82.0,0.0
gru,cpr,0100000100000,9,57.333333333333336,0.0,0.6,0.0,177.0,909.0,0.16298342541436464,2.0,82.0,0.0
gru,cpr,0100000100000,10,57.333333333333336,0.0,0.9333333333333332,0.0,118.0,968.0,0.10865561694290976,2.0,82.0,0.0
gru,cpr,0100000100000,11,57.333333333333336,0.0,0.6,0.0,95.0,991.0,0.08747697974217311,2.0,82.0,0.0
gru,cpr,0100000100000,12,57.333333333333336,0.0,1.0,0.0,89.0,997.0,0.08195211786372007,2.0,82.0,0.0
gru,cpr,0100001000000,0,57.333333333333336,0.0,0.8666666666666667,0.0,192.0,870.0,0.1807909604519774,2.0,44.0,1.0
gru,cpr,0100001000000,1,57.333333333333336,1.0,0.0,22.0,985.0,77.0,0.9274952919020715,2.0,44.0,1.0
gru,cpr,0100001000000,2,57.333333333333336,0.0,1.0,0.0,68.0,994.0,0.064030131826742,2.0,44.0,1.0
gru,cpr,0100001000000,3,57.333333333333336,0.0,1.0,0.0,177.0,885.0,0.16666666666666666,2.0,44.0,0.0
gru,cpr,0100001000000,4,57.333333333333336,0.0,1.0,0.0,148.0,914.0,0.1393596986817326,2.0,44.0,0.0
gru,cpr,0100001000000,5,57.333333333333336,0.0,0.5333333333333333,0.0,166.0,896.0,0.15630885122410546,2.0,44.0,0.0
gru,cpr,0100001000000,6,57.333333333333336,1.0,1.0,22.0,929.0,133.0,0.8747645951035782,2.0,44.0,0.0
gru,cpr,0100001000000,7,57.333333333333336,0.0,1.0,0.0,170.0,892.0,0.160075329566855,2.0,44.0,0.0
gru,cpr,0100001000000,8,57.333333333333336,0.0,1.0,0.0,176.0,886.0,0.1657250470809793,2.0,44.0,0.0
gru,cpr,0100001000000,9,57.333333333333336,0.0,1.0,0.0,208.0,854.0,0.19585687382297548,2.0,44.0,0.0
gru,cpr,0100001000000,10,57.333333333333336,0.0,0.8666666666666667,0.0,108.0,954.0,0.1016949152542373,2.0,44.0,0.0
gru,cpr,0100001000000,11,57.333333333333336,0.0,0.7666666666666666,0.0,83.0,979.0,0.07815442561205273,2.0,44.0,0.0
gru,cpr,0100001000000,12,57.333333333333336,0.0,0.7666666666666666,0.0,100.0,962.0,0.09416195856873823,2.0,44.0,0.0
gru,cpr,0100010000000,0,57.333333333333336,0.0,0.7000000000000001,0.0,192.0,870.0,0.1807909604519774,2.0,42.0,1.0
gru,cpr,0100010000000,1,57.333333333333336,1.0,0.6,20.0,985.0,77.0,0.9274952919020715,2.0,42.0,1.0
gru,cpr,0100010000000,2,57.333333333333336,0.0,1.0,0.0,68.0,994.0,0.064030131826742,2.0,42.0,1.0
gru,cpr,0100010000000,3,57.333333333333336,0.0,1.0,0.0,177.0,885.0,0.16666666666666666,2.0,42.0,0.0
gru,cpr,0100010000000,4,57.333333333333336,0.0,1.0,0.0,148.0,914.0,0.1393596986817326,2.0,42.0,0.0
gru,cpr,0100010000000,5,57.333333333333336,1.0,0.8666666666666667,22.0,908.0,154.0,0.8549905838041432,2.0,42.0,0.0
gru,cpr,0100010000000,6,57.333333333333336,0.0,1.0,0.0,145.0,917.0,0.13653483992467044,2.0,42.0,0.0
gru,cpr,0100010000000,7,57.333333333333336,0.0,1.0,0.0,170.0,892.0,0.160075329566855,2.0,42.0,0.0
gru,cpr,0100010000000,8,57.333333333333336,0.0,0.8666666666666667,0.0,176.0,886.0,0.1657250470809793,2.0,42.0,0.0
gru,cpr,0100010000000,9,57.333333333333336,0.0,0.6666666666666666,0.0,208.0,854.0,0.19585687382297548,2.0,42.0,0.0
gru,cpr,0100010000000,10,57.333333333333336,0.0,0.6666666666666666,0.0,108.0,954.0,0.1016949152542373,2.0,42.0,0.0
gru,cpr,0100010000000,11,57.333333333333336,0.0,0.8666666666666667,0.0,83.0,979.0,0.07815442561205273,2.0,42.0,0.0
gru,cpr,0100010000000,12,57.333333333333336,0.0,1.0,0.0,100.0,962.0,0.09416195856873823,2.0,42.0,0.0
gru,cpr,1000000000000,0,57.333333333333336,1.0,0.0,2.0,856.0,164.0,0.8392156862745098,1.0,102.0,1.0
gru,cpr,1000000000000,1,57.333333333333336,0.0,0.8166666666666668,0.0,95.0,925.0,0.09313725490196079,1.0,102.0,1.0
gru,cpr,1000000000000,2,57.333333333333336,0.0,1.0,0.0,99.0,921.0,0.09705882352941177,1.0,102.0,1.0
gru,cpr,1000000000000,3,57.333333333333336,0.0,0.8166666666666668,12.0,172.0,848.0,0.16862745098039214,1.0,102.0,0.0
gru,cpr,1000000000000,4,57.333333333333336,0.0,1.0,7.0,153.0,867.0,0.15,1.0,102.0,0.0
gru,cpr,1000000000000,5,57.333333333333336,0.0,1.0,7.0,166.0,854.0,0.1627450980392157,1.0,102.0,0.0
gru,cpr,1000000000000,6,57.333333333333336,0.0,1.0,12.0,132.0,888.0,0.12941176470588237,1.0,102.0,0.0
gru,cpr,1000000000000,7,57.333333333333336,0.0,1.0,12.0,157.0,863.0,0.153921568627451,1.0,102.0,0.0
gru,cpr,1000000000000,8,57.333333333333336,0.0,0.8333333333333334,12.0,154.0,866.0,0.15098039215686274,1.0,102.0,0.0
gru,cpr,1000000000000,9,57.333333333333336,0.0,0.8166666666666668,7.0,185.0,835.0,0.18137254901960784,1.0,102.0,0.0
gru,cpr,1000000000000,10,57.333333333333336,0.0,1.0,12.0,120.0,900.0,0.1176470588235294,1.0,102.0,0.0
gru,cpr,1000000000000,11,57.333333333333336,0.0,0.8666666666666667,12.0,85.0,935.0,0.08333333333333333,1.0,102.0,0.0
gru,cpr,1000000000000,12,57.333333333333336,0.0,0.8333333333333334,7.0,110.0,910.0,0.10784313725490197,1.0,102.0,0.0
gru,cpr,1000000000001,0,57.333333333333336,1.0,0.39999999999999997,22.0,882.0,180.0,0.8305084745762712,2.0,44.0,1.0
gru,cpr,1000000000001,1,57.333333333333336,0.0,0.9333333333333332,0.0,89.0,973.0,0.08380414312617702,2.0,44.0,1.0
gru,cpr,1000000000001,2,57.333333333333336,0.0,1.0,0.0,68.0,994.0,0.064030131826742,2.0,44.0,1.0
gru,cpr,1000000000001,3,57.333333333333336,0.0,1.0,0.0,177.0,885.0,0.16666666666666666,2.0,44.0,0.0
gru,cpr,1000000000001,4,57.333333333333336,0.0,1.0,0.0,148.0,914.0,0.1393596986817326,2.0,44.0,0.0
gru,cpr,1000000000001,5,57.333333333333336,0.0,0.5666666666666667,0.0,166.0,896.0,0.15630885122410546,2.0,44.0,0.0
gru,cpr,1000000000001,6,57.333333333333336,0.0,1.0,0.0,145.0,917.0,0.13653483992467044,2.0,44.0,0.0
gru,cpr,1000000000001,7,57.333333333333336,0.0,1.0,0.0,170.0,892.0,0.160075329566855,2.0,44.0,0.0
gru,cpr,1000000000001,8,57.333333333333336,0.0,1.0,0.0,176.0,886.0,0.1657250470809793,2.0,44.0,0.0
gru,cpr,1000000000001,9,57.333333333333336,0.0,0.5333333333333333,0.0,208.0,854.0,0.19585687382297548,2.0,44.0,0.0
gru,cpr,1000000000001,10,57.333333333333336,0.0,0.3333333333333333,0.0,108.0,954.0,0.1016949152542373,2.0,44.0,0.0
gru,cpr,1000000000001,11,57.333333333333336,0.0,0.8666666666666667,0.0,83.0,979.0,0.07815442561205273,2.0,44.0,0.0
gru,cpr,1000000000001,12,57.333333333333336,1.0,0.13333333333333333,22.0,974.0,88.0,0.9171374764595104,2.0,44.0,0.0
gru,cpr,1000000000010,0,57.333333333333336,1.0,1.0,22.0,882.0,180.0,0.8305084745762712,2.0,52.0,1.0
gru,cpr,1000000000010,1,57.333333333333336,0.0,0.6666666666666666,0.0,89.0,973.0,0.08380414312617702,2.0,52.0,1.0
gru,cpr,1000000000010,2,57.333333333333336,0.0,1.0,0.0,68.0,994.0,0.064030131826742,2.0,52.0,1.0
gru,cpr,1000000000010,3,57.333333333333336,0.0,1.0,0.0,177.0,885.0,0.16666666666666666,2.0,52.0,0.0
gru,cpr,1000000000010,4,57.333333333333336,0.0,1.0,0.0,148.0,914.0,0.1393596986817326,2.0,52.0,0.0
gru,cpr,1000000000010,5,57.333333333333336,0.0,1.0,0.0,166.0,896.0,0.15630885122410546,2.0,52.0,0.0
gru,cpr,1000000000010,6,57.333333333333336,0.0,1.0,0.0,145.0,917.0,0.13653483992467044,2.0,52.0,0.0
gru,cpr,1000000000010,7,57.333333333333336,0.0,1.0,8.0,170.0,892.0,0.160075329566855,2.0,52.0,0.0
gru,cpr,1000000000010,8,57.333333333333336,0.0,1.0,0.0,176.0,886.0,0.1657250470809793,2.0,52.0,0.0
gru,cpr,1000000000010,9,57.333333333333336,0.0,0.4666666666666666,0.0,208.0,854.0,0.19585687382297548,2.0,52.0,0.0
gru,cpr,1000000000010,10,57.333333333333336,0.0,0.8666666666666667,0.0,108.0,954.0,0.1016949152542373,2.0,52.0,0.0
gru,cpr,1000000000010,11,57.333333333333336,1.0,0.0,22.0,991.0,71.0,0.9331450094161958,2.0,52.0,0.0
gru,cpr,1000000000010,12,57.333333333333336,0.0,1.0,0.0,100.0,962.0,0.09416195856873823,2.0,52.0,0.0
gru,cpr,1000000000100,0,57.333333333333336,1.0,0.7000000000000001,22.0,882.0,180.0,0.8305084745762712,2.0,44.0,1.0
gru,cpr,1000000000100,1,57.333333333333336,0.0,0.8333333333333334,0.0,89.0,973.0,0.08380414312617702,2.0,44.0,1.0
gru,cpr,1000000000100,2,57.333333333333336,0.0,1.0,0.0,68.0,994.0,0.064030131826742,2.0,44.0,1.0
gru,cpr,1000000000100,3,57.333333333333336,0.0,1.0,0.0,177.0,885.0,0.16666666666666666,2.0,44.0,0.0
gru,cpr,1000000000100,4,57.333333333333336,0.0,1.0,0.0,148.0,914.0,0.1393596986817326,2.0,44.0,0.0
gru,cpr,1000000000100,5,57.333333333333336,0.0,0.7000000000000001,0.0,166.0,896.0,0.15630885122410546,2.0,44.0,0.0
gru,cpr,1000000000100,6,57.333333333333336,0.0,1.0,0.0,145.0,917.0,0.13653483992467044,2.0,44.0,0.0
gru,cpr,1000000000100,7,57.333333333333336,0.0,1.0,0.0,170.0,892.0,0.160075329566855,2.0,44.0,0.0
gru,cpr,1000000000100,8,57.333333333333336,0.0,1.0,0.0,176.0,886.0,0.1657250470809793,2.0,44.0,0.0
gru,cpr,1000000000100,9,57.333333333333336,0.0,0.3333333333333333,0.0,208.0,854.0,0.19585687382297548,2.0,44.0,0.0
gru,cpr,1000000000100,10,57.333333333333336,1.0,0.3333333333333333,22.0,966.0,96.0,0.9096045197740112,2.0,44.0,0.0
gru,cpr,1000000000100,11,57.333333333333336,0.0,0.7666666666666666,0.0,83.0,979.0,0.07815442561205273,2.0,44.0,0.0
gru,cpr,1000000000100,12,57.333333333333336,0.0,0.9333333333333332,0.0,100.0,962.0,0.09416195856873823,2.0,44.0,0.0
gru,cpr,1000000001000,0,57.333333333333336,1.0,0.7000000000000001,42.0,882.0,180.0,0.8305084745762712,2.0,80.0,1.0
gru,cpr,1000000001000,1,57.333333333333336,0.0,1.0,0.0,89.0,973.0,0.08380414312617702,2.0,80.0,1.0
gru,cpr,1000000001000,2,57.333333333333336,0.0,1.0,0.0,68.0,994.0,0.064030131826742,2.0,80.0,1.0
gru,cpr,1000000001000,3,57.333333333333336,0.0,1.0,8.0,177.0,885.0,0.16666666666666666,2.0,80.0,0.0
gru,cpr,1000000001000,4,57.333333333333336,0.0,1.0,0.0,148.0,914.0,0.1393596986817326,2.0,80.0,0.0
gru,cpr,1000000001000,5,57.333333333333336,0.0,1.0,0.0,166.0,896.0,0.15630885122410546,2.0,80.0,0.0
gru,cpr,1000000001000,6,57.333333333333336,0.0,1.0,0.0,145.0,917.0,0.13653483992467044,2.0,80.0,0.0
gru,cpr,1000000001000,7,57.333333333333336,0.0,1.0,8.0,170.0,892.0,0.160075329566855,2.0,80.0,0.0
gru,cpr,1000000001000,8,57.333333333333336,0.0,1.0,0.0,176.0,886.0,0.1657250470809793,2.0,80.0,0.0
gru,cpr,1000000001000,9,57.333333333333336,1.0,0.13333333333333333,22.0,866.0,196.0,0.815442561205273,2.0,80.0,0.0
gru,cpr,1000000001000,10,57.333333333333336,0.0,0.6666666666666666,0.0,108.0,954.0,0.1016949152542373,2.0,80.0,0.0
gru,cpr,1000000001000,11,57.333333333333336,0.0,0.6666666666666666,0.0,83.0,979.0,0.07815442561205273,2.0,80.0,0.0
gru,cpr,1000000001000,12,57.333333333333336,0.0,0.9333333333333332,0.0,100.0,962.0,0.09416195856873823,2.0,80.0,0.0
gru,cpr,1000000010000,0,57.333333333333336,1.0,0.13333333333333333,42.0,882.0,180.0,0.8305084745762712,2.0,72.0,1.0
gru,cpr,1000000010000,1,57.333333333333336,0.0,0.5333333333333333,0.0,89.0,973.0,0.08380414312617702,2.0,72.0,1.0
gru,cpr,1000000010000,2,57.333333333333336,0.0,1.0,0.0,68.0,994.0,0.064030131826742,2.0,72.0,1.0
gru,cpr,1000000010000,3,57.333333333333336,0.0,1.0,8.0,177.0,885.0,0.16666666666666666,2.0,72.0,0.0
gru,cpr,1000000010000,4,57.333333333333336,0.0,1.0,0.0,148.0,914.0,0.1393596986817326,2.0,72.0,0.0
gru,cpr,1000000010000,5,57.333333333333336,0.0,1.0,0.0,166.0,896.0,0.15630885122410546,2.0,72.0,0.0
gru,cpr,1000000010000,6,57.333333333333336,0.0,1.0,0.0,145.0,917.0,0.13653483992467044,2.0,72.0,0.0
gru,cpr,1000000010000,7,57.333333333333336,0.0,1.0,0.0,170.0,892.0,0.160075329566855,2.0,72.0,0.0
gru,cpr,1000000010000,8,57.333333333333336,1.0,1.0,22.0,898.0,164.0,0.8455743879472694,2.0,72.0,0.0
gru,cpr,1000000010000,9,57.333333333333336,0.0,0.39999999999999997,0.0,208.0,854.0,0.19585687382297548,2.0,72.0,0.0
gru,cpr,1000000010000,10,57.333333333333336,0.0,1.0,0.0,108.0,954.0,0.1016949152542373,2.0,72.0,0.0
gru,cpr,1000000010000,11,57.333333333333336,0.0,1.0,0.0,83.0,979.0,0.07815442561205273,2.0,72.0,0.0
gru,cpr,1000000010000,12,57.333333333333336,0.0,1.0,0.0,100.0,962.0,0.09416195856873823,2.0,72.0,0.0
gru,cpr,1000000100000,0,57.333333333333336,1.0,0.0,42.0,882.0,180.0,0.8305084745762712,2.0,80.0,1.0
gru,cpr,1000000100000,1,57.333333333333336,0.0,0.6666666666666666,0.0,89.0,973.0,0.08380414312617702,2.0,80.0,1.0
gru,cpr,1000000100000,2,57.333333333333336,0.0,1.0,0.0,68.0,994.0,0.064030131826742,2.0,80.0,1.0
gru,cpr,1000000100000,3,57.333333333333336,0.0,1.0,0.0,177.0,885.0,0.16666666666666666,2.0,80.0,0.0
gru,cpr,1000000100000,4,57.333333333333336,0.0,1.0,0.0,148.0,914.0,0.1393596986817326,2.0,80.0,0.0
gru,cpr,1000000100000,5,57.333333333333336,0.0,0.6666666666666666,0.0,166.0,896.0,0.15630885122410546,2.0,80.0,0.0
gru,cpr,1000000100000,6,57.333333333333336,0.0,1.0,0.0,145.0,917.0,0.13653483992467044,2.0,80.0,0.0
gru,cpr,1000000100000,7,57.333333333333336,1.0,1.0,22.0,904.0,158.0,0.8512241054613936,2.0,80.0,0.0
gru,cpr,1000000100000,8,57.333333333333336,0.0,1.0,0.0,176.0,886.0,0.1657250470809793,2.0,80.0,0.0
gru,cpr,1000000100000,9,57.333333333333336,0.0,1.0,8.0,208.0,854.0,0.19585687382297548,2.0,80.0,0.0
gru,cpr,1000000100000,10,57.333333333333336,0.0,1.0,0.0,108.0,954.0,0.1016949152542373,2.0,80.0,0.0
gru,cpr,1000000100000,11,57.333333333333336,0.0,0.8666666666666667,8.0,83.0,979.0,0.07815442561205273,2.0,80.0,0.0
gru,cpr,1000000100000,12,57.333333333333336,0.0,1.0,0.0,100.0,962.0,0.09416195856873823,2.0,80.0,0.0
gru,cpr,1000001000000,0,57.333333333333336,1.0,0.0,22.0,882.0,180.0,0.8305084745762712,2.0,44.0,1.0
gru,cpr,1000001000000,1,57.333333333333336,0.0,0.7999999999999999,0.0,89.0,973.0,0.08380414312617702,2.0,44.0,1.0
gru,cpr,1000001000000,2,57.333333333333336,0.0,1.0,0.0,68.0,994.0,0.064030131826742,2.0,44.0,1.0
gru,cpr,1000001000000,3,57.333333333333336,0.0,1.0,0.0,177.0,885.0,0.16666666666666666,2.0,44.0,0.0
gru,cpr,1000001000000,4,57.333333333333336,0.0,1.0,0.0,148.0,914.0,0.1393596986817326,2.0,44.0,0.0
gru,cpr,1000001000000,5,57.333333333333336,0.0,1.0,0.0,166.0,896.0,0.15630885122410546,2.0,44.0,0.0
gru,cpr,1000001000000,6,57.333333333333336,1.0,1.0,22.0,924.0,138.0,0.8700564971751413,2.0,44.0,0.0
gru,cpr,1000001000000,7,57.333333333333336,0.0,1.0,0.0,165.0,897.0,0.1553672316384181,2.0,44.0,0.0
gru,cpr,1000001000000,8,57.333333333333336,0.0,0.6666666666666666,0.0,176.0,886.0,0.1657250470809793,2.0,44.0,0.0
gru,cpr,1000001000000,9,57.333333333333336,0.0,1.0,0.0,208.0,854.0,0.19585687382297548,2.0,44.0,0.0
gru,cpr,1000001000000,10,57.333333333333336,0.0,0.9333333333333332,0.0,108.0,954.0,0.1016949152542373,2.0,44.0,0.0
gru,cpr,1000001000000,11,57.333333333333336,0.0,1.0,0.0,83.0,979.0,0.07815442561205273,2.0,44.0,0.0
gru,cpr,1000001000000,12,57.333333333333336,0.0,1.0,0.0,100.0,962.0,0.09416195856873823,2.0,44.0,0.0
gru,cpr,1000010000000,0,57.333333333333336,1.0,0.5333333333333333,20.0,882.0,180.0,0.8305084745762712,2.0,58.0,1.0
gru,cpr,1000010000000,1,57.333333333333336,0.0,0.5,0.0,89.0,973.0,0.08380414312617702,2.0,58.0,1.0
gru,cpr,1000010000000,2,57.333333333333336,0.0,1.0,0.0,68.0,994.0,0.064030131826742,2.0,58.0,1.0
gru,cpr,1000010000000,3,57.333333333333336,0.0,1.0,8.0,177.0,885.0,0.16666666666666666,2.0,58.0,0.0
gru,cpr,1000010000000,4,57.333333333333336,0.0,0.8333333333333334,8.0,148.0,914.0,0.1393596986817326,2.0,58.0,0.0
gru,cpr,1000010000000,5,57.333333333333336,1.0,0.7999999999999999,22.0,906.0,156.0,0.8531073446327685,2.0,58.0,0.0
gru,cpr,1000010000000,6,57.333333333333336,0.0,1.0,0.0,148.0,914.0,0.1393596986817326,2.0,58.0,0.0
gru,cpr,1000010000000,7,57.333333333333336,0.0,1.0,0.0,165.0,897.0,0.1553672316384181,2.0,58.0,0.0
gru,cpr,1000010000000,8,57.333333333333336,0.0,1.0,0.0,176.0,886.0,0.1657250470809793,2.0,58.0,0.0
gru,cpr,1000010000000,9,57.333333333333336,0.0,0.7999999999999999,0.0,208.0,854.0,0.19585687382297548,2.0,58.0,0.0
gru,cpr,1000010000000,10,57.333333333333336,0.0,0.7999999999999999,0.0,108.0,954.0,0.1016949152542373,2.0,58.0,0.0
gru,cpr,1000010000000,11,57.333333333333336,0.0,0.9333333333333332,0.0,83.0,979.0,0.07815442561205273,2.0,58.0,0.0
gru,cpr,1000010000000,12,57.333333333333336,0.0,0.7000000000000001,0.0,100.0,962.0,0.09416195856873823,2.0,58.0,0.0
gru,cpr,1000100000000,0,57.333333333333336,1.0,0.6666666666666666,42.0,882.0,180.0,0.8305084745762712,2.0,72.0,1.0
gru,cpr,1000100000000,1,57.333333333333336,0.0,1.0,0.0,89.0,973.0,0.08380414312617702,2.0,72.0,1.0
gru,cpr,1000100000000,2,57.333333333333336,0.0,1.0,0.0,68.0,994.0,0.064030131826742,2.0,72.0,1.0
gru,cpr,1000100000000,3,57.333333333333336,0.0,1.0,0.0,177.0,885.0,0.16666666666666666,2.0,72.0,0.0
gru,cpr,1000100000000,4,57.333333333333336,1.0,1.0,22.0,919.0,143.0,0.8653483992467045,2.0,72.0,0.0
gru,cpr,1000100000000,5,57.333333333333336,0.0,0.8333333333333334,8.0,161.0,901.0,0.15160075329566855,2.0,72.0,0.0
gru,cpr,1000100000000,6,57.333333333333336,0.0,1.0,0.0,148.0,914.0,0.1393596986817326,2.0,72.0,0.0
gru,cpr,1000100000000,7,57.333333333333336,0.0,1.0,0.0,165.0,897.0,0.1553672316384181,2.0,72.0,0.0
gru,cpr,1000100000000,8,57.333333333333336,0.0,1.0,0.0,176.0,886.0,0.1657250470809793,2.0,72.0,0.0
gru,cpr,1000100000000,9,57.333333333333336,0.0,0.8333333333333334,0.0,208.0,854.0,0.19585687382297548,2.0,72.0,0.0
gru,cpr,1000100000000,10,57.333333333333336,0.0,1.0,0.0,108.0,954.0,0.1016949152542373,2.0,72.0,0.0
gru,cpr,1000100000000,11,57.333333333333336,0.0,1.0,0.0,83.0,979.0,0.07815442561205273,2.0,72.0,0.0
gru,cpr,1000100000000,12,57.333333333333336,0.0,1.0,0.0,100.0,962.0,0.09416195856873823,2.0,72.0,0.0
gru,cpr,1001000000000,0,57.333333333333336,1.0,0.4666666666666666,42.0,882.0,180.0,0.8305084745762712,2.0,88.0,1.0
gru,cpr,1001000000000,1,57.333333333333336,0.0,1.0,0.0,89.0,973.0,0.08380414312617702,2.0,88.0,1.0
gru,cpr,1001000000000,2,57.333333333333336,0.0,1.0,0.0,68.0,994.0,0.064030131826742,2.0,88.0,1.0
gru,cpr,1001000000000,3,57.333333333333336,1.0,1.0,22.0,897.0,165.0,0.8446327683615819,2.0,88.0,0.0
gru,cpr,1001000000000,4,57.333333333333336,0.0,1.0,0.0,155.0,907.0,0.14595103578154425,2.0,88.0,0.0
gru,cpr,1001000000000,5,57.333333333333336,0.0,1.0,8.0,161.0,901.0,0.15160075329566855,2.0,88.0,0.0
gru,cpr,1001000000000,6,57.333333333333336,0.0,1.0,0.0,148.0,914.0,0.1393596986817326,2.0,88.0,0.0
gru,cpr,1001000000000,7,57.333333333333336,0.0,1.0,0.0,165.0,897.0,0.1553672316384181,2.0,88.0,0.0
gru,cpr,1001000000000,8,57.333333333333336,0.0,0.6666666666666666,8.0,176.0,886.0,0.1657250470809793,2.0,88.0,0.0
gru,cpr,1001000000000,9,57.333333333333336,0.0,0.7333333333333334,8.0,208.0,854.0,0.19585687382297548,2.0,88.0,0.0
gru,cpr,1001000000000,10,57.333333333333336,0.0,1.0,0.0,108.0,954.0,0.1016949152542373,2.0,88.0,0.0
gru,cpr,1001000000000,11,57.333333333333336,0.0,1.0,0.0,83.0,979.0,0.07815442561205273,2.0,88.0,0.0
gru,cpr,1001000000000,12,57.333333333333336,0.0,1.0,0.0,100.0,962.0,0.09416195856873823,2.0,88.0,0.0
ssm,cpr,0000000000001,0,57.333333333333336,0.0,0.9666666666666667,12.0,201.33333333333334,861.6666666666666,0.18944171110023125,1.0,111.0,1.0
ssm,cpr,0000000000001,1,57.333333333333336,0.0,1.0,0.0,74.66666666666667,988.3333333333334,0.07024471679789394,1.0,111.0,1.0
ssm,cpr,0000000000001,2,57.333333333333336,0.0,1.0,12.0,93.66666666666667,969.3333333333334,0.08813496745403032,1.0,111.0,1.0
ssm,cpr,0000000000001,3,57.333333333333336,0.0,1.0,6.333333333333333,167.33333333333334,895.6666666666666,0.15732469364695895,1.0,111.0,0.0
ssm,cpr,0000000000001,4,57.333333333333336,0.0,1.0,10.333333333333334,141.66666666666666,921.3333333333334,0.13326680560794837,1.0,111.0,0.0
ssm,cpr,0000000000001,5,57.333333333333336,0.0,0.7999999999999999,0.0,144.66666666666666,918.3333333333334,0.1361749411639855,1.0,111.0,0.0
ssm,cpr,0000000000001,6,57.333333333333336,0.0,1.0,10.0,146.0,917.0,0.13736280886120764,1.0,111.0,0.0
ssm,cpr,0000000000001,7,57.333333333333336,0.0,1.0,9.666666666666666,150.33333333333334,912.6666666666666,0.1415444242007532,1.0,111.0,0.0
ssm,cpr,0000000000001,8,57.333333333333336,0.0,0.6333333333333333,0.0,180.66666666666666,882.3333333333334,0.16997387939575703,1.0,111.0,0.0
ssm,cpr,0000000000001,9,57.333333333333336,0.0,0.5666666666666668,8.666666666666666,180.66666666666666,882.3333333333334,0.16995961071470933,1.0,111.0,0.0
ssm,cpr,0000000000001,10,57.333333333333336,0.0,0.5666666666666667,0.0,131.66666666666666,931.3333333333334,0.12385839404211223,1.0,111.0,0.0
ssm,cpr,0000000000001,11,57.333333333333336,0.0,0.6833333333333332,0.0,79.0,984.0,0.07438352609429637,1.0,111.0,0.0
ssm,cpr,0000000000001,12,57.333333333333336,1.0,0.09999999999999999,42.0,991.3333333333334,71.66666666666667,0.932577806671857,1.0,111.0,0.0
ssm,cpr,0000000000010,0,57.333333333333336,0.0,1.0,7.0,195.0,856.0,0.18553758325404376,1.0,99.0,1.0
ssm,cpr,0000000000010,1,57.333333333333336,0.0,1.0,12.0,92.0,959.0,0.08753568030447194,1.0,99.0,1.0
ssm,cpr,0000000000010,2,57.333333333333336,0.0,1.0,0.0,95.0,956.0,0.09039010466222645,1.0,99.0,1.0
ssm,cpr,0000000000010,3,57.333333333333336,0.0,1.0,0.0,180.0,871.0,0.1712654614652712,1.0,99.0,0.0
ssm,cpr,0000000000010,4,57.333333333333336,0.0,1.0,0.0,151.0,900.0,0.14367269267364416,1.0,99.0,0.0
ssm,cpr,0000000000010,5,57.333333333333336,0.0,0.9833333333333334,7.0,165.0,886.0,0.15699333967649856,1.0,99.0,0.0
ssm,cpr,0000000000010,6,57.333333333333336,0.0,1.0,12.0,138.0,913.0,0.1313035204567079,1.0,99.0,0.0
ssm,cpr,0000000000010,7,57.333333333333336,0.0,1.0,12.0,157.0,894.0,0.1493815413891532,1.0,99.0,0.0
ssm,cpr,0000000000010,8,57.333333333333336,0.0,0.8333333333333334,0.0,148.0,903.0,0.14081826831588962,1.0,99.0,0.0
ssm,cpr,0000000000010,9,57.333333333333336,0.0,0.25,7.0,165.0,886.0,0.15699333967649856,1.0,99.0,0.0
ssm,cpr,0000000000010,10,57.333333333333336,0.0,0.6166666666666667,0.0,135.0,916.0,0.12844909609895339,1.0,99.0,0.0
ssm,cpr,0000000000010,11,57.333333333333336,1.0,0.2833333333333333,42.0,994.0,57.0,0.9457659372026641,1.0,99.0,0.0
ssm,cpr,0000000000010,12,57.333333333333336,0.0,1.0,0.0,102.0,949.0,0.09705042816365367,1.0,99.0,0.0
ssm,cpr,0000000000100,0,57.333333333333336,0.0,1.0,12.0,207.0,840.0,0.19770773638968478,1.0,138.0,1.0
ssm,cpr,0000000000100,1,57.333333333333336,0.0,0.8333333333333334,10.0,94.0,953.0,0.0897803247373448,1.0,138.0,1.0
ssm,cpr,0000000000100,2,57.333333333333336,0.0,1.0,12.0,63.0,984.0,0.06017191977077364,1.0,138.0,1.0
ssm,cpr,0000000000100,3,57.333333333333336,0.0,1.0,12.0,162.0,885.0,0.15472779369627507,1.0,138.0,0.0
ssm,cpr,0000000000100,4,57.333333333333336,0.0,1.0,12.0,145.0,902.0,0.1384909264565425,1.0,138.0,0.0
ssm,cpr,0000000000100,5,57.333333333333336,0.0,0.8333333333333334,7.0,166.0,881.0,0.15854823304680038,1.0,138.0,0.0
ssm,cpr,0000000000100,6,57.333333333333336,0.0,1.0,12.0,138.0,909.0,0.1318051575931232,1.0,138.0,0.0
ssm,cpr,0000000000100,7,57.333333333333336,0.0,1.0,7.0,165.0,882.0,0.15759312320916904,1.0,138.0,0.0
ssm,cpr,0000000000100,8,57.333333333333336,0.0,1.0,5.0,176.0,871.0,0.16809933142311365,1.0,138.0,0.0
ssm,cpr,0000000000100,9,57.333333333333336,0.0,0.18333333333333335,7.0,203.0,844.0,0.1938872970391595,1.0,138.0,0.0
ssm,cpr,0000000000100,10,57.333333333333336,1.0,0.2833333333333333,42.0,951.0,96.0,0.9083094555873924,1.0,138.0,0.0
ssm,cpr,0000000000100,11,57.333333333333336,0.0,0.31666666666666665,0.0,88.0,959.0,0.08404966571155682,1.0,138.0,0.0
ssm,cpr,0000000000100,12,57.333333333333336,0.0,0.8333333333333334,0.0,95.0,952.0,0.09073543457497613,1.0,138.0,0.0
ssm,cpr,0000000001000,0,57.333333333333336,0.0,0.9166666666666666,12.0,214.0,875.0,0.19651056014692378,1.0,153.0,1.0
ssm,cpr,0000000001000,1,57.333333333333336,0.0,0.9500000000000001,7.0,87.0,1002.0,0.07988980716253444,1.0,153.0,1.0
ssm,cpr,0000000001000,2,57.333333333333336,0.0,1.0,6.0,74.0,1015.0,0.06795224977043159,1.0,153.0,1.0
ssm,cpr,0000000001000,3,57.333333333333336,0.0,1.0,9.0,169.0,920.0,0.155188246097337,1.0,153.0,0.0
ssm,cpr,0000000001000,4,57.333333333333336,0.0,1.0,12.0,155.0,934.0,0.1423324150596878,1.0,153.0,0.0
ssm,cpr,0000000001000,5,57.333333333333336,0.0,1.0,12.0,176.0,913.0,0.16161616161616163,1.0,153.0,0.0
ssm,cpr,0000000001000,6,57.333333333333336,0.0,1.0,12.0,158.0,931.0,0.14508723599632692,1.0,153.0,0.0
ssm,cpr,0000000001000,7,57.333333333333336,0.0,1.0,12.0,154.0,935.0,0.1414141414141414,1.0,153.0,0.0
ssm,cpr,0000000001000,8,57.333333333333336,0.0,1.0,10.0,158.0,931.0,0.14508723599632692,1.0,153.0,0.0
ssm,cpr,0000000001000,9,57.333333333333336,1.0,0.0,42.0,930.0,159.0,0.8539944903581267,1.0,153.0,0.0
ssm,cpr,0000000001000,10,57.333333333333336,0.0,0.45,5.0,120.0,969.0,0.11019283746556474,1.0,153.0,0.0
ssm,cpr,0000000001000,11,57.333333333333336,0.0,0.3333333333333333,7.0,97.0,992.0,0.08907254361799816,1.0,153.0,0.0
ssm,cpr,0000000001000,12,57.333333333333336,0.0,1.0,7.0,107.0,982.0,0.09825528007346189,1.0,153.0,0.0
ssm,cpr,0000000001001,0,57.333333333333336,0.0,0.7999999999999999,0.0,185.0,902.0,0.1701931922723091,2.0,64.0,1.0
ssm,cpr,0000000001001,1,57.333333333333336,0.0,1.0,0.0,90.0,997.0,0.0827966881324747,2.0,64.0,1.0
ssm,cpr,0000000001001,2,57.333333333333336,0.0,1.0,0.0,98.0,989.0,0.09015639374425023,2.0,64.0,1.0
ssm,cpr,0000000001001,3,57.333333333333336,0.0,1.0,0.0,171.0,916.0,0.15731370745170192,2.0,64.0,0.0
ssm,cpr,0000000001001,4,57.333333333333336,0.0,1.0,0.0,146.0,941.0,0.1343146274149034,2.0,64.0,0.0
ssm,cpr,0000000001001,5,57.333333333333336,0.0,0.39999999999999997,0.0,128.0,959.0,0.11775528978840848,2.0,64.0,0.0
ssm,cpr,0000000001001,6,57.333333333333336,0.0,1.0,0.0,143.0,944.0,0.13155473781048757,2.0,64.0,0.0
ssm,cpr,0000000001001,7,57.333333333333336,0.0,1.0,0.0,164.0,923.0,0.15087396504139836,2.0,64.0,0.0
ssm,cpr,0000000001001,8,57.333333333333336,0.0,1.0,0.0,165.0,922.0,0.15179392824287027,2.0,64.0,0.0
ssm,cpr,0000000001001,9,57.333333333333336,1.0,0.3333333333333333,22.0,906.0,181.0,0.8334866605335787,2.0,64.0,0.0
ssm,cpr,0000000001001,10,57.333333333333336,0.0,0.4000000000000001,0.0,122.0,965.0,0.11223551057957681,2.0,64.0,0.0
ssm,cpr,0000000001001,11,57.333333333333336,0.0,1.0,0.0,86.0,1001.0,0.07911683532658693,2.0,64.0,0.0
ssm,cpr,0000000001001,12,57.333333333333336,1.0,0.7666666666666666,42.0,998.0,89.0,0.9181232750689973,2.0,64.0,0.0
ssm,cpr,0000000001010,0,57.333333333333336,0.0,0.7333333333333334,0.0,185.0,902.0,0.1701931922723091,2.0,62.0,1.0
ssm,cpr,0000000001010,1,57.333333333333336,0.0,0.8666666666666667,0.0,90.0,997.0,0.0827966881324747,2.0,62.0,1.0
ssm,cpr,0000000001010,2,57.333333333333336,0.0,1.0,0.0,98.0,989.0,0.09015639374425023,2.0,62.0,1.0
ssm,cpr,0000000001010,3,57.333333333333336,0.0,0.8333333333333334,0.0,171.0,916.0,0.15731370745170192,2.0,62.0,0.0
ssm,cpr,0000000001010,4,57.333333333333336,0.0,1.0,0.0,146.0,941.0,0.1343146274149034,2.0,62.0,0.0
ssm,cpr,0000000001010,5,57.333333333333336,0.0,0.6666666666666666,0.0,128.0,959.0,0.11775528978840848,2.0,62.0,0.0
ssm,cpr,0000000001010,6,57.333333333333336,0.0,1.0,0.0,143.0,944.0,0.13155473781048757,2.0,62.0,0.0
ssm,cpr,0000000001010,7,57.333333333333336,0.0,1.0,0.0,164.0,923.0,0.15087396504139836,2.0,62.0,0.0
ssm,cpr,0000000001010,8,57.333333333333336,0.0,0.6666666666666666,0.0,165.0,922.0,0.15179392824287027,2.0,62.0,0.0
ssm,cpr,0000000001010,9,57.333333333333336,1.0,1.0,20.0,906.0,181.0,0.8334866605335787,2.0,62.0,0.0
ssm,cpr,0000000001010,10,57.333333333333336,0.0,0.3666666666666667,0.0,122.0,965.0,0.11223551057957681,2.0,62.0,0.0
ssm,cpr,0000000001010,11,57.333333333333336,1.0,0.26666666666666666,42.0,1008.0,79.0,0.9273229070837167,2.0,62.0,0.0
ssm,cpr,0000000001010,12,57.333333333333336,0.0,0.7333333333333334,0.0,96.0,991.0,0.08831646734130634,2.0,62.0,0.0
ssm,cpr,0000000001100,0,57.333333333333336,0.0,0.6,0.0,185.0,902.0,0.1701931922723091,2.0,64.0,1.0
ssm,cpr,0000000001100,1,57.333333333333336,0.0,1.0,0.0,90.0,997.0,0.0827966881324747,2.0,64.0,1.0
ssm,cpr,0000000001100,2,57.333333333333336,0.0,1.0,0.0,98.0,989.0,0.09015639374425023,2.0,64.0,1.0
ssm,cpr,0000000001100,3,57.333333333333336,0.0,1.0,0.0,171.0,916.0,0.15731370745170192,2.0,64.0,0.0
ssm,cpr,0000000001100,4,57.333333333333336,0.0,1.0,0.0,146.0,941.0,0.1343146274149034,2.0,64.0,0.0
ssm,cpr,0000000001100,5,57.333333333333336,0.0,0.6666666666666666,0.0,128.0,959.0,0.11775528978840848,2.0,64.0,0.0
ssm,cpr,0000000001100,6,57.333333333333336,0.0,1.0,0.0,143.0,944.0,0.13155473781048757,2.0,64.0,0.0
ssm,cpr,0000000001100,7,57.333333333333336,0.0,1.0,0.0,164.0,923.0,0.15087396504139836,2.0,64.0,0.0
ssm,cpr,0000000001100,8,57.333333333333336,0.0,1.0,0.0,165.0,922.0,0.15179392824287027,2.0,64.0,0.0
ssm,cpr,0000000001100,9,57.333333333333336,1.0,1.0,22.0,906.0,181.0,0.8334866605335787,2.0,64.0,0.0
ssm,cpr,0000000001100,10,57.333333333333336,1.0,0.26666666666666666,42.0,977.0,110.0,0.8988040478380864,2.0,64.0,0.0
ssm,cpr,0000000001100,11,57.333333333333336,0.0,0.4666666666666666,0.0,91.0,996.0,0.08371665133394664,2.0,64.0,0.0
ssm,cpr,0000000001100,12,57.333333333333336,0.0,0.7666666666666666,0.0,96.0,991.0,0.08831646734130634,2.0,64.0,0.0
ssm,cpr,0000000010000,0,57.333333333333336,0.0,0.8666666666666667,12.0,214.0,875.0,0.19651056014692378,1.0,146.0,1.0
ssm,cpr,0000000010000,1,57.333333333333336,0.0,1.0,12.0,87.0,1002.0,0.07988980716253444,1.0,146.0,1.0
ssm,cpr,0000000010000,2,57.333333333333336,0.0,0.9666666666666667,5.0,74.0,1015.0,0.06795224977043159,1.0,146.0,1.0
ssm,cpr,0000000010000,3,57.333333333333336,0.0,0.9833333333333334,12.0,169.0,920.0,0.155188246097337,1.0,146.0,0.0
ssm,cpr,0000000010000,4,57.333333333333336,0.0,1.0,12.0,155.0,934.0,0.1423324150596878,1.0,146.0,0.0
ssm,cpr,0000000010000,5,57.333333333333336,0.0,0.8166666666666668,12.0,176.0,913.0,0.16161616161616163,1.0,146.0,0.0
ssm,cpr,0000000010000,6,57.333333333333336,0.0,1.0,10.0,158.0,931.0,0.14508723599632692,1.0,146.0,0.0
ssm,cpr,0000000010000,7,57.333333333333336,0.0,1.0,12.0,154.0,935.0,0.1414141414141414,1.0,146.0,0.0
ssm,cpr,0000000010000,8,57.333333333333336,1.0,0.6666666666666666,42.0,953.0,136.0,0.8751147842056933,1.0,146.0,0.0
ssm,cpr,0000000010000,9,57.333333333333336,0.0,0.9833333333333334,10.0,181.0,908.0,0.16620752984389348,1.0,146.0,0.0
ssm,cpr,0000000010000,10,57.333333333333336,0.0,0.9666666666666667,7.0,120.0,969.0,0.11019283746556474,1.0,146.0,0.0
ssm,cpr,0000000010000,11,57.333333333333336,0.0,1.0,0.0,97.0,992.0,0.08907254361799816,1.0,146.0,0.0
ssm,cpr,0000000010000,12,57.333333333333336,0.0,0.9500000000000001,0.0,107.0,982.0,0.09825528007346189,1.0,146.0,0.0
ssm,cpr,0000000010100,0,57.333333333333336,0.0,1.0,0.0,185.0,902.0,0.1701931922723091,2.0,64.0,1.0
ssm,cpr,0000000010100,1,57.333333333333336,0.0,1.0,0.0,90.0,997.0,0.0827966881324747,2.0,64.0,1.0
ssm,cpr,0000000010100,2,57.333333333333336,0.0,1.0,0.0,98.0,989.0,0.09015639374425023,2.0,64.0,1.0
ssm,cpr,0000000010100,3,57.333333333333336,0.0,1.0,0.0,171.0,916.0,0.15731370745170192,2.0,64.0,0.0
ssm,cpr,0000000010100,4,57.333333333333336,0.0,1.0,0.0,146.0,941.0,0.1343146274149034,2.0,64.0,0.0
ssm,cpr,0000000010100,5,57.333333333333336,0.0,0.7666666666666666,0.0,128.0,959.0,0.11775528978840848,2.0,64.0,0.0
ssm,cpr,0000000010100,6,57.333333333333336,0.0,1.0,0.0,143.0,944.0,0.13155473781048757,2.0,64.0,0.0
ssm,cpr,0000000010100,7,57.333333333333336,0.0,1.0,0.0,164.0,923.0,0.15087396504139836,2.0,64.0,0.0
ssm,cpr,0000000010100,8,57.333333333333336,1.0,0.9333333333333332,22.0,929.0,158.0,0.8546458141674332,2.0,64.0,0.0
ssm,cpr,0000000010100,9,57.333333333333336,0.0,0.3,0.0,188.0,899.0,0.17295308187672495,2.0,64.0,0.0
ssm,cpr,0000000010100,10,57.333333333333336,1.0,0.0,42.0,977.0,110.0,0.8988040478380864,2.0,64.0,0.0
ssm,cpr,0000000010100,11,57.333333333333336,0.0,1.0,0.0,91.0,996.0,0.08371665133394664,2.0,64.0,0.0
ssm,cpr,0000000010100,12,57.333333333333336,0.0,0.8666666666666667,0.0,96.0,991.0,0.08831646734130634,2.0,64.0,0.0
ssm,cpr,0000000011000,0,57.333333333333336,0.0,0.7666666666666666,0.0,185.0,902.0,0.1701931922723091,2.0,84.0,1.0
ssm,cpr,0000000011000,1,57.333333333333336,0.0,0.9333333333333332,0.0,90.0,997.0,0.0827966881324747,2.0,84.0,1.0
ssm,cpr,0000000011000,2,57.333333333333336,0.0,1.0,0.0,98.0,989.0,0.09015639374425023,2.0,84.0,1.0
ssm,cpr,0000000011000,3,57.333333333333336,0.0,1.0,0.0,171.0,916.0,0.15731370745170192,2.0,84.0,0.0
ssm,cpr,0000000011000,4,57.333333333333336,0.0,1.0,0.0,146.0,941.0,0.1343146274149034,2.0,84.0,0.0
ssm,cpr,0000000011000,5,57.333333333333336,0.0,0.8333333333333334,0.0,128.0,959.0,0.11775528978840848,2.0,84.0,0.0
ssm,cpr,0000000011000,6,57.333333333333336,0.0,1.0,0.0,143.0,944.0,0.13155473781048757,2.0,84.0,0.0
ssm,cpr,0000000011000,7,57.333333333333336,0.0,1.0,0.0,164.0,923.0,0.15087396504139836,2.0,84.0,0.0
ssm,cpr,0000000011000,8,57.333333333333336,1.0,1.0,42.0,929.0,158.0,0.8546458141674332,2.0,84.0,0.0
ssm,cpr,0000000011000,9,57.333333333333336,1.0,0.3,42.0,911.0,176.0,0.8380864765409384,2.0,84.0,0.0
ssm,cpr,0000000011000,10,57.333333333333336,0.0,0.5333333333333333,0.0,122.0,965.0,0.11223551057957681,2.0,84.0,0.0
ssm,cpr,0000000011000,11,57.333333333333336,0.0,0.7999999999999999,0.0,91.0,996.0,0.08371665133394664,2.0,84.0,0.0
ssm,cpr,0000000011000,12,57.333333333333336,0.0,1.0,0.0,96.0,991.0,0.08831646734130634,2.0,84.0,0.0
ssm,cpr,0000000100000,0,57.333333333333336,0.0,0.6333333333333333,12.0,214.0,875.0,0.19651056014692378,1.0,150.0,1.0
ssm,cpr,0000000100000,1,57.333333333333336,0.0,0.9333333333333332,5.0,87.0,1002.0,0.07988980716253444,1.0,150.0,1.0
ssm,cpr,0000000100000,2,57.333333333333336,0.0,1.0,12.0,74.0,1015.0,0.06795224977043159,1.0,150.0,1.0
ssm,cpr,0000000100000,3,57.333333333333336,0.0,1.0,10.0,169.0,920.0,0.155188246097337,1.0,150.0,0.0
ssm,cpr,0000000100000,4,57.333333333333336,0.0,1.0,12.0,155.0,934.0,0.1423324150596878,1.0,150.0,0.0
ssm,cpr,0000000100000,5,57.333333333333336,0.0,0.9166666666666666,12.0,176.0,913.0,0.16161616161616163,1.0,150.0,0.0
ssm,cpr,0000000100000,6,57.333333333333336,0.0,1.0,0.0,158.0,931.0,0.14508723599632692,1.0,150.0,0.0
ssm,cpr,0000000100000,7,57.333333333333336,1.0,1.0,42.0,957.0,132.0,0.8787878787878788,1.0,150.0,0.0
ssm,cpr,0000000100000,8,57.333333333333336,0.0,0.9833333333333334,12.0,158.0,931.0,0.14508723599632692,1.0,150.0,0.0
ssm,cpr,0000000100000,9,57.333333333333336,0.0,0.7833333333333333,12.0,181.0,908.0,0.16620752984389348,1.0,150.0,0.0
ssm,cpr,0000000100000,10,57.333333333333336,0.0,0.8166666666666668,12.0,120.0,969.0,0.11019283746556474,1.0,150.0,0.0
ssm,cpr,0000000100000,11,57.333333333333336,0.0,0.9166666666666666,7.0,97.0,992.0,0.08907254361799816,1.0,150.0,0.0
ssm,cpr,0000000100000,12,57.333333333333336,0.0,1.0,2.0,107.0,982.0,0.09825528007346189,1.0,150.0,0.0
ssm,cpr,0000000100001,0,57.333333333333336,0.0,1.0,0.0,185.0,902.0,0.1701931922723091,2.0,62.0,1.0
ssm,cpr,0000000100001,1,57.333333333333336,0.0,0.9333333333333332,0.0,90.0,997.0,0.0827966881324747,2.0,62.0,1.0
ssm,cpr,0000000100001,2,57.333333333333336,0.0,1.0,0.0,98.0,989.0,0.09015639374425023,2.0,62.0,1.0
ssm,cpr,0000000100001,3,57.333333333333336,0.0,1.0,0.0,171.0,916.0,0.15731370745170192,2.0,62.0,0.0
ssm,cpr,0000000100001,4,57.333333333333336,0.0,1.0,0.0,146.0,941.0,0.1343146274149034,2.0,62.0,0.0
ssm,cpr,0000000100001,5,57.333333333333336,0.0,0.6666666666666666,0.0,128.0,959.0,0.11775528978840848,2.0,62.0,0.0
ssm,cpr,0000000100001,6,57.333333333333336,0.0,1.0,0.0,143.0,944.0,0.13155473781048757,2.0,62.0,0.0
ssm,cpr,0000000100001,7,57.333333333333336,1.0,1.0,22.0,930.0,157.0,0.8555657773689053,2.0,62.0,0.0
ssm,cpr,0000000100001,8,57.333333333333336,0.0,1.0,0.0,165.0,922.0,0.15179392824287027,2.0,62.0,0.0
ssm,cpr,0000000100001,9,57.333333333333336,0.0,0.6666666666666666,0.0,183.0,904.0,0.16835326586936525,2.0,62.0,0.0
ssm,cpr,0000000100001,10,57.333333333333336,0.0,0.43333333333333335,0.0,122.0,965.0,0.11223551057957681,2.0,62.0,0.0
ssm,cpr,0000000100001,11,57.333333333333336,0.0,0.39999999999999997,0.0,91.0,996.0,0.08371665133394664,2.0,62.0,0.0
ssm,cpr,0000000100001,12,57.333333333333336,1.0,0.0,40.0,998.0,89.0,0.9181232750689973,2.0,62.0,0.0
ssm,cpr,0000000100010,0,57.333333333333336,0.0,0.9333333333333332,8.0,185.0,902.0,0.1701931922723091,2.0,68.0,1.0
ssm,cpr,0000000100010,1,57.333333333333336,0.0,0.9333333333333332,0.0,90.0,997.0,0.0827966881324747,2.0,68.0,1.0
ssm,cpr,0000000100010,2,57.333333333333336,0.0,1.0,0.0,98.0,989.0,0.09015639374425023,2.0,68.0,1.0
ssm,cpr,0000000100010,3,57.333333333333336,0.0,1.0,0.0,171.0,916.0,0.15731370745170192,2.0,68.0,0.0
ssm,cpr,0000000100010,4,57.333333333333336,0.0,1.0,0.0,146.0,941.0,0.1343146274149034,2.0,68.0,0.0
ssm,cpr,0000000100010,5,57.333333333333336,0.0,1.0,0.0,128.0,959.0,0.11775528978840848,2.0,68.0,0.0
ssm,cpr,0000000100010,6,57.333333333333336,0.0,1.0,0.0,143.0,944.0,0.13155473781048757,2.0,68.0,0.0
ssm,cpr,0000000100010,7,57.333333333333336,1.0,1.0,20.0,930.0,157.0,0.8555657773689053,2.0,68.0,0.0
ssm,cpr,0000000100010,8,57.333333333333336,0.0,1.0,0.0,165.0,922.0,0.15179392824287027,2.0,68.0,0.0
ssm,cpr,0000000100010,9,57.333333333333336,0.0,0.39999999999999997,0.0,183.0,904.0,0.16835326586936525,2.0,68.0,0.0
ssm,cpr,0000000100010,10,57.333333333333336,0.0,0.3333333333333333,0.0,122.0,965.0,0.11223551057957681,2.0,68.0,0.0
ssm,cpr,0000000100010,11,57.333333333333336,1.0,0.0,40.0,1008.0,79.0,0.9273229070837167,2.0,68.0,0.0
ssm,cpr,0000000100010,12,57.333333333333336,0.0,1.0,0.0,101.0,986.0,0.09291628334866604,2.0,68.0,0.0
ssm,cpr,0000000100100,0,57.333333333333336,0.0,1.0,0.0,185.0,902.0,0.1701931922723091,2.0,62.0,1.0
ssm,cpr,0000000100100,1,57.333333333333336,0.0,1.0,0.0,90.0,997.0,0.0827966881324747,2.0,62.0,1.0
ssm,cpr,0000000100100,2,57.333333333333336,0.0,1.0,0.0,98.0,989.0,0.09015639374425023,2.0,62.0,1.0
ssm,cpr,0000000100100,3,57.333333333333336,0.0,1.0,0.0,171.0,916.0,0.15731370745170192,2.0,62.0,0.0
ssm,cpr,0000000100100,4,57.333333333333336,0.0,1.0,0.0,146.0,941.0,0.1343146274149034,2.0,62.0,0.0
ssm,cpr,0000000100100,5,57.333333333333336,0.0,0.8333333333333334,0.0,128.0,959.0,0.11775528978840848,2.0,62.0,0.0
ssm,cpr,0000000100100,6,57.333333333333336,0.0,1.0,0.0,143.0,944.0,0.13155473781048757,2.0,62.0,0.0
ssm,cpr,0000000100100,7,57.333333333333336,1.0,1.0,22.0,930.0,157.0,0.8555657773689053,2.0,62.0,0.0
ssm,cpr,0000000100100,8,57.333333333333336,0.0,1.0,0.0,165.0,922.0,0.15179392824287027,2.0,62.0,0.0
ssm,cpr,0000000100100,9,57.333333333333336,0.0,0.6666666666666666,0.0,183.0,904.0,0.16835326586936525,2.0,62.0,0.0
ssm,cpr,0000000100100,10,57.333333333333336,1.0,0.0,40.0,977.0,110.0,0.8988040478380864,2.0,62.0,0.0
ssm,cpr,0000000100100,11,57.333333333333336,0.0,0.3,0.0,91.0,996.0,0.08371665133394664,2.0,62.0,0.0
ssm,cpr,0000000100100,12,57.333333333333336,0.0,0.8333333333333334,0.0,101.0,986.0,0.09291628334866604,2.0,62.0,0.0
ssm,cpr,0000000101000,0,57.333333333333336,0.0,1.0,0.0,185.0,902.0,0.1701931922723091,2.0,82.0,1.0
ssm,cpr,0000000101000,1,57.333333333333336,0.0,0.9333333333333332,0.0,90.0,997.0,0.0827966881324747,2.0,82.0,1.0
ssm,cpr,0000000101000,2,57.333333333333336,0.0,1.0,0.0,98.0,989.0,0.09015639374425023,2.0,82.0,1.0
ssm,cpr,0000000101000,3,57.333333333333336,0.0,1.0,0.0,171.0,916.0,0.15731370745170192,2.0,82.0,0.0
ssm,cpr,0000000101000,4,57.333333333333336,0.0,1.0,0.0,146.0,941.0,0.1343146274149034,2.0,82.0,0.0
ssm,cpr,0000000101000,5,57.333333333333336,0.0,1.0,0.0,128.0,959.0,0.11775528978840848,2.0,82.0,0.0
ssm,cpr,0000000101000,6,57.333333333333336,0.0,1.0,0.0,143.0,944.0,0.13155473781048757,2.0,82.0,0.0
ssm,cpr,0000000101000,7,57.333333333333336,1.0,1.0,42.0,930.0,157.0,0.8555657773689053,2.0,82.0,0.0
ssm,cpr,0000000101000,8,57.333333333333336,0.0,0.8666666666666667,0.0,165.0,922.0,0.15179392824287027,2.0,82.0,0.0
ssm,cpr,0000000101000,9,57.333333333333336,1.0,0.0,40.0,916.0,171.0,0.8426862925482981,2.0,82.0,0.0
ssm,cpr,0000000101000,10,57.333333333333336,0.0,0.26666666666666666,0.0,122.0,965.0,0.11223551057957681,2.0,82.0,0.0
ssm,cpr,0000000101000,11,57.333333333333336,0.0,0.20000000000000004,0.0,91.0,996.0,0.08371665133394664,2.0,82.0,0.0
ssm,cpr,0000000101000,12,57.333333333333336,0.0,0.8666666666666667,0.0,101.0,986.0,0.09291628334866604,2.0,82.0,0.0
ssm,cpr,0000000110000,0,57.333333333333336,0.0,0.8333333333333334,0.0,185.0,902.0,0.1701931922723091,2.0,82.0,1.0
ssm,cpr,0000000110000,1,57.333333333333336,0.0,0.8333333333333334,0.0,90.0,997.0,0.0827966881324747,2.0,82.0,1.0
ssm,cpr,0000000110000,2,57.333333333333336,0.0,0.7999999999999999,0.0,98.0,989.0,0.09015639374425023,2.0,82.0,1.0
ssm,cpr,0000000110000,3,57.333333333333336,0.0,1.0,0.0,171.0,916.0,0.15731370745170192,2.0,82.0,0.0
ssm,cpr,0000000110000,4,57.333333333333336,0.0,1.0,0.0,146.0,941.0,0.1343146274149034,2.0,82.0,0.0
ssm,cpr,0000000110000,5,57.333333333333336,0.0,0.6666666666666666,0.0,128.0,959.0,0.11775528978840848,2.0,82.0,0.0
ssm,cpr,0000000110000,6,57.333333333333336,0.0,1.0,0.0,143.0,944.0,0.13155473781048757,2.0,82.0,0.0
ssm,cpr,0000000110000,7,57.333333333333336,1.0,1.0,42.0,930.0,157.0,0.8555657773689053,2.0,82.0,0.0
ssm,cpr,0000000110000,8,57.333333333333336,1.0,0.0,40.0,934.0,153.0,0.8592456301747932,2.0,82.0,0.0
ssm,cpr,0000000110000,9,57.333333333333336,0.0,0.9333333333333332,0.0,183.0,904.0,0.16835326586936525,2.0,82.0,0.0
ssm,cpr,0000000110000,10,57.333333333333336,0.0,0.7666666666666666,0.0,122.0,965.0,0.11223551057957681,2.0,82.0,0.0
ssm,cpr,0000000110000,11,57.333333333333336,0.0,0.6,0.0,91.0,996.0,0.08371665133394664,2.0,82.0,0.0
ssm,cpr,0000000110000,12,57.333333333333336,0.0,0.9333333333333332,0.0,101.0,986.0,0.09291628334866604,2.0,82.0,0.0
ssm,cpr,0000001000000,0,57.333333333333336,0.0,0.8166666666666668,12.0,214.0,875.0,0.19651056014692378,1.0,150.0,1.0
ssm,cpr,0000001000000,1,57.333333333333336,0.0,0.9333333333333332,7.0,87.0,1002.0,0.07988980716253444,1.0,150.0,1.0
ssm,cpr,0000001000000,2,57.333333333333336,0.0,1.0,5.0,74.0,1015.0,0.06795224977043159,1.0,150.0,1.0
ssm,cpr,0000001000000,3,57.333333333333336,0.0,1.0,7.0,169.0,920.0,0.155188246097337,1.0,150.0,0.0
ssm,cpr,0000001000000,4,57.333333333333336,0.0,1.0,7.0,155.0,934.0,0.1423324150596878,1.0,150.0,0.0
ssm,cpr,0000001000000,5,57.333333333333336,0.0,0.9666666666666667,12.0,176.0,913.0,0.16161616161616163,1.0,150.0,0.0
ssm,cpr,0000001000000,6,57.333333333333336,1.0,1.0,42.0,973.0,116.0,0.8934802571166207,1.0,150.0,0.0
ssm,cpr,0000001000000,7,57.333333333333336,0.0,1.0,0.0,174.0,915.0,0.15977961432506887,1.0,150.0,0.0
ssm,cpr,0000001000000,8,57.333333333333336,0.0,1.0,10.0,158.0,931.0,0.14508723599632692,1.0,150.0,0.0
ssm,cpr,0000001000000,9,57.333333333333336,0.0,0.9166666666666666,12.0,181.0,908.0,0.16620752984389348,1.0,150.0,0.0
ssm,cpr,0000001000000,10,57.333333333333336,0.0,0.7333333333333334,12.0,120.0,969.0,0.11019283746556474,1.0,150.0,0.0
ssm,cpr,0000001000000,11,57.333333333333336,0.0,0.8333333333333334,12.0,97.0,992.0,0.08907254361799816,1.0,150.0,0.0
ssm,cpr,0000001000000,12,57.333333333333336,0.0,0.9333333333333332,12.0,107.0,982.0,0.09825528007346189,1.0,150.0,0.0
ssm,cpr,0000001000001,0,57.333333333333336,0.0,1.0,0.0,185.0,902.0,0.1701931922723091,2.0,44.0,1.0
ssm,cpr,0000001000001,1,57.333333333333336,0.0,1.0,0.0,90.0,997.0,0.0827966881324747,2.0,44.0,1.0
ssm,cpr,0000001000001,2,57.333333333333336,0.0,1.0,0.0,98.0,989.0,0.09015639374425023,2.0,44.0,1.0
ssm,cpr,0000001000001,3,57.333333333333336,0.0,1.0,0.0,171.0,916.0,0.15731370745170192,2.0,44.0,0.0
ssm,cpr,0000001000001,4,57.333333333333336,0.0,1.0,0.0,146.0,941.0,0.1343146274149034,2.0,44.0,0.0
ssm,cpr,0000001000001,5,57.333333333333336,0.0,1.0,0.0,128.0,959.0,0.11775528978840848,2.0,44.0,0.0
ssm,cpr,0000001000001,6,57.333333333333336,1.0,1.0,22.0,956.0,131.0,0.8794848206071757,2.0,44.0,0.0
ssm,cpr,0000001000001,7,57.333333333333336,0.0,1.0,0.0,169.0,918.0,0.15547378104875806,2.0,44.0,0.0
ssm,cpr,0000001000001,8,57.333333333333336,0.0,1.0,0.0,165.0,922.0,0.15179392824287027,2.0,44.0,0.0
ssm,cpr,0000001000001,9,57.333333333333336,0.0,0.6666666666666666,0.0,183.0,904.0,0.16835326586936525,2.0,44.0,0.0
ssm,cpr,0000001000001,10,57.333333333333336,0.0,0.6,0.0,122.0,965.0,0.11223551057957681,2.0,44.0,0.0
ssm,cpr,0000001000001,11,57.333333333333336,0.0,1.0,0.0,91.0,996.0,0.08371665133394664,2.0,44.0,0.0
ssm,cpr,0000001000001,12,57.333333333333336,1.0,0.0,22.0,998.0,89.0,0.9181232750689973,2.0,44.0,0.0
ssm,cpr,0000001000010,0,57.333333333333336,0.0,1.0,0.0,195.0,885.0,0.18055555555555555,2.0,64.0,1.0
ssm,cpr,0000001000010,1,57.333333333333336,0.0,1.0,0.0,85.0,995.0,0.0787037037037037,2.0,64.0,1.0
ssm,cpr,0000001000010,2,57.333333333333336,0.0,1.0,0.0,83.0,997.0,0.07685185185185185,2.0,64.0,1.0
ssm,cpr,0000001000010,3,57.333333333333336,0.0,1.0,0.0,167.0,913.0,0.15462962962962962,2.0,64.0,0.0
ssm,cpr,0000001000010,4,57.333333333333336,0.0,1.0,0.0,151.0,929.0,0.1398148148148148,2.0,64.0,0.0
ssm,cpr,0000001000010,5,57.333333333333336,0.0,1.0,0.0,172.0,908.0,0.15925925925925927,2.0,64.0,0.0
ssm,cpr,0000001000010,6,57.333333333333336,1.0,1.0,22.0,950.0,130.0,0.8796296296296297,2.0,64.0,0.0
ssm,cpr,0000001000010,7,57.333333333333336,0.0,1.0,0.0,136.0,944.0,0.1259259259259259,2.0,64.0,0.0
ssm,cpr,0000001000010,8,57.333333333333336,0.0,1.0,0.0,176.0,904.0,0.16296296296296298,2.0,64.0,0.0
ssm,cpr,0000001000010,9,57.333333333333336,0.0,0.5333333333333333,0.0,185.0,895.0,0.1712962962962963,2.0,64.0,0.0
ssm,cpr,0000001000010,10,57.333333333333336,0.0,0.4666666666666666,0.0,130.0,950.0,0.12037037037037036,2.0,64.0,0.0
ssm,cpr,0000001000010,11,57.333333333333336,1.0,0.0,42.0,1004.0,76.0,0.9296296296296296,2.0,64.0,0.0
ssm,cpr,0000001000010,12,57.333333333333336,0.0,1.0,0.0,114.0,966.0,0.10555555555555556,2.0,64.0,0.0
ssm,cpr,0000001000100,0,57.333333333333336,0.0,1.0,0.0,195.0,885.0,0.18055555555555555,2.0,84.0,1.0
ssm,cpr,0000001000100,1,57.333333333333336,0.0,1.0,0.0,85.0,995.0,0.0787037037037037,2.0,84.0,1.0
ssm,cpr,0000001000100,2,57.333333333333336,0.0,1.0,0.0,83.0,997.0,0.07685185185185185,2.0,84.0,1.0
ssm,cpr,0000001000100,3,57.333333333333336,0.0,1.0,0.0,167.0,913.0,0.15462962962962962,2.0,84.0,0.0
ssm,cpr,0000001000100,4,57.333333333333336,0.0,1.0,0.0,151.0,929.0,0.1398148148148148,2.0,84.0,0.0
ssm,cpr,0000001000100,5,57.333333333333336,0.0,1.0,0.0,172.0,908.0,0.15925925925925927,2.0,84.0,0.0
ssm,cpr,0000001000100,6,57.333333333333336,1.0,1.0,42.0,950.0,130.0,0.8796296296296297,2.0,84.0,0.0
ssm,cpr,0000001000100,7,57.333333333333336,0.0,1.0,0.0,136.0,944.0,0.1259259259259259,2.0,84.0,0.0
ssm,cpr,0000001000100,8,57.333333333333336,0.0,1.0,0.0,176.0,904.0,0.16296296296296298,2.0,84.0,0.0
ssm,cpr,0000001000100,9,57.333333333333336,0.0,0.13333333333333333,0.0,185.0,895.0,0.1712962962962963,2.0,84.0,0.0
ssm,cpr,0000001000100,10,57.333333333333336,1.0,0.0,42.0,962.0,118.0,0.8907407407407407,2.0,84.0,0.0
ssm,cpr,0000001000100,11,57.333333333333336,0.0,0.4666666666666666,0.0,88.0,992.0,0.08148148148148149,2.0,84.0,0.0
ssm,cpr,0000001000100,12,57.333333333333336,0.0,1.0,0.0,114.0,966.0,0.10555555555555556,2.0,84.0,0.0
ssm,cpr,0000001001000,0,57.333333333333336,0.0,1.0,0.0,195.0,885.0,0.18055555555555555,2.0,64.0,1.0
ssm,cpr,0000001001000,1,57.333333333333336,0.0,1.0,0.0,85.0,995.0,0.0787037037037037,2.0,64.0,1.0
ssm,cpr,0000001001000,2,57.333333333333336,0.0,1.0,0.0,83.0,997.0,0.07685185185185185,2.0,64.0,1.0
ssm,cpr,0000001001000,3,57.333333333333336,0.0,1.0,0.0,167.0,913.0,0.15462962962962962,2.0,64.0,0.0
ssm,cpr,0000001001000,4,57.333333333333336,0.0,1.0,0.0,151.0,929.0,0.1398148148148148,2.0,64.0,0.0
ssm,cpr,0000001001000,5,57.333333333333336,0.0,0.5666666666666667,0.0,172.0,908.0,0.15925925925925927,2.0,64.0,0.0
ssm,cpr,0000001001000,6,57.333333333333336,1.0,1.0,22.0,950.0,130.0,0.8796296296296297,2.0,64.0,0.0
ssm,cpr,0000001001000,7,57.333333333333336,0.0,1.0,0.0,136.0,944.0,0.1259259259259259,2.0,64.0,0.0
ssm,cpr,0000001001000,8,57.333333333333336,0.0,1.0,0.0,176.0,904.0,0.16296296296296298,2.0,64.0,0.0
ssm,cpr,0000001001000,9,57.333333333333336,1.0,0.0,42.0,907.0,173.0,0.8398148148148148,2.0,64.0,0.0
ssm,cpr,0000001001000,10,57.333333333333336,0.0,0.26666666666666666,0.0,130.0,950.0,0.12037037037037036,2.0,64.0,0.0
ssm,cpr,0000001001000,11,57.333333333333336,0.0,0.6333333333333333,0.0,88.0,992.0,0.08148148148148149,2.0,64.0,0.0
ssm,cpr,0000001001000,12,57.333333333333336,0.0,1.0,0.0,114.0,966.0,0.10555555555555556,2.0,64.0,0.0
ssm,cpr,0000001010000,0,57.333333333333336,0.0,1.0,0.0,195.0,885.0,0.18055555555555555,2.0,92.0,1.0
ssm,cpr,0000001010000,1,57.333333333333336,0.0,1.0,0.0,85.0,995.0,0.0787037037037037,2.0,92.0,1.0
ssm,cpr,0000001010000,2,57.333333333333336,0.0,1.0,0.0,83.0,997.0,0.07685185185185185,2.0,92.0,1.0
ssm,cpr,0000001010000,3,57.333333333333336,0.0,1.0,0.0,167.0,913.0,0.15462962962962962,2.0,92.0,0.0
ssm,cpr,0000001010000,4,57.333333333333336,0.0,1.0,8.0,151.0,929.0,0.1398148148148148,2.0,92.0,0.0
ssm,cpr,0000001010000,5,57.333333333333336,0.0,0.06666666666666667,0.0,172.0,908.0,0.15925925925925927,2.0,92.0,0.0
ssm,cpr,0000001010000,6,57.333333333333336,1.0,1.0,42.0,950.0,130.0,0.8796296296296297,2.0,92.0,0.0
ssm,cpr,0000001010000,7,57.333333333333336,0.0,0.9333333333333332,0.0,136.0,944.0,0.1259259259259259,2.0,92.0,0.0
ssm,cpr,0000001010000,8,57.333333333333336,1.0,0.0,42.0,911.0,169.0,0.8435185185185187,2.0,92.0,0.0
ssm,cpr,0000001010000,9,57.333333333333336,0.0,1.0,0.0,180.0,900.0,0.16666666666666666,2.0,92.0,0.0
ssm,cpr,0000001010000,10,57.333333333333336,0.0,1.0,0.0,130.0,950.0,0.12037037037037036,2.0,92.0,0.0
ssm,cpr,0000001010000,11,57.333333333333336,0.0,1.0,0.0,88.0,992.0,0.08148148148148149,2.0,92.0,0.0
ssm,cpr,0000001010000,12,57.333333333333336,0.0,1.0,0.0,114.0,966.0,0.10555555555555556,2.0,92.0,0.0
ssm,cpr,0000010000000,0,57.333333333333336,0.0,0.7166666666666667,7.0,195.0,856.0,0.18553758325404376,1.0,145.0,1.0
ssm,cpr,0000010000000,1,57.333333333333336,0.0,0.7000000000000001,12.0,92.0,959.0,0.08753568030447194,1.0,145.0,1.0
ssm,cpr,0000010000000,2,57.333333333333336,0.0,1.0,10.0,95.0,956.0,0.09039010466222645,1.0,145.0,1.0
ssm,cpr,0000010000000,3,57.333333333333336,0.0,1.0,12.0,180.0,871.0,0.1712654614652712,1.0,145.0,0.0
ssm,cpr,0000010000000,4,57.333333333333336,0.0,1.0,0.0,151.0,900.0,0.14367269267364416,1.0,145.0,0.0
ssm,cpr,0000010000000,5,57.333333333333336,1.0,0.65,42.0,908.0,143.0,0.8639391056137012,1.0,145.0,0.0
ssm,cpr,0000010000000,6,57.333333333333336,0.0,1.0,12.0,138.0,913.0,0.1313035204567079,1.0,145.0,0.0
ssm,cpr,0000010000000,7,57.333333333333336,0.0,1.0,12.0,137.0,914.0,0.13035204567078973,1.0,145.0,0.0
ssm,cpr,0000010000000,8,57.333333333333336,0.0,0.7333333333333334,12.0,170.0,881.0,0.16175071360608945,1.0,145.0,0.0
ssm,cpr,0000010000000,9,57.333333333333336,0.0,0.6166666666666667,7.0,163.0,888.0,0.15509039010466222,1.0,145.0,0.0
ssm,cpr,0000010000000,10,57.333333333333336,0.0,0.5833333333333334,12.0,115.0,936.0,0.10941960038058991,1.0,145.0,0.0
ssm,cpr,0000010000000,11,57.333333333333336,0.0,0.6166666666666667,7.0,99.0,952.0,0.09419600380589914,1.0,145.0,0.0
ssm,cpr,0000010000000,12,57.333333333333336,0.0,0.7833333333333333,0.0,102.0,949.0,0.09705042816365367,1.0,145.0,0.0
ssm,cpr,0000010000010,0,57.333333333333336,0.0,1.0,0.0,195.0,885.0,0.18055555555555555,2.0,64.0,1.0
ssm,cpr,0000010000010,1,57.333333333333336,0.0,1.0,0.0,85.0,995.0,0.0787037037037037,2.0,64.0,1.0
ssm,cpr,0000010000010,2,57.333333333333336,0.0,1.0,0.0,83.0,997.0,0.07685185185185185,2.0,64.0,1.0
ssm,cpr,0000010000010,3,57.333333333333336,0.0,1.0,0.0,167.0,913.0,0.15462962962962962,2.0,64.0,0.0
ssm,cpr,0000010000010,4,57.333333333333336,0.0,1.0,0.0,151.0,929.0,0.1398148148148148,2.0,64.0,0.0
ssm,cpr,0000010000010,5,57.333333333333336,1.0,0.8333333333333334,22.0,915.0,165.0,0.8472222222222222,2.0,64.0,0.0
ssm,cpr,0000010000010,6,57.333333333333336,0.0,1.0,0.0,137.0,943.0,0.12685185185185185,2.0,64.0,0.0
ssm,cpr,0000010000010,7,57.333333333333336,0.0,1.0,0.0,136.0,944.0,0.1259259259259259,2.0,64.0,0.0
ssm,cpr,0000010000010,8,57.333333333333336,0.0,1.0,0.0,176.0,904.0,0.16296296296296298,2.0,64.0,0.0
ssm,cpr,0000010000010,9,57.333333333333336,0.0,0.5333333333333333,0.0,180.0,900.0,0.16666666666666666,2.0,64.0,0.0
ssm,cpr,0000010000010,10,57.333333333333336,0.0,0.3333333333333333,0.0,130.0,950.0,0.12037037037037036,2.0,64.0,0.0
ssm,cpr,0000010000010,11,57.333333333333336,1.0,0.06666666666666667,42.0,999.0,81.0,0.9250000000000002,2.0,64.0,0.0
ssm,cpr,0000010000010,12,57.333333333333336,0.0,1.0,0.0,114.0,966.0,0.10555555555555556,2.0,64.0,0.0
ssm,cpr,0000010000100,0,57.333333333333336,0.0,0.9333333333333332,0.0,195.0,885.0,0.18055555555555555,2.0,84.0,1.0
ssm,cpr,0000010000100,1,57.333333333333336,0.0,0.6,0.0,85.0,995.0,0.0787037037037037,2.0,84.0,1.0
ssm,cpr,0000010000100,2,57.333333333333336,0.0,1.0,0.0,83.0,997.0,0.07685185185185185,2.0,84.0,1.0
ssm,cpr,0000010000100,3,57.333333333333336,0.0,1.0,0.0,167.0,913.0,0.15462962962962962,2.0,84.0,0.0
ssm,cpr,0000010000100,4,57.333333333333336,0.0,1.0,0.0,151.0,929.0,0.1398148148148148,2.0,84.0,0.0
ssm,cpr,0000010000100,5,57.333333333333336,1.0,0.8333333333333334,42.0,915.0,165.0,0.8472222222222222,2.0,84.0,0.0
ssm,cpr,0000010000100,6,57.333333333333336,0.0,1.0,0.0,137.0,943.0,0.12685185185185185,2.0,84.0,0.0
ssm,cpr,0000010000100,7,57.333333333333336,0.0,1.0,0.0,136.0,944.0,0.1259259259259259,2.0,84.0,0.0
ssm,cpr,0000010000100,8,57.333333333333336,0.0,1.0,0.0,176.0,904.0,0.16296296296296298,2.0,84.0,0.0
ssm,cpr,0000010000100,9,57.333333333333336,0.0,0.43333333333333335,0.0,180.0,900.0,0.16666666666666666,2.0,84.0,0.0
ssm,cpr,0000010000100,10,57.333333333333336,1.0,0.3333333333333333,42.0,962.0,118.0,0.8907407407407407,2.0,84.0,0.0
ssm,cpr,0000010000100,11,57.333333333333336,0.0,0.7000000000000001,0.0,93.0,987.0,0.0861111111111111,2.0,84.0,0.0
ssm,cpr,0000010000100,12,57.333333333333336,0.0,0.8333333333333334,0.0,114.0,966.0,0.10555555555555556,2.0,84.0,0.0
ssm,cpr,0000010001000,0,57.333333333333336,0.0,0.8333333333333334,0.0,195.0,885.0,0.18055555555555555,2.0,72.0,1.0
ssm,cpr,0000010001000,1,57.333333333333336,0.0,0.7333333333333334,0.0,85.0,995.0,0.0787037037037037,2.0,72.0,1.0
ssm,cpr,0000010001000,2,57.333333333333336,0.0,1.0,0.0,83.0,997.0,0.07685185185185185,2.0,72.0,1.0
ssm,cpr,0000010001000,3,57.333333333333336,0.0,1.0,8.0,167.0,913.0,0.15462962962962962,2.0,72.0,0.0
ssm,cpr,0000010001000,4,57.333333333333336,0.0,1.0,0.0,151.0,929.0,0.1398148148148148,2.0,72.0,0.0
ssm,cpr,0000010001000,5,57.333333333333336,1.0,1.0,22.0,915.0,165.0,0.8472222222222222,2.0,72.0,0.0
ssm,cpr,0000010001000,6,57.333333333333336,0.0,1.0,0.0,137.0,943.0,0.12685185185185185,2.0,72.0,0.0
ssm,cpr,0000010001000,7,57.333333333333336,0.0,1.0,0.0,136.0,944.0,0.1259259259259259,2.0,72.0,0.0
ssm,cpr,0000010001000,8,57.333333333333336,0.0,0.6666666666666666,0.0,176.0,904.0,0.16296296296296298,2.0,72.0,0.0
ssm,cpr,0000010001000,9,57.333333333333336,1.0,0.26666666666666666,42.0,907.0,173.0,0.8398148148148148,2.0,72.0,0.0
ssm,cpr,0000010001000,10,57.333333333333336,0.0,0.3666666666666667,0.0,125.0,955.0,0.11574074074074074,2.0,72.0,0.0
ssm,cpr,0000010001000,11,57.333333333333336,0.0,0.5333333333333333,0.0,93.0,987.0,0.0861111111111111,2.0,72.0,0.0
ssm,cpr,0000010001000,12,57.333333333333336,0.0,1.0,0.0,114.0,966.0,0.10555555555555556,2.0,72.0,0.0
ssm,cpr,0000010010000,0,57.333333333333336,0.0,0.7666666666666666,0.0,195.0,885.0,0.18055555555555555,2.0,84.0,1.0
ssm,cpr,0000010010000,1,57.333333333333336,0.0,0.7333333333333334,0.0,85.0,995.0,0.0787037037037037,2.0,84.0,1.0
ssm,cpr,0000010010000,2,57.333333333333336,0.0,1.0,0.0,83.0,997.0,0.07685185185185185,2.0,84.0,1.0
ssm,cpr,0000010010000,3,57.333333333333336,0.0,1.0,0.0,167.0,913.0,0.15462962962962962,2.0,84.0,0.0
ssm,cpr,0000010010000,4,57.333333333333336,0.0,1.0,0.0,151.0,929.0,0.1398148148148148,2.0,84.0,0.0
ssm,cpr,0000010010000,5,57.333333333333336,1.0,0.4666666666666666,42.0,915.0,165.0,0.8472222222222222,2.0,84.0,0.0
ssm,cpr,0000010010000,6,57.333333333333336,0.0,1.0,0.0,137.0,943.0,0.12685185185185185,2.0,84.0,0.0
ssm,cpr,0000010010000,7,57.333333333333336,0.0,1.0,0.0,136.0,944.0,0.1259259259259259,2.0,84.0,0.0
ssm,cpr,0000010010000,8,57.333333333333336,1.0,0.6666666666666666,42.0,911.0,169.0,0.8435185185185187,2.0,84.0,0.0
ssm,cpr,0000010010000,9,57.333333333333336,0.0,0.6,0.0,180.0,900.0,0.16666666666666666,2.0,84.0,0.0
ssm,cpr,0000010010000,10,57.333333333333336,0.0,0.7000000000000001,0.0,125.0,955.0,0.11574074074074074,2.0,84.0,0.0
ssm,cpr,0000010010000,11,57.333333333333336,0.0,0.9333333333333332,0.0,93.0,987.0,0.0861111111111111,2.0,84.0,0.0
ssm,cpr,0000010010000,12,57.333333333333336,0.0,1.0,0.0,114.0,966.0,0.10555555555555556,2.0,84.0,0.0
ssm,cpr,0000010100000,0,57.333333333333336,0.0,1.0,0.0,195.0,885.0,0.18055555555555555,2.0,64.0,1.0
ssm,cpr,0000010100000,1,57.333333333333336,0.0,0.7999999999999999,0.0,85.0,995.0,0.0787037037037037,2.0,64.0,1.0
ssm,cpr,0000010100000,2,57.333333333333336,0.0,1.0,0.0,83.0,997.0,0.07685185185185185,2.0,64.0,1.0
ssm,cpr,0000010100000,3,57.333333333333336,0.0,1.0,0.0,167.0,913.0,0.15462962962962962,2.0,64.0,0.0
ssm,cpr,0000010100000,4,57.333333333333336,0.0,1.0,0.0,151.0,929.0,0.1398148148148148,2.0,64.0,0.0
ssm,cpr,0000010100000,5,57.333333333333336,1.0,0.0,22.0,915.0,165.0,0.8472222222222222,2.0,64.0,0.0
ssm,cpr,0000010100000,6,57.333333333333336,0.0,1.0,0.0,137.0,943.0,0.12685185185185185,2.0,64.0,0.0
ssm,cpr,0000010100000,7,57.333333333333336,1.0,1.0,42.0,956.0,124.0,0.8851851851851852,2.0,64.0,0.0
ssm,cpr,0000010100000,8,57.333333333333336,0.0,1.0,0.0,181.0,899.0,0.1675925925925926,2.0,64.0,0.0
ssm,cpr,0000010100000,9,57.333333333333336,0.0,0.7666666666666666,0.0,180.0,900.0,0.16666666666666666,2.0,64.0,0.0
ssm,cpr,0000010100000,10,57.333333333333336,0.0,0.8666666666666667,0.0,125.0,955.0,0.11574074074074074,2.0,64.0,0.0
ssm,cpr,0000010100000,11,57.333333333333336,0.0,0.7999999999999999,0.0,93.0,987.0,0.0861111111111111,2.0,64.0,0.0
ssm,cpr,0000010100000,12,57.333333333333336,0.0,0.43333333333333335,0.0,114.0,966.0,0.10555555555555556,2.0,64.0,0.0
ssm,cpr,0000011000000,0,57.333333333333336,0.0,1.0,0.0,195.0,885.0,0.18055555555555555,2.0,84.0,1.0
ssm,cpr,0000011000000,1,57.333333333333336,0.0,0.7333333333333334,0.0,85.0,995.0,0.0787037037037037,2.0,84.0,1.0
ssm,cpr,0000011000000,2,57.333333333333336,0.0,1.0,0.0,83.0,997.0,0.07685185185185185,2.0,84.0,1.0
ssm,cpr,0000011000000,3,57.333333333333336,0.0,1.0,0.0,167.0,913.0,0.15462962962962962,2.0,84.0,0.0
ssm,cpr,0000011000000,4,57.333333333333336,0.0,1.0,0.0,151.0,929.0,0.1398148148148148,2.0,84.0,0.0
ssm,cpr,0000011000000,5,57.333333333333336,1.0,0.0,42.0,915.0,165.0,0.8472222222222222,2.0,84.0,0.0
ssm,cpr,0000011000000,6,57.333333333333336,1.0,1.0,42.0,955.0,125.0,0.8842592592592592,2.0,84.0,0.0
ssm,cpr,0000011000000,7,57.333333333333336,0.0,1.0,0.0,136.0,944.0,0.1259259259259259,2.0,84.0,0.0
ssm,cpr,0000011000000,8,57.333333333333336,0.0,1.0,0.0,181.0,899.0,0.1675925925925926,2.0,84.0,0.0
ssm,cpr,0000011000000,9,57.333333333333336,0.0,0.6666666666666666,0.0,180.0,900.0,0.16666666666666666,2.0,84.0,0.0
ssm,cpr,0000011000000,10,57.333333333333336,0.0,0.7333333333333334,0.0,125.0,955.0,0.11574074074074074,2.0,84.0,0.0
ssm,cpr,0000011000000,11,57.333333333333336,0.0,1.0,0.0,93.0,987.0,0.0861111111111111,2.0,84.0,0.0
ssm,cpr,0000011000000,12,57.333333333333336,0.0,0.6,0.0,114.0,966.0,0.10555555555555556,2.0,84.0,0.0
ssm,cpr,0000100000000,0,57.333333333333336,0.0,0.25,10.333333333333334,197.66666666666666,847.6666666666666,0.18911775028516276,1.0,119.0,1.0
ssm,cpr,0000100000000,1,57.333333333333336,0.0,1.0,0.0,78.0,967.3333333333334,0.07460052840416094,1.0,119.0,1.0
ssm,cpr,0000100000000,2,57.333333333333336,0.0,1.0,0.0,97.0,948.3333333333334,0.09279854347635341,1.0,119.0,1.0
ssm,cpr,0000100000000,3,57.333333333333336,0.0,1.0,11.333333333333334,173.66666666666666,871.6666666666666,0.16614630555799284,1.0,119.0,0.0
ssm,cpr,0000100000000,4,57.333333333333336,1.0,1.0,42.0,925.6666666666666,119.66666666666667,0.885524212024607,1.0,119.0,0.0
ssm,cpr,0000100000000,5,57.333333333333336,0.0,0.8333333333333334,0.0,169.66666666666666,875.6666666666666,0.16231245064490654,1.0,119.0,0.0
ssm,cpr,0000100000000,6,57.333333333333336,0.0,1.0,7.0,116.66666666666667,928.6666666666666,0.11156688407280668,1.0,119.0,0.0
ssm,cpr,0000100000000,7,57.333333333333336,0.0,1.0,8.666666666666666,174.0,871.3333333333334,0.1664546225614928,1.0,119.0,0.0
ssm,cpr,0000100000000,8,57.333333333333336,0.0,0.8333333333333334,11.333333333333334,177.0,868.3333333333334,0.16932209255847055,1.0,119.0,0.0
ssm,cpr,0000100000000,9,57.333333333333336,0.0,0.6,8.333333333333334,198.33333333333334,847.0,0.18974657073498877,1.0,119.0,0.0
ssm,cpr,0000100000000,10,57.333333333333336,0.0,0.6166666666666667,12.0,131.0,914.3333333333334,0.12531197293634777,1.0,119.0,0.0
ssm,cpr,0000100000000,11,57.333333333333336,0.0,1.0,0.0,74.0,971.3333333333334,0.0707739853567703,1.0,119.0,0.0
ssm,cpr,0000100000000,12,57.333333333333336,0.0,0.7833333333333333,8.0,114.0,931.3333333333334,0.10905160227350279,1.0,119.0,0.0
ssm,cpr,0000100000001,0,57.333333333333336,0.0,0.8333333333333334,0.0,195.0,885.0,0.18055555555555555,2.0,64.0,1.0
ssm,cpr,0000100000001,1,57.333333333333336,0.0,1.0,0.0,85.0,995.0,0.0787037037037037,2.0,64.0,1.0
ssm,cpr,0000100000001,2,57.333333333333336,0.0,1.0,0.0,83.0,997.0,0.07685185185185185,2.0,64.0,1.0
ssm,cpr,0000100000001,3,57.333333333333336,0.0,1.0,0.0,167.0,913.0,0.15462962962962962,2.0,64.0,0.0
ssm,cpr,0000100000001,4,57.333333333333336,1.0,1.0,42.0,941.0,139.0,0.8712962962962963,2.0,64.0,0.0
ssm,cpr,0000100000001,5,57.333333333333336,0.0,1.0,0.0,177.0,903.0,0.1638888888888889,2.0,64.0,0.0
ssm,cpr,0000100000001,6,57.333333333333336,0.0,1.0,0.0,137.0,943.0,0.12685185185185185,2.0,64.0,0.0
ssm,cpr,0000100000001,7,57.333333333333336,0.0,1.0,0.0,136.0,944.0,0.1259259259259259,2.0,64.0,0.0
ssm,cpr,0000100000001,8,57.333333333333336,0.0,1.0,0.0,181.0,899.0,0.1675925925925926,2.0,64.0,0.0
ssm,cpr,0000100000001,9,57.333333333333336,0.0,0.3666666666666667,0.0,180.0,900.0,0.16666666666666666,2.0,64.0,0.0
ssm,cpr,0000100000001,10,57.333333333333336,0.0,0.3666666666666667,0.0,125.0,955.0,0.11574074074074074,2.0,64.0,0.0
ssm,cpr,0000100000001,11,57.333333333333336,0.0,1.0,0.0,93.0,987.0,0.0861111111111111,2.0,64.0,0.0
ssm,cpr,0000100000001,12,57.333333333333336,1.0,0.0,22.0,978.0,102.0,0.9055555555555556,2.0,64.0,0.0
ssm,cpr,0000100000100,0,57.333333333333336,0.0,0.8333333333333334,0.0,195.0,885.0,0.18055555555555555,2.0,64.0,1.0
ssm,cpr,0000100000100,1,57.333333333333336,0.0,1.0,0.0,85.0,995.0,0.0787037037037037,2.0,64.0,1.0
ssm,cpr,0000100000100,2,57.333333333333336,0.0,1.0,0.0,83.0,997.0,0.07685185185185185,2.0,64.0,1.0
ssm,cpr,0000100000100,3,57.333333333333336,0.0,1.0,0.0,167.0,913.0,0.15462962962962962,2.0,64.0,0.0
ssm,cpr,0000100000100,4,57.333333333333336,1.0,1.0,42.0,941.0,139.0,0.8712962962962963,2.0,64.0,0.0
ssm,cpr,0000100000100,5,57.333333333333336,0.0,1.0,0.0,177.0,903.0,0.1638888888888889,2.0,64.0,0.0
ssm,cpr,0000100000100,6,57.333333333333336,0.0,1.0,0.0,137.0,943.0,0.12685185185185185,2.0,64.0,0.0
ssm,cpr,0000100000100,7,57.333333333333336,0.0,1.0,0.0,136.0,944.0,0.1259259259259259,2.0,64.0,0.0
ssm,cpr,0000100000100,8,57.333333333333336,0.0,1.0,0.0,181.0,899.0,0.1675925925925926,2.0,64.0,0.0
ssm,cpr,0000100000100,9,57.333333333333336,0.0,0.43333333333333335,0.0,180.0,900.0,0.16666666666666666,2.0,64.0,0.0
ssm,cpr,0000100000100,10,57.333333333333336,1.0,0.0,22.0,967.0,113.0,0.8953703703703703,2.0,64.0,0.0
ssm,cpr,0000100000100,11,57.333333333333336,0.0,1.0,0.0,93.0,987.0,0.0861111111111111,2.0,64.0,0.0
ssm,cpr,0000100000100,12,57.333333333333336,0.0,0.6333333333333333,0.0,114.0,966.0,0.10555555555555556,2.0,64.0,0.0
ssm,cpr,0000100001000,0,57.333333333333336,0.0,0.9333333333333332,8.0,195.0,885.0,0.18055555555555555,2.0,52.0,1.0
ssm,cpr,0000100001000,1,57.333333333333336,0.0,1.0,0.0,85.0,995.0,0.0787037037037037,2.0,52.0,1.0
ssm,cpr,0000100001000,2,57.333333333333336,0.0,1.0,0.0,83.0,997.0,0.07685185185185185,2.0,52.0,1.0
ssm,cpr,0000100001000,3,57.333333333333336,0.0,1.0,0.0,167.0,913.0,0.15462962962962962,2.0,52.0,0.0
ssm,cpr,0000100001000,4,57.333333333333336,1.0,1.0,22.0,941.0,139.0,0.8712962962962963,2.0,52.0,0.0
ssm,cpr,0000100001000,5,57.333333333333336,0.0,1.0,0.0,177.0,903.0,0.1638888888888889,2.0,52.0,0.0
ssm,cpr,0000100001000,6,57.333333333333336,0.0,1.0,0.0,137.0,943.0,0.12685185185185185,2.0,52.0,0.0
ssm,cpr,0000100001000,7,57.333333333333336,0.0,1.0,0.0,136.0,944.0,0.1259259259259259,2.0,52.0,0.0
ssm,cpr,0000100001000,8,57.333333333333336,0.0,1.0,0.0,181.0,899.0,0.1675925925925926,2.0,52.0,0.0
ssm,cpr,0000100001000,9,57.333333333333336,1.0,0.06666666666666667,22.0,912.0,168.0,0.8444444444444444,2.0,52.0,0.0
ssm,cpr,0000100001000,10,57.333333333333336,0.0,0.2333333333333333,0.0,125.0,955.0,0.11574074074074074,2.0,52.0,0.0
ssm,cpr,0000100001000,11,57.333333333333336,0.0,1.0,0.0,93.0,987.0,0.0861111111111111,2.0,52.0,0.0
ssm,cpr,0000100001000,12,57.333333333333336,0.0,0.3333333333333333,0.0,114.0,966.0,0.10555555555555556,2.0,52.0,0.0
ssm,cpr,0000100010000,0,57.333333333333336,0.0,0.6666666666666666,8.0,190.0,907.6666666666666,0.17303913145827457,2.0,92.66666666666667,1.0
ssm,cpr,0000100010000,1,57.333333333333336,0.0,1.0,0.0,93.0,1004.6666666666666,0.08468840871030038,2.0,92.66666666666667,1.0
ssm,cpr,0000100010000,2,57.333333333333336,0.0,1.0,0.0,95.66666666666667,1002.0,0.08721179898708133,2.0,92.66666666666667,1.0
ssm,cpr,0000100010000,3,57.333333333333336,0.0,1.0,0.0,165.33333333333334,932.3333333333334,0.15075009749088739,2.0,92.66666666666667,0.0
ssm,cpr,0000100010000,4,57.333333333333336,1.0,1.0,42.0,965.3333333333334,132.33333333333334,0.8793894535550124,2.0,92.66666666666667,0.0
ssm,cpr,0000100010000,5,57.333333333333336,0.0,1.0,0.0,146.33333333333334,951.3333333333334,0.1330515620602462,2.0,92.66666666666667,0.0
ssm,cpr,0000100010000,6,57.333333333333336,0.0,0.9333333333333332,8.0,146.66666666666666,951.0,0.13363006736805297,2.0,92.66666666666667,0.0
ssm,cpr,0000100010000,7,57.333333333333336,0.0,1.0,0.0,165.33333333333334,932.3333333333334,0.15062732611338978,2.0,92.66666666666667,0.0
ssm,cpr,0000100010000,8,57.333333333333336,1.0,0.4666666666666666,34.666666666666664,932.0,165.66666666666666,0.8490572501020126,2.0,92.66666666666667,0.0
ssm,cpr,0000100010000,9,57.333333333333336,0.0,0.4666666666666666,0.0,188.66666666666666,909.0,0.17177743631988415,2.0,92.66666666666667,0.0
ssm,cpr,0000100010000,10,57.333333333333336,0.0,1.0,0.0,117.66666666666667,980.0,0.10717036912804095,2.0,92.66666666666667,0.0
ssm,cpr,0000100010000,11,57.333333333333336,0.0,1.0,0.0,92.66666666666667,1005.0,0.08447821753498641,2.0,92.66666666666667,0.0
ssm,cpr,0000100010000,12,57.333333333333336,0.0,1.0,0.0,98.66666666666667,999.0,0.08982260906167865,2.0,92.66666666666667,0.0
ssm,cpr,0000100100000,0,57.333333333333336,0.0,0.8333333333333334,0.0,185.0,902.0,0.1701931922723091,2.0,82.0,1.0
ssm,cpr,0000100100000,1,57.333333333333336,0.0,0.9333333333333332,0.0,90.0,997.0,0.0827966881324747,2.0,82.0,1.0
ssm,cpr,0000100100000,2,57.333333333333336,0.0,1.0,0.0,98.0,989.0,0.09015639374425023,2.0,82.0,1.0
ssm,cpr,0000100100000,3,57.333333333333336,0.0,1.0,0.0,171.0,916.0,0.15731370745170192,2.0,82.0,0.0
ssm,cpr,0000100100000,4,57.333333333333336,1.0,0.3333333333333333,40.0,953.0,134.0,0.8767249310027599,2.0,82.0,0.0
ssm,cpr,0000100100000,5,57.333333333333336,0.0,1.0,0.0,130.0,957.0,0.11959521619135234,2.0,82.0,0.0
ssm,cpr,0000100100000,6,57.333333333333336,0.0,1.0,0.0,146.0,941.0,0.1343146274149034,2.0,82.0,0.0
ssm,cpr,0000100100000,7,57.333333333333336,1.0,1.0,42.0,933.0,154.0,0.8583256669733211,2.0,82.0,0.0
ssm,cpr,0000100100000,8,57.333333333333336,0.0,1.0,0.0,175.0,912.0,0.1609935602575897,2.0,82.0,0.0
ssm,cpr,0000100100000,9,57.333333333333336,0.0,1.0,0.0,181.0,906.0,0.16651333946642136,2.0,82.0,0.0
ssm,cpr,0000100100000,10,57.333333333333336,0.0,0.4666666666666666,0.0,115.0,972.0,0.10579576816927323,2.0,82.0,0.0
ssm,cpr,0000100100000,11,57.333333333333336,0.0,0.5333333333333333,0.0,95.0,992.0,0.08739650413983441,2.0,82.0,0.0
ssm,cpr,0000100100000,12,57.333333333333336,0.0,1.0,0.0,94.0,993.0,0.08647654093836248,2.0,82.0,0.0
ssm,cpr,0000101000000,0,57.333333333333336,0.0,1.0,0.0,185.0,902.0,0.1701931922723091,2.0,72.0,1.0
ssm,cpr,0000101000000,1,57.333333333333336,0.0,1.0,0.0,90.0,997.0,0.0827966881324747,2.0,72.0,1.0
ssm,cpr,0000101000000,2,57.333333333333336,0.0,1.0,0.0,98.0,989.0,0.09015639374425023,2.0,72.0,1.0
ssm,cpr,0000101000000,3,57.333333333333336,0.0,1.0,0.0,171.0,916.0,0.15731370745170192,2.0,72.0,0.0
ssm,cpr,0000101000000,4,57.333333333333336,1.0,1.0,22.0,953.0,134.0,0.8767249310027599,2.0,72.0,0.0
ssm,cpr,0000101000000,5,57.333333333333336,0.0,1.0,0.0,130.0,957.0,0.11959521619135234,2.0,72.0,0.0
ssm,cpr,0000101000000,6,57.333333333333336,1.0,0.6666666666666666,42.0,953.0,134.0,0.8767249310027599,2.0,72.0,0.0
ssm,cpr,0000101000000,7,57.333333333333336,0.0,1.0,0.0,166.0,921.0,0.15271389144434222,2.0,72.0,0.0
ssm,cpr,0000101000000,8,57.333333333333336,0.0,0.7000000000000001,8.0,175.0,912.0,0.1609935602575897,2.0,72.0,0.0
ssm,cpr,0000101000000,9,57.333333333333336,0.0,1.0,0.0,181.0,906.0,0.16651333946642136,2.0,72.0,0.0
ssm,cpr,0000101000000,10,57.333333333333336,0.0,1.0,0.0,115.0,972.0,0.10579576816927323,2.0,72.0,0.0
ssm,cpr,0000101000000,11,57.333333333333336,0.0,1.0,0.0,95.0,992.0,0.08739650413983441,2.0,72.0,0.0
ssm,cpr,0000101000000,12,57.333333333333336,0.0,1.0,0.0,94.0,993.0,0.08647654093836248,2.0,72.0,0.0
ssm,cpr,0001000000000,0,57.333333333333336,0.0,0.03333333333333333,8.666666666666666,208.66666666666666,852.3333333333334,0.1967196766913347,1.0,125.66666666666667,1.0
ssm,cpr,0001000000000,1,57.333333333333336,0.0,1.0,0.0,82.0,979.0,0.0769974982067566,1.0,125.66666666666667,1.0
ssm,cpr,0001000000000,2,57.333333333333336,0.0,1.0,0.0,95.33333333333333,965.6666666666666,0.09000682307248202,1.0,125.66666666666667,1.0
ssm,cpr,0001000000000,3,57.333333333333336,1.0,0.9666666666666667,42.0,929.3333333333334,131.66666666666666,0.8757116114697597,1.0,125.66666666666667,0.0
ssm,cpr,0001000000000,4,57.333333333333336,0.0,1.0,12.0,159.33333333333334,901.6666666666666,0.15029829073286796,1.0,125.66666666666667,0.0
ssm,cpr,0001000000000,5,57.333333333333336,0.0,0.7666666666666666,10.333333333333334,164.0,897.0,0.15485750275547158,1.0,125.66666666666667,0.0
ssm,cpr,0001000000000,6,57.333333333333336,0.0,1.0,7.0,111.0,950.0,0.10434402281355516,1.0,125.66666666666667,0.0
ssm,cpr,0001000000000,7,57.333333333333336,0.0,1.0,10.666666666666666,171.33333333333334,889.6666666666666,0.16164383561643836,1.0,125.66666666666667,0.0
ssm,cpr,0001000000000,8,57.333333333333336,0.0,0.9833333333333334,9.0,179.0,882.0,0.16870484088245072,1.0,125.66666666666667,0.0
ssm,cpr,0001000000000,9,57.333333333333336,0.0,1.0,7.666666666666667,193.0,868.0,0.18232299375426442,1.0,125.66666666666667,0.0
ssm,cpr,0001000000000,10,57.333333333333336,0.0,0.9500000000000001,8.666666666666666,129.33333333333334,931.6666666666666,0.12191955772494271,1.0,125.66666666666667,0.0
ssm,cpr,0001000000000,11,57.333333333333336,0.0,1.0,0.0,70.66666666666667,990.3333333333334,0.06652845571126158,1.0,125.66666666666667,0.0
ssm,cpr,0001000000000,12,57.333333333333336,0.0,0.9666666666666667,9.666666666666666,114.66666666666667,946.3333333333334,0.1080494760230235,1.0,125.66666666666667,0.0
ssm,cpr,0001000000001,0,57.333333333333336,0.0,0.5333333333333333,0.0,216.0,910.0,0.19182948490230908,2.0,84.0,1.0
ssm,cpr,0001000000001,1,57.333333333333336,0.0,1.0,0.0,97.0,1029.0,0.08614564831261101,2.0,84.0,1.0
ssm,cpr,0001000000001,2,57.333333333333336,0.0,1.0,0.0,75.0,1051.0,0.06660746003552398,2.0,84.0,1.0
ssm,cpr,0001000000001,3,57.333333333333336,1.0,0.9333333333333332,42.0,962.0,164.0,0.8543516873889875,2.0,84.0,0.0
ssm,cpr,0001000000001,4,57.333333333333336,0.0,1.0,0.0,153.0,973.0,0.13587921847246892,2.0,84.0,0.0
ssm,cpr,0001000000001,5,57.333333333333336,0.0,0.6666666666666666,0.0,181.0,945.0,0.16074600355239788,2.0,84.0,0.0
ssm,cpr,0001000000001,6,57.333333333333336,0.0,1.0,0.0,112.0,1014.0,0.0994671403197158,2.0,84.0,0.0
ssm,cpr,0001000000001,7,57.333333333333336,0.0,1.0,0.0,156.0,970.0,0.13854351687388988,2.0,84.0,0.0
ssm,cpr,0001000000001,8,57.333333333333336,0.0,1.0,0.0,150.0,976.0,0.13321492007104796,2.0,84.0,0.0
ssm,cpr,0001000000001,9,57.333333333333336,0.0,0.6666666666666666,0.0,211.0,915.0,0.18738898756660746,2.0,84.0,0.0
ssm,cpr,0001000000001,10,57.333333333333336,0.0,0.6,0.0,125.0,1001.0,0.11101243339253997,2.0,84.0,0.0
ssm,cpr,0001000000001,11,57.333333333333336,0.0,1.0,0.0,95.0,1031.0,0.08436944937833037,2.0,84.0,0.0
ssm,cpr,0001000000001,12,57.333333333333336,1.0,0.26666666666666666,42.0,1029.0,97.0,0.9138543516873888,2.0,84.0,0.0
ssm,cpr,0001000000100,0,57.333333333333336,0.0,0.20000000000000004,0.0,216.0,910.0,0.19182948490230908,2.0,82.0,1.0
ssm,cpr,0001000000100,1,57.333333333333336,0.0,1.0,0.0,97.0,1029.0,0.08614564831261101,2.0,82.0,1.0
ssm,cpr,0001000000100,2,57.333333333333336,0.0,1.0,0.0,75.0,1051.0,0.06660746003552398,2.0,82.0,1.0
ssm,cpr,0001000000100,3,57.333333333333336,1.0,1.0,40.0,962.0,164.0,0.8543516873889875,2.0,82.0,0.0
ssm,cpr,0001000000100,4,57.333333333333336,0.0,1.0,0.0,153.0,973.0,0.13587921847246892,2.0,82.0,0.0
ssm,cpr,0001000000100,5,57.333333333333336,0.0,0.4666666666666666,0.0,181.0,945.0,0.16074600355239788,2.0,82.0,0.0
ssm,cpr,0001000000100,6,57.333333333333336,0.0,1.0,0.0,112.0,1014.0,0.0994671403197158,2.0,82.0,0.0
ssm,cpr,0001000000100,7,57.333333333333336,0.0,1.0,0.0,156.0,970.0,0.13854351687388988,2.0,82.0,0.0
ssm,cpr,0001000000100,8,57.333333333333336,0.0,1.0,0.0,150.0,976.0,0.13321492007104796,2.0,82.0,0.0
ssm,cpr,0001000000100,9,57.333333333333336,0.0,0.5333333333333333,0.0,211.0,915.0,0.18738898756660746,2.0,82.0,0.0
ssm,cpr,0001000000100,10,57.333333333333336,1.0,0.0,42.0,1013.0,113.0,0.8996447602131439,2.0,82.0,0.0
ssm,cpr,0001000000100,11,57.333333333333336,0.0,1.0,0.0,95.0,1031.0,0.08436944937833037,2.0,82.0,0.0
ssm,cpr,0001000000100,12,57.333333333333336,0.0,0.9333333333333332,0.0,109.0,1017.0,0.09680284191829484,2.0,82.0,0.0
ssm,cpr,0001000001000,0,57.333333333333336,0.0,0.5333333333333333,8.0,185.0,902.0,0.1701931922723091,2.0,100.0,1.0
ssm,cpr,0001000001000,1,57.333333333333336,0.0,1.0,0.0,90.0,997.0,0.0827966881324747,2.0,100.0,1.0
ssm,cpr,0001000001000,2,57.333333333333336,0.0,1.0,0.0,98.0,989.0,0.09015639374425023,2.0,100.0,1.0
ssm,cpr,0001000001000,3,57.333333333333336,1.0,1.0,42.0,928.0,159.0,0.8537258509659612,2.0,100.0,0.0
ssm,cpr,0001000001000,4,57.333333333333336,0.0,1.0,0.0,146.0,941.0,0.1343146274149034,2.0,100.0,0.0
ssm,cpr,0001000001000,5,57.333333333333336,0.0,0.6666666666666666,8.0,130.0,957.0,0.11959521619135234,2.0,100.0,0.0
ssm,cpr,0001000001000,6,57.333333333333336,0.0,1.0,0.0,146.0,941.0,0.1343146274149034,2.0,100.0,0.0
ssm,cpr,0001000001000,7,57.333333333333336,0.0,1.0,0.0,166.0,921.0,0.15271389144434222,2.0,100.0,0.0
ssm,cpr,0001000001000,8,57.333333333333336,0.0,0.8333333333333334,0.0,175.0,912.0,0.1609935602575897,2.0,100.0,0.0
ssm,cpr,0001000001000,9,57.333333333333336,1.0,0.39999999999999997,42.0,913.0,174.0,0.8399264029438823,2.0,100.0,0.0
ssm,cpr,0001000001000,10,57.333333333333336,0.0,0.5,0.0,115.0,972.0,0.10579576816927323,2.0,100.0,0.0
ssm,cpr,0001000001000,11,57.333333333333336,0.0,1.0,0.0,95.0,992.0,0.08739650413983441,2.0,100.0,0.0
ssm,cpr,0001000001000,12,57.333333333333336,0.0,1.0,0.0,89.0,998.0,0.08187672493100276,2.0,100.0,0.0
ssm,cpr,0001000010000,0,57.333333333333336,0.0,0.6,8.0,185.0,901.0,0.17034990791896867,2.0,92.0,1.0
ssm,cpr,0001000010000,1,57.333333333333336,0.0,1.0,0.0,90.0,996.0,0.08287292817679558,2.0,92.0,1.0
ssm,cpr,0001000010000,2,57.333333333333336,0.0,1.0,0.0,98.0,988.0,0.09023941068139964,2.0,92.0,1.0
ssm,cpr,0001000010000,3,57.333333333333336,1.0,1.0,42.0,928.0,158.0,0.85451197053407,2.0,92.0,0.0
ssm,cpr,0001000010000,4,57.333333333333336,0.0,1.0,0.0,146.0,940.0,0.13443830570902393,2.0,92.0,0.0
ssm,cpr,0001000010000,5,57.333333333333336,0.0,0.5333333333333333,0.0,130.0,956.0,0.11970534069981582,2.0,92.0,0.0
ssm,cpr,0001000010000,6,57.333333333333336,0.0,1.0,0.0,146.0,940.0,0.13443830570902393,2.0,92.0,0.0
ssm,cpr,0001000010000,7,57.333333333333336,0.0,1.0,0.0,166.0,920.0,0.15285451197053407,2.0,92.0,0.0
ssm,cpr,0001000010000,8,57.333333333333336,1.0,0.4666666666666666,42.0,923.0,163.0,0.8499079189686926,2.0,92.0,0.0
ssm,cpr,0001000010000,9,57.333333333333336,0.0,0.6666666666666666,0.0,185.0,901.0,0.17034990791896867,2.0,92.0,0.0
ssm,cpr,0001000010000,10,57.333333333333336,0.0,1.0,0.0,115.0,971.0,0.10589318600368323,2.0,92.0,0.0
ssm,cpr,0001000010000,11,57.333333333333336,0.0,1.0,0.0,95.0,991.0,0.08747697974217311,2.0,92.0,0.0
ssm,cpr,0001000010000,12,57.333333333333336,0.0,1.0,0.0,89.0,997.0,0.08195211786372007,2.0,92.0,0.0
ssm,cpr,0001000100000,0,57.333333333333336,0.0,0.9333333333333332,0.0,185.0,901.0,0.17034990791896867,2.0,82.0,1.0
ssm,cpr,0001000100000,1,57.333333333333336,0.0,1.0,0.0,90.0,996.0,0.08287292817679558,2.0,82.0,1.0
ssm,cpr,0001000100000,2,57.333333333333336,0.0,1.0,0.0,98.0,988.0,0.09023941068139964,2.0,82.0,1.0
ssm,cpr,0001000100000,3,57.333333333333336,1.0,0.16666666666666666,40.0,928.0,158.0,0.85451197053407,2.0,82.0,0.0
ssm,cpr,0001000100000,4,57.333333333333336,0.0,0.8333333333333334,0.0,146.0,940.0,0.13443830570902393,2.0,82.0,0.0
ssm,cpr,0001000100000,5,57.333333333333336,0.0,1.0,0.0,130.0,956.0,0.11970534069981582,2.0,82.0,0.0
ssm,cpr,0001000100000,6,57.333333333333336,0.0,1.0,0.0,146.0,940.0,0.13443830570902393,2.0,82.0,0.0
ssm,cpr,0001000100000,7,57.333333333333336,1.0,0.8333333333333334,42.0,932.0,154.0,0.8581952117863721,2.0,82.0,0.0
ssm,cpr,0001000100000,8,57.333333333333336,0.0,0.8333333333333334,0.0,175.0,911.0,0.16114180478821363,2.0,82.0,0.0
ssm,cpr,0001000100000,9,57.333333333333336,0.0,1.0,0.0,185.0,901.0,0.17034990791896867,2.0,82.0,0.0
ssm,cpr,0001000100000,10,57.333333333333336,0.0,1.0,0.0,115.0,971.0,0.10589318600368323,2.0,82.0,0.0
ssm,cpr,0001000100000,11,57.333333333333336,0.0,1.0,0.0,95.0,991.0,0.08747697974217311,2.0,82.0,0.0
ssm,cpr,0001000100000,12,57.333333333333336,0.0,1.0,0.0,89.0,997.0,0.08195211786372007,2.0,82.0,0.0
ssm,cpr,0001001000000,0,57.333333333333336,0.0,1.0,0.0,185.0,901.0,0.17034990791896867,2.0,64.0,1.0
ssm,cpr,0001001000000,1,57.333333333333336,0.0,1.0,0.0,90.0,996.0,0.08287292817679558,2.0,64.0,1.0
ssm,cpr,0001001000000,2,57.333333333333336,0.0,0.8333333333333334,0.0,98.0,988.0,0.09023941068139964,2.0,64.0,1.0
ssm,cpr,0001001000000,3,57.333333333333336,1.0,0.20000000000000004,22.0,928.0,158.0,0.85451197053407,2.0,64.0,0.0
ssm,cpr,0001001000000,4,57.333333333333336,0.0,0.8333333333333334,0.0,146.0,940.0,0.13443830570902393,2.0,64.0,0.0
ssm,cpr,0001001000000,5,57.333333333333336,0.0,0.8666666666666667,0.0,130.0,956.0,0.11970534069981582,2.0,64.0,0.0
ssm,cpr,0001001000000,6,57.333333333333336,1.0,1.0,42.0,950.0,136.0,0.8747697974217311,2.0,64.0,0.0
ssm,cpr,0001001000000,7,57.333333333333336,0.0,1.0,0.0,164.0,922.0,0.15101289134438306,2.0,64.0,0.0
ssm,cpr,0001001000000,8,57.333333333333336,0.0,1.0,0.0,175.0,911.0,0.16114180478821363,2.0,64.0,0.0
ssm,cpr,0001001000000,9,57.333333333333336,0.0,0.9333333333333332,0.0,185.0,901.0,0.17034990791896867,2.0,64.0,0.0
ssm,cpr,0001001000000,10,57.333333333333336,0.0,0.9333333333333332,0.0,115.0,971.0,0.10589318600368323,2.0,64.0,0.0
ssm,cpr,0001001000000,11,57.333333333333336,0.0,0.9333333333333332,0.0,95.0,991.0,0.08747697974217311,2.0,64.0,0.0
ssm,cpr,0001001000000,12,57.333333333333336,0.0,1.0,0.0,89.0,997.0,0.08195211786372007,2.0,64.0,0.0
ssm,cpr,0001010000000,0,57.333333333333336,0.0,0.8666666666666667,8.0,185.0,901.0,0.17034990791896867,2.0,80.0,1.0
ssm,cpr,0001010000000,1,57.333333333333336,0.0,1.0,0.0,90.0,996.0,0.08287292817679558,2.0,80.0,1.0
ssm,cpr,0001010000000,2,57.333333333333336,0.0,0.9333333333333332,0.0,98.0,988.0,0.09023941068139964,2.0,80.0,1.0
ssm,cpr,0001010000000,3,57.333333333333336,1.0,0.6666666666666666,22.0,928.0,158.0,0.85451197053407,2.0,80.0,0.0
ssm,cpr,0001010000000,4,57.333333333333336,0.0,1.0,0.0,146.0,940.0,0.13443830570902393,2.0,80.0,0.0
ssm,cpr,0001010000000,5,57.333333333333336,1.0,0.0,42.0,963.0,123.0,0.8867403314917127,2.0,80.0,0.0
ssm,cpr,0001010000000,6,57.333333333333336,0.0,1.0,0.0,143.0,943.0,0.13167587476979742,2.0,80.0,0.0
ssm,cpr,0001010000000,7,57.333333333333336,0.0,1.0,0.0,164.0,922.0,0.15101289134438306,2.0,80.0,0.0
ssm,cpr,0001010000000,8,57.333333333333336,0.0,1.0,0.0,175.0,911.0,0.16114180478821363,2.0,80.0,0.0
ssm,cpr,0001010000000,9,57.333333333333336,0.0,0.3666666666666667,8.0,185.0,901.0,0.17034990791896867,2.0,80.0,0.0
ssm,cpr,0001010000000,10,57.333333333333336,0.0,0.5333333333333333,0.0,115.0,971.0,0.10589318600368323,2.0,80.0,0.0
ssm,cpr,0001010000000,11,57.333333333333336,0.0,1.0,0.0,95.0,991.0,0.08747697974217311,2.0,80.0,0.0
ssm,cpr,0001010000000,12,57.333333333333336,0.0,0.8333333333333334,0.0,89.0,997.0,0.08195211786372007,2.0,80.0,0.0
ssm,cpr,0001100000000,0,57.333333333333336,0.0,0.6666666666666666,0.0,185.0,901.0,0.17034990791896867,2.0,84.0,1.0
ssm,cpr,0001100000000,1,57.333333333333336,0.0,1.0,0.0,90.0,996.0,0.08287292817679558,2.0,84.0,1.0
ssm,cpr,0001100000000,2,57.333333333333336,0.0,1.0,0.0,98.0,988.0,0.09023941068139964,2.0,84.0,1.0
ssm,cpr,0001100000000,3,57.333333333333336,1.0,0.16666666666666666,42.0,928.0,158.0,0.85451197053407,2.0,84.0,0.0
ssm,cpr,0001100000000,4,57.333333333333336,1.0,0.5333333333333333,42.0,950.0,136.0,0.8747697974217311,2.0,84.0,0.0
ssm,cpr,0001100000000,5,57.333333333333336,0.0,0.9333333333333332,0.0,133.0,953.0,0.12246777163904236,2.0,84.0,0.0
ssm,cpr,0001100000000,6,57.333333333333336,0.0,0.8333333333333334,0.0,143.0,943.0,0.13167587476979742,2.0,84.0,0.0
ssm,cpr,0001100000000,7,57.333333333333336,0.0,1.0,0.0,164.0,922.0,0.15101289134438306,2.0,84.0,0.0
ssm,cpr,0001100000000,8,57.333333333333336,0.0,1.0,0.0,175.0,911.0,0.16114180478821363,2.0,84.0,0.0
ssm,cpr,0001100000000,9,57.333333333333336,0.0,0.7333333333333334,0.0,185.0,901.0,0.17034990791896867,2.0,84.0,0.0
ssm,cpr,0001100000000,10,57.333333333333336,0.0,1.0,0.0,115.0,971.0,0.10589318600368323,2.0,84.0,0.0
ssm,cpr,0001100000000,11,57.333333333333336,0.0,1.0,0.0,95.0,991.0,0.08747697974217311,2.0,84.0,0.0
ssm,cpr,0001100000000,12,57.333333333333336,0.0,1.0,0.0,89.0,997.0,0.08195211786372007,2.0,84.0,0.0
ssm,cpr,0010000000000,0,57.333333333333336,0.0,1.0,0.0,208.66666666666666,852.3333333333334,0.1967196766913347,1.0,96.66666666666667,1.0
ssm,cpr,0010000000000,1,57.333333333333336,0.0,0.7166666666666667,0.0,82.0,979.0,0.0769974982067566,1.0,96.66666666666667,1.0
ssm,cpr,0010000000000,2,57.333333333333336,1.0,0.6666666666666666,42.0,1006.3333333333334,54.666666666666664,0.9483213492188457,1.0,96.66666666666667,1.0
ssm,cpr,0010000000000,3,57.333333333333336,0.0,1.0,0.0,172.33333333333334,888.6666666666666,0.16261656082156792,1.0,96.66666666666667,0.0
ssm,cpr,0010000000000,4,57.333333333333336,0.0,1.0,0.0,159.33333333333334,901.6666666666666,0.15029829073286796,1.0,96.66666666666667,0.0
ssm,cpr,0010000000000,5,57.333333333333336,0.0,0.8333333333333334,5.333333333333333,164.0,897.0,0.15485750275547158,1.0,96.66666666666667,0.0
ssm,cpr,0010000000000,6,57.333333333333336,0.0,1.0,9.666666666666666,111.0,950.0,0.10434402281355516,1.0,96.66666666666667,0.0
ssm,cpr,0010000000000,7,57.333333333333336,0.0,1.0,10.666666666666666,171.33333333333334,889.6666666666666,0.16164383561643836,1.0,96.66666666666667,0.0
ssm,cpr,0010000000000,8,57.333333333333336,0.0,0.9166666666666666,5.666666666666667,179.0,882.0,0.16870484088245072,1.0,96.66666666666667,0.0
ssm,cpr,0010000000000,9,57.333333333333336,0.0,0.7333333333333334,6.0,193.0,868.0,0.18232299375426442,1.0,96.66666666666667,0.0
ssm,cpr,0010000000000,10,57.333333333333336,0.0,0.6833333333333332,7.0,129.33333333333334,931.6666666666666,0.12191955772494271,1.0,96.66666666666667,0.0
ssm,cpr,0010000000000,11,57.333333333333336,0.0,0.9333333333333332,0.0,70.66666666666667,990.3333333333334,0.06652845571126158,1.0,96.66666666666667,0.0
ssm,cpr,0010000000000,12,57.333333333333336,0.0,0.8166666666666668,10.333333333333334,114.66666666666667,946.3333333333334,0.1080494760230235,1.0,96.66666666666667,0.0
ssm,cpr,0010000000001,0,57.333333333333336,0.0,1.0,0.0,185.0,901.0,0.17034990791896867,2.0,44.0,1.0
ssm,cpr,0010000000001,1,57.333333333333336,0.0,1.0,0.0,90.0,996.0,0.08287292817679558,2.0,44.0,1.0
ssm,cpr,0010000000001,2,57.333333333333336,1.0,1.0,22.0,1000.0,86.0,0.9208103130755064,2.0,44.0,1.0
ssm,cpr,0010000000001,3,57.333333333333336,0.0,1.0,0.0,170.0,916.0,0.15653775322283608,2.0,44.0,0.0
ssm,cpr,0010000000001,4,57.333333333333336,0.0,1.0,0.0,148.0,938.0,0.13627992633517497,2.0,44.0,0.0
ssm,cpr,0010000000001,5,57.333333333333336,0.0,0.6,0.0,133.0,953.0,0.12246777163904236,2.0,44.0,0.0
ssm,cpr,0010000000001,6,57.333333333333336,0.0,0.8333333333333334,0.0,143.0,943.0,0.13167587476979742,2.0,44.0,0.0
ssm,cpr,0010000000001,7,57.333333333333336,0.0,1.0,0.0,164.0,922.0,0.15101289134438306,2.0,44.0,0.0
ssm,cpr,0010000000001,8,57.333333333333336,0.0,1.0,0.0,175.0,911.0,0.16114180478821363,2.0,44.0,0.0
ssm,cpr,0010000000001,9,57.333333333333336,0.0,0.4000000000000001,0.0,185.0,901.0,0.17034990791896867,2.0,44.0,0.0
ssm,cpr,0010000000001,10,57.333333333333336,0.0,0.5666666666666667,0.0,115.0,971.0,0.10589318600368323,2.0,44.0,0.0
ssm,cpr,0010000000001,11,57.333333333333336,0.0,1.0,0.0,95.0,991.0,0.08747697974217311,2.0,44.0,0.0
ssm,cpr,0010000000001,12,57.333333333333336,1.0,0.0,22.0,1009.0,77.0,0.929097605893186,2.0,44.0,0.0
ssm,cpr,0010000000100,0,57.333333333333336,0.0,1.0,0.0,185.0,901.0,0.17034990791896867,2.0,44.0,1.0
ssm,cpr,0010000000100,1,57.333333333333336,0.0,0.8333333333333334,0.0,90.0,996.0,0.08287292817679558,2.0,44.0,1.0
ssm,cpr,0010000000100,2,57.333333333333336,1.0,1.0,22.0,1000.0,86.0,0.9208103130755064,2.0,44.0,1.0
ssm,cpr,0010000000100,3,57.333333333333336,0.0,1.0,0.0,170.0,916.0,0.15653775322283608,2.0,44.0,0.0
ssm,cpr,0010000000100,4,57.333333333333336,0.0,1.0,0.0,148.0,938.0,0.13627992633517497,2.0,44.0,0.0
ssm,cpr,0010000000100,5,57.333333333333336,0.0,0.5666666666666667,0.0,133.0,953.0,0.12246777163904236,2.0,44.0,0.0
ssm,cpr,0010000000100,6,57.333333333333336,0.0,1.0,0.0,143.0,943.0,0.13167587476979742,2.0,44.0,0.0
ssm,cpr,0010000000100,7,57.333333333333336,0.0,1.0,0.0,164.0,922.0,0.15101289134438306,2.0,44.0,0.0
ssm,cpr,0010000000100,8,57.333333333333336,0.0,0.8333333333333334,0.0,175.0,911.0,0.16114180478821363,2.0,44.0,0.0
ssm,cpr,0010000000100,9,57.333333333333336,0.0,0.26666666666666666,0.0,185.0,901.0,0.17034990791896867,2.0,44.0,0.0
ssm,cpr,0010000000100,10,57.333333333333336,1.0,0.0,22.0,983.0,103.0,0.9051565377532228,2.0,44.0,0.0
ssm,cpr,0010000000100,11,57.333333333333336,0.0,1.0,0.0,95.0,991.0,0.08747697974217311,2.0,44.0,0.0
ssm,cpr,0010000000100,12,57.333333333333336,0.0,0.2333333333333333,0.0,89.0,997.0,0.08195211786372007,2.0,44.0,0.0
ssm,cpr,0010000001000,0,57.333333333333336,0.0,1.0,0.0,185.0,902.0,0.1701931922723091,2.0,64.0,1.0
ssm,cpr,0010000001000,1,57.333333333333336,0.0,0.9166666666666666,0.0,90.0,997.0,0.0827966881324747,2.0,64.0,1.0
ssm,cpr,0010000001000,2,57.333333333333336,1.0,1.0,42.0,1000.0,87.0,0.9199632014719411,2.0,64.0,1.0
ssm,cpr,0010000001000,3,57.333333333333336,0.0,1.0,0.0,170.0,917.0,0.15639374425023,2.0,64.0,0.0
ssm,cpr,0010000001000,4,57.333333333333336,0.0,1.0,0.0,148.0,939.0,0.13615455381784727,2.0,64.0,0.0
ssm,cpr,0010000001000,5,57.333333333333336,0.0,0.5333333333333333,0.0,133.0,954.0,0.12235510579576818,2.0,64.0,0.0
ssm,cpr,0010000001000,6,57.333333333333336,0.0,1.0,0.0,143.0,944.0,0.13155473781048757,2.0,64.0,0.0
ssm,cpr,0010000001000,7,57.333333333333336,0.0,1.0,0.0,164.0,923.0,0.15087396504139836,2.0,64.0,0.0
ssm,cpr,0010000001000,8,57.333333333333336,0.0,0.8333333333333334,0.0,175.0,912.0,0.1609935602575897,2.0,64.0,0.0
ssm,cpr,0010000001000,9,57.333333333333336,1.0,0.0,22.0,913.0,174.0,0.8399264029438823,2.0,64.0,0.0
ssm,cpr,0010000001000,10,57.333333333333336,0.0,0.16666666666666666,0.0,115.0,972.0,0.10579576816927323,2.0,64.0,0.0
ssm,cpr,0010000001000,11,57.333333333333336,0.0,1.0,0.0,95.0,992.0,0.08739650413983441,2.0,64.0,0.0
ssm,cpr,0010000001000,12,57.333333333333336,0.0,0.5,0.0,89.0,998.0,0.08187672493100276,2.0,64.0,0.0
ssm,cpr,0010000010000,0,57.333333333333336,0.0,1.0,0.0,185.0,901.0,0.17034990791896867,2.0,64.0,1.0
ssm,cpr,0010000010000,1,57.333333333333336,0.0,1.0,0.0,90.0,996.0,0.08287292817679558,2.0,64.0,1.0
ssm,cpr,0010000010000,2,57.333333333333336,1.0,0.7666666666666666,42.0,1000.0,86.0,0.9208103130755064,2.0,64.0,1.0
ssm,cpr,0010000010000,3,57.333333333333336,0.0,0.6666666666666666,0.0,170.0,916.0,0.15653775322283608,2.0,64.0,0.0
ssm,cpr,0010000010000,4,57.333333333333336,0.0,1.0,0.0,148.0,938.0,0.13627992633517497,2.0,64.0,0.0
ssm,cpr,0010000010000,5,57.333333333333336,0.0,0.6666666666666666,0.0,133.0,953.0,0.12246777163904236,2.0,64.0,0.0
ssm,cpr,0010000010000,6,57.333333333333336,0.0,1.0,0.0,143.0,943.0,0.13167587476979742,2.0,64.0,0.0
ssm,cpr,0010000010000,7,57.333333333333336,0.0,1.0,0.0,164.0,922.0,0.15101289134438306,2.0,64.0,0.0
ssm,cpr,0010000010000,8,57.333333333333336,1.0,0.3666666666666667,22.0,918.0,168.0,0.8453038674033149,2.0,64.0,0.0
ssm,cpr,0010000010000,9,57.333333333333336,0.0,0.7000000000000001,0.0,180.0,906.0,0.16574585635359115,2.0,64.0,0.0
ssm,cpr,0010000010000,10,57.333333333333336,0.0,0.6333333333333333,0.0,115.0,971.0,0.10589318600368323,2.0,64.0,0.0
ssm,cpr,0010000010000,11,57.333333333333336,0.0,1.0,0.0,95.0,991.0,0.08747697974217311,2.0,64.0,0.0
ssm,cpr,0010000010000,12,57.333333333333336,0.0,0.6666666666666666,0.0,89.0,997.0,0.08195211786372007,2.0,64.0,0.0
ssm,cpr,0010000100000,0,57.333333333333336,0.0,1.0,0.0,185.0,901.0,0.17034990791896867,2.0,62.0,1.0
ssm,cpr,0010000100000,1,57.333333333333336,0.0,1.0,0.0,90.0,996.0,0.08287292817679558,2.0,62.0,1.0
ssm,cpr,0010000100000,2,57.333333333333336,1.0,0.7000000000000001,40.0,1000.0,86.0,0.9208103130755064,2.0,62.0,1.0
ssm,cpr,0010000100000,3,57.333333333333336,0.0,1.0,0.0,170.0,916.0,0.15653775322283608,2.0,62.0,0.0
ssm,cpr,0010000100000,4,57.333333333333336,0.0,1.0,0.0,148.0,938.0,0.13627992633517497,2.0,62.0,0.0
ssm,cpr,0010000100000,5,57.333333333333336,0.0,0.8666666666666667,0.0,133.0,953.0,0.12246777163904236,2.0,62.0,0.0
ssm,cpr,0010000100000,6,57.333333333333336,0.0,0.6666666666666666,0.0,143.0,943.0,0.13167587476979742,2.0,62.0,0.0
ssm,cpr,0010000100000,7,57.333333333333336,1.0,0.5,22.0,932.0,154.0,0.8581952117863721,2.0,62.0,0.0
ssm,cpr,0010000100000,8,57.333333333333336,0.0,0.9333333333333332,0.0,178.0,908.0,0.16390423572744015,2.0,62.0,0.0
ssm,cpr,0010000100000,9,57.333333333333336,0.0,0.8333333333333334,0.0,180.0,906.0,0.16574585635359115,2.0,62.0,0.0
ssm,cpr,0010000100000,10,57.333333333333336,0.0,0.8333333333333334,0.0,115.0,971.0,0.10589318600368323,2.0,62.0,0.0
ssm,cpr,0010000100000,11,57.333333333333336,0.0,0.8333333333333334,0.0,95.0,991.0,0.08747697974217311,2.0,62.0,0.0
ssm,cpr,0010000100000,12,57.333333333333336,0.0,0.5,0.0,89.0,997.0,0.08195211786372007,2.0,62.0,0.0
ssm,cpr,0010001000000,0,57.333333333333336,0.0,1.0,0.0,190.0,907.0,0.17314360855604763,2.0,50.666666666666664,1.0
ssm,cpr,0010001000000,1,57.333333333333336,0.0,1.0,0.0,93.0,1004.0,0.08473923540651429,2.0,50.666666666666664,1.0
ssm,cpr,0010001000000,2,57.333333333333336,1.0,0.6333333333333333,28.666666666666668,1011.0,86.0,0.9215887639746748,2.0,50.666666666666664,1.0
ssm,cpr,0010001000000,3,57.333333333333336,0.0,0.7666666666666666,0.0,162.33333333333334,934.6666666666666,0.14814759955695775,2.0,50.666666666666664,0.0
ssm,cpr,0010001000000,4,57.333333333333336,0.0,1.0,0.0,143.33333333333334,953.6666666666666,0.13076987641886254,2.0,50.666666666666664,0.0
ssm,cpr,0010001000000,5,57.333333333333336,0.0,0.9333333333333332,0.0,148.33333333333334,948.6666666666666,0.1349665990253729,2.0,50.666666666666664,0.0
ssm,cpr,0010001000000,6,57.333333333333336,1.0,0.13333333333333333,22.0,962.6666666666666,134.33333333333334,0.8775807786813075,2.0,50.666666666666664,0.0
ssm,cpr,0010001000000,7,57.333333333333336,0.0,0.9333333333333332,0.0,167.33333333333334,929.6666666666666,0.15254346076558095,2.0,50.666666666666664,0.0
ssm,cpr,0010001000000,8,57.333333333333336,0.0,0.8333333333333334,0.0,176.66666666666666,920.3333333333334,0.1611014833357197,2.0,50.666666666666664,0.0
ssm,cpr,0010001000000,9,57.333333333333336,0.0,1.0,0.0,187.33333333333334,909.6666666666666,0.1706700108785633,2.0,50.666666666666664,0.0
ssm,cpr,0010001000000,10,57.333333333333336,0.0,0.7333333333333334,0.0,119.33333333333333,977.6666666666666,0.10872473943289934,2.0,50.666666666666664,0.0
ssm,cpr,0010001000000,11,57.333333333333336,0.0,1.0,0.0,92.66666666666667,1004.3333333333334,0.08453186793654555,2.0,50.666666666666664,0.0
ssm,cpr,0010001000000,12,57.333333333333336,0.0,0.6666666666666666,0.0,96.0,1001.0,0.0874020970446844,2.0,50.666666666666664,0.0
ssm,cpr,0010010000000,0,57.333333333333336,0.0,1.0,0.0,190.0,907.0,0.17314360855604763,2.0,50.666666666666664,1.0
ssm,cpr,0010010000000,1,57.333333333333336,0.0,0.8333333333333334,0.0,93.0,1004.0,0.08473923540651429,2.0,50.666666666666664,1.0
ssm,cpr,0010010000000,2,57.333333333333336,1.0,0.8333333333333334,28.666666666666668,1011.0,86.0,0.9215887639746748,2.0,50.666666666666664,1.0
ssm,cpr,0010010000000,3,57.333333333333336,0.0,1.0,0.0,162.33333333333334,934.6666666666666,0.14814759955695775,2.0,50.666666666666664,0.0
ssm,cpr,0010010000000,4,57.333333333333336,0.0,1.0,0.0,143.33333333333334,953.6666666666666,0.13076987641886254,2.0,50.666666666666664,0.0
ssm,cpr,0010010000000,5,57.333333333333336,1.0,0.16666666666666666,22.0,960.6666666666666,136.33333333333334,0.8759745036758352,2.0,50.666666666666664,0.0
ssm,cpr,0010010000000,6,57.333333333333336,0.0,1.0,0.0,146.33333333333334,950.6666666666666,0.1333603240199007,2.0,50.666666666666664,0.0
ssm,cpr,0010010000000,7,57.333333333333336,0.0,1.0,0.0,167.33333333333334,929.6666666666666,0.15254346076558095,2.0,50.666666666666664,0.0
ssm,cpr,0010010000000,8,57.333333333333336,0.0,0.8333333333333334,0.0,176.66666666666666,920.3333333333334,0.1611014833357197,2.0,50.666666666666664,0.0
ssm,cpr,0010010000000,9,57.333333333333336,0.0,0.7666666666666666,0.0,187.33333333333334,909.6666666666666,0.1706700108785633,2.0,50.666666666666664,0.0
ssm,cpr,0010010000000,10,57.333333333333336,0.0,0.3333333333333333,0.0,119.33333333333333,977.6666666666666,0.10872473943289934,2.0,50.666666666666664,0.0
ssm,cpr,0010010000000,11,57.333333333333336,0.0,1.0,0.0,92.66666666666667,1004.3333333333334,0.08453186793654555,2.0,50.666666666666664,0.0
ssm,cpr,0010010000000,12,57.333333333333336,0.0,0.6,0.0,96.0,1001.0,0.0874020970446844,2.0,50.666666666666664,0.0
ssm,cpr,0100000000000,0,57.333333333333336,0.0,0.18333333333333335,0.0,209.66666666666666,885.6666666666666,0.1914194691641947,1.0,98.0,1.0
ssm,cpr,0100000000000,1,57.333333333333336,1.0,0.09999999999999999,35.333333333333336,1032.6666666666667,62.666666666666664,0.9427879434278794,1.0,98.0,1.0
ssm,cpr,0100000000000,2,57.333333333333336,0.0,1.0,0.0,90.0,1005.3333333333334,0.08216567232165672,1.0,98.0,1.0
ssm,cpr,0100000000000,3,57.333333333333336,0.0,1.0,0.0,160.66666666666666,934.6666666666666,0.1466853314668533,1.0,98.0,0.0
ssm,cpr,0100000000000,4,57.333333333333336,0.0,1.0,0.0,148.33333333333334,947.0,0.13542729060427292,1.0,98.0,0.0
ssm,cpr,0100000000000,5,57.333333333333336,0.0,0.7999999999999999,7.0,163.33333333333334,932.0,0.1491100889911009,1.0,98.0,0.0
ssm,cpr,0100000000000,6,57.333333333333336,0.0,1.0,7.0,137.0,958.3333333333334,0.1250738815007388,1.0,98.0,0.0
ssm,cpr,0100000000000,7,57.333333333333336,0.0,1.0,10.333333333333334,167.66666666666666,927.6666666666666,0.15307274828072748,1.0,98.0,0.0
ssm,cpr,0100000000000,8,57.333333333333336,0.0,1.0,10.333333333333334,181.66666666666666,913.6666666666666,0.16585702540857025,1.0,98.0,0.0
ssm,cpr,0100000000000,9,57.333333333333336,0.0,0.9166666666666666,8.666666666666666,181.0,914.3333333333334,0.16524097590240974,1.0,98.0,0.0
ssm,cpr,0100000000000,10,57.333333333333336,0.0,0.8333333333333334,12.0,132.33333333333334,963.0,0.12081541845815419,1.0,98.0,0.0
ssm,cpr,0100000000000,11,57.333333333333336,0.0,0.5166666666666667,7.333333333333333,83.66666666666667,1011.6666666666666,0.07638152851381529,1.0,98.0,0.0
ssm,cpr,0100000000000,12,57.333333333333336,0.0,1.0,0.0,106.66666666666667,988.6666666666666,0.09739026097390262,1.0,98.0,0.0
ssm,cpr,0100000000010,0,57.333333333333336,0.0,0.6666666666666666,0.0,194.66666666666666,942.3333333333334,0.17126984795387304,2.0,42.666666666666664,1.0
ssm,cpr,0100000000010,1,57.333333333333336,1.0,0.5333333333333333,21.333333333333332,1058.0,79.0,0.9304539861226132,2.0,42.666666666666664,1.0
ssm,cpr,0100000000010,2,57.333333333333336,0.0,1.0,0.0,98.0,1039.0,0.08620262107622269,2.0,42.666666666666664,1.0
ssm,cpr,0100000000010,3,57.333333333333336,0.0,1.0,0.0,161.0,976.0,0.141520336500896,2.0,42.666666666666664,0.0
ssm,cpr,0100000000010,4,57.333333333333336,0.0,1.0,0.0,138.0,999.0,0.12135929143915893,2.0,42.666666666666664,0.0
ssm,cpr,0100000000010,5,57.333333333333336,0.0,0.8333333333333334,0.0,177.66666666666666,959.3333333333334,0.15628825911941446,2.0,42.666666666666664,0.0
ssm,cpr,0100000000010,6,57.333333333333336,0.0,1.0,0.0,155.66666666666666,981.3333333333334,0.1369085773729037,2.0,42.666666666666664,0.0
ssm,cpr,0100000000010,7,57.333333333333336,0.0,1.0,0.0,172.0,965.0,0.15128035970785433,2.0,42.666666666666664,0.0
ssm,cpr,0100000000010,8,57.333333333333336,0.0,1.0,0.0,171.33333333333334,965.6666666666666,0.15072669907530875,2.0,42.666666666666664,0.0
ssm,cpr,0100000000010,9,57.333333333333336,0.0,0.2333333333333333,0.0,199.33333333333334,937.6666666666666,0.17535601938280096,2.0,42.666666666666664,0.0
ssm,cpr,0100000000010,10,57.333333333333336,0.0,0.4666666666666666,0.0,130.0,1007.0,0.11433637924661605,2.0,42.666666666666664,0.0
ssm,cpr,0100000000010,11,57.333333333333336,1.0,0.3666666666666667,21.333333333333332,1061.0,76.0,0.9331489877368068,2.0,42.666666666666664,0.0
ssm,cpr,0100000000010,12,57.333333333333336,0.0,1.0,0.0,114.66666666666667,1022.3333333333334,0.10083017902733522,2.0,42.666666666666664,0.0
ssm,cpr,0100000000100,0,57.333333333333336,0.0,0.9333333333333332,0.0,190.0,907.0,0.17314360855604763,2.0,56.666666666666664,1.0
ssm,cpr,0100000000100,1,57.333333333333336,1.0,0.7999999999999999,22.0,1012.6666666666666,84.33333333333333,0.9231324995844421,2.0,56.666666666666664,1.0
ssm,cpr,0100000000100,2,57.333333333333336,0.0,1.0,0.0,94.66666666666667,1002.3333333333334,0.08628297101628164,2.0,56.666666666666664,1.0
ssm,cpr,0100000000100,3,57.333333333333336,0.0,1.0,0.0,162.33333333333334,934.6666666666666,0.14814759955695775,2.0,56.666666666666664,0.0
ssm,cpr,0100000000100,4,57.333333333333336,0.0,1.0,0.0,143.33333333333334,953.6666666666666,0.13076987641886254,2.0,56.666666666666664,0.0
ssm,cpr,0100000000100,5,57.333333333333336,0.0,0.4666666666666666,0.0,145.0,952.0,0.1318972313151212,2.0,56.666666666666664,0.0
ssm,cpr,0100000000100,6,57.333333333333336,0.0,1.0,0.0,146.33333333333334,950.6666666666666,0.1333603240199007,2.0,56.666666666666664,0.0
ssm,cpr,0100000000100,7,57.333333333333336,0.0,1.0,0.0,167.33333333333334,929.6666666666666,0.15254346076558095,2.0,56.666666666666664,0.0
ssm,cpr,0100000000100,8,57.333333333333336,0.0,1.0,0.0,176.66666666666666,920.3333333333334,0.1611014833357197,2.0,56.666666666666664,0.0
ssm,cpr,0100000000100,9,57.333333333333336,0.0,0.2333333333333333,0.0,187.33333333333334,909.6666666666666,0.1706700108785633,2.0,56.666666666666664,0.0
ssm,cpr,0100000000100,10,57.333333333333336,1.0,0.4000000000000001,34.666666666666664,986.3333333333334,110.66666666666667,0.8991469955580572,2.0,56.666666666666664,0.0
ssm,cpr,0100000000100,11,57.333333333333336,0.0,0.7333333333333334,0.0,92.66666666666667,1004.3333333333334,0.08453186793654555,2.0,56.666666666666664,0.0
ssm,cpr,0100000000100,12,57.333333333333336,0.0,0.9333333333333332,0.0,96.0,1001.0,0.0874020970446844,2.0,56.666666666666664,0.0
ssm,cpr,0100000001000,0,57.333333333333336,0.0,0.8333333333333334,0.0,190.0,907.0,0.17314360855604763,2.0,76.0,1.0
ssm,cpr,0100000001000,1,57.333333333333336,1.0,0.6666666666666666,41.333333333333336,1012.6666666666666,84.33333333333333,0.9231324995844421,2.0,76.0,1.0
ssm,cpr,0100000001000,2,57.333333333333336,0.0,1.0,0.0,94.66666666666667,1002.3333333333334,0.08628297101628164,2.0,76.0,1.0
ssm,cpr,0100000001000,3,57.333333333333336,0.0,1.0,0.0,162.33333333333334,934.6666666666666,0.14814759955695775,2.0,76.0,0.0
ssm,cpr,0100000001000,4,57.333333333333336,0.0,1.0,0.0,143.33333333333334,953.6666666666666,0.13076987641886254,2.0,76.0,0.0
ssm,cpr,0100000001000,5,57.333333333333336,0.0,0.3333333333333333,0.0,145.0,952.0,0.1318972313151212,2.0,76.0,0.0
ssm,cpr,0100000001000,6,57.333333333333336,0.0,1.0,0.0,146.33333333333334,950.6666666666666,0.1333603240199007,2.0,76.0,0.0
ssm,cpr,0100000001000,7,57.333333333333336,0.0,1.0,0.0,167.33333333333334,929.6666666666666,0.15254346076558095,2.0,76.0,0.0
ssm,cpr,0100000001000,8,57.333333333333336,0.0,1.0,0.0,176.66666666666666,920.3333333333334,0.1611014833357197,2.0,76.0,0.0
ssm,cpr,0100000001000,9,57.333333333333336,1.0,0.0,34.666666666666664,920.3333333333334,176.66666666666666,0.8390433447385441,2.0,76.0,0.0
ssm,cpr,0100000001000,10,57.333333333333336,0.0,0.0,0.0,121.33333333333333,975.6666666666666,0.11056636005905035,2.0,76.0,0.0
ssm,cpr,0100000001000,11,57.333333333333336,0.0,0.3666666666666667,0.0,92.66666666666667,1004.3333333333334,0.08453186793654555,2.0,76.0,0.0
ssm,cpr,0100000001000,12,57.333333333333336,0.0,1.0,0.0,96.0,1001.0,0.0874020970446844,2.0,76.0,0.0
ssm,cpr,0100000010000,0,57.333333333333336,0.0,0.9333333333333332,0.0,190.0,907.0,0.17314360855604763,2.0,76.66666666666667,1.0
ssm,cpr,0100000010000,1,57.333333333333336,1.0,0.3,42.0,1012.6666666666666,84.33333333333333,0.9231324995844421,2.0,76.66666666666667,1.0
ssm,cpr,0100000010000,2,57.333333333333336,0.0,1.0,0.0,94.66666666666667,1002.3333333333334,0.08628297101628164,2.0,76.66666666666667,1.0
ssm,cpr,0100000010000,3,57.333333333333336,0.0,1.0,0.0,162.33333333333334,934.6666666666666,0.14814759955695775,2.0,76.66666666666667,0.0
ssm,cpr,0100000010000,4,57.333333333333336,0.0,1.0,0.0,143.33333333333334,953.6666666666666,0.13076987641886254,2.0,76.66666666666667,0.0
ssm,cpr,0100000010000,5,57.333333333333336,0.0,0.6,0.0,145.0,952.0,0.1318972313151212,2.0,76.66666666666667,0.0
ssm,cpr,0100000010000,6,57.333333333333336,0.0,1.0,0.0,146.33333333333334,950.6666666666666,0.1333603240199007,2.0,76.66666666666667,0.0
ssm,cpr,0100000010000,7,57.333333333333336,0.0,1.0,0.0,167.33333333333334,929.6666666666666,0.15254346076558095,2.0,76.66666666666667,0.0
ssm,cpr,0100000010000,8,57.333333333333336,1.0,0.7666666666666666,34.666666666666664,929.0,168.0,0.8467702516552368,2.0,76.66666666666667,0.0
ssm,cpr,0100000010000,9,57.333333333333336,0.0,0.7999999999999999,0.0,185.33333333333334,911.6666666666666,0.16882839025241228,2.0,76.66666666666667,0.0
ssm,cpr,0100000010000,10,57.333333333333336,0.0,0.5,0.0,121.33333333333333,975.6666666666666,0.11056636005905035,2.0,76.66666666666667,0.0
ssm,cpr,0100000010000,11,57.333333333333336,0.0,0.9333333333333332,0.0,92.66666666666667,1004.3333333333334,0.08453186793654555,2.0,76.66666666666667,0.0
ssm,cpr,0100000010000,12,57.333333333333336,0.0,0.9333333333333332,0.0,96.0,1001.0,0.0874020970446844,2.0,76.66666666666667,0.0
ssm,cpr,0100000100000,0,57.333333333333336,0.0,0.6666666666666666,0.0,185.0,901.0,0.17034990791896867,2.0,82.0,1.0
ssm,cpr,0100000100000,1,57.333333333333336,1.0,0.0,40.0,1003.0,83.0,0.923572744014733,2.0,82.0,1.0
ssm,cpr,0100000100000,2,57.333333333333336,0.0,1.0,0.0,93.0,993.0,0.0856353591160221,2.0,82.0,1.0
ssm,cpr,0100000100000,3,57.333333333333336,0.0,1.0,0.0,170.0,916.0,0.15653775322283608,2.0,82.0,0.0
ssm,cpr,0100000100000,4,57.333333333333336,0.0,1.0,0.0,148.0,938.0,0.13627992633517497,2.0,82.0,0.0
ssm,cpr,0100000100000,5,57.333333333333336,0.0,1.0,0.0,128.0,958.0,0.11786372007366482,2.0,82.0,0.0
ssm,cpr,0100000100000,6,57.333333333333336,0.0,1.0,0.0,143.0,943.0,0.13167587476979742,2.0,82.0,0.0
ssm,cpr,0100000100000,7,57.333333333333336,1.0,1.0,42.0,925.0,161.0,0.8517495395948435,2.0,82.0,0.0
ssm,cpr,0100000100000,8,57.333333333333336,0.0,0.6666666666666666,0.0,176.0,910.0,0.16206261510128914,2.0,82.0,0.0
ssm,cpr,0100000100000,9,57.333333333333336,0.0,0.9333333333333332,0.0,177.0,909.0,0.16298342541436464,2.0,82.0,0.0
ssm,cpr,0100000100000,10,57.333333333333336,0.0,0.7333333333333334,0.0,118.0,968.0,0.10865561694290976,2.0,82.0,0.0
ssm,cpr,0100000100000,11,57.333333333333336,0.0,0.6,0.0,95.0,991.0,0.08747697974217311,2.0,82.0,0.0
ssm,cpr,0100000100000,12,57.333333333333336,0.0,0.6666666666666666,0.0,89.0,997.0,0.08195211786372007,2.0,82.0,0.0
ssm,cpr,0100001000000,0,57.333333333333336,0.0,0.9333333333333332,0.0,192.0,870.0,0.1807909604519774,2.0,44.0,1.0
ssm,cpr,0100001000000,1,57.333333333333336,1.0,0.0,22.0,985.0,77.0,0.9274952919020715,2.0,44.0,1.0
ssm,cpr,0100001000000,2,57.333333333333336,0.0,1.0,0.0,68.0,994.0,0.064030131826742,2.0,44.0,1.0
ssm,cpr,0100001000000,3,57.333333333333336,0.0,1.0,0.0,177.0,885.0,0.16666666666666666,2.0,44.0,0.0
ssm,cpr,0100001000000,4,57.333333333333336,0.0,1.0,0.0,148.0,914.0,0.1393596986817326,2.0,44.0,0.0
ssm,cpr,0100001000000,5,57.333333333333336,0.0,0.7666666666666666,0.0,166.0,896.0,0.15630885122410546,2.0,44.0,0.0
ssm,cpr,0100001000000,6,57.333333333333336,1.0,1.0,22.0,929.0,133.0,0.8747645951035782,2.0,44.0,0.0
ssm,cpr,0100001000000,7,57.333333333333336,0.0,1.0,0.0,170.0,892.0,0.160075329566855,2.0,44.0,0.0
ssm,cpr,0100001000000,8,57.333333333333336,0.0,1.0,0.0,176.0,886.0,0.1657250470809793,2.0,44.0,0.0
ssm,cpr,0100001000000,9,57.333333333333336,0.0,0.6666666666666666,0.0,208.0,854.0,0.19585687382297548,2.0,44.0,0.0
ssm,cpr,0100001000000,10,57.333333333333336,0.0,0.5333333333333333,0.0,108.0,954.0,0.1016949152542373,2.0,44.0,0.0
ssm,cpr,0100001000000,11,57.333333333333336,0.0,0.9333333333333332,0.0,83.0,979.0,0.07815442561205273,2.0,44.0,0.0
ssm,cpr,0100001000000,12,57.333333333333336,0.0,0.9333333333333332,0.0,100.0,962.0,0.09416195856873823,2.0,44.0,0.0
ssm,cpr,0100010000000,0,57.333333333333336,0.0,0.8666666666666667,0.0,192.0,870.0,0.1807909604519774,2.0,42.0,1.0
ssm,cpr,0100010000000,1,57.333333333333336,1.0,0.6,20.0,985.0,77.0,0.9274952919020715,2.0,42.0,1.0
ssm,cpr,0100010000000,2,57.333333333333336,0.0,1.0,0.0,68.0,994.0,0.064030131826742,2.0,42.0,1.0
ssm,cpr,0100010000000,3,57.333333333333336,0.0,1.0,0.0,177.0,885.0,0.16666666666666666,2.0,42.0,0.0
ssm,cpr,0100010000000,4,57.333333333333336,0.0,1.0,0.0,148.0,914.0,0.1393596986817326,2.0,42.0,0.0
ssm,cpr,0100010000000,5,57.333333333333336,1.0,0.8666666666666667,22.0,908.0,154.0,0.8549905838041432,2.0,42.0,0.0
ssm,cpr,0100010000000,6,57.333333333333336,0.0,1.0,0.0,145.0,917.0,0.13653483992467044,2.0,42.0,0.0
ssm,cpr,0100010000000,7,57.333333333333336,0.0,1.0,0.0,170.0,892.0,0.160075329566855,2.0,42.0,0.0
ssm,cpr,0100010000000,8,57.333333333333336,0.0,0.9333333333333332,0.0,176.0,886.0,0.1657250470809793,2.0,42.0,0.0
ssm,cpr,0100010000000,9,57.333333333333336,0.0,0.7999999999999999,0.0,208.0,854.0,0.19585687382297548,2.0,42.0,0.0
ssm,cpr,0100010000000,10,57.333333333333336,0.0,0.5,0.0,108.0,954.0,0.1016949152542373,2.0,42.0,0.0
ssm,cpr,0100010000000,11,57.333333333333336,0.0,0.8666666666666667,0.0,83.0,979.0,0.07815442561205273,2.0,42.0,0.0
ssm,cpr,0100010000000,12,57.333333333333336,0.0,1.0,0.0,100.0,962.0,0.09416195856873823,2.0,42.0,0.0
ssm,cpr,1000000000000,0,57.333333333333336,1.0,0.0,2.0,856.0,164.0,0.8392156862745098,1.0,102.0,1.0
ssm,cpr,1000000000000,1,57.333333333333336,0.0,0.7333333333333334,0.0,95.0,925.0,0.09313725490196079,1.0,102.0,1.0
ssm,cpr,1000000000000,2,57.333333333333336,0.0,1.0,0.0,99.0,921.0,0.09705882352941177,1.0,102.0,1.0
ssm,cpr,1000000000000,3,57.333333333333336,0.0,0.9500000000000001,12.0,172.0,848.0,0.16862745098039214,1.0,102.0,0.0
ssm,cpr,1000000000000,4,57.333333333333336,0.0,1.0,7.0,153.0,867.0,0.15,1.0,102.0,0.0
ssm,cpr,1000000000000,5,57.333333333333336,0.0,0.9833333333333334,7.0,166.0,854.0,0.1627450980392157,1.0,102.0,0.0
ssm,cpr,1000000000000,6,57.333333333333336,0.0,1.0,12.0,132.0,888.0,0.12941176470588237,1.0,102.0,0.0
ssm,cpr,1000000000000,7,57.333333333333336,0.0,1.0,12.0,157.0,863.0,0.153921568627451,1.0,102.0,0.0
ssm,cpr,1000000000000,8,57.333333333333336,0.0,1.0,12.0,154.0,866.0,0.15098039215686274,1.0,102.0,0.0
ssm,cpr,1000000000000,9,57.333333333333336,0.0,0.9500000000000001,7.0,185.0,835.0,0.18137254901960784,1.0,102.0,0.0
ssm,cpr,1000000000000,10,57.333333333333336,0.0,0.8833333333333333,12.0,120.0,900.0,0.1176470588235294,1.0,102.0,0.0
ssm,cpr,1000000000000,11,57.333333333333336,0.0,0.5833333333333334,12.0,85.0,935.0,0.08333333333333333,1.0,102.0,0.0
ssm,cpr,1000000000000,12,57.333333333333336,0.0,1.0,7.0,110.0,910.0,0.10784313725490197,1.0,102.0,0.0
ssm,cpr,1000000000001,0,57.333333333333336,1.0,0.5333333333333333,22.0,882.0,180.0,0.8305084745762712,2.0,44.0,1.0
ssm,cpr,1000000000001,1,57.333333333333336,0.0,0.8666666666666667,0.0,89.0,973.0,0.08380414312617702,2.0,44.0,1.0
ssm,cpr,1000000000001,2,57.333333333333336,0.0,1.0,0.0,68.0,994.0,0.064030131826742,2.0,44.0,1.0
ssm,cpr,1000000000001,3,57.333333333333336,0.0,1.0,0.0,177.0,885.0,0.16666666666666666,2.0,44.0,0.0
ssm,cpr,1000000000001,4,57.333333333333336,0.0,1.0,0.0,148.0,914.0,0.1393596986817326,2.0,44.0,0.0
ssm,cpr,1000000000001,5,57.333333333333336,0.0,0.43333333333333335,0.0,166.0,896.0,0.15630885122410546,2.0,44.0,0.0
ssm,cpr,1000000000001,6,57.333333333333336,0.0,1.0,0.0,145.0,917.0,0.13653483992467044,2.0,44.0,0.0
ssm,cpr,1000000000001,7,57.333333333333336,0.0,1.0,0.0,170.0,892.0,0.160075329566855,2.0,44.0,0.0
ssm,cpr,1000000000001,8,57.333333333333336,0.0,1.0,0.0,176.0,886.0,0.1657250470809793,2.0,44.0,0.0
ssm,cpr,1000000000001,9,57.333333333333336,0.0,0.7333333333333334,0.0,208.0,854.0,0.19585687382297548,2.0,44.0,0.0
ssm,cpr,1000000000001,10,57.333333333333336,0.0,0.6333333333333333,0.0,108.0,954.0,0.1016949152542373,2.0,44.0,0.0
ssm,cpr,1000000000001,11,57.333333333333336,0.0,0.8333333333333334,0.0,83.0,979.0,0.07815442561205273,2.0,44.0,0.0
ssm,cpr,1000000000001,12,57.333333333333336,1.0,0.06666666666666667,22.0,974.0,88.0,0.9171374764595104,2.0,44.0,0.0
ssm,cpr,1000000000010,0,57.333333333333336,1.0,0.7999999999999999,22.0,882.0,180.0,0.8305084745762712,2.0,52.0,1.0
ssm,cpr,1000000000010,1,57.333333333333336,0.0,0.6333333333333333,0.0,89.0,973.0,0.08380414312617702,2.0,52.0,1.0
ssm,cpr,1000000000010,2,57.333333333333336,0.0,1.0,0.0,68.0,994.0,0.064030131826742,2.0,52.0,1.0
ssm,cpr,1000000000010,3,57.333333333333336,0.0,1.0,0.0,177.0,885.0,0.16666666666666666,2.0,52.0,0.0
ssm,cpr,1000000000010,4,57.333333333333336,0.0,1.0,0.0,148.0,914.0,0.1393596986817326,2.0,52.0,0.0
ssm,cpr,1000000000010,5,57.333333333333336,0.0,0.6333333333333333,0.0,166.0,896.0,0.15630885122410546,2.0,52.0,0.0
ssm,cpr,1000000000010,6,57.333333333333336,0.0,1.0,0.0,145.0,917.0,0.13653483992467044,2.0,52.0,0.0
ssm,cpr,1000000000010,7,57.333333333333336,0.0,1.0,8.0,170.0,892.0,0.160075329566855,2.0,52.0,0.0
ssm,cpr,1000000000010,8,57.333333333333336,0.0,1.0,0.0,176.0,886.0,0.1657250470809793,2.0,52.0,0.0
ssm,cpr,1000000000010,9,57.333333333333336,0.0,0.3333333333333333,0.0,208.0,854.0,0.19585687382297548,2.0,52.0,0.0
ssm,cpr,1000000000010,10,57.333333333333336,0.0,0.6333333333333333,0.0,108.0,954.0,0.1016949152542373,2.0,52.0,0.0
ssm,cpr,1000000000010,11,57.333333333333336,1.0,0.0,22.0,991.0,71.0,0.9331450094161958,2.0,52.0,0.0
ssm,cpr,1000000000010,12,57.333333333333336,0.0,1.0,0.0,100.0,962.0,0.09416195856873823,2.0,52.0,0.0
ssm,cpr,1000000000100,0,57.333333333333336,1.0,0.6666666666666666,22.0,882.0,180.0,0.8305084745762712,2.0,44.0,1.0
ssm,cpr,1000000000100,1,57.333333333333336,0.0,0.6666666666666666,0.0,89.0,973.0,0.08380414312617702,2.0,44.0,1.0
ssm,cpr,1000000000100,2,57.333333333333336,0.0,1.0,0.0,68.0,994.0,0.064030131826742,2.0,44.0,1.0
ssm,cpr,1000000000100,3,57.333333333333336,0.0,1.0,0.0,177.0,885.0,0.16666666666666666,2.0,44.0,0.0
ssm,cpr,1000000000100,4,57.333333333333336,0.0,1.0,0.0,148.0,914.0,0.1393596986817326,2.0,44.0,0.0
ssm,cpr,1000000000100,5,57.333333333333336,0.0,0.7999999999999999,0.0,166.0,896.0,0.15630885122410546,2.0,44.0,0.0
ssm,cpr,1000000000100,6,57.333333333333336,0.0,1.0,0.0,145.0,917.0,0.13653483992467044,2.0,44.0,0.0
ssm,cpr,1000000000100,7,57.333333333333336,0.0,1.0,0.0,170.0,892.0,0.160075329566855,2.0,44.0,0.0
ssm,cpr,1000000000100,8,57.333333333333336,0.0,1.0,0.0,176.0,886.0,0.1657250470809793,2.0,44.0,0.0
ssm,cpr,1000000000100,9,57.333333333333336,0.0,0.6,0.0,208.0,854.0,0.19585687382297548,2.0,44.0,0.0
ssm,cpr,1000000000100,10,57.333333333333336,1.0,0.26666666666666666,22.0,966.0,96.0,0.9096045197740112,2.0,44.0,0.0
ssm,cpr,1000000000100,11,57.333333333333336,0.0,0.6,0.0,83.0,979.0,0.07815442561205273,2.0,44.0,0.0
ssm,cpr,1000000000100,12,57.333333333333336,0.0,0.8333333333333334,0.0,100.0,962.0,0.09416195856873823,2.0,44.0,0.0
ssm,cpr,1000000001000,0,57.333333333333336,1.0,0.5333333333333333,42.0,882.0,180.0,0.8305084745762712,2.0,80.0,1.0
ssm,cpr,1000000001000,1,57.333333333333336,0.0,0.9333333333333332,0.0,89.0,973.0,0.08380414312617702,2.0,80.0,1.0
ssm,cpr,1000000001000,2,57.333333333333336,0.0,0.6666666666666666,0.0,68.0,994.0,0.064030131826742,2.0,80.0,1.0
ssm,cpr,1000000001000,3,57.333333333333336,0.0,1.0,8.0,177.0,885.0,0.16666666666666666,2.0,80.0,0.0
ssm,cpr,1000000001000,4,57.333333333333336,0.0,1.0,0.0,148.0,914.0,0.1393596986817326,2.0,80.0,0.0
ssm,cpr,1000000001000,5,57.333333333333336,0.0,1.0,0.0,166.0,896.0,0.15630885122410546,2.0,80.0,0.0
ssm,cpr,1000000001000,6,57.333333333333336,0.0,1.0,0.0,145.0,917.0,0.13653483992467044,2.0,80.0,0.0
ssm,cpr,1000000001000,7,57.333333333333336,0.0,1.0,8.0,170.0,892.0,0.160075329566855,2.0,80.0,0.0
ssm,cpr,1000000001000,8,57.333333333333336,0.0,1.0,0.0,176.0,886.0,0.1657250470809793,2.0,80.0,0.0
ssm,cpr,1000000001000,9,57.333333333333336,1.0,0.20000000000000004,22.0,866.0,196.0,0.815442561205273,2.0,80.0,0.0
ssm,cpr,1000000001000,10,57.333333333333336,0.0,0.20000000000000004,0.0,108.0,954.0,0.1016949152542373,2.0,80.0,0.0
ssm,cpr,1000000001000,11,57.333333333333336,0.0,0.6,0.0,83.0,979.0,0.07815442561205273,2.0,80.0,0.0
ssm,cpr,1000000001000,12,57.333333333333336,0.0,0.8333333333333334,0.0,100.0,962.0,0.09416195856873823,2.0,80.0,0.0
ssm,cpr,1000000010000,0,57.333333333333336,1.0,0.13333333333333333,42.0,882.0,180.0,0.8305084745762712,2.0,72.0,1.0
ssm,cpr,1000000010000,1,57.333333333333336,0.0,0.7000000000000001,0.0,89.0,973.0,0.08380414312617702,2.0,72.0,1.0
ssm,cpr,1000000010000,2,57.333333333333336,0.0,0.6666666666666666,0.0,68.0,994.0,0.064030131826742,2.0,72.0,1.0
ssm,cpr,1000000010000,3,57.333333333333336,0.0,0.9333333333333332,8.0,177.0,885.0,0.16666666666666666,2.0,72.0,0.0
ssm,cpr,1000000010000,4,57.333333333333336,0.0,1.0,0.0,148.0,914.0,0.1393596986817326,2.0,72.0,0.0
ssm,cpr,1000000010000,5,57.333333333333336,0.0,1.0,0.0,166.0,896.0,0.15630885122410546,2.0,72.0,0.0
ssm,cpr,1000000010000,6,57.333333333333336,0.0,1.0,0.0,145.0,917.0,0.13653483992467044,2.0,72.0,0.0
ssm,cpr,1000000010000,7,57.333333333333336,0.0,1.0,0.0,170.0,892.0,0.160075329566855,2.0,72.0,0.0
ssm,cpr,1000000010000,8,57.333333333333336,1.0,1.0,22.0,898.0,164.0,0.8455743879472694,2.0,72.0,0.0
ssm,cpr,1000000010000,9,57.333333333333336,0.0,0.6,0.0,208.0,854.0,0.19585687382297548,2.0,72.0,0.0
ssm,cpr,1000000010000,10,57.333333333333336,0.0,1.0,0.0,108.0,954.0,0.1016949152542373,2.0,72.0,0.0
ssm,cpr,1000000010000,11,57.333333333333336,0.0,1.0,0.0,83.0,979.0,0.07815442561205273,2.0,72.0,0.0
ssm,cpr,1000000010000,12,57.333333333333336,0.0,1.0,0.0,100.0,962.0,0.09416195856873823,2.0,72.0,0.0
ssm,cpr,1000000100000,0,57.333333333333336,1.0,0.0,42.0,882.0,180.0,0.8305084745762712,2.0,80.0,1.0
ssm,cpr,1000000100000,1,57.333333333333336,0.0,0.6666666666666666,0.0,89.0,973.0,0.08380414312617702,2.0,80.0,1.0
ssm,cpr,1000000100000,2,57.333333333333336,0.0,1.0,0.0,68.0,994.0,0.064030131826742,2.0,80.0,1.0
ssm,cpr,1000000100000,3,57.333333333333336,0.0,1.0,0.0,177.0,885.0,0.16666666666666666,2.0,80.0,0.0
ssm,cpr,1000000100000,4,57.333333333333336,0.0,1.0,0.0,148.0,914.0,0.1393596986817326,2.0,80.0,0.0
ssm,cpr,1000000100000,5,57.333333333333336,0.0,0.8666666666666667,0.0,166.0,896.0,0.15630885122410546,2.0,80.0,0.0
ssm,cpr,1000000100000,6,57.333333333333336,0.0,1.0,0.0,145.0,917.0,0.13653483992467044,2.0,80.0,0.0
ssm,cpr,1000000100000,7,57.333333333333336,1.0,1.0,22.0,904.0,158.0,0.8512241054613936,2.0,80.0,0.0
ssm,cpr,1000000100000,8,57.333333333333336,0.0,1.0,0.0,176.0,886.0,0.1657250470809793,2.0,80.0,0.0
ssm,cpr,1000000100000,9,57.333333333333336,0.0,0.6333333333333333,8.0,208.0,854.0,0.19585687382297548,2.0,80.0,0.0
ssm,cpr,1000000100000,10,57.333333333333336,0.0,1.0,0.0,108.0,954.0,0.1016949152542373,2.0,80.0,0.0
ssm,cpr,1000000100000,11,57.333333333333336,0.0,0.8666666666666667,8.0,83.0,979.0,0.07815442561205273,2.0,80.0,0.0
ssm,cpr,1000000100000,12,57.333333333333336,0.0,0.8333333333333334,0.0,100.0,962.0,0.09416195856873823,2.0,80.0,0.0
ssm,cpr,1000001000000,0,57.333333333333336,1.0,0.06666666666666667,22.0,882.0,180.0,0.8305084745762712,2.0,44.0,1.0
ssm,cpr,1000001000000,1,57.333333333333336,0.0,0.7999999999999999,0.0,89.0,973.0,0.08380414312617702,2.0,44.0,1.0
ssm,cpr,1000001000000,2,57.333333333333336,0.0,1.0,0.0,68.0,994.0,0.064030131826742,2.0,44.0,1.0
ssm,cpr,1000001000000,3,57.333333333333336,0.0,1.0,0.0,177.0,885.0,0.16666666666666666,2.0,44.0,0.0
ssm,cpr,1000001000000,4,57.333333333333336,0.0,1.0,0.0,148.0,914.0,0.1393596986817326,2.0,44.0,0.0
ssm,cpr,1000001000000,5,57.333333333333336,0.0,1.0,0.0,166.0,896.0,0.15630885122410546,2.0,44.0,0.0
ssm,cpr,1000001000000,6,57.333333333333336,1.0,1.0,22.0,924.0,138.0,0.8700564971751413,2.0,44.0,0.0
ssm,cpr,1000001000000,7,57.333333333333336,0.0,1.0,0.0,165.0,897.0,0.1553672316384181,2.0,44.0,0.0
ssm,cpr,1000001000000,8,57.333333333333336,0.0,1.0,0.0,176.0,886.0,0.1657250470809793,2.0,44.0,0.0
ssm,cpr,1000001000000,9,57.333333333333336,0.0,1.0,0.0,208.0,854.0,0.19585687382297548,2.0,44.0,0.0
ssm,cpr,1000001000000,10,57.333333333333336,0.0,0.7333333333333334,0.0,108.0,954.0,0.1016949152542373,2.0,44.0,0.0
ssm,cpr,1000001000000,11,57.333333333333336,0.0,0.9333333333333332,0.0,83.0,979.0,0.07815442561205273,2.0,44.0,0.0
ssm,cpr,1000001000000,12,57.333333333333336,0.0,0.8666666666666667,0.0,100.0,962.0,0.09416195856873823,2.0,44.0,0.0
ssm,cpr,1000010000000,0,57.333333333333336,1.0,0.6666666666666666,20.0,882.0,180.0,0.8305084745762712,2.0,58.0,1.0
ssm,cpr,1000010000000,1,57.333333333333336,0.0,0.7333333333333334,0.0,89.0,973.0,0.08380414312617702,2.0,58.0,1.0
ssm,cpr,1000010000000,2,57.333333333333336,0.0,1.0,0.0,68.0,994.0,0.064030131826742,2.0,58.0,1.0
ssm,cpr,1000010000000,3,57.333333333333336,0.0,1.0,8.0,177.0,885.0,0.16666666666666666,2.0,58.0,0.0
ssm,cpr,1000010000000,4,57.333333333333336,0.0,1.0,8.0,148.0,914.0,0.1393596986817326,2.0,58.0,0.0
ssm,cpr,1000010000000,5,57.333333333333336,1.0,0.7333333333333334,22.0,906.0,156.0,0.8531073446327685,2.0,58.0,0.0
ssm,cpr,1000010000000,6,57.333333333333336,0.0,1.0,0.0,148.0,914.0,0.1393596986817326,2.0,58.0,0.0
ssm,cpr,1000010000000,7,57.333333333333336,0.0,1.0,0.0,165.0,897.0,0.1553672316384181,2.0,58.0,0.0
ssm,cpr,1000010000000,8,57.333333333333336,0.0,1.0,0.0,176.0,886.0,0.1657250470809793,2.0,58.0,0.0
ssm,cpr,1000010000000,9,57.333333333333336,0.0,0.6,0.0,208.0,854.0,0.19585687382297548,2.0,58.0,0.0
ssm,cpr,1000010000000,10,57.333333333333336,0.0,0.39999999999999997,0.0,108.0,954.0,0.1016949152542373,2.0,58.0,0.0
ssm,cpr,1000010000000,11,57.333333333333336,0.0,0.6,0.0,83.0,979.0,0.07815442561205273,2.0,58.0,0.0
ssm,cpr,1000010000000,12,57.333333333333336,0.0,0.9333333333333332,0.0,100.0,962.0,0.09416195856873823,2.0,58.0,0.0
ssm,cpr,1000100000000,0,57.333333333333336,1.0,0.6,42.0,882.0,180.0,0.8305084745762712,2.0,72.0,1.0
ssm,cpr,1000100000000,1,57.333333333333336,0.0,1.0,0.0,89.0,973.0,0.08380414312617702,2.0,72.0,1.0
ssm,cpr,1000100000000,2,57.333333333333336,0.0,1.0,0.0,68.0,994.0,0.064030131826742,2.0,72.0,1.0
ssm,cpr,1000100000000,3,57.333333333333336,0.0,1.0,0.0,177.0,885.0,0.16666666666666666,2.0,72.0,0.0
ssm,cpr,1000100000000,4,57.333333333333336,1.0,1.0,22.0,919.0,143.0,0.8653483992467045,2.0,72.0,0.0
ssm,cpr,1000100000000,5,57.333333333333336,0.0,1.0,8.0,161.0,901.0,0.15160075329566855,2.0,72.0,0.0
ssm,cpr,1000100000000,6,57.333333333333336,0.0,1.0,0.0,148.0,914.0,0.1393596986817326,2.0,72.0,0.0
ssm,cpr,1000100000000,7,57.333333333333336,0.0,1.0,0.0,165.0,897.0,0.1553672316384181,2.0,72.0,0.0
ssm,cpr,1000100000000,8,57.333333333333336,0.0,0.8333333333333334,0.0,176.0,886.0,0.1657250470809793,2.0,72.0,0.0
ssm,cpr,1000100000000,9,57.333333333333336,0.0,0.8333333333333334,0.0,208.0,854.0,0.19585687382297548,2.0,72.0,0.0
ssm,cpr,1000100000000,10,57.333333333333336,0.0,0.6666666666666666,0.0,108.0,954.0,0.1016949152542373,2.0,72.0,0.0
ssm,cpr,1000100000000,11,57.333333333333336,0.0,1.0,0.0,83.0,979.0,0.07815442561205273,2.0,72.0,0.0
ssm,cpr,1000100000000,12,57.333333333333336,0.0,1.0,0.0,100.0,962.0,0.09416195856873823,2.0,72.0,0.0
ssm,cpr,1001000000000,0,57.333333333333336,1.0,0.5333333333333333,42.0,882.0,180.0,0.8305084745762712,2.0,88.0,1.0
ssm,cpr,1001000000000,1,57.333333333333336,0.0,1.0,0.0,89.0,973.0,0.08380414312617702,2.0,88.0,1.0
ssm,cpr,1001000000000,2,57.333333333333336,0.0,1.0,0.0,68.0,994.0,0.064030131826742,2.0,88.0,1.0
ssm,cpr,1001000000000,3,57.333333333333336,1.0,1.0,22.0,897.0,165.0,0.8446327683615819,2.0,88.0,0.0
ssm,cpr,1001000000000,4,57.333333333333336,0.0,0.8333333333333334,0.0,155.0,907.0,0.14595103578154425,2.0,88.0,0.0
ssm,cpr,1001000000000,5,57.333333333333336,0.0,0.9333333333333332,8.0,161.0,901.0,0.15160075329566855,2.0,88.0,0.0
ssm,cpr,1001000000000,6,57.333333333333336,0.0,1.0,0.0,148.0,914.0,0.1393596986817326,2.0,88.0,0.0
ssm,cpr,1001000000000,7,57.333333333333336,0.0,1.0,0.0,165.0,897.0,0.1553672316384181,2.0,88.0,0.0
ssm,cpr,1001000000000,8,57.333333333333336,0.0,0.6666666666666666,8.0,176.0,886.0,0.1657250470809793,2.0,88.0,0.0
ssm,cpr,1001000000000,9,57.333333333333336,0.0,1.0,8.0,208.0,854.0,0.19585687382297548,2.0,88.0,0.0
ssm,cpr,1001000000000,10,57.333333333333336,0.0,1.0,0.0,108.0,954.0,0.1016949152542373,2.0,88.0,0.0
ssm,cpr,1001000000000,11,57.333333333333336,0.0,1.0,0.0,83.0,979.0,0.07815442561205273,2.0,88.0,0.0
ssm,cpr,1001000000000,12,57.333333333333336,0.0,1.0,0.0,100.0,962.0,0.09416195856873823,2.0,88.0,0.0
stgcn,cpr,0000000000001,0,57.333333333333336,0.0,0.65,12.0,201.33333333333334,861.6666666666666,0.18944171110023125,1.0,111.0,1.0
stgcn,cpr,0000000000001,1,57.333333333333336,0.0,0.5499999999999999,0.0,74.66666666666667,988.3333333333334,0.07024471679789394,1.0,111.0,1.0
stgcn,cpr,0000000000001,2,57.333333333333336,0.0,1.0,12.0,93.66666666666667,969.3333333333334,0.08813496745403032,1.0,111.0,1.0
stgcn,cpr,0000000000001,3,57.333333333333336,0.0,1.0,6.333333333333333,167.33333333333334,895.6666666666666,0.15732469364695895,1.0,111.0,0.0
stgcn,cpr,0000000000001,4,57.333333333333336,0.0,1.0,10.333333333333334,141.66666666666666,921.3333333333334,0.13326680560794837,1.0,111.0,0.0
stgcn,cpr,0000000000001,5,57.333333333333336,0.0,0.5,0.0,144.66666666666666,918.3333333333334,0.1361749411639855,1.0,111.0,0.0
stgcn,cpr,0000000000001,6,57.333333333333336,0.0,1.0,10.0,146.0,917.0,0.13736280886120764,1.0,111.0,0.0
stgcn,cpr,0000000000001,7,57.333333333333336,0.0,1.0,9.666666666666666,150.33333333333334,912.6666666666666,0.1415444242007532,1.0,111.0,0.0
stgcn,cpr,0000000000001,8,57.333333333333336,0.0,0.6666666666666666,0.0,180.66666666666666,882.3333333333334,0.16997387939575703,1.0,111.0,0.0
stgcn,cpr,0000000000001,9,57.333333333333336,0.0,0.6,8.666666666666666,180.66666666666666,882.3333333333334,0.16995961071470933,1.0,111.0,0.0
stgcn,cpr,0000000000001,10,57.333333333333336,0.0,1.0,0.0,131.66666666666666,931.3333333333334,0.12385839404211223,1.0,111.0,0.0
stgcn,cpr,0000000000001,11,57.333333333333336,0.0,0.11666666666666665,0.0,79.0,984.0,0.07438352609429637,1.0,111.0,0.0
stgcn,cpr,0000000000001,12,57.333333333333336,1.0,0.0,42.0,991.3333333333334,71.66666666666667,0.932577806671857,1.0,111.0,0.0
stgcn,cpr,0000000000010,0,57.333333333333336,0.0,0.06666666666666667,7.0,195.0,856.0,0.18553758325404376,1.0,99.0,1.0
stgcn,cpr,0000000000010,1,57.333333333333336,0.0,1.0,12.0,92.0,959.0,0.08753568030447194,1.0,99.0,1.0
stgcn,cpr,0000000000010,2,57.333333333333336,0.0,1.0,0.0,95.0,956.0,0.09039010466222645,1.0,99.0,1.0
stgcn,cpr,0000000000010,3,57.333333333333336,0.0,1.0,0.0,180.0,871.0,0.1712654614652712,1.0,99.0,0.0
stgcn,cpr,0000000000010,4,57.333333333333336,0.0,1.0,0.0,151.0,900.0,0.14367269267364416,1.0,99.0,0.0
stgcn,cpr,0000000000010,5,57.333333333333336,0.0,0.9833333333333334,7.0,165.0,886.0,0.15699333967649856,1.0,99.0,0.0
stgcn,cpr,0000000000010,6,57.333333333333336,0.0,0.6666666666666666,12.0,138.0,913.0,0.1313035204567079,1.0,99.0,0.0
stgcn,cpr,0000000000010,7,57.333333333333336,0.0,1.0,12.0,157.0,894.0,0.1493815413891532,1.0,99.0,0.0
stgcn,cpr,0000000000010,8,57.333333333333336,0.0,0.6666666666666666,0.0,148.0,903.0,0.14081826831588962,1.0,99.0,0.0
stgcn,cpr,0000000000010,9,57.333333333333336,0.0,0.0,7.0,165.0,886.0,0.15699333967649856,1.0,99.0,0.0
stgcn,cpr,0000000000010,10,57.333333333333336,0.0,1.0,0.0,135.0,916.0,0.12844909609895339,1.0,99.0,0.0
stgcn,cpr,0000000000010,11,57.333333333333336,1.0,0.4666666666666666,42.0,994.0,57.0,0.9457659372026641,1.0,99.0,0.0
stgcn,cpr,0000000000010,12,57.333333333333336,0.0,1.0,0.0,102.0,949.0,0.09705042816365367,1.0,99.0,0.0
stgcn,cpr,0000000000100,0,57.333333333333336,0.0,0.8166666666666668,12.0,207.0,840.0,0.19770773638968478,1.0,138.0,1.0
stgcn,cpr,0000000000100,1,57.333333333333336,0.0,0.65,10.0,94.0,953.0,0.0897803247373448,1.0,138.0,1.0
stgcn,cpr,0000000000100,2,57.333333333333336,0.0,1.0,12.0,63.0,984.0,0.06017191977077364,1.0,138.0,1.0
stgcn,cpr,0000000000100,3,57.333333333333336,0.0,1.0,12.0,162.0,885.0,0.15472779369627507,1.0,138.0,0.0
stgcn,cpr,0000000000100,4,57.333333333333336,0.0,1.0,12.0,145.0,902.0,0.1384909264565425,1.0,138.0,0.0
stgcn,cpr,0000000000100,5,57.333333333333336,0.0,1.0,7.0,166.0,881.0,0.15854823304680038,1.0,138.0,0.0
stgcn,cpr,0000000000100,6,57.333333333333336,0.0,1.0,12.0,138.0,909.0,0.1318051575931232,1.0,138.0,0.0
stgcn,cpr,0000000000100,7,57.333333333333336,0.0,1.0,7.0,165.0,882.0,0.15759312320916904,1.0,138.0,0.0
stgcn,cpr,0000000000100,8,57.333333333333336,0.0,1.0,5.0,176.0,871.0,0.16809933142311365,1.0,138.0,0.0
stgcn,cpr,0000000000100,9,57.333333333333336,0.0,0.03333333333333333,7.0,203.0,844.0,0.1938872970391595,1.0,138.0,0.0
stgcn,cpr,0000000000100,10,57.333333333333336,1.0,0.08333333333333333,42.0,951.0,96.0,0.9083094555873924,1.0,138.0,0.0
stgcn,cpr,0000000000100,11,57.333333333333336,0.0,0.3333333333333333,0.0,88.0,959.0,0.08404966571155682,1.0,138.0,0.0
stgcn,cpr,0000000000100,12,57.333333333333336,0.0,1.0,0.0,95.0,952.0,0.09073543457497613,1.0,138.0,0.0
stgcn,cpr,0000000001000,0,57.333333333333336,0.0,0.8333333333333334,12.0,214.0,875.0,0.19651056014692378,1.0,153.0,1.0
stgcn,cpr,0000000001000,1,57.333333333333336,0.0,1.0,7.0,87.0,1002.0,0.07988980716253444,1.0,153.0,1.0
stgcn,cpr,0000000001000,2,57.333333333333336,0.0,1.0,6.0,74.0,1015.0,0.06795224977043159,1.0,153.0,1.0
stgcn,cpr,0000000001000,3,57.333333333333336,0.0,0.7999999999999999,9.0,169.0,920.0,0.155188246097337,1.0,153.0,0.0
stgcn,cpr,0000000001000,4,57.333333333333336,0.0,1.0,12.0,155.0,934.0,0.1423324150596878,1.0,153.0,0.0
stgcn,cpr,0000000001000,5,57.333333333333336,0.0,1.0,12.0,176.0,913.0,0.16161616161616163,1.0,153.0,0.0
stgcn,cpr,0000000001000,6,57.333333333333336,0.0,1.0,12.0,158.0,931.0,0.14508723599632692,1.0,153.0,0.0
stgcn,cpr,0000000001000,7,57.333333333333336,0.0,1.0,12.0,154.0,935.0,0.1414141414141414,1.0,153.0,0.0
stgcn,cpr,0000000001000,8,57.333333333333336,0.0,1.0,10.0,158.0,931.0,0.14508723599632692,1.0,153.0,0.0
stgcn,cpr,0000000001000,9,57.333333333333336,1.0,0.0,42.0,930.0,159.0,0.8539944903581267,1.0,153.0,0.0
stgcn,cpr,0000000001000,10,57.333333333333336,0.0,1.0,5.0,120.0,969.0,0.11019283746556474,1.0,153.0,0.0
stgcn,cpr,0000000001000,11,57.333333333333336,0.0,0.15,7.0,97.0,992.0,0.08907254361799816,1.0,153.0,0.0
stgcn,cpr,0000000001000,12,57.333333333333336,0.0,1.0,7.0,107.0,982.0,0.09825528007346189,1.0,153.0,0.0
stgcn,cpr,0000000001001,0,57.333333333333336,0.0,0.3333333333333333,0.0,185.0,902.0,0.1701931922723091,2.0,64.0,1.0
stgcn,cpr,0000000001001,1,57.333333333333336,0.0,0.3333333333333333,0.0,90.0,997.0,0.0827966881324747,2.0,64.0,1.0
stgcn,cpr,0000000001001,2,57.333333333333336,0.0,1.0,0.0,98.0,989.0,0.09015639374425023,2.0,64.0,1.0
stgcn,cpr,0000000001001,3,57.333333333333336,0.0,0.7333333333333334,0.0,171.0,916.0,0.15731370745170192,2.0,64.0,0.0
stgcn,cpr,0000000001001,4,57.333333333333336,0.0,1.0,0.0,146.0,941.0,0.1343146274149034,2.0,64.0,0.0
stgcn,cpr,0000000001001,5,57.333333333333336,0.0,0.6666666666666666,0.0,128.0,959.0,0.11775528978840848,2.0,64.0,0.0
stgcn,cpr,0000000001001,6,57.333333333333336,0.0,0.4666666666666666,0.0,143.0,944.0,0.13155473781048757,2.0,64.0,0.0
stgcn,cpr,0000000001001,7,57.333333333333336,0.0,1.0,0.0,164.0,923.0,0.15087396504139836,2.0,64.0,0.0
stgcn,cpr,0000000001001,8,57.333333333333336,0.0,0.6666666666666666,0.0,165.0,922.0,0.15179392824287027,2.0,64.0,0.0
stgcn,cpr,0000000001001,9,57.333333333333336,1.0,1.0,22.0,906.0,181.0,0.8334866605335787,2.0,64.0,0.0
stgcn,cpr,0000000001001,10,57.333333333333336,0.0,0.06666666666666667,0.0,122.0,965.0,0.11223551057957681,2.0,64.0,0.0
stgcn,cpr,0000000001001,11,57.333333333333336,0.0,0.0,0.0,86.0,1001.0,0.07911683532658693,2.0,64.0,0.0
stgcn,cpr,0000000001001,12,57.333333333333336,1.0,0.0,42.0,998.0,89.0,0.9181232750689973,2.0,64.0,0.0
stgcn,cpr,0000000001010,0,57.333333333333336,0.0,0.3333333333333333,0.0,185.0,902.0,0.1701931922723091,2.0,62.0,1.0
stgcn,cpr,0000000001010,1,57.333333333333336,0.0,0.13333333333333333,0.0,90.0,997.0,0.0827966881324747,2.0,62.0,1.0
stgcn,cpr,0000000001010,2,57.333333333333336,0.0,1.0,0.0,98.0,989.0,0.09015639374425023,2.0,62.0,1.0
stgcn,cpr,0000000001010,3,57.333333333333336,0.0,0.6666666666666666,0.0,171.0,916.0,0.15731370745170192,2.0,62.0,0.0
stgcn,cpr,0000000001010,4,57.333333333333336,0.0,1.0,0.0,146.0,941.0,0.1343146274149034,2.0,62.0,0.0
stgcn,cpr,0000000001010,5,57.333333333333336,0.0,1.0,0.0,128.0,959.0,0.11775528978840848,2.0,62.0,0.0
stgcn,cpr,0000000001010,6,57.333333333333336,0.0,0.7333333333333334,0.0,143.0,944.0,0.13155473781048757,2.0,62.0,0.0
stgcn,cpr,0000000001010,7,57.333333333333336,0.0,1.0,0.0,164.0,923.0,0.15087396504139836,2.0,62.0,0.0
stgcn,cpr,0000000001010,8,57.333333333333336,0.0,0.6666666666666666,0.0,165.0,922.0,0.15179392824287027,2.0,62.0,0.0
stgcn,cpr,0000000001010,9,57.333333333333336,1.0,1.0,20.0,906.0,181.0,0.8334866605335787,2.0,62.0,0.0
stgcn,cpr,0000000001010,10,57.333333333333336,0.0,0.6666666666666666,0.0,122.0,965.0,0.11223551057957681,2.0,62.0,0.0
stgcn,cpr,0000000001010,11,57.333333333333336,1.0,0.6666666666666666,42.0,1008.0,79.0,0.9273229070837167,2.0,62.0,0.0
stgcn,cpr,0000000001010,12,57.333333333333336,0.0,1.0,0.0,96.0,991.0,0.08831646734130634,2.0,62.0,0.0
stgcn,cpr,0000000001100,0,57.333333333333336,0.0,0.16666666666666666,0.0,185.0,902.0,0.1701931922723091,2.0,64.0,1.0
stgcn,cpr,0000000001100,1,57.333333333333336,0.0,0.39999999999999997,0.0,90.0,997.0,0.0827966881324747,2.0,64.0,1.0
stgcn,cpr,0000000001100,2,57.333333333333336,0.0,1.0,0.0,98.0,989.0,0.09015639374425023,2.0,64.0,1.0
stgcn,cpr,0000000001100,3,57.333333333333336,0.0,0.6666666666666666,0.0,171.0,916.0,0.15731370745170192,2.0,64.0,0.0
stgcn,cpr,0000000001100,4,57.333333333333336,0.0,1.0,0.0,146.0,941.0,0.1343146274149034,2.0,64.0,0.0
stgcn,cpr,0000000001100,5,57.333333333333336,0.0,1.0,0.0,128.0,959.0,0.11775528978840848,2.0,64.0,0.0
stgcn,cpr,0000000001100,6,57.333333333333336,0.0,0.5,0.0,143.0,944.0,0.13155473781048757,2.0,64.0,0.0
stgcn,cpr,0000000001100,7,57.333333333333336,0.0,1.0,0.0,164.0,923.0,0.15087396504139836,2.0,64.0,0.0
stgcn,cpr,0000000001100,8,57.333333333333336,0.0,1.0,0.0,165.0,922.0,0.15179392824287027,2.0,64.0,0.0
stgcn,cpr,0000000001100,9,57.333333333333336,1.0,1.0,22.0,906.0,181.0,0.8334866605335787,2.0,64.0,0.0
stgcn,cpr,0000000001100,10,57.333333333333336,1.0,0.26666666666666666,42.0,977.0,110.0,0.8988040478380864,2.0,64.0,0.0
stgcn,cpr,0000000001100,11,57.333333333333336,0.0,0.0,0.0,91.0,996.0,0.08371665133394664,2.0,64.0,0.0
stgcn,cpr,0000000001100,12,57.333333333333336,0.0,1.0,0.0,96.0,991.0,0.08831646734130634,2.0,64.0,0.0
stgcn,cpr,0000000010000,0,57.333333333333336,0.0,1.0,12.0,214.0,875.0,0.19651056014692378,1.0,146.0,1.0
stgcn,cpr,0000000010000,1,57.333333333333336,0.0,0.6666666666666666,12.0,87.0,1002.0,0.07988980716253444,1.0,146.0,1.0
stgcn,cpr,0000000010000,2,57.333333333333336,0.0,1.0,5.0,74.0,1015.0,0.06795224977043159,1.0,146.0,1.0
stgcn,cpr,0000000010000,3,57.333333333333336,0.0,1.0,12.0,169.0,920.0,0.155188246097337,1.0,146.0,0.0
stgcn,cpr,0000000010000,4,57.333333333333336,0.0,1.0,12.0,155.0,934.0,0.1423324150596878,1.0,146.0,0.0
stgcn,cpr,0000000010000,5,57.333333333333336,0.0,0.65,12.0,176.0,913.0,0.16161616161616163,1.0,146.0,0.0
stgcn,cpr,0000000010000,6,57.333333333333336,0.0,1.0,10.0,158.0,931.0,0.14508723599632692,1.0,146.0,0.0
stgcn,cpr,0000000010000,7,57.333333333333336,0.0,1.0,12.0,154.0,935.0,0.1414141414141414,1.0,146.0,0.0
stgcn,cpr,0000000010000,8,57.333333333333336,1.0,0.0,42.0,953.0,136.0,0.8751147842056933,1.0,146.0,0.0
stgcn,cpr,0000000010000,9,57.333333333333336,0.0,0.3333333333333333,10.0,181.0,908.0,0.16620752984389348,1.0,146.0,0.0
stgcn,cpr,0000000010000,10,57.333333333333336,0.0,0.6666666666666666,7.0,120.0,969.0,0.11019283746556474,1.0,146.0,0.0
stgcn,cpr,0000000010000,11,57.333333333333336,0.0,0.03333333333333333,0.0,97.0,992.0,0.08907254361799816,1.0,146.0,0.0
stgcn,cpr,0000000010000,12,57.333333333333336,0.0,1.0,0.0,107.0,982.0,0.09825528007346189,1.0,146.0,0.0
stgcn,cpr,0000000010100,0,57.333333333333336,0.0,0.6,0.0,185.0,902.0,0.1701931922723091,2.0,64.0,1.0
stgcn,cpr,0000000010100,1,57.333333333333336,0.0,0.5333333333333333,0.0,90.0,997.0,0.0827966881324747,2.0,64.0,1.0
stgcn,cpr,0000000010100,2,57.333333333333336,0.0,1.0,0.0,98.0,989.0,0.09015639374425023,2.0,64.0,1.0
stgcn,cpr,0000000010100,3,57.333333333333336,0.0,0.7999999999999999,0.0,171.0,916.0,0.15731370745170192,2.0,64.0,0.0
stgcn,cpr,0000000010100,4,57.333333333333336,0.0,1.0,0.0,146.0,941.0,0.1343146274149034,2.0,64.0,0.0
stgcn,cpr,0000000010100,5,57.333333333333336,0.0,0.6666666666666666,0.0,128.0,959.0,0.11775528978840848,2.0,64.0,0.0
stgcn,cpr,0000000010100,6,57.333333333333336,0.0,0.7999999999999999,0.0,143.0,944.0,0.13155473781048757,2.0,64.0,0.0
stgcn,cpr,0000000010100,7,57.333333333333336,0.0,1.0,0.0,164.0,923.0,0.15087396504139836,2.0,64.0,0.0
stgcn,cpr,0000000010100,8,57.333333333333336,1.0,0.0,22.0,929.0,158.0,0.8546458141674332,2.0,64.0,0.0
stgcn,cpr,0000000010100,9,57.333333333333336,0.0,0.0,0.0,188.0,899.0,0.17295308187672495,2.0,64.0,0.0
stgcn,cpr,0000000010100,10,57.333333333333336,1.0,0.3333333333333333,42.0,977.0,110.0,0.8988040478380864,2.0,64.0,0.0
stgcn,cpr,0000000010100,11,57.333333333333336,0.0,0.26666666666666666,0.0,91.0,996.0,0.08371665133394664,2.0,64.0,0.0
stgcn,cpr,0000000010100,12,57.333333333333336,0.0,1.0,0.0,96.0,991.0,0.08831646734130634,2.0,64.0,0.0
stgcn,cpr,0000000011000,0,57.333333333333336,0.0,0.26666666666666666,0.0,185.0,902.0,0.1701931922723091,2.0,84.0,1.0
stgcn,cpr,0000000011000,1,57.333333333333336,0.0,0.6666666666666666,0.0,90.0,997.0,0.0827966881324747,2.0,84.0,1.0
stgcn,cpr,0000000011000,2,57.333333333333336,0.0,1.0,0.0,98.0,989.0,0.09015639374425023,2.0,84.0,1.0
stgcn,cpr,0000000011000,3,57.333333333333336,0.0,0.6666666666666666,0.0,171.0,916.0,0.15731370745170192,2.0,84.0,0.0
stgcn,cpr,0000000011000,4,57.333333333333336,0.0,1.0,0.0,146.0,941.0,0.1343146274149034,2.0,84.0,0.0
stgcn,cpr,0000000011000,5,57.333333333333336,0.0,0.6666666666666666,0.0,128.0,959.0,0.11775528978840848,2.0,84.0,0.0
stgcn,cpr,0000000011000,6,57.333333333333336,0.0,1.0,0.0,143.0,944.0,0.13155473781048757,2.0,84.0,0.0
stgcn,cpr,0000000011000,7,57.333333333333336,0.0,1.0,0.0,164.0,923.0,0.15087396504139836,2.0,84.0,0.0
stgcn,cpr,0000000011000,8,57.333333333333336,1.0,0.0,42.0,929.0,158.0,0.8546458141674332,2.0,84.0,0.0
stgcn,cpr,0000000011000,9,57.333333333333336,1.0,1.0,42.0,911.0,176.0,0.8380864765409384,2.0,84.0,0.0
stgcn,cpr,0000000011000,10,57.333333333333336,0.0,1.0,0.0,122.0,965.0,0.11223551057957681,2.0,84.0,0.0
stgcn,cpr,0000000011000,11,57.333333333333336,0.0,0.26666666666666666,0.0,91.0,996.0,0.08371665133394664,2.0,84.0,0.0
stgcn,cpr,0000000011000,12,57.333333333333336,0.0,1.0,0.0,96.0,991.0,0.08831646734130634,2.0,84.0,0.0
stgcn,cpr,0000000100000,0,57.333333333333336,0.0,0.3333333333333333,12.0,214.0,875.0,0.19651056014692378,1.0,150.0,1.0
stgcn,cpr,0000000100000,1,57.333333333333336,0.0,1.0,5.0,87.0,1002.0,0.07988980716253444,1.0,150.0,1.0
stgcn,cpr,0000000100000,2,57.333333333333336,0.0,1.0,12.0,74.0,1015.0,0.06795224977043159,1.0,150.0,1.0
stgcn,cpr,0000000100000,3,57.333333333333336,0.0,0.0,10.0,169.0,920.0,0.155188246097337,1.0,150.0,0.0
stgcn,cpr,0000000100000,4,57.333333333333336,0.0,1.0,12.0,155.0,934.0,0.1423324150596878,1.0,150.0,0.0
stgcn,cpr,0000000100000,5,57.333333333333336,0.0,0.6333333333333333,12.0,176.0,913.0,0.16161616161616163,1.0,150.0,0.0
stgcn,cpr,0000000100000,6,57.333333333333336,0.0,1.0,0.0,158.0,931.0,0.14508723599632692,1.0,150.0,0.0
stgcn,cpr,0000000100000,7,57.333333333333336,1.0,1.0,42.0,957.0,132.0,0.8787878787878788,1.0,150.0,0.0
stgcn,cpr,0000000100000,8,57.333333333333336,0.0,0.6666666666666666,12.0,158.0,931.0,0.14508723599632692,1.0,150.0,0.0
stgcn,cpr,0000000100000,9,57.333333333333336,0.0,0.6666666666666666,12.0,181.0,908.0,0.16620752984389348,1.0,150.0,0.0
stgcn,cpr,0000000100000,10,57.333333333333336,0.0,1.0,12.0,120.0,969.0,0.11019283746556474,1.0,150.0,0.0
stgcn,cpr,0000000100000,11,57.333333333333336,0.0,1.0,7.0,97.0,992.0,0.08907254361799816,1.0,150.0,0.0
stgcn,cpr,0000000100000,12,57.333333333333336,0.0,1.0,2.0,107.0,982.0,0.09825528007346189,1.0,150.0,0.0
stgcn,cpr,0000000100001,0,57.333333333333336,0.0,0.3666666666666667,0.0,185.0,902.0,0.1701931922723091,2.0,62.0,1.0
stgcn,cpr,0000000100001,1,57.333333333333336,0.0,0.6666666666666666,0.0,90.0,997.0,0.0827966881324747,2.0,62.0,1.0
stgcn,cpr,0000000100001,2,57.333333333333336,0.0,1.0,0.0,98.0,989.0,0.09015639374425023,2.0,62.0,1.0
stgcn,cpr,0000000100001,3,57.333333333333336,0.0,0.5,0.0,171.0,916.0,0.15731370745170192,2.0,62.0,0.0
stgcn,cpr,0000000100001,4,57.333333333333336,0.0,1.0,0.0,146.0,941.0,0.1343146274149034,2.0,62.0,0.0
stgcn,cpr,0000000100001,5,57.333333333333336,0.0,0.6666666666666666,0.0,128.0,959.0,0.11775528978840848,2.0,62.0,0.0
stgcn,cpr,0000000100001,6,57.333333333333336,0.0,1.0,0.0,143.0,944.0,0.13155473781048757,2.0,62.0,0.0
stgcn,cpr,0000000100001,7,57.333333333333336,1.0,1.0,22.0,930.0,157.0,0.8555657773689053,2.0,62.0,0.0
stgcn,cpr,0000000100001,8,57.333333333333336,0.0,0.7333333333333334,0.0,165.0,922.0,0.15179392824287027,2.0,62.0,0.0
stgcn,cpr,0000000100001,9,57.333333333333336,0.0,0.6666666666666666,0.0,183.0,904.0,0.16835326586936525,2.0,62.0,0.0
stgcn,cpr,0000000100001,10,57.333333333333336,0.0,1.0,0.0,122.0,965.0,0.11223551057957681,2.0,62.0,0.0
stgcn,cpr,0000000100001,11,57.333333333333336,0.0,0.6666666666666666,0.0,91.0,996.0,0.08371665133394664,2.0,62.0,0.0
stgcn,cpr,0000000100001,12,57.333333333333336,1.0,0.0,40.0,998.0,89.0,0.9181232750689973,2.0,62.0,0.0
stgcn,cpr,0000000100010,0,57.333333333333336,0.0,0.6666666666666666,8.0,185.0,902.0,0.1701931922723091,2.0,68.0,1.0
stgcn,cpr,0000000100010,1,57.333333333333336,0.0,0.6666666666666666,0.0,90.0,997.0,0.0827966881324747,2.0,68.0,1.0
stgcn,cpr,0000000100010,2,57.333333333333336,0.0,1.0,0.0,98.0,989.0,0.09015639374425023,2.0,68.0,1.0
stgcn,cpr,0000000100010,3,57.333333333333336,0.0,0.4666666666666666,0.0,171.0,916.0,0.15731370745170192,2.0,68.0,0.0
stgcn,cpr,0000000100010,4,57.333333333333336,0.0,1.0,0.0,146.0,941.0,0.1343146274149034,2.0,68.0,0.0
stgcn,cpr,0000000100010,5,57.333333333333336,0.0,0.8666666666666667,0.0,128.0,959.0,0.11775528978840848,2.0,68.0,0.0
stgcn,cpr,0000000100010,6,57.333333333333336,0.0,1.0,0.0,143.0,944.0,0.13155473781048757,2.0,68.0,0.0
stgcn,cpr,0000000100010,7,57.333333333333336,1.0,1.0,20.0,930.0,157.0,0.8555657773689053,2.0,68.0,0.0
stgcn,cpr,0000000100010,8,57.333333333333336,0.0,1.0,0.0,165.0,922.0,0.15179392824287027,2.0,68.0,0.0
stgcn,cpr,0000000100010,9,57.333333333333336,0.0,1.0,0.0,183.0,904.0,0.16835326586936525,2.0,68.0,0.0
stgcn,cpr,0000000100010,10,57.333333333333336,0.0,1.0,0.0,122.0,965.0,0.11223551057957681,2.0,68.0,0.0
stgcn,cpr,0000000100010,11,57.333333333333336,1.0,0.0,40.0,1008.0,79.0,0.9273229070837167,2.0,68.0,0.0
stgcn,cpr,0000000100010,12,57.333333333333336,0.0,1.0,0.0,101.0,986.0,0.09291628334866604,2.0,68.0,0.0
stgcn,cpr,0000000100100,0,57.333333333333336,0.0,0.5,0.0,185.0,902.0,0.1701931922723091,2.0,62.0,1.0
stgcn,cpr,0000000100100,1,57.333333333333336,0.0,1.0,0.0,90.0,997.0,0.0827966881324747,2.0,62.0,1.0
stgcn,cpr,0000000100100,2,57.333333333333336,0.0,1.0,0.0,98.0,989.0,0.09015639374425023,2.0,62.0,1.0
stgcn,cpr,0000000100100,3,57.333333333333336,0.0,0.3333333333333333,0.0,171.0,916.0,0.15731370745170192,2.0,62.0,0.0
stgcn,cpr,0000000100100,4,57.333333333333336,0.0,1.0,0.0,146.0,941.0,0.1343146274149034,2.0,62.0,0.0
stgcn,cpr,0000000100100,5,57.333333333333336,0.0,0.8333333333333334,0.0,128.0,959.0,0.11775528978840848,2.0,62.0,0.0
stgcn,cpr,0000000100100,6,57.333333333333336,0.0,1.0,0.0,143.0,944.0,0.13155473781048757,2.0,62.0,0.0
stgcn,cpr,0000000100100,7,57.333333333333336,1.0,1.0,22.0,930.0,157.0,0.8555657773689053,2.0,62.0,0.0
stgcn,cpr,0000000100100,8,57.333333333333336,0.0,0.7999999999999999,0.0,165.0,922.0,0.15179392824287027,2.0,62.0,0.0
stgcn,cpr,0000000100100,9,57.333333333333336,0.0,0.8333333333333334,0.0,183.0,904.0,0.16835326586936525,2.0,62.0,0.0
stgcn,cpr,0000000100100,10,57.333333333333336,1.0,0.0,40.0,977.0,110.0,0.8988040478380864,2.0,62.0,0.0
stgcn,cpr,0000000100100,11,57.333333333333336,0.0,0.8333333333333334,0.0,91.0,996.0,0.08371665133394664,2.0,62.0,0.0
stgcn,cpr,0000000100100,12,57.333333333333336,0.0,1.0,0.0,101.0,986.0,0.09291628334866604,2.0,62.0,0.0
stgcn,cpr,0000000101000,0,57.333333333333336,0.0,0.6666666666666666,0.0,185.0,902.0,0.1701931922723091,2.0,82.0,1.0
stgcn,cpr,0000000101000,1,57.333333333333336,0.0,1.0,0.0,90.0,997.0,0.0827966881324747,2.0,82.0,1.0
stgcn,cpr,0000000101000,2,57.333333333333336,0.0,1.0,0.0,98.0,989.0,0.09015639374425023,2.0,82.0,1.0
stgcn,cpr,0000000101000,3,57.333333333333336,0.0,0.5,0.0,171.0,916.0,0.15731370745170192,2.0,82.0,0.0
stgcn,cpr,0000000101000,4,57.333333333333336,0.0,1.0,0.0,146.0,941.0,0.1343146274149034,2.0,82.0,0.0
stgcn,cpr,0000000101000,5,57.333333333333336,0.0,0.9333333333333332,0.0,128.0,959.0,0.11775528978840848,2.0,82.0,0.0
stgcn,cpr,0000000101000,6,57.333333333333336,0.0,1.0,0.0,143.0,944.0,0.13155473781048757,2.0,82.0,0.0
stgcn,cpr,0000000101000,7,57.333333333333336,1.0,1.0,42.0,930.0,157.0,0.8555657773689053,2.0,82.0,0.0
stgcn,cpr,0000000101000,8,57.333333333333336,0.0,1.0,0.0,165.0,922.0,0.15179392824287027,2.0,82.0,0.0
stgcn,cpr,0000000101000,9,57.333333333333336,1.0,0.0,40.0,916.0,171.0,0.8426862925482981,2.0,82.0,0.0
stgcn,cpr,0000000101000,10,57.333333333333336,0.0,1.0,0.0,122.0,965.0,0.11223551057957681,2.0,82.0,0.0
stgcn,cpr,0000000101000,11,57.333333333333336,0.0,0.6666666666666666,0.0,91.0,996.0,0.08371665133394664,2.0,82.0,0.0
stgcn,cpr,0000000101000,12,57.333333333333336,0.0,1.0,0.0,101.0,986.0,0.09291628334866604,2.0,82.0,0.0
stgcn,cpr,0000000110000,0,57.333333333333336,0.0,0.06666666666666667,0.0,185.0,902.0,0.1701931922723091,2.0,82.0,1.0
stgcn,cpr,0000000110000,1,57.333333333333336,0.0,0.5,0.0,90.0,997.0,0.0827966881324747,2.0,82.0,1.0
stgcn,cpr,0000000110000,2,57.333333333333336,0.0,1.0,0.0,98.0,989.0,0.09015639374425023,2.0,82.0,1.0
stgcn,cpr,0000000110000,3,57.333333333333336,0.0,0.39999999999999997,0.0,171.0,916.0,0.15731370745170192,2.0,82.0,0.0
stgcn,cpr,0000000110000,4,57.333333333333336,0.0,1.0,0.0,146.0,941.0,0.1343146274149034,2.0,82.0,0.0
stgcn,cpr,0000000110000,5,57.333333333333336,0.0,0.9333333333333332,0.0,128.0,959.0,0.11775528978840848,2.0,82.0,0.0
stgcn,cpr,0000000110000,6,57.333333333333336,0.0,0.9333333333333332,0.0,143.0,944.0,0.13155473781048757,2.0,82.0,0.0
stgcn,cpr,0000000110000,7,57.333333333333336,1.0,1.0,42.0,930.0,157.0,0.8555657773689053,2.0,82.0,0.0
stgcn,cpr,0000000110000,8,57.333333333333336,1.0,0.0,40.0,934.0,153.0,0.8592456301747932,2.0,82.0,0.0
stgcn,cpr,0000000110000,9,57.333333333333336,0.0,0.8333333333333334,0.0,183.0,904.0,0.16835326586936525,2.0,82.0,0.0
stgcn,cpr,0000000110000,10,57.333333333333336,0.0,1.0,0.0,122.0,965.0,0.11223551057957681,2.0,82.0,0.0
stgcn,cpr,0000000110000,11,57.333333333333336,0.0,0.3333333333333333,0.0,91.0,996.0,0.08371665133394664,2.0,82.0,0.0
stgcn,cpr,0000000110000,12,57.333333333333336,0.0,1.0,0.0,101.0,986.0,0.09291628334866604,2.0,82.0,0.0
stgcn,cpr,0000001000000,0,57.333333333333336,0.0,1.0,12.0,214.0,875.0,0.19651056014692378,1.0,150.0,1.0
stgcn,cpr,0000001000000,1,57.333333333333336,0.0,0.9666666666666667,7.0,87.0,1002.0,0.07988980716253444,1.0,150.0,1.0
stgcn,cpr,0000001000000,2,57.333333333333336,0.0,1.0,5.0,74.0,1015.0,0.06795224977043159,1.0,150.0,1.0
stgcn,cpr,0000001000000,3,57.333333333333336,0.0,0.9833333333333334,7.0,169.0,920.0,0.155188246097337,1.0,150.0,0.0
stgcn,cpr,0000001000000,4,57.333333333333336,0.0,1.0,7.0,155.0,934.0,0.1423324150596878,1.0,150.0,0.0
stgcn,cpr,0000001000000,5,57.333333333333336,0.0,0.9500000000000001,12.0,176.0,913.0,0.16161616161616163,1.0,150.0,0.0
stgcn,cpr,0000001000000,6,57.333333333333336,1.0,1.0,42.0,973.0,116.0,0.8934802571166207,1.0,150.0,0.0
stgcn,cpr,0000001000000,7,57.333333333333336,0.0,1.0,0.0,174.0,915.0,0.15977961432506887,1.0,150.0,0.0
stgcn,cpr,0000001000000,8,57.333333333333336,0.0,1.0,10.0,158.0,931.0,0.14508723599632692,1.0,150.0,0.0
stgcn,cpr,0000001000000,9,57.333333333333336,0.0,0.39999999999999997,12.0,181.0,908.0,0.16620752984389348,1.0,150.0,0.0
stgcn,cpr,0000001000000,10,57.333333333333336,0.0,0.9333333333333332,12.0,120.0,969.0,0.11019283746556474,1.0,150.0,0.0
stgcn,cpr,0000001000000,11,57.333333333333336,0.0,0.18333333333333335,12.0,97.0,992.0,0.08907254361799816,1.0,150.0,0.0
stgcn,cpr,0000001000000,12,57.333333333333336,0.0,1.0,12.0,107.0,982.0,0.09825528007346189,1.0,150.0,0.0
stgcn,cpr,0000001000001,0,57.333333333333336,0.0,0.39999999999999997,0.0,185.0,902.0,0.1701931922723091,2.0,44.0,1.0
stgcn,cpr,0000001000001,1,57.333333333333336,0.0,0.3333333333333333,0.0,90.0,997.0,0.0827966881324747,2.0,44.0,1.0
stgcn,cpr,0000001000001,2,57.333333333333336,0.0,1.0,0.0,98.0,989.0,0.09015639374425023,2.0,44.0,1.0
stgcn,cpr,0000001000001,3,57.333333333333336,0.0,1.0,0.0,171.0,916.0,0.15731370745170192,2.0,44.0,0.0
stgcn,cpr,0000001000001,4,57.333333333333336,0.0,1.0,0.0,146.0,941.0,0.1343146274149034,2.0,44.0,0.0
stgcn,cpr,0000001000001,5,57.333333333333336,0.0,1.0,0.0,128.0,959.0,0.11775528978840848,2.0,44.0,0.0
stgcn,cpr,0000001000001,6,57.333333333333336,1.0,1.0,22.0,956.0,131.0,0.8794848206071757,2.0,44.0,0.0
stgcn,cpr,0000001000001,7,57.333333333333336,0.0,1.0,0.0,169.0,918.0,0.15547378104875806,2.0,44.0,0.0
stgcn,cpr,0000001000001,8,57.333333333333336,0.0,1.0,0.0,165.0,922.0,0.15179392824287027,2.0,44.0,0.0
stgcn,cpr,0000001000001,9,57.333333333333336,0.0,0.0,0.0,183.0,904.0,0.16835326586936525,2.0,44.0,0.0
stgcn,cpr,0000001000001,10,57.333333333333336,0.0,1.0,0.0,122.0,965.0,0.11223551057957681,2.0,44.0,0.0
stgcn,cpr,0000001000001,11,57.333333333333336,0.0,0.0,0.0,91.0,996.0,0.08371665133394664,2.0,44.0,0.0
stgcn,cpr,0000001000001,12,57.333333333333336,1.0,0.0,22.0,998.0,89.0,0.9181232750689973,2.0,44.0,0.0
stgcn,cpr,0000001000010,0,57.333333333333336,0.0,1.0,0.0,195.0,885.0,0.18055555555555555,2.0,64.0,1.0
stgcn,cpr,0000001000010,1,57.333333333333336,0.0,0.6666666666666666,0.0,85.0,995.0,0.0787037037037037,2.0,64.0,1.0
stgcn,cpr,0000001000010,2,57.333333333333336,0.0,1.0,0.0,83.0,997.0,0.07685185185185185,2.0,64.0,1.0
stgcn,cpr,0000001000010,3,57.333333333333336,0.0,0.9333333333333332,0.0,167.0,913.0,0.15462962962962962,2.0,64.0,0.0
stgcn,cpr,0000001000010,4,57.333333333333336,0.0,1.0,0.0,151.0,929.0,0.1398148148148148,2.0,64.0,0.0
stgcn,cpr,0000001000010,5,57.333333333333336,0.0,0.6666666666666666,0.0,172.0,908.0,0.15925925925925927,2.0,64.0,0.0
stgcn,cpr,0000001000010,6,57.333333333333336,1.0,1.0,22.0,950.0,130.0,0.8796296296296297,2.0,64.0,0.0
stgcn,cpr,0000001000010,7,57.333333333333336,0.0,1.0,0.0,136.0,944.0,0.1259259259259259,2.0,64.0,0.0
stgcn,cpr,0000001000010,8,57.333333333333336,0.0,0.8333333333333334,0.0,176.0,904.0,0.16296296296296298,2.0,64.0,0.0
stgcn,cpr,0000001000010,9,57.333333333333336,0.0,0.13333333333333333,0.0,185.0,895.0,0.1712962962962963,2.0,64.0,0.0
stgcn,cpr,0000001000010,10,57.333333333333336,0.0,0.7999999999999999,0.0,130.0,950.0,0.12037037037037036,2.0,64.0,0.0
stgcn,cpr,0000001000010,11,57.333333333333336,1.0,0.5333333333333333,42.0,1004.0,76.0,0.9296296296296296,2.0,64.0,0.0
stgcn,cpr,0000001000010,12,57.333333333333336,0.0,1.0,0.0,114.0,966.0,0.10555555555555556,2.0,64.0,0.0
stgcn,cpr,0000001000100,0,57.333333333333336,0.0,1.0,0.0,195.0,885.0,0.18055555555555555,2.0,84.0,1.0
stgcn,cpr,0000001000100,1,57.333333333333336,0.0,0.6666666666666666,0.0,85.0,995.0,0.0787037037037037,2.0,84.0,1.0
stgcn,cpr,0000001000100,2,57.333333333333336,0.0,1.0,0.0,83.0,997.0,0.07685185185185185,2.0,84.0,1.0
stgcn,cpr,0000001000100,3,57.333333333333336,0.0,1.0,0.0,167.0,913.0,0.15462962962962962,2.0,84.0,0.0
stgcn,cpr,0000001000100,4,57.333333333333336,0.0,1.0,0.0,151.0,929.0,0.1398148148148148,2.0,84.0,0.0
stgcn,cpr,0000001000100,5,57.333333333333336,0.0,0.26666666666666666,0.0,172.0,908.0,0.15925925925925927,2.0,84.0,0.0
stgcn,cpr,0000001000100,6,57.333333333333336,1.0,1.0,42.0,950.0,130.0,0.8796296296296297,2.0,84.0,0.0
stgcn,cpr,0000001000100,7,57.333333333333336,0.0,1.0,0.0,136.0,944.0,0.1259259259259259,2.0,84.0,0.0
stgcn,cpr,0000001000100,8,57.333333333333336,0.0,0.9333333333333332,0.0,176.0,904.0,0.16296296296296298,2.0,84.0,0.0
stgcn,cpr,0000001000100,9,57.333333333333336,0.0,0.0,0.0,185.0,895.0,0.1712962962962963,2.0,84.0,0.0
stgcn,cpr,0000001000100,10,57.333333333333336,1.0,0.0,42.0,962.0,118.0,0.8907407407407407,2.0,84.0,0.0
stgcn,cpr,0000001000100,11,57.333333333333336,0.0,0.0,0.0,88.0,992.0,0.08148148148148149,2.0,84.0,0.0
stgcn,cpr,0000001000100,12,57.333333333333336,0.0,0.7333333333333334,0.0,114.0,966.0,0.10555555555555556,2.0,84.0,0.0
stgcn,cpr,0000001001000,0,57.333333333333336,0.0,1.0,0.0,195.0,885.0,0.18055555555555555,2.0,64.0,1.0
stgcn,cpr,0000001001000,1,57.333333333333336,0.0,0.6666666666666666,0.0,85.0,995.0,0.0787037037037037,2.0,64.0,1.0
stgcn,cpr,0000001001000,2,57.333333333333336,0.0,1.0,0.0,83.0,997.0,0.07685185185185185,2.0,64.0,1.0
stgcn,cpr,0000001001000,3,57.333333333333336,0.0,1.0,0.0,167.0,913.0,0.15462962962962962,2.0,64.0,0.0
stgcn,cpr,0000001001000,4,57.333333333333336,0.0,1.0,0.0,151.0,929.0,0.1398148148148148,2.0,64.0,0.0
stgcn,cpr,0000001001000,5,57.333333333333336,0.0,0.4666666666666666,0.0,172.0,908.0,0.15925925925925927,2.0,64.0,0.0
stgcn,cpr,0000001001000,6,57.333333333333336,1.0,1.0,22.0,950.0,130.0,0.8796296296296297,2.0,64.0,0.0
stgcn,cpr,0000001001000,7,57.333333333333336,0.0,1.0,0.0,136.0,944.0,0.1259259259259259,2.0,64.0,0.0
stgcn,cpr,0000001001000,8,57.333333333333336,0.0,0.6666666666666666,0.0,176.0,904.0,0.16296296296296298,2.0,64.0,0.0
stgcn,cpr,0000001001000,9,57.333333333333336,1.0,0.0,42.0,907.0,173.0,0.8398148148148148,2.0,64.0,0.0
stgcn,cpr,0000001001000,10,57.333333333333336,0.0,0.8666666666666667,0.0,130.0,950.0,0.12037037037037036,2.0,64.0,0.0
stgcn,cpr,0000001001000,11,57.333333333333336,0.0,0.3333333333333333,0.0,88.0,992.0,0.08148148148148149,2.0,64.0,0.0
stgcn,cpr,0000001001000,12,57.333333333333336,0.0,1.0,0.0,114.0,966.0,0.10555555555555556,2.0,64.0,0.0
stgcn,cpr,0000001010000,0,57.333333333333336,0.0,1.0,0.0,195.0,885.0,0.18055555555555555,2.0,92.0,1.0
stgcn,cpr,0000001010000,1,57.333333333333336,0.0,0.6666666666666666,0.0,85.0,995.0,0.0787037037037037,2.0,92.0,1.0
stgcn,cpr,0000001010000,2,57.333333333333336,0.0,1.0,0.0,83.0,997.0,0.07685185185185185,2.0,92.0,1.0
stgcn,cpr,0000001010000,3,57.333333333333336,0.0,1.0,0.0,167.0,913.0,0.15462962962962962,2.0,92.0,0.0
stgcn,cpr,0000001010000,4,57.333333333333336,0.0,1.0,8.0,151.0,929.0,0.1398148148148148,2.0,92.0,0.0
stgcn,cpr,0000001010000,5,57.333333333333336,0.0,0.26666666666666666,0.0,172.0,908.0,0.15925925925925927,2.0,92.0,0.0
stgcn,cpr,0000001010000,6,57.333333333333336,1.0,1.0,42.0,950.0,130.0,0.8796296296296297,2.0,92.0,0.0
stgcn,cpr,0000001010000,7,57.333333333333336,0.0,1.0,0.0,136.0,944.0,0.1259259259259259,2.0,92.0,0.0
stgcn,cpr,0000001010000,8,57.333333333333336,1.0,0.0,42.0,911.0,169.0,0.8435185185185187,2.0,92.0,0.0
stgcn,cpr,0000001010000,9,57.333333333333336,0.0,0.6666666666666666,0.0,180.0,900.0,0.16666666666666666,2.0,92.0,0.0
stgcn,cpr,0000001010000,10,57.333333333333336,0.0,1.0,0.0,130.0,950.0,0.12037037037037036,2.0,92.0,0.0
stgcn,cpr,0000001010000,11,57.333333333333336,0.0,0.06666666666666667,0.0,88.0,992.0,0.08148148148148149,2.0,92.0,0.0
stgcn,cpr,0000001010000,12,57.333333333333336,0.0,0.9333333333333332,0.0,114.0,966.0,0.10555555555555556,2.0,92.0,0.0
stgcn,cpr,0000010000000,0,57.333333333333336,0.0,1.0,7.0,195.0,856.0,0.18553758325404376,1.0,145.0,1.0
stgcn,cpr,0000010000000,1,57.333333333333336,0.0,0.8666666666666667,12.0,92.0,959.0,0.08753568030447194,1.0,145.0,1.0
stgcn,cpr,0000010000000,2,57.333333333333336,0.0,1.0,10.0,95.0,956.0,0.09039010466222645,1.0,145.0,1.0
stgcn,cpr,0000010000000,3,57.333333333333336,0.0,1.0,12.0,180.0,871.0,0.1712654614652712,1.0,145.0,0.0
stgcn,cpr,0000010000000,4,57.333333333333336,0.0,1.0,0.0,151.0,900.0,0.14367269267364416,1.0,145.0,0.0
stgcn,cpr,0000010000000,5,57.333333333333336,1.0,0.2333333333333333,42.0,908.0,143.0,0.8639391056137012,1.0,145.0,0.0
stgcn,cpr,0000010000000,6,57.333333333333336,0.0,1.0,12.0,138.0,913.0,0.1313035204567079,1.0,145.0,0.0
stgcn,cpr,0000010000000,7,57.333333333333336,0.0,1.0,12.0,137.0,914.0,0.13035204567078973,1.0,145.0,0.0
stgcn,cpr,0000010000000,8,57.333333333333336,0.0,1.0,12.0,170.0,881.0,0.16175071360608945,1.0,145.0,0.0
stgcn,cpr,0000010000000,9,57.333333333333336,0.0,0.0,7.0,163.0,888.0,0.15509039010466222,1.0,145.0,0.0
stgcn,cpr,0000010000000,10,57.333333333333336,0.0,0.43333333333333335,12.0,115.0,936.0,0.10941960038058991,1.0,145.0,0.0
stgcn,cpr,0000010000000,11,57.333333333333336,0.0,0.0,7.0,99.0,952.0,0.09419600380589914,1.0,145.0,0.0
stgcn,cpr,0000010000000,12,57.333333333333336,0.0,1.0,0.0,102.0,949.0,0.09705042816365367,1.0,145.0,0.0
stgcn,cpr,0000010000010,0,57.333333333333336,0.0,1.0,0.0,195.0,885.0,0.18055555555555555,2.0,64.0,1.0
stgcn,cpr,0000010000010,1,57.333333333333336,0.0,0.6666666666666666,0.0,85.0,995.0,0.0787037037037037,2.0,64.0,1.0
stgcn,cpr,0000010000010,2,57.333333333333336,0.0,1.0,0.0,83.0,997.0,0.07685185185185185,2.0,64.0,1.0
stgcn,cpr,0000010000010,3,57.333333333333336,0.0,1.0,0.0,167.0,913.0,0.15462962962962962,2.0,64.0,0.0
stgcn,cpr,0000010000010,4,57.333333333333336,0.0,1.0,0.0,151.0,929.0,0.1398148148148148,2.0,64.0,0.0
stgcn,cpr,0000010000010,5,57.333333333333336,1.0,0.6,22.0,915.0,165.0,0.8472222222222222,2.0,64.0,0.0
stgcn,cpr,0000010000010,6,57.333333333333336,0.0,0.3333333333333333,0.0,137.0,943.0,0.12685185185185185,2.0,64.0,0.0
stgcn,cpr,0000010000010,7,57.333333333333336,0.0,1.0,0.0,136.0,944.0,0.1259259259259259,2.0,64.0,0.0
stgcn,cpr,0000010000010,8,57.333333333333336,0.0,1.0,0.0,176.0,904.0,0.16296296296296298,2.0,64.0,0.0
stgcn,cpr,0000010000010,9,57.333333333333336,0.0,0.3333333333333333,0.0,180.0,900.0,0.16666666666666666,2.0,64.0,0.0
stgcn,cpr,0000010000010,10,57.333333333333336,0.0,0.2333333333333333,0.0,130.0,950.0,0.12037037037037036,2.0,64.0,0.0
stgcn,cpr,0000010000010,11,57.333333333333336,1.0,1.0,42.0,999.0,81.0,0.9250000000000002,2.0,64.0,0.0
stgcn,cpr,0000010000010,12,57.333333333333336,0.0,1.0,0.0,114.0,966.0,0.10555555555555556,2.0,64.0,0.0
stgcn,cpr,0000010000100,0,57.333333333333336,0.0,0.8333333333333334,0.0,195.0,885.0,0.18055555555555555,2.0,84.0,1.0
stgcn,cpr,0000010000100,1,57.333333333333336,0.0,0.5333333333333333,0.0,85.0,995.0,0.0787037037037037,2.0,84.0,1.0
stgcn,cpr,0000010000100,2,57.333333333333336,0.0,1.0,0.0,83.0,997.0,0.07685185185185185,2.0,84.0,1.0
stgcn,cpr,0000010000100,3,57.333333333333336,0.0,1.0,0.0,167.0,913.0,0.15462962962962962,2.0,84.0,0.0
stgcn,cpr,0000010000100,4,57.333333333333336,0.0,1.0,0.0,151.0,929.0,0.1398148148148148,2.0,84.0,0.0
stgcn,cpr,0000010000100,5,57.333333333333336,1.0,0.6666666666666666,42.0,915.0,165.0,0.8472222222222222,2.0,84.0,0.0
stgcn,cpr,0000010000100,6,57.333333333333336,0.0,0.39999999999999997,0.0,137.0,943.0,0.12685185185185185,2.0,84.0,0.0
stgcn,cpr,0000010000100,7,57.333333333333336,0.0,1.0,0.0,136.0,944.0,0.1259259259259259,2.0,84.0,0.0
stgcn,cpr,0000010000100,8,57.333333333333336,0.0,0.8333333333333334,0.0,176.0,904.0,0.16296296296296298,2.0,84.0,0.0
stgcn,cpr,0000010000100,9,57.333333333333336,0.0,0.0,0.0,180.0,900.0,0.16666666666666666,2.0,84.0,0.0
stgcn,cpr,0000010000100,10,57.333333333333336,1.0,0.6666666666666666,42.0,962.0,118.0,0.8907407407407407,2.0,84.0,0.0
stgcn,cpr,0000010000100,11,57.333333333333336,0.0,0.3333333333333333,0.0,93.0,987.0,0.0861111111111111,2.0,84.0,0.0
stgcn,cpr,0000010000100,12,57.333333333333336,0.0,1.0,0.0,114.0,966.0,0.10555555555555556,2.0,84.0,0.0
stgcn,cpr,0000010001000,0,57.333333333333336,0.0,0.6666666666666666,0.0,195.0,885.0,0.18055555555555555,2.0,72.0,1.0
stgcn,cpr,0000010001000,1,57.333333333333336,0.0,0.6666666666666666,0.0,85.0,995.0,0.0787037037037037,2.0,72.0,1.0
stgcn,cpr,0000010001000,2,57.333333333333336,0.0,1.0,0.0,83.0,997.0,0.07685185185185185,2.0,72.0,1.0
stgcn,cpr,0000010001000,3,57.333333333333336,0.0,1.0,8.0,167.0,913.0,0.15462962962962962,2.0,72.0,0.0
stgcn,cpr,0000010001000,4,57.333333333333336,0.0,1.0,0.0,151.0,929.0,0.1398148148148148,2.0,72.0,0.0
stgcn,cpr,0000010001000,5,57.333333333333336,1.0,0.5333333333333333,22.0,915.0,165.0,0.8472222222222222,2.0,72.0,0.0
stgcn,cpr,0000010001000,6,57.333333333333336,0.0,0.5,0.0,137.0,943.0,0.12685185185185185,2.0,72.0,0.0
stgcn,cpr,0000010001000,7,57.333333333333336,0.0,1.0,0.0,136.0,944.0,0.1259259259259259,2.0,72.0,0.0
stgcn,cpr,0000010001000,8,57.333333333333336,0.0,1.0,0.0,176.0,904.0,0.16296296296296298,2.0,72.0,0.0
stgcn,cpr,0000010001000,9,57.333333333333336,1.0,0.5,42.0,907.0,173.0,0.8398148148148148,2.0,72.0,0.0
stgcn,cpr,0000010001000,10,57.333333333333336,0.0,0.3333333333333333,0.0,125.0,955.0,0.11574074074074074,2.0,72.0,0.0
stgcn,cpr,0000010001000,11,57.333333333333336,0.0,0.0,0.0,93.0,987.0,0.0861111111111111,2.0,72.0,0.0
stgcn,cpr,0000010001000,12,57.333333333333336,0.0,1.0,0.0,114.0,966.0,0.10555555555555556,2.0,72.0,0.0
stgcn,cpr,0000010010000,0,57.333333333333336,0.0,1.0,0.0,195.0,885.0,0.18055555555555555,2.0,84.0,1.0
stgcn,cpr,0000010010000,1,57.333333333333336,0.0,0.7999999999999999,0.0,85.0,995.0,0.0787037037037037,2.0,84.0,1.0
stgcn,cpr,0000010010000,2,57.333333333333336,0.0,1.0,0.0,83.0,997.0,0.07685185185185185,2.0,84.0,1.0
stgcn,cpr,0000010010000,3,57.333333333333336,0.0,1.0,0.0,167.0,913.0,0.15462962962962962,2.0,84.0,0.0
stgcn,cpr,0000010010000,4,57.333333333333336,0.0,1.0,0.0,151.0,929.0,0.1398148148148148,2.0,84.0,0.0
stgcn,cpr,0000010010000,5,57.333333333333336,1.0,0.5,42.0,915.0,165.0,0.8472222222222222,2.0,84.0,0.0
stgcn,cpr,0000010010000,6,57.333333333333336,0.0,0.8333333333333334,0.0,137.0,943.0,0.12685185185185185,2.0,84.0,0.0
stgcn,cpr,0000010010000,7,57.333333333333336,0.0,1.0,0.0,136.0,944.0,0.1259259259259259,2.0,84.0,0.0
stgcn,cpr,0000010010000,8,57.333333333333336,1.0,0.0,42.0,911.0,169.0,0.8435185185185187,2.0,84.0,0.0
stgcn,cpr,0000010010000,9,57.333333333333336,0.0,0.6666666666666666,0.0,180.0,900.0,0.16666666666666666,2.0,84.0,0.0
stgcn,cpr,0000010010000,10,57.333333333333336,0.0,0.6,0.0,125.0,955.0,0.11574074074074074,2.0,84.0,0.0
stgcn,cpr,0000010010000,11,57.333333333333336,0.0,0.0,0.0,93.0,987.0,0.0861111111111111,2.0,84.0,0.0
stgcn,cpr,0000010010000,12,57.333333333333336,0.0,1.0,0.0,114.0,966.0,0.10555555555555556,2.0,84.0,0.0
stgcn,cpr,0000010100000,0,57.333333333333336,0.0,0.39999999999999997,0.0,195.0,885.0,0.18055555555555555,2.0,64.0,1.0
stgcn,cpr,0000010100000,1,57.333333333333336,0.0,1.0,0.0,85.0,995.0,0.0787037037037037,2.0,64.0,1.0
stgcn,cpr,0000010100000,2,57.333333333333336,0.0,1.0,0.0,83.0,997.0,0.07685185185185185,2.0,64.0,1.0
stgcn,cpr,0000010100000,3,57.333333333333336,0.0,0.3333333333333333,0.0,167.0,913.0,0.15462962962962962,2.0,64.0,0.0
stgcn,cpr,0000010100000,4,57.333333333333336,0.0,1.0,0.0,151.0,929.0,0.1398148148148148,2.0,64.0,0.0
stgcn,cpr,0000010100000,5,57.333333333333336,1.0,0.0,22.0,915.0,165.0,0.8472222222222222,2.0,64.0,0.0
stgcn,cpr,0000010100000,6,57.333333333333336,0.0,0.8333333333333334,0.0,137.0,943.0,0.12685185185185185,2.0,64.0,0.0
stgcn,cpr,0000010100000,7,57.333333333333336,1.0,1.0,42.0,956.0,124.0,0.8851851851851852,2.0,64.0,0.0
stgcn,cpr,0000010100000,8,57.333333333333336,0.0,0.9333333333333332,0.0,181.0,899.0,0.1675925925925926,2.0,64.0,0.0
stgcn,cpr,0000010100000,9,57.333333333333336,0.0,0.6666666666666666,0.0,180.0,900.0,0.16666666666666666,2.0,64.0,0.0
stgcn,cpr,0000010100000,10,57.333333333333336,0.0,1.0,0.0,125.0,955.0,0.11574074074074074,2.0,64.0,0.0
stgcn,cpr,0000010100000,11,57.333333333333336,0.0,0.8333333333333334,0.0,93.0,987.0,0.0861111111111111,2.0,64.0,0.0
stgcn,cpr,0000010100000,12,57.333333333333336,0.0,1.0,0.0,114.0,966.0,0.10555555555555556,2.0,64.0,0.0
stgcn,cpr,0000011000000,0,57.333333333333336,0.0,0.6666666666666666,0.0,195.0,885.0,0.18055555555555555,2.0,84.0,1.0
stgcn,cpr,0000011000000,1,57.333333333333336,0.0,0.8333333333333334,0.0,85.0,995.0,0.0787037037037037,2.0,84.0,1.0
stgcn,cpr,0000011000000,2,57.333333333333336,0.0,1.0,0.0,83.0,997.0,0.07685185185185185,2.0,84.0,1.0
stgcn,cpr,0000011000000,3,57.333333333333336,0.0,1.0,0.0,167.0,913.0,0.15462962962962962,2.0,84.0,0.0
stgcn,cpr,0000011000000,4,57.333333333333336,0.0,1.0,0.0,151.0,929.0,0.1398148148148148,2.0,84.0,0.0
stgcn,cpr,0000011000000,5,57.333333333333336,1.0,0.3333333333333333,42.0,915.0,165.0,0.8472222222222222,2.0,84.0,0.0
stgcn,cpr,0000011000000,6,57.333333333333336,1.0,1.0,42.0,955.0,125.0,0.8842592592592592,2.0,84.0,0.0
stgcn,cpr,0000011000000,7,57.333333333333336,0.0,1.0,0.0,136.0,944.0,0.1259259259259259,2.0,84.0,0.0
stgcn,cpr,0000011000000,8,57.333333333333336,0.0,1.0,0.0,181.0,899.0,0.1675925925925926,2.0,84.0,0.0
stgcn,cpr,0000011000000,9,57.333333333333336,0.0,0.5333333333333333,0.0,180.0,900.0,0.16666666666666666,2.0,84.0,0.0
stgcn,cpr,0000011000000,10,57.333333333333336,0.0,0.6,0.0,125.0,955.0,0.11574074074074074,2.0,84.0,0.0
stgcn,cpr,0000011000000,11,57.333333333333336,0.0,0.16666666666666666,0.0,93.0,987.0,0.0861111111111111,2.0,84.0,0.0
stgcn,cpr,0000011000000,12,57.333333333333336,0.0,0.8333333333333334,0.0,114.0,966.0,0.10555555555555556,2.0,84.0,0.0
stgcn,cpr,0000100000000,0,57.333333333333336,0.0,0.6666666666666666,10.333333333333334,197.66666666666666,847.6666666666666,0.18911775028516276,1.0,119.0,1.0
stgcn,cpr,0000100000000,1,57.333333333333336,0.0,0.7833333333333333,0.0,78.0,967.3333333333334,0.07460052840416094,1.0,119.0,1.0
stgcn,cpr,0000100000000,2,57.333333333333336,0.0,1.0,0.0,97.0,948.3333333333334,0.09279854347635341,1.0,119.0,1.0
stgcn,cpr,0000100000000,3,57.333333333333336,0.0,0.6166666666666667,11.333333333333334,173.66666666666666,871.6666666666666,0.16614630555799284,1.0,119.0,0.0
stgcn,cpr,0000100000000,4,57.333333333333336,1.0,0.0,42.0,925.6666666666666,119.66666666666667,0.885524212024607,1.0,119.0,0.0
stgcn,cpr,0000100000000,5,57.333333333333336,0.0,0.9833333333333334,0.0,169.66666666666666,875.6666666666666,0.16231245064490654,1.0,119.0,0.0
stgcn,cpr,0000100000000,6,57.333333333333336,0.0,0.0,7.0,116.66666666666667,928.6666666666666,0.11156688407280668,1.0,119.0,0.0
stgcn,cpr,0000100000000,7,57.333333333333336,0.0,1.0,8.666666666666666,174.0,871.3333333333334,0.1664546225614928,1.0,119.0,0.0
stgcn,cpr,0000100000000,8,57.333333333333336,0.0,0.8333333333333334,11.333333333333334,177.0,868.3333333333334,0.16932209255847055,1.0,119.0,0.0
stgcn,cpr,0000100000000,9,57.333333333333336,0.0,0.16666666666666666,8.333333333333334,198.33333333333334,847.0,0.18974657073498877,1.0,119.0,0.0
stgcn,cpr,0000100000000,10,57.333333333333336,0.0,0.31666666666666665,12.0,131.0,914.3333333333334,0.12531197293634777,1.0,119.0,0.0
stgcn,cpr,0000100000000,11,57.333333333333336,0.0,0.3833333333333333,0.0,74.0,971.3333333333334,0.0707739853567703,1.0,119.0,0.0
stgcn,cpr,0000100000000,12,57.333333333333336,0.0,0.9166666666666666,8.0,114.0,931.3333333333334,0.10905160227350279,1.0,119.0,0.0
stgcn,cpr,0000100000001,0,57.333333333333336,0.0,0.6666666666666666,0.0,195.0,885.0,0.18055555555555555,2.0,64.0,1.0
stgcn,cpr,0000100000001,1,57.333333333333336,0.0,0.6666666666666666,0.0,85.0,995.0,0.0787037037037037,2.0,64.0,1.0
stgcn,cpr,0000100000001,2,57.333333333333336,0.0,1.0,0.0,83.0,997.0,0.07685185185185185,2.0,64.0,1.0
stgcn,cpr,0000100000001,3,57.333333333333336,0.0,0.7333333333333334,0.0,167.0,913.0,0.15462962962962962,2.0,64.0,0.0
stgcn,cpr,0000100000001,4,57.333333333333336,1.0,0.0,42.0,941.0,139.0,0.8712962962962963,2.0,64.0,0.0
stgcn,cpr,0000100000001,5,57.333333333333336,0.0,0.3333333333333333,0.0,177.0,903.0,0.1638888888888889,2.0,64.0,0.0
stgcn,cpr,0000100000001,6,57.333333333333336,0.0,0.0,0.0,137.0,943.0,0.12685185185185185,2.0,64.0,0.0
stgcn,cpr,0000100000001,7,57.333333333333336,0.0,1.0,0.0,136.0,944.0,0.1259259259259259,2.0,64.0,0.0
stgcn,cpr,0000100000001,8,57.333333333333336,0.0,1.0,0.0,181.0,899.0,0.1675925925925926,2.0,64.0,0.0
stgcn,cpr,0000100000001,9,57.333333333333336,0.0,0.0,0.0,180.0,900.0,0.16666666666666666,2.0,64.0,0.0
stgcn,cpr,0000100000001,10,57.333333333333336,0.0,0.0,0.0,125.0,955.0,0.11574074074074074,2.0,64.0,0.0
stgcn,cpr,0000100000001,11,57.333333333333336,0.0,0.3333333333333333,0.0,93.0,987.0,0.0861111111111111,2.0,64.0,0.0
stgcn,cpr,0000100000001,12,57.333333333333336,1.0,0.3333333333333333,22.0,978.0,102.0,0.9055555555555556,2.0,64.0,0.0
stgcn,cpr,0000100000100,0,57.333333333333336,0.0,0.9333333333333332,0.0,195.0,885.0,0.18055555555555555,2.0,64.0,1.0
stgcn,cpr,0000100000100,1,57.333333333333336,0.0,1.0,0.0,85.0,995.0,0.0787037037037037,2.0,64.0,1.0
stgcn,cpr,0000100000100,2,57.333333333333336,0.0,1.0,0.0,83.0,997.0,0.07685185185185185,2.0,64.0,1.0
stgcn,cpr,0000100000100,3,57.333333333333336,0.0,0.9333333333333332,0.0,167.0,913.0,0.15462962962962962,2.0,64.0,0.0
stgcn,cpr,0000100000100,4,57.333333333333336,1.0,0.0,42.0,941.0,139.0,0.8712962962962963,2.0,64.0,0.0
stgcn,cpr,0000100000100,5,57.333333333333336,0.0,1.0,0.0,177.0,903.0,0.1638888888888889,2.0,64.0,0.0
stgcn,cpr,0000100000100,6,57.333333333333336,0.0,0.0,0.0,137.0,943.0,0.12685185185185185,2.0,64.0,0.0
stgcn,cpr,0000100000100,7,57.333333333333336,0.0,1.0,0.0,136.0,944.0,0.1259259259259259,2.0,64.0,0.0
stgcn,cpr,0000100000100,8,57.333333333333336,0.0,1.0,0.0,181.0,899.0,0.1675925925925926,2.0,64.0,0.0
stgcn,cpr,0000100000100,9,57.333333333333336,0.0,0.26666666666666666,0.0,180.0,900.0,0.16666666666666666,2.0,64.0,0.0
stgcn,cpr,0000100000100,10,57.333333333333336,1.0,0.9333333333333332,22.0,967.0,113.0,0.8953703703703703,2.0,64.0,0.0
stgcn,cpr,0000100000100,11,57.333333333333336,0.0,0.0,0.0,93.0,987.0,0.0861111111111111,2.0,64.0,0.0
stgcn,cpr,0000100000100,12,57.333333333333336,0.0,0.6666666666666666,0.0,114.0,966.0,0.10555555555555556,2.0,64.0,0.0
stgcn,cpr,0000100001000,0,57.333333333333336,0.0,0.8333333333333334,8.0,195.0,885.0,0.18055555555555555,2.0,52.0,1.0
stgcn,cpr,0000100001000,1,57.333333333333336,0.0,1.0,0.0,85.0,995.0,0.0787037037037037,2.0,52.0,1.0
stgcn,cpr,0000100001000,2,57.333333333333336,0.0,1.0,0.0,83.0,997.0,0.07685185185185185,2.0,52.0,1.0
stgcn,cpr,0000100001000,3,57.333333333333336,0.0,0.7333333333333334,0.0,167.0,913.0,0.15462962962962962,2.0,52.0,0.0
stgcn,cpr,0000100001000,4,57.333333333333336,1.0,0.0,22.0,941.0,139.0,0.8712962962962963,2.0,52.0,0.0
stgcn,cpr,0000100001000,5,57.333333333333336,0.0,0.6666666666666666,0.0,177.0,903.0,0.1638888888888889,2.0,52.0,0.0
stgcn,cpr,0000100001000,6,57.333333333333336,0.0,0.16666666666666666,0.0,137.0,943.0,0.12685185185185185,2.0,52.0,0.0
stgcn,cpr,0000100001000,7,57.333333333333336,0.0,1.0,0.0,136.0,944.0,0.1259259259259259,2.0,52.0,0.0
stgcn,cpr,0000100001000,8,57.333333333333336,0.0,1.0,0.0,181.0,899.0,0.1675925925925926,2.0,52.0,0.0
stgcn,cpr,0000100001000,9,57.333333333333336,1.0,1.0,22.0,912.0,168.0,0.8444444444444444,2.0,52.0,0.0
stgcn,cpr,0000100001000,10,57.333333333333336,0.0,0.0,0.0,125.0,955.0,0.11574074074074074,2.0,52.0,0.0
stgcn,cpr,0000100001000,11,57.333333333333336,0.0,0.0,0.0,93.0,987.0,0.0861111111111111,2.0,52.0,0.0
stgcn,cpr,0000100001000,12,57.333333333333336,0.0,1.0,0.0,114.0,966.0,0.10555555555555556,2.0,52.0,0.0
stgcn,cpr,0000100010000,0,57.333333333333336,0.0,0.3666666666666667,8.0,190.0,907.6666666666666,0.17303913145827457,2.0,92.66666666666667,1.0
stgcn,cpr,0000100010000,1,57.333333333333336,0.0,1.0,0.0,93.0,1004.6666666666666,0.08468840871030038,2.0,92.66666666666667,1.0
stgcn,cpr,0000100010000,2,57.333333333333336,0.0,1.0,0.0,95.66666666666667,1002.0,0.08721179898708133,2.0,92.66666666666667,1.0
stgcn,cpr,0000100010000,3,57.333333333333336,0.0,0.3333333333333333,0.0,165.33333333333334,932.3333333333334,0.15075009749088739,2.0,92.66666666666667,0.0
stgcn,cpr,0000100010000,4,57.333333333333336,1.0,0.0,42.0,965.3333333333334,132.33333333333334,0.8793894535550124,2.0,92.66666666666667,0.0
stgcn,cpr,0000100010000,5,57.333333333333336,0.0,1.0,0.0,146.33333333333334,951.3333333333334,0.1330515620602462,2.0,92.66666666666667,0.0
stgcn,cpr,0000100010000,6,57.333333333333336,0.0,0.3333333333333333,8.0,146.66666666666666,951.0,0.13363006736805297,2.0,92.66666666666667,0.0
stgcn,cpr,0000100010000,7,57.333333333333336,0.0,1.0,0.0,165.33333333333334,932.3333333333334,0.15062732611338978,2.0,92.66666666666667,0.0
stgcn,cpr,0000100010000,8,57.333333333333336,1.0,0.0,34.666666666666664,932.0,165.66666666666666,0.8490572501020126,2.0,92.66666666666667,0.0
stgcn,cpr,0000100010000,9,57.333333333333336,0.0,0.0,0.0,188.66666666666666,909.0,0.17177743631988415,2.0,92.66666666666667,0.0
stgcn,cpr,0000100010000,10,57.333333333333336,0.0,0.3333333333333333,0.0,117.66666666666667,980.0,0.10717036912804095,2.0,92.66666666666667,0.0
stgcn,cpr,0000100010000,11,57.333333333333336,0.0,0.0,0.0,92.66666666666667,1005.0,0.08447821753498641,2.0,92.66666666666667,0.0
stgcn,cpr,0000100010000,12,57.333333333333336,0.0,0.8666666666666667,0.0,98.66666666666667,999.0,0.08982260906167865,2.0,92.66666666666667,0.0
stgcn,cpr,0000100100000,0,57.333333333333336,0.0,0.7000000000000001,0.0,185.0,902.0,0.1701931922723091,2.0,82.0,1.0
stgcn,cpr,0000100100000,1,57.333333333333336,0.0,1.0,0.0,90.0,997.0,0.0827966881324747,2.0,82.0,1.0
stgcn,cpr,0000100100000,2,57.333333333333336,0.0,1.0,0.0,98.0,989.0,0.09015639374425023,2.0,82.0,1.0
stgcn,cpr,0000100100000,3,57.333333333333336,0.0,0.0,0.0,171.0,916.0,0.15731370745170192,2.0,82.0,0.0
stgcn,cpr,0000100100000,4,57.333333333333336,1.0,0.0,40.0,953.0,134.0,0.8767249310027599,2.0,82.0,0.0
stgcn,cpr,0000100100000,5,57.333333333333336,0.0,1.0,0.0,130.0,957.0,0.11959521619135234,2.0,82.0,0.0
stgcn,cpr,0000100100000,6,57.333333333333336,0.0,1.0,0.0,146.0,941.0,0.1343146274149034,2.0,82.0,0.0
stgcn,cpr,0000100100000,7,57.333333333333336,1.0,1.0,42.0,933.0,154.0,0.8583256669733211,2.0,82.0,0.0
stgcn,cpr,0000100100000,8,57.333333333333336,0.0,1.0,0.0,175.0,912.0,0.1609935602575897,2.0,82.0,0.0
stgcn,cpr,0000100100000,9,57.333333333333336,0.0,1.0,0.0,181.0,906.0,0.16651333946642136,2.0,82.0,0.0
stgcn,cpr,0000100100000,10,57.333333333333336,0.0,1.0,0.0,115.0,972.0,0.10579576816927323,2.0,82.0,0.0
stgcn,cpr,0000100100000,11,57.333333333333336,0.0,1.0,0.0,95.0,992.0,0.08739650413983441,2.0,82.0,0.0
stgcn,cpr,0000100100000,12,57.333333333333336,0.0,1.0,0.0,94.0,993.0,0.08647654093836248,2.0,82.0,0.0
stgcn,cpr,0000101000000,0,57.333333333333336,0.0,0.3333333333333333,0.0,185.0,902.0,0.1701931922723091,2.0,72.0,1.0
stgcn,cpr,0000101000000,1,57.333333333333336,0.0,1.0,0.0,90.0,997.0,0.0827966881324747,2.0,72.0,1.0
stgcn,cpr,0000101000000,2,57.333333333333336,0.0,1.0,0.0,98.0,989.0,0.09015639374425023,2.0,72.0,1.0
stgcn,cpr,0000101000000,3,57.333333333333336,0.0,0.16666666666666666,0.0,171.0,916.0,0.15731370745170192,2.0,72.0,0.0
stgcn,cpr,0000101000000,4,57.333333333333336,1.0,0.0,22.0,953.0,134.0,0.8767249310027599,2.0,72.0,0.0
stgcn,cpr,0000101000000,5,57.333333333333336,0.0,1.0,0.0,130.0,957.0,0.11959521619135234,2.0,72.0,0.0
stgcn,cpr,0000101000000,6,57.333333333333336,1.0,1.0,42.0,953.0,134.0,0.8767249310027599,2.0,72.0,0.0
stgcn,cpr,0000101000000,7,57.333333333333336,0.0,1.0,0.0,166.0,921.0,0.15271389144434222,2.0,72.0,0.0
stgcn,cpr,0000101000000,8,57.333333333333336,0.0,1.0,8.0,175.0,912.0,0.1609935602575897,2.0,72.0,0.0
stgcn,cpr,0000101000000,9,57.333333333333336,0.0,0.0,0.0,181.0,906.0,0.16651333946642136,2.0,72.0,0.0
stgcn,cpr,0000101000000,10,57.333333333333336,0.0,0.39999999999999997,0.0,115.0,972.0,0.10579576816927323,2.0,72.0,0.0
stgcn,cpr,0000101000000,11,57.333333333333336,0.0,0.0,0.0,95.0,992.0,0.08739650413983441,2.0,72.0,0.0
stgcn,cpr,0000101000000,12,57.333333333333336,0.0,1.0,0.0,94.0,993.0,0.08647654093836248,2.0,72.0,0.0
stgcn,cpr,0001000000000,0,57.333333333333336,0.0,0.0,8.666666666666666,208.66666666666666,852.3333333333334,0.1967196766913347,1.0,125.66666666666667,1.0
stgcn,cpr,0001000000000,1,57.333333333333336,0.0,0.9333333333333332,0.0,82.0,979.0,0.0769974982067566,1.0,125.66666666666667,1.0
stgcn,cpr,0001000000000,2,57.333333333333336,0.0,1.0,0.0,95.33333333333333,965.6666666666666,0.09000682307248202,1.0,125.66666666666667,1.0
stgcn,cpr,0001000000000,3,57.333333333333336,1.0,0.7333333333333334,42.0,929.3333333333334,131.66666666666666,0.8757116114697597,1.0,125.66666666666667,0.0
stgcn,cpr,0001000000000,4,57.333333333333336,0.0,1.0,12.0,159.33333333333334,901.6666666666666,0.15029829073286796,1.0,125.66666666666667,0.0
stgcn,cpr,0001000000000,5,57.333333333333336,0.0,1.0,10.333333333333334,164.0,897.0,0.15485750275547158,1.0,125.66666666666667,0.0
stgcn,cpr,0001000000000,6,57.333333333333336,0.0,0.6,7.0,111.0,950.0,0.10434402281355516,1.0,125.66666666666667,0.0
stgcn,cpr,0001000000000,7,57.333333333333336,0.0,1.0,10.666666666666666,171.33333333333334,889.6666666666666,0.16164383561643836,1.0,125.66666666666667,0.0
stgcn,cpr,0001000000000,8,57.333333333333336,0.0,1.0,9.0,179.0,882.0,0.16870484088245072,1.0,125.66666666666667,0.0
stgcn,cpr,0001000000000,9,57.333333333333336,0.0,0.11666666666666665,7.666666666666667,193.0,868.0,0.18232299375426442,1.0,125.66666666666667,0.0
stgcn,cpr,0001000000000,10,57.333333333333336,0.0,0.9666666666666667,8.666666666666666,129.33333333333334,931.6666666666666,0.12191955772494271,1.0,125.66666666666667,0.0
stgcn,cpr,0001000000000,11,57.333333333333336,0.0,0.16666666666666666,0.0,70.66666666666667,990.3333333333334,0.06652845571126158,1.0,125.66666666666667,0.0
stgcn,cpr,0001000000000,12,57.333333333333336,0.0,1.0,9.666666666666666,114.66666666666667,946.3333333333334,0.1080494760230235,1.0,125.66666666666667,0.0
stgcn,cpr,0001000000001,0,57.333333333333336,0.0,1.0,0.0,216.0,910.0,0.19182948490230908,2.0,84.0,1.0
stgcn,cpr,0001000000001,1,57.333333333333336,0.0,1.0,0.0,97.0,1029.0,0.08614564831261101,2.0,84.0,1.0
stgcn,cpr,0001000000001,2,57.333333333333336,0.0,1.0,0.0,75.0,1051.0,0.06660746003552398,2.0,84.0,1.0
stgcn,cpr,0001000000001,3,57.333333333333336,1.0,0.13333333333333333,42.0,962.0,164.0,0.8543516873889875,2.0,84.0,0.0
stgcn,cpr,0001000000001,4,57.333333333333336,0.0,1.0,0.0,153.0,973.0,0.13587921847246892,2.0,84.0,0.0
stgcn,cpr,0001000000001,5,57.333333333333336,0.0,0.8333333333333334,0.0,181.0,945.0,0.16074600355239788,2.0,84.0,0.0
stgcn,cpr,0001000000001,6,57.333333333333336,0.0,0.43333333333333335,0.0,112.0,1014.0,0.0994671403197158,2.0,84.0,0.0
stgcn,cpr,0001000000001,7,57.333333333333336,0.0,1.0,0.0,156.0,970.0,0.13854351687388988,2.0,84.0,0.0
stgcn,cpr,0001000000001,8,57.333333333333336,0.0,1.0,0.0,150.0,976.0,0.13321492007104796,2.0,84.0,0.0
stgcn,cpr,0001000000001,9,57.333333333333336,0.0,0.0,0.0,211.0,915.0,0.18738898756660746,2.0,84.0,0.0
stgcn,cpr,0001000000001,10,57.333333333333336,0.0,0.6666666666666666,0.0,125.0,1001.0,0.11101243339253997,2.0,84.0,0.0
stgcn,cpr,0001000000001,11,57.333333333333336,0.0,0.0,0.0,95.0,1031.0,0.08436944937833037,2.0,84.0,0.0
stgcn,cpr,0001000000001,12,57.333333333333336,1.0,0.16666666666666666,42.0,1029.0,97.0,0.9138543516873888,2.0,84.0,0.0
stgcn,cpr,0001000000100,0,57.333333333333336,0.0,0.06666666666666667,0.0,216.0,910.0,0.19182948490230908,2.0,82.0,1.0
stgcn,cpr,0001000000100,1,57.333333333333336,0.0,1.0,0.0,97.0,1029.0,0.08614564831261101,2.0,82.0,1.0
stgcn,cpr,0001000000100,2,57.333333333333336,0.0,1.0,0.0,75.0,1051.0,0.06660746003552398,2.0,82.0,1.0
stgcn,cpr,0001000000100,3,57.333333333333336,1.0,0.39999999999999997,40.0,962.0,164.0,0.8543516873889875,2.0,82.0,0.0
stgcn,cpr,0001000000100,4,57.333333333333336,0.0,1.0,0.0,153.0,973.0,0.13587921847246892,2.0,82.0,0.0
stgcn,cpr,0001000000100,5,57.333333333333336,0.0,1.0,0.0,181.0,945.0,0.16074600355239788,2.0,82.0,0.0
stgcn,cpr,0001000000100,6,57.333333333333336,0.0,0.3333333333333333,0.0,112.0,1014.0,0.0994671403197158,2.0,82.0,0.0
stgcn,cpr,0001000000100,7,57.333333333333336,0.0,1.0,0.0,156.0,970.0,0.13854351687388988,2.0,82.0,0.0
stgcn,cpr,0001000000100,8,57.333333333333336,0.0,1.0,0.0,150.0,976.0,0.13321492007104796,2.0,82.0,0.0
stgcn,cpr,0001000000100,9,57.333333333333336,0.0,0.3333333333333333,0.0,211.0,915.0,0.18738898756660746,2.0,82.0,0.0
stgcn,cpr,0001000000100,10,57.333333333333336,1.0,0.0,42.0,1013.0,113.0,0.8996447602131439,2.0,82.0,0.0
stgcn,cpr,0001000000100,11,57.333333333333336,0.0,0.0,0.0,95.0,1031.0,0.08436944937833037,2.0,82.0,0.0
stgcn,cpr,0001000000100,12,57.333333333333336,0.0,1.0,0.0,109.0,1017.0,0.09680284191829484,2.0,82.0,0.0
stgcn,cpr,0001000001000,0,57.333333333333336,0.0,0.3333333333333333,8.0,185.0,902.0,0.1701931922723091,2.0,100.0,1.0
stgcn,cpr,0001000001000,1,57.333333333333336,0.0,0.9166666666666666,0.0,90.0,997.0,0.0827966881324747,2.0,100.0,1.0
stgcn,cpr,0001000001000,2,57.333333333333336,0.0,1.0,0.0,98.0,989.0,0.09015639374425023,2.0,100.0,1.0
stgcn,cpr,0001000001000,3,57.333333333333336,1.0,1.0,42.0,928.0,159.0,0.8537258509659612,2.0,100.0,0.0
stgcn,cpr,0001000001000,4,57.333333333333336,0.0,1.0,0.0,146.0,941.0,0.1343146274149034,2.0,100.0,0.0
stgcn,cpr,0001000001000,5,57.333333333333336,0.0,1.0,8.0,130.0,957.0,0.11959521619135234,2.0,100.0,0.0
stgcn,cpr,0001000001000,6,57.333333333333336,0.0,0.5,0.0,146.0,941.0,0.1343146274149034,2.0,100.0,0.0
stgcn,cpr,0001000001000,7,57.333333333333336,0.0,1.0,0.0,166.0,921.0,0.15271389144434222,2.0,100.0,0.0
stgcn,cpr,0001000001000,8,57.333333333333336,0.0,1.0,0.0,175.0,912.0,0.1609935602575897,2.0,100.0,0.0
stgcn,cpr,0001000001000,9,57.333333333333336,1.0,1.0,42.0,913.0,174.0,0.8399264029438823,2.0,100.0,0.0
stgcn,cpr,0001000001000,10,57.333333333333336,0.0,0.6666666666666666,0.0,115.0,972.0,0.10579576816927323,2.0,100.0,0.0
stgcn,cpr,0001000001000,11,57.333333333333336,0.0,0.3333333333333333,0.0,95.0,992.0,0.08739650413983441,2.0,100.0,0.0
stgcn,cpr,0001000001000,12,57.333333333333336,0.0,1.0,0.0,89.0,998.0,0.08187672493100276,2.0,100.0,0.0
stgcn,cpr,0001000010000,0,57.333333333333336,0.0,0.6666666666666666,8.0,185.0,901.0,0.17034990791896867,2.0,92.0,1.0
stgcn,cpr,0001000010000,1,57.333333333333336,0.0,1.0,0.0,90.0,996.0,0.08287292817679558,2.0,92.0,1.0
stgcn,cpr,0001000010000,2,57.333333333333336,0.0,1.0,0.0,98.0,988.0,0.09023941068139964,2.0,92.0,1.0
stgcn,cpr,0001000010000,3,57.333333333333336,1.0,0.6,42.0,928.0,158.0,0.85451197053407,2.0,92.0,0.0
stgcn,cpr,0001000010000,4,57.333333333333336,0.0,1.0,0.0,146.0,940.0,0.13443830570902393,2.0,92.0,0.0
stgcn,cpr,0001000010000,5,57.333333333333336,0.0,1.0,0.0,130.0,956.0,0.11970534069981582,2.0,92.0,0.0
stgcn,cpr,0001000010000,6,57.333333333333336,0.0,1.0,0.0,146.0,940.0,0.13443830570902393,2.0,92.0,0.0
stgcn,cpr,0001000010000,7,57.333333333333336,0.0,1.0,0.0,166.0,920.0,0.15285451197053407,2.0,92.0,0.0
stgcn,cpr,0001000010000,8,57.333333333333336,1.0,0.06666666666666667,42.0,923.0,163.0,0.8499079189686926,2.0,92.0,0.0
stgcn,cpr,0001000010000,9,57.333333333333336,0.0,0.0,0.0,185.0,901.0,0.17034990791896867,2.0,92.0,0.0
stgcn,cpr,0001000010000,10,57.333333333333336,0.0,1.0,0.0,115.0,971.0,0.10589318600368323,2.0,92.0,0.0
stgcn,cpr,0001000010000,11,57.333333333333336,0.0,0.0,0.0,95.0,991.0,0.08747697974217311,2.0,92.0,0.0
stgcn,cpr,0001000010000,12,57.333333333333336,0.0,1.0,0.0,89.0,997.0,0.08195211786372007,2.0,92.0,0.0
stgcn,cpr,0001000100000,0,57.333333333333336,0.0,0.8333333333333334,0.0,185.0,901.0,0.17034990791896867,2.0,82.0,1.0
stgcn,cpr,0001000100000,1,57.333333333333336,0.0,0.9333333333333332,0.0,90.0,996.0,0.08287292817679558,2.0,82.0,1.0
stgcn,cpr,0001000100000,2,57.333333333333336,0.0,1.0,0.0,98.0,988.0,0.09023941068139964,2.0,82.0,1.0
stgcn,cpr,0001000100000,3,57.333333333333336,1.0,0.3333333333333333,40.0,928.0,158.0,0.85451197053407,2.0,82.0,0.0
stgcn,cpr,0001000100000,4,57.333333333333336,0.0,0.8333333333333334,0.0,146.0,940.0,0.13443830570902393,2.0,82.0,0.0
stgcn,cpr,0001000100000,5,57.333333333333336,0.0,0.9333333333333332,0.0,130.0,956.0,0.11970534069981582,2.0,82.0,0.0
stgcn,cpr,0001000100000,6,57.333333333333336,0.0,0.8333333333333334,0.0,146.0,940.0,0.13443830570902393,2.0,82.0,0.0
stgcn,cpr,0001000100000,7,57.333333333333336,1.0,0.3333333333333333,42.0,932.0,154.0,0.8581952117863721,2.0,82.0,0.0
stgcn,cpr,0001000100000,8,57.333333333333336,0.0,0.8666666666666667,0.0,175.0,911.0,0.16114180478821363,2.0,82.0,0.0
stgcn,cpr,0001000100000,9,57.333333333333336,0.0,0.8333333333333334,0.0,185.0,901.0,0.17034990791896867,2.0,82.0,0.0
stgcn,cpr,0001000100000,10,57.333333333333336,0.0,1.0,0.0,115.0,971.0,0.10589318600368323,2.0,82.0,0.0
stgcn,cpr,0001000100000,11,57.333333333333336,0.0,0.8333333333333334,0.0,95.0,991.0,0.08747697974217311,2.0,82.0,0.0
stgcn,cpr,0001000100000,12,57.333333333333336,0.0,1.0,0.0,89.0,997.0,0.08195211786372007,2.0,82.0,0.0
stgcn,cpr,0001001000000,0,57.333333333333336,0.0,0.6666666666666666,0.0,185.0,901.0,0.17034990791896867,2.0,64.0,1.0
stgcn,cpr,0001001000000,1,57.333333333333336,0.0,0.6666666666666666,0.0,90.0,996.0,0.08287292817679558,2.0,64.0,1.0
stgcn,cpr,0001001000000,2,57.333333333333336,0.0,1.0,0.0,98.0,988.0,0.09023941068139964,2.0,64.0,1.0
stgcn,cpr,0001001000000,3,57.333333333333336,1.0,0.43333333333333335,22.0,928.0,158.0,0.85451197053407,2.0,64.0,0.0
stgcn,cpr,0001001000000,4,57.333333333333336,0.0,1.0,0.0,146.0,940.0,0.13443830570902393,2.0,64.0,0.0
stgcn,cpr,0001001000000,5,57.333333333333336,0.0,1.0,0.0,130.0,956.0,0.11970534069981582,2.0,64.0,0.0
stgcn,cpr,0001001000000,6,57.333333333333336,1.0,0.39999999999999997,42.0,950.0,136.0,0.8747697974217311,2.0,64.0,0.0
stgcn,cpr,0001001000000,7,57.333333333333336,0.0,1.0,0.0,164.0,922.0,0.15101289134438306,2.0,64.0,0.0
stgcn,cpr,0001001000000,8,57.333333333333336,0.0,1.0,0.0,175.0,911.0,0.16114180478821363,2.0,64.0,0.0
stgcn,cpr,0001001000000,9,57.333333333333336,0.0,0.16666666666666666,0.0,185.0,901.0,0.17034990791896867,2.0,64.0,0.0
stgcn,cpr,0001001000000,10,57.333333333333336,0.0,1.0,0.0,115.0,971.0,0.10589318600368323,2.0,64.0,0.0
stgcn,cpr,0001001000000,11,57.333333333333336,0.0,0.3333333333333333,0.0,95.0,991.0,0.08747697974217311,2.0,64.0,0.0
stgcn,cpr,0001001000000,12,57.333333333333336,0.0,1.0,0.0,89.0,997.0,0.08195211786372007,2.0,64.0,0.0
stgcn,cpr,0001010000000,0,57.333333333333336,0.0,0.6666666666666666,8.0,185.0,901.0,0.17034990791896867,2.0,80.0,1.0
stgcn,cpr,0001010000000,1,57.333333333333336,0.0,0.3333333333333333,0.0,90.0,996.0,0.08287292817679558,2.0,80.0,1.0
stgcn,cpr,0001010000000,2,57.333333333333336,0.0,1.0,0.0,98.0,988.0,0.09023941068139964,2.0,80.0,1.0
stgcn,cpr,0001010000000,3,57.333333333333336,1.0,0.0,22.0,928.0,158.0,0.85451197053407,2.0,80.0,0.0
stgcn,cpr,0001010000000,4,57.333333333333336,0.0,1.0,0.0,146.0,940.0,0.13443830570902393,2.0,80.0,0.0
stgcn,cpr,0001010000000,5,57.333333333333336,1.0,0.0,42.0,963.0,123.0,0.8867403314917127,2.0,80.0,0.0
stgcn,cpr,0001010000000,6,57.333333333333336,0.0,1.0,0.0,143.0,943.0,0.13167587476979742,2.0,80.0,0.0
stgcn,cpr,0001010000000,7,57.333333333333336,0.0,1.0,0.0,164.0,922.0,0.15101289134438306,2.0,80.0,0.0
stgcn,cpr,0001010000000,8,57.333333333333336,0.0,1.0,0.0,175.0,911.0,0.16114180478821363,2.0,80.0,0.0
stgcn,cpr,0001010000000,9,57.333333333333336,0.0,0.0,8.0,185.0,901.0,0.17034990791896867,2.0,80.0,0.0
stgcn,cpr,0001010000000,10,57.333333333333336,0.0,0.7333333333333334,0.0,115.0,971.0,0.10589318600368323,2.0,80.0,0.0
stgcn,cpr,0001010000000,11,57.333333333333336,0.0,0.0,0.0,95.0,991.0,0.08747697974217311,2.0,80.0,0.0
stgcn,cpr,0001010000000,12,57.333333333333336,0.0,1.0,0.0,89.0,997.0,0.08195211786372007,2.0,80.0,0.0
stgcn,cpr,0001100000000,0,57.333333333333336,0.0,0.6666666666666666,0.0,185.0,901.0,0.17034990791896867,2.0,84.0,1.0
stgcn,cpr,0001100000000,1,57.333333333333336,0.0,0.6666666666666666,0.0,90.0,996.0,0.08287292817679558,2.0,84.0,1.0
stgcn,cpr,0001100000000,2,57.333333333333336,0.0,1.0,0.0,98.0,988.0,0.09023941068139964,2.0,84.0,1.0
stgcn,cpr,0001100000000,3,57.333333333333336,1.0,0.5333333333333333,42.0,928.0,158.0,0.85451197053407,2.0,84.0,0.0
stgcn,cpr,0001100000000,4,57.333333333333336,1.0,0.0,42.0,950.0,136.0,0.8747697974217311,2.0,84.0,0.0
stgcn,cpr,0001100000000,5,57.333333333333336,0.0,1.0,0.0,133.0,953.0,0.12246777163904236,2.0,84.0,0.0
stgcn,cpr,0001100000000,6,57.333333333333336,0.0,0.5666666666666667,0.0,143.0,943.0,0.13167587476979742,2.0,84.0,0.0
stgcn,cpr,0001100000000,7,57.333333333333336,0.0,1.0,0.0,164.0,922.0,0.15101289134438306,2.0,84.0,0.0
stgcn,cpr,0001100000000,8,57.333333333333336,0.0,1.0,0.0,175.0,911.0,0.16114180478821363,2.0,84.0,0.0
stgcn,cpr,0001100000000,9,57.333333333333336,0.0,0.0,0.0,185.0,901.0,0.17034990791896867,2.0,84.0,0.0
stgcn,cpr,0001100000000,10,57.333333333333336,0.0,0.4666666666666666,0.0,115.0,971.0,0.10589318600368323,2.0,84.0,0.0
stgcn,cpr,0001100000000,11,57.333333333333336,0.0,0.3333333333333333,0.0,95.0,991.0,0.08747697974217311,2.0,84.0,0.0
stgcn,cpr,0001100000000,12,57.333333333333336,0.0,1.0,0.0,89.0,997.0,0.08195211786372007,2.0,84.0,0.0
stgcn,cpr,0010000000000,0,57.333333333333336,0.0,0.4666666666666666,0.0,208.66666666666666,852.3333333333334,0.1967196766913347,1.0,96.66666666666667,1.0
stgcn,cpr,0010000000000,1,57.333333333333336,0.0,0.9666666666666667,0.0,82.0,979.0,0.0769974982067566,1.0,96.66666666666667,1.0
stgcn,cpr,0010000000000,2,57.333333333333336,1.0,0.0,42.0,1006.3333333333334,54.666666666666664,0.9483213492188457,1.0,96.66666666666667,1.0
stgcn,cpr,0010000000000,3,57.333333333333336,0.0,0.8333333333333334,0.0,172.33333333333334,888.6666666666666,0.16261656082156792,1.0,96.66666666666667,0.0
stgcn,cpr,0010000000000,4,57.333333333333336,0.0,0.8333333333333334,0.0,159.33333333333334,901.6666666666666,0.15029829073286796,1.0,96.66666666666667,0.0
stgcn,cpr,0010000000000,5,57.333333333333336,0.0,0.6166666666666667,5.333333333333333,164.0,897.0,0.15485750275547158,1.0,96.66666666666667,0.0
stgcn,cpr,0010000000000,6,57.333333333333336,0.0,0.5166666666666667,9.666666666666666,111.0,950.0,0.10434402281355516,1.0,96.66666666666667,0.0
stgcn,cpr,0010000000000,7,57.333333333333336,0.0,1.0,10.666666666666666,171.33333333333334,889.6666666666666,0.16164383561643836,1.0,96.66666666666667,0.0
stgcn,cpr,0010000000000,8,57.333333333333336,0.0,0.8333333333333334,5.666666666666667,179.0,882.0,0.16870484088245072,1.0,96.66666666666667,0.0
stgcn,cpr,0010000000000,9,57.333333333333336,0.0,0.15,6.0,193.0,868.0,0.18232299375426442,1.0,96.66666666666667,0.0
stgcn,cpr,0010000000000,10,57.333333333333336,0.0,0.5333333333333333,7.0,129.33333333333334,931.6666666666666,0.12191955772494271,1.0,96.66666666666667,0.0
stgcn,cpr,0010000000000,11,57.333333333333336,0.0,0.65,0.0,70.66666666666667,990.3333333333334,0.06652845571126158,1.0,96.66666666666667,0.0
stgcn,cpr,0010000000000,12,57.333333333333336,0.0,0.8333333333333334,10.333333333333334,114.66666666666667,946.3333333333334,0.1080494760230235,1.0,96.66666666666667,0.0
stgcn,cpr,0010000000001,0,57.333333333333336,0.0,0.8666666666666667,0.0,185.0,901.0,0.17034990791896867,2.0,44.0,1.0
stgcn,cpr,0010000000001,1,57.333333333333336,0.0,0.16666666666666666,0.0,90.0,996.0,0.08287292817679558,2.0,44.0,1.0
stgcn,cpr,0010000000001,2,57.333333333333336,1.0,0.0,22.0,1000.0,86.0,0.9208103130755064,2.0,44.0,1.0
stgcn,cpr,0010000000001,3,57.333333333333336,0.0,1.0,0.0,170.0,916.0,0.15653775322283608,2.0,44.0,0.0
stgcn,cpr,0010000000001,4,57.333333333333336,0.0,1.0,0.0,148.0,938.0,0.13627992633517497,2.0,44.0,0.0
stgcn,cpr,0010000000001,5,57.333333333333336,0.0,0.5333333333333333,0.0,133.0,953.0,0.12246777163904236,2.0,44.0,0.0
stgcn,cpr,0010000000001,6,57.333333333333336,0.0,0.6666666666666666,0.0,143.0,943.0,0.13167587476979742,2.0,44.0,0.0
stgcn,cpr,0010000000001,7,57.333333333333336,0.0,1.0,0.0,164.0,922.0,0.15101289134438306,2.0,44.0,0.0
stgcn,cpr,0010000000001,8,57.333333333333336,0.0,1.0,0.0,175.0,911.0,0.16114180478821363,2.0,44.0,0.0
stgcn,cpr,0010000000001,9,57.333333333333336,0.0,0.0,0.0,185.0,901.0,0.17034990791896867,2.0,44.0,0.0
stgcn,cpr,0010000000001,10,57.333333333333336,0.0,0.20000000000000004,0.0,115.0,971.0,0.10589318600368323,2.0,44.0,0.0
stgcn,cpr,0010000000001,11,57.333333333333336,0.0,0.0,0.0,95.0,991.0,0.08747697974217311,2.0,44.0,0.0
stgcn,cpr,0010000000001,12,57.333333333333336,1.0,0.06666666666666667,22.0,1009.0,77.0,0.929097605893186,2.0,44.0,0.0
stgcn,cpr,0010000000100,0,57.333333333333336,0.0,0.6,0.0,185.0,901.0,0.17034990791896867,2.0,44.0,1.0
stgcn,cpr,0010000000100,1,57.333333333333336,0.0,0.4666666666666666,0.0,90.0,996.0,0.08287292817679558,2.0,44.0,1.0
stgcn,cpr,0010000000100,2,57.333333333333336,1.0,0.0,22.0,1000.0,86.0,0.9208103130755064,2.0,44.0,1.0
stgcn,cpr,0010000000100,3,57.333333333333336,0.0,1.0,0.0,170.0,916.0,0.15653775322283608,2.0,44.0,0.0
stgcn,cpr,0010000000100,4,57.333333333333336,0.0,1.0,0.0,148.0,938.0,0.13627992633517497,2.0,44.0,0.0
stgcn,cpr,0010000000100,5,57.333333333333336,0.0,0.3333333333333333,0.0,133.0,953.0,0.12246777163904236,2.0,44.0,0.0
stgcn,cpr,0010000000100,6,57.333333333333336,0.0,0.7000000000000001,0.0,143.0,943.0,0.13167587476979742,2.0,44.0,0.0
stgcn,cpr,0010000000100,7,57.333333333333336,0.0,1.0,0.0,164.0,922.0,0.15101289134438306,2.0,44.0,0.0
stgcn,cpr,0010000000100,8,57.333333333333336,0.0,1.0,0.0,175.0,911.0,0.16114180478821363,2.0,44.0,0.0
stgcn,cpr,0010000000100,9,57.333333333333336,0.0,0.0,0.0,185.0,901.0,0.17034990791896867,2.0,44.0,0.0
stgcn,cpr,0010000000100,10,57.333333333333336,1.0,0.7999999999999999,22.0,983.0,103.0,0.9051565377532228,2.0,44.0,0.0
stgcn,cpr,0010000000100,11,57.333333333333336,0.0,0.0,0.0,95.0,991.0,0.08747697974217311,2.0,44.0,0.0
stgcn,cpr,0010000000100,12,57.333333333333336,0.0,0.9333333333333332,0.0,89.0,997.0,0.08195211786372007,2.0,44.0,0.0
stgcn,cpr,0010000001000,0,57.333333333333336,0.0,0.65,0.0,185.0,902.0,0.1701931922723091,2.0,64.0,1.0
stgcn,cpr,0010000001000,1,57.333333333333336,0.0,0.75,0.0,90.0,997.0,0.0827966881324747,2.0,64.0,1.0
stgcn,cpr,0010000001000,2,57.333333333333336,1.0,0.0,42.0,1000.0,87.0,0.9199632014719411,2.0,64.0,1.0
stgcn,cpr,0010000001000,3,57.333333333333336,0.0,0.6666666666666666,0.0,170.0,917.0,0.15639374425023,2.0,64.0,0.0
stgcn,cpr,0010000001000,4,57.333333333333336,0.0,1.0,0.0,148.0,939.0,0.13615455381784727,2.0,64.0,0.0
stgcn,cpr,0010000001000,5,57.333333333333336,0.0,0.75,0.0,133.0,954.0,0.12235510579576818,2.0,64.0,0.0
stgcn,cpr,0010000001000,6,57.333333333333336,0.0,0.6,0.0,143.0,944.0,0.13155473781048757,2.0,64.0,0.0
stgcn,cpr,0010000001000,7,57.333333333333336,0.0,1.0,0.0,164.0,923.0,0.15087396504139836,2.0,64.0,0.0
stgcn,cpr,0010000001000,8,57.333333333333336,0.0,1.0,0.0,175.0,912.0,0.1609935602575897,2.0,64.0,0.0
stgcn,cpr,0010000001000,9,57.333333333333336,1.0,1.0,22.0,913.0,174.0,0.8399264029438823,2.0,64.0,0.0
stgcn,cpr,0010000001000,10,57.333333333333336,0.0,0.3666666666666667,0.0,115.0,972.0,0.10579576816927323,2.0,64.0,0.0
stgcn,cpr,0010000001000,11,57.333333333333336,0.0,0.25,0.0,95.0,992.0,0.08739650413983441,2.0,64.0,0.0
stgcn,cpr,0010000001000,12,57.333333333333336,0.0,1.0,0.0,89.0,998.0,0.08187672493100276,2.0,64.0,0.0
stgcn,cpr,0010000010000,0,57.333333333333336,0.0,0.8666666666666667,0.0,185.0,901.0,0.17034990791896867,2.0,64.0,1.0
stgcn,cpr,0010000010000,1,57.333333333333336,0.0,0.5666666666666667,0.0,90.0,996.0,0.08287292817679558,2.0,64.0,1.0
stgcn,cpr,0010000010000,2,57.333333333333336,1.0,0.0,42.0,1000.0,86.0,0.9208103130755064,2.0,64.0,1.0
stgcn,cpr,0010000010000,3,57.333333333333336,0.0,0.9333333333333332,0.0,170.0,916.0,0.15653775322283608,2.0,64.0,0.0
stgcn,cpr,0010000010000,4,57.333333333333336,0.0,1.0,0.0,148.0,938.0,0.13627992633517497,2.0,64.0,0.0
stgcn,cpr,0010000010000,5,57.333333333333336,0.0,0.9333333333333332,0.0,133.0,953.0,0.12246777163904236,2.0,64.0,0.0
stgcn,cpr,0010000010000,6,57.333333333333336,0.0,1.0,0.0,143.0,943.0,0.13167587476979742,2.0,64.0,0.0
stgcn,cpr,0010000010000,7,57.333333333333336,0.0,1.0,0.0,164.0,922.0,0.15101289134438306,2.0,64.0,0.0
stgcn,cpr,0010000010000,8,57.333333333333336,1.0,0.19999999999999998,22.0,918.0,168.0,0.8453038674033149,2.0,64.0,0.0
stgcn,cpr,0010000010000,9,57.333333333333336,0.0,0.13333333333333333,0.0,180.0,906.0,0.16574585635359115,2.0,64.0,0.0
stgcn,cpr,0010000010000,10,57.333333333333336,0.0,0.7000000000000001,0.0,115.0,971.0,0.10589318600368323,2.0,64.0,0.0
stgcn,cpr,0010000010000,11,57.333333333333336,0.0,0.19999999999999998,0.0,95.0,991.0,0.08747697974217311,2.0,64.0,0.0
stgcn,cpr,0010000010000,12,57.333333333333336,0.0,1.0,0.0,89.0,997.0,0.08195211786372007,2.0,64.0,0.0
stgcn,cpr,0010000100000,0,57.333333333333336,0.0,0.8333333333333334,0.0,185.0,901.0,0.17034990791896867,2.0,62.0,1.0
stgcn,cpr,0010000100000,1,57.333333333333336,0.0,0.8333333333333334,0.0,90.0,996.0,0.08287292817679558,2.0,62.0,1.0
stgcn,cpr,0010000100000,2,57.333333333333336,1.0,0.0,40.0,1000.0,86.0,0.9208103130755064,2.0,62.0,1.0
stgcn,cpr,0010000100000,3,57.333333333333336,0.0,0.39999999999999997,0.0,170.0,916.0,0.15653775322283608,2.0,62.0,0.0
stgcn,cpr,0010000100000,4,57.333333333333336,0.0,1.0,0.0,148.0,938.0,0.13627992633517497,2.0,62.0,0.0
stgcn,cpr,0010000100000,5,57.333333333333336,0.0,1.0,0.0,133.0,953.0,0.12246777163904236,2.0,62.0,0.0
stgcn,cpr,0010000100000,6,57.333333333333336,0.0,0.6333333333333333,0.0,143.0,943.0,0.13167587476979742,2.0,62.0,0.0
stgcn,cpr,0010000100000,7,57.333333333333336,1.0,0.8333333333333334,22.0,932.0,154.0,0.8581952117863721,2.0,62.0,0.0
stgcn,cpr,0010000100000,8,57.333333333333336,0.0,1.0,0.0,178.0,908.0,0.16390423572744015,2.0,62.0,0.0
stgcn,cpr,0010000100000,9,57.333333333333336,0.0,0.6,0.0,180.0,906.0,0.16574585635359115,2.0,62.0,0.0
stgcn,cpr,0010000100000,10,57.333333333333336,0.0,1.0,0.0,115.0,971.0,0.10589318600368323,2.0,62.0,0.0
stgcn,cpr,0010000100000,11,57.333333333333336,0.0,0.5,0.0,95.0,991.0,0.08747697974217311,2.0,62.0,0.0
stgcn,cpr,0010000100000,12,57.333333333333336,0.0,1.0,0.0,89.0,997.0,0.08195211786372007,2.0,62.0,0.0
stgcn,cpr,0010001000000,0,57.333333333333336,0.0,0.6,0.0,190.0,907.0,0.17314360855604763,2.0,50.666666666666664,1.0
stgcn,cpr,0010001000000,1,57.333333333333336,0.0,0.6666666666666666,0.0,93.0,1004.0,0.08473923540651429,2.0,50.666666666666664,1.0
stgcn,cpr,0010001000000,2,57.333333333333336,1.0,0.0,28.666666666666668,1011.0,86.0,0.9215887639746748,2.0,50.666666666666664,1.0
stgcn,cpr,0010001000000,3,57.333333333333336,0.0,0.9333333333333332,0.0,162.33333333333334,934.6666666666666,0.14814759955695775,2.0,50.666666666666664,0.0
stgcn,cpr,0010001000000,4,57.333333333333336,0.0,1.0,0.0,143.33333333333334,953.6666666666666,0.13076987641886254,2.0,50.666666666666664,0.0
stgcn,cpr,0010001000000,5,57.333333333333336,0.0,1.0,0.0,148.33333333333334,948.6666666666666,0.1349665990253729,2.0,50.666666666666664,0.0
stgcn,cpr,0010001000000,6,57.333333333333336,1.0,0.7666666666666666,22.0,962.6666666666666,134.33333333333334,0.8775807786813075,2.0,50.666666666666664,0.0
stgcn,cpr,0010001000000,7,57.333333333333336,0.0,1.0,0.0,167.33333333333334,929.6666666666666,0.15254346076558095,2.0,50.666666666666664,0.0
stgcn,cpr,0010001000000,8,57.333333333333336,0.0,1.0,0.0,176.66666666666666,920.3333333333334,0.1611014833357197,2.0,50.666666666666664,0.0
stgcn,cpr,0010001000000,9,57.333333333333336,0.0,0.0,0.0,187.33333333333334,909.6666666666666,0.1706700108785633,2.0,50.666666666666664,0.0
stgcn,cpr,0010001000000,10,57.333333333333336,0.0,0.43333333333333335,0.0,119.33333333333333,977.6666666666666,0.10872473943289934,2.0,50.666666666666664,0.0
stgcn,cpr,0010001000000,11,57.333333333333336,0.0,0.13333333333333333,0.0,92.66666666666667,1004.3333333333334,0.08453186793654555,2.0,50.666666666666664,0.0
stgcn,cpr,0010001000000,12,57.333333333333336,0.0,1.0,0.0,96.0,1001.0,0.0874020970446844,2.0,50.666666666666664,0.0
stgcn,cpr,0010010000000,0,57.333333333333336,0.0,0.5,0.0,190.0,907.0,0.17314360855604763,2.0,50.666666666666664,1.0
stgcn,cpr,0010010000000,1,57.333333333333336,0.0,0.0,0.0,93.0,1004.0,0.08473923540651429,2.0,50.666666666666664,1.0
stgcn,cpr,0010010000000,2,57.333333333333336,1.0,0.0,28.666666666666668,1011.0,86.0,0.9215887639746748,2.0,50.666666666666664,1.0
stgcn,cpr,0010010000000,3,57.333333333333336,0.0,1.0,0.0,162.33333333333334,934.6666666666666,0.14814759955695775,2.0,50.666666666666664,0.0
stgcn,cpr,0010010000000,4,57.333333333333336,0.0,1.0,0.0,143.33333333333334,953.6666666666666,0.13076987641886254,2.0,50.666666666666664,0.0
stgcn,cpr,0010010000000,5,57.333333333333336,1.0,0.7333333333333334,22.0,960.6666666666666,136.33333333333334,0.8759745036758352,2.0,50.666666666666664,0.0
stgcn,cpr,0010010000000,6,57.333333333333336,0.0,0.7999999999999999,0.0,146.33333333333334,950.6666666666666,0.1333603240199007,2.0,50.666666666666664,0.0
stgcn,cpr,0010010000000,7,57.333333333333336,0.0,1.0,0.0,167.33333333333334,929.6666666666666,0.15254346076558095,2.0,50.666666666666664,0.0
stgcn,cpr,0010010000000,8,57.333333333333336,0.0,1.0,0.0,176.66666666666666,920.3333333333334,0.1611014833357197,2.0,50.666666666666664,0.0
stgcn,cpr,0010010000000,9,57.333333333333336,0.0,0.0,0.0,187.33333333333334,909.6666666666666,0.1706700108785633,2.0,50.666666666666664,0.0
stgcn,cpr,0010010000000,10,57.333333333333336,0.0,0.3666666666666667,0.0,119.33333333333333,977.6666666666666,0.10872473943289934,2.0,50.666666666666664,0.0
stgcn,cpr,0010010000000,11,57.333333333333336,0.0,0.0,0.0,92.66666666666667,1004.3333333333334,0.08453186793654555,2.0,50.666666666666664,0.0
stgcn,cpr,0010010000000,12,57.333333333333336,0.0,0.9333333333333332,0.0,96.0,1001.0,0.0874020970446844,2.0,50.666666666666664,0.0
stgcn,cpr,0100000000000,0,57.333333333333336,0.0,0.3333333333333333,0.0,209.66666666666666,885.6666666666666,0.1914194691641947,1.0,98.0,1.0
stgcn,cpr,0100000000000,1,57.333333333333336,1.0,0.0,35.333333333333336,1032.6666666666667,62.666666666666664,0.9427879434278794,1.0,98.0,1.0
stgcn,cpr,0100000000000,2,57.333333333333336,0.0,1.0,0.0,90.0,1005.3333333333334,0.08216567232165672,1.0,98.0,1.0
stgcn,cpr,0100000000000,3,57.333333333333336,0.0,0.8833333333333333,0.0,160.66666666666666,934.6666666666666,0.1466853314668533,1.0,98.0,0.0
stgcn,cpr,0100000000000,4,57.333333333333336,0.0,1.0,0.0,148.33333333333334,947.0,0.13542729060427292,1.0,98.0,0.0
stgcn,cpr,0100000000000,5,57.333333333333336,0.0,0.3333333333333333,7.0,163.33333333333334,932.0,0.1491100889911009,1.0,98.0,0.0
stgcn,cpr,0100000000000,6,57.333333333333336,0.0,1.0,7.0,137.0,958.3333333333334,0.1250738815007388,1.0,98.0,0.0
stgcn,cpr,0100000000000,7,57.333333333333336,0.0,1.0,10.333333333333334,167.66666666666666,927.6666666666666,0.15307274828072748,1.0,98.0,0.0
stgcn,cpr,0100000000000,8,57.333333333333336,0.0,1.0,10.333333333333334,181.66666666666666,913.6666666666666,0.16585702540857025,1.0,98.0,0.0
stgcn,cpr,0100000000000,9,57.333333333333336,0.0,0.43333333333333335,8.666666666666666,181.0,914.3333333333334,0.16524097590240974,1.0,98.0,0.0
stgcn,cpr,0100000000000,10,57.333333333333336,0.0,1.0,12.0,132.33333333333334,963.0,0.12081541845815419,1.0,98.0,0.0
stgcn,cpr,0100000000000,11,57.333333333333336,0.0,0.2833333333333333,7.333333333333333,83.66666666666667,1011.6666666666666,0.07638152851381529,1.0,98.0,0.0
stgcn,cpr,0100000000000,12,57.333333333333336,0.0,1.0,0.0,106.66666666666667,988.6666666666666,0.09739026097390262,1.0,98.0,0.0
stgcn,cpr,0100000000010,0,57.333333333333336,0.0,0.7000000000000001,0.0,194.66666666666666,942.3333333333334,0.17126984795387304,2.0,42.666666666666664,1.0
stgcn,cpr,0100000000010,1,57.333333333333336,1.0,0.0,21.333333333333332,1058.0,79.0,0.9304539861226132,2.0,42.666666666666664,1.0
stgcn,cpr,0100000000010,2,57.333333333333336,0.0,1.0,0.0,98.0,1039.0,0.08620262107622269,2.0,42.666666666666664,1.0
stgcn,cpr,0100000000010,3,57.333333333333336,0.0,1.0,0.0,161.0,976.0,0.141520336500896,2.0,42.666666666666664,0.0
stgcn,cpr,0100000000010,4,57.333333333333336,0.0,1.0,0.0,138.0,999.0,0.12135929143915893,2.0,42.666666666666664,0.0
stgcn,cpr,0100000000010,5,57.333333333333336,0.0,0.7666666666666666,0.0,177.66666666666666,959.3333333333334,0.15628825911941446,2.0,42.666666666666664,0.0
stgcn,cpr,0100000000010,6,57.333333333333336,0.0,1.0,0.0,155.66666666666666,981.3333333333334,0.1369085773729037,2.0,42.666666666666664,0.0
stgcn,cpr,0100000000010,7,57.333333333333336,0.0,1.0,0.0,172.0,965.0,0.15128035970785433,2.0,42.666666666666664,0.0
stgcn,cpr,0100000000010,8,57.333333333333336,0.0,1.0,0.0,171.33333333333334,965.6666666666666,0.15072669907530875,2.0,42.666666666666664,0.0
stgcn,cpr,0100000000010,9,57.333333333333336,0.0,0.3333333333333333,0.0,199.33333333333334,937.6666666666666,0.17535601938280096,2.0,42.666666666666664,0.0
stgcn,cpr,0100000000010,10,57.333333333333336,0.0,0.8333333333333334,0.0,130.0,1007.0,0.11433637924661605,2.0,42.666666666666664,0.0
stgcn,cpr,0100000000010,11,57.333333333333336,1.0,1.0,21.333333333333332,1061.0,76.0,0.9331489877368068,2.0,42.666666666666664,0.0
stgcn,cpr,0100000000010,12,57.333333333333336,0.0,0.8333333333333334,0.0,114.66666666666667,1022.3333333333334,0.10083017902733522,2.0,42.666666666666664,0.0
stgcn,cpr,0100000000100,0,57.333333333333336,0.0,0.5,0.0,190.0,907.0,0.17314360855604763,2.0,56.666666666666664,1.0
stgcn,cpr,0100000000100,1,57.333333333333336,1.0,0.6666666666666666,22.0,1012.6666666666666,84.33333333333333,0.9231324995844421,2.0,56.666666666666664,1.0
stgcn,cpr,0100000000100,2,57.333333333333336,0.0,1.0,0.0,94.66666666666667,1002.3333333333334,0.08628297101628164,2.0,56.666666666666664,1.0
stgcn,cpr,0100000000100,3,57.333333333333336,0.0,1.0,0.0,162.33333333333334,934.6666666666666,0.14814759955695775,2.0,56.666666666666664,0.0
stgcn,cpr,0100000000100,4,57.333333333333336,0.0,1.0,0.0,143.33333333333334,953.6666666666666,0.13076987641886254,2.0,56.666666666666664,0.0
stgcn,cpr,0100000000100,5,57.333333333333336,0.0,0.3333333333333333,0.0,145.0,952.0,0.1318972313151212,2.0,56.666666666666664,0.0
stgcn,cpr,0100000000100,6,57.333333333333336,0.0,0.9333333333333332,0.0,146.33333333333334,950.6666666666666,0.1333603240199007,2.0,56.666666666666664,0.0
stgcn,cpr,0100000000100,7,57.333333333333336,0.0,1.0,0.0,167.33333333333334,929.6666666666666,0.15254346076558095,2.0,56.666666666666664,0.0
stgcn,cpr,0100000000100,8,57.333333333333336,0.0,1.0,0.0,176.66666666666666,920.3333333333334,0.1611014833357197,2.0,56.666666666666664,0.0
stgcn,cpr,0100000000100,9,57.333333333333336,0.0,0.0,0.0,187.33333333333334,909.6666666666666,0.1706700108785633,2.0,56.666666666666664,0.0
stgcn,cpr,0100000000100,10,57.333333333333336,1.0,0.26666666666666666,34.666666666666664,986.3333333333334,110.66666666666667,0.8991469955580572,2.0,56.666666666666664,0.0
stgcn,cpr,0100000000100,11,57.333333333333336,0.0,0.0,0.0,92.66666666666667,1004.3333333333334,0.08453186793654555,2.0,56.666666666666664,0.0
stgcn,cpr,0100000000100,12,57.333333333333336,0.0,1.0,0.0,96.0,1001.0,0.0874020970446844,2.0,56.666666666666664,0.0
stgcn,cpr,0100000001000,0,57.333333333333336,0.0,0.39999999999999997,0.0,190.0,907.0,0.17314360855604763,2.0,76.0,1.0
stgcn,cpr,0100000001000,1,57.333333333333336,1.0,0.6666666666666666,41.333333333333336,1012.6666666666666,84.33333333333333,0.9231324995844421,2.0,76.0,1.0
stgcn,cpr,0100000001000,2,57.333333333333336,0.0,1.0,0.0,94.66666666666667,1002.3333333333334,0.08628297101628164,2.0,76.0,1.0
stgcn,cpr,0100000001000,3,57.333333333333336,0.0,1.0,0.0,162.33333333333334,934.6666666666666,0.14814759955695775,2.0,76.0,0.0
stgcn,cpr,0100000001000,4,57.333333333333336,0.0,1.0,0.0,143.33333333333334,953.6666666666666,0.13076987641886254,2.0,76.0,0.0
stgcn,cpr,0100000001000,5,57.333333333333336,0.0,0.3333333333333333,0.0,145.0,952.0,0.1318972313151212,2.0,76.0,0.0
stgcn,cpr,0100000001000,6,57.333333333333336,0.0,1.0,0.0,146.33333333333334,950.6666666666666,0.1333603240199007,2.0,76.0,0.0
stgcn,cpr,0100000001000,7,57.333333333333336,0.0,1.0,0.0,167.33333333333334,929.6666666666666,0.15254346076558095,2.0,76.0,0.0
stgcn,cpr,0100000001000,8,57.333333333333336,0.0,1.0,0.0,176.66666666666666,920.3333333333334,0.1611014833357197,2.0,76.0,0.0
stgcn,cpr,0100000001000,9,57.333333333333336,1.0,1.0,34.666666666666664,920.3333333333334,176.66666666666666,0.8390433447385441,2.0,76.0,0.0
stgcn,cpr,0100000001000,10,57.333333333333336,0.0,0.4666666666666666,0.0,121.33333333333333,975.6666666666666,0.11056636005905035,2.0,76.0,0.0
stgcn,cpr,0100000001000,11,57.333333333333336,0.0,0.0,0.0,92.66666666666667,1004.3333333333334,0.08453186793654555,2.0,76.0,0.0
stgcn,cpr,0100000001000,12,57.333333333333336,0.0,1.0,0.0,96.0,1001.0,0.0874020970446844,2.0,76.0,0.0
stgcn,cpr,0100000010000,0,57.333333333333336,0.0,0.6666666666666666,0.0,190.0,907.0,0.17314360855604763,2.0,76.66666666666667,1.0
stgcn,cpr,0100000010000,1,57.333333333333336,1.0,0.5333333333333333,42.0,1012.6666666666666,84.33333333333333,0.9231324995844421,2.0,76.66666666666667,1.0
stgcn,cpr,0100000010000,2,57.333333333333336,0.0,1.0,0.0,94.66666666666667,1002.3333333333334,0.08628297101628164,2.0,76.66666666666667,1.0
stgcn,cpr,0100000010000,3,57.333333333333336,0.0,1.0,0.0,162.33333333333334,934.6666666666666,0.14814759955695775,2.0,76.66666666666667,0.0
stgcn,cpr,0100000010000,4,57.333333333333336,0.0,1.0,0.0,143.33333333333334,953.6666666666666,0.13076987641886254,2.0,76.66666666666667,0.0
stgcn,cpr,0100000010000,5,57.333333333333336,0.0,0.6666666666666666,0.0,145.0,952.0,0.1318972313151212,2.0,76.66666666666667,0.0
stgcn,cpr,0100000010000,6,57.333333333333336,0.0,0.6666666666666666,0.0,146.33333333333334,950.6666666666666,0.1333603240199007,2.0,76.66666666666667,0.0
stgcn,cpr,0100000010000,7,57.333333333333336,0.0,1.0,0.0,167.33333333333334,929.6666666666666,0.15254346076558095,2.0,76.66666666666667,0.0
stgcn,cpr,0100000010000,8,57.333333333333336,1.0,0.0,34.666666666666664,929.0,168.0,0.8467702516552368,2.0,76.66666666666667,0.0
stgcn,cpr,0100000010000,9,57.333333333333336,0.0,0.06666666666666667,0.0,185.33333333333334,911.6666666666666,0.16882839025241228,2.0,76.66666666666667,0.0
stgcn,cpr,0100000010000,10,57.333333333333336,0.0,1.0,0.0,121.33333333333333,975.6666666666666,0.11056636005905035,2.0,76.66666666666667,0.0
stgcn,cpr,0100000010000,11,57.333333333333336,0.0,0.0,0.0,92.66666666666667,1004.3333333333334,0.08453186793654555,2.0,76.66666666666667,0.0
stgcn,cpr,0100000010000,12,57.333333333333336,0.0,1.0,0.0,96.0,1001.0,0.0874020970446844,2.0,76.66666666666667,0.0
stgcn,cpr,0100000100000,0,57.333333333333336,0.0,1.0,0.0,185.0,901.0,0.17034990791896867,2.0,82.0,1.0
stgcn,cpr,0100000100000,1,57.333333333333336,1.0,0.0,40.0,1003.0,83.0,0.923572744014733,2.0,82.0,1.0
stgcn,cpr,0100000100000,2,57.333333333333336,0.0,1.0,0.0,93.0,993.0,0.0856353591160221,2.0,82.0,1.0
stgcn,cpr,0100000100000,3,57.333333333333336,0.0,0.3333333333333333,0.0,170.0,916.0,0.15653775322283608,2.0,82.0,0.0
stgcn,cpr,0100000100000,4,57.333333333333336,0.0,1.0,0.0,148.0,938.0,0.13627992633517497,2.0,82.0,0.0
stgcn,cpr,0100000100000,5,57.333333333333336,0.0,0.9333333333333332,0.0,128.0,958.0,0.11786372007366482,2.0,82.0,0.0
stgcn,cpr,0100000100000,6,57.333333333333336,0.0,1.0,0.0,143.0,943.0,0.13167587476979742,2.0,82.0,0.0
stgcn,cpr,0100000100000,7,57.333333333333336,1.0,1.0,42.0,925.0,161.0,0.8517495395948435,2.0,82.0,0.0
stgcn,cpr,0100000100000,8,57.333333333333336,0.0,0.6666666666666666,0.0,176.0,910.0,0.16206261510128914,2.0,82.0,0.0
stgcn,cpr,0100000100000,9,57.333333333333336,0.0,1.0,0.0,177.0,909.0,0.16298342541436464,2.0,82.0,0.0
stgcn,cpr,0100000100000,10,57.333333333333336,0.0,1.0,0.0,118.0,968.0,0.10865561694290976,2.0,82.0,0.0
stgcn,cpr,0100000100000,11,57.333333333333336,0.0,1.0,0.0,95.0,991.0,0.08747697974217311,2.0,82.0,0.0
stgcn,cpr,0100000100000,12,57.333333333333336,0.0,1.0,0.0,89.0,997.0,0.08195211786372007,2.0,82.0,0.0
stgcn,cpr,0100001000000,0,57.333333333333336,0.0,0.6666666666666666,0.0,192.0,870.0,0.1807909604519774,2.0,44.0,1.0
stgcn,cpr,0100001000000,1,57.333333333333336,1.0,0.6666666666666666,22.0,985.0,77.0,0.9274952919020715,2.0,44.0,1.0
stgcn,cpr,0100001000000,2,57.333333333333336,0.0,1.0,0.0,68.0,994.0,0.064030131826742,2.0,44.0,1.0
stgcn,cpr,0100001000000,3,57.333333333333336,0.0,1.0,0.0,177.0,885.0,0.16666666666666666,2.0,44.0,0.0
stgcn,cpr,0100001000000,4,57.333333333333336,0.0,1.0,0.0,148.0,914.0,0.1393596986817326,2.0,44.0,0.0
stgcn,cpr,0100001000000,5,57.333333333333336,0.0,0.6666666666666666,0.0,166.0,896.0,0.15630885122410546,2.0,44.0,0.0
stgcn,cpr,0100001000000,6,57.333333333333336,1.0,1.0,22.0,929.0,133.0,0.8747645951035782,2.0,44.0,0.0
stgcn,cpr,0100001000000,7,57.333333333333336,0.0,1.0,0.0,170.0,892.0,0.160075329566855,2.0,44.0,0.0
stgcn,cpr,0100001000000,8,57.333333333333336,0.0,0.6666666666666666,0.0,176.0,886.0,0.1657250470809793,2.0,44.0,0.0
stgcn,cpr,0100001000000,9,57.333333333333336,0.0,0.3333333333333333,0.0,208.0,854.0,0.19585687382297548,2.0,44.0,0.0
stgcn,cpr,0100001000000,10,57.333333333333336,0.0,1.0,0.0,108.0,954.0,0.1016949152542373,2.0,44.0,0.0
stgcn,cpr,0100001000000,11,57.333333333333336,0.0,0.0,0.0,83.0,979.0,0.07815442561205273,2.0,44.0,0.0
stgcn,cpr,0100001000000,12,57.333333333333336,0.0,1.0,0.0,100.0,962.0,0.09416195856873823,2.0,44.0,0.0
stgcn,cpr,0100010000000,0,57.333333333333336,0.0,0.5333333333333333,0.0,192.0,870.0,0.1807909604519774,2.0,42.0,1.0
stgcn,cpr,0100010000000,1,57.333333333333336,1.0,1.0,20.0,985.0,77.0,0.9274952919020715,2.0,42.0,1.0
stgcn,cpr,0100010000000,2,57.333333333333336,0.0,1.0,0.0,68.0,994.0,0.064030131826742,2.0,42.0,1.0
stgcn,cpr,0100010000000,3,57.333333333333336,0.0,1.0,0.0,177.0,885.0,0.16666666666666666,2.0,42.0,0.0
stgcn,cpr,0100010000000,4,57.333333333333336,0.0,1.0,0.0,148.0,914.0,0.1393596986817326,2.0,42.0,0.0
stgcn,cpr,0100010000000,5,57.333333333333336,1.0,0.26666666666666666,22.0,908.0,154.0,0.8549905838041432,2.0,42.0,0.0
stgcn,cpr,0100010000000,6,57.333333333333336,0.0,0.7333333333333334,0.0,145.0,917.0,0.13653483992467044,2.0,42.0,0.0
stgcn,cpr,0100010000000,7,57.333333333333336,0.0,1.0,0.0,170.0,892.0,0.160075329566855,2.0,42.0,0.0
stgcn,cpr,0100010000000,8,57.333333333333336,0.0,1.0,0.0,176.0,886.0,0.1657250470809793,2.0,42.0,0.0
stgcn,cpr,0100010000000,9,57.333333333333336,0.0,0.0,0.0,208.0,854.0,0.19585687382297548,2.0,42.0,0.0
stgcn,cpr,0100010000000,10,57.333333333333336,0.0,0.6333333333333333,0.0,108.0,954.0,0.1016949152542373,2.0,42.0,0.0
stgcn,cpr,0100010000000,11,57.333333333333336,0.0,0.06666666666666667,0.0,83.0,979.0,0.07815442561205273,2.0,42.0,0.0
stgcn,cpr,0100010000000,12,57.333333333333336,0.0,1.0,0.0,100.0,962.0,0.09416195856873823,2.0,42.0,0.0
stgcn,cpr,1000000000000,0,57.333333333333336,1.0,0.0,2.0,856.0,164.0,0.8392156862745098,1.0,102.0,1.0
stgcn,cpr,1000000000000,1,57.333333333333336,0.0,0.3333333333333333,0.0,95.0,925.0,0.09313725490196079,1.0,102.0,1.0
stgcn,cpr,1000000000000,2,57.333333333333336,0.0,1.0,0.0,99.0,921.0,0.09705882352941177,1.0,102.0,1.0
stgcn,cpr,1000000000000,3,57.333333333333336,0.0,0.7000000000000001,12.0,172.0,848.0,0.16862745098039214,1.0,102.0,0.0
stgcn,cpr,1000000000000,4,57.333333333333336,0.0,1.0,7.0,153.0,867.0,0.15,1.0,102.0,0.0
stgcn,cpr,1000000000000,5,57.333333333333336,0.0,0.8333333333333334,7.0,166.0,854.0,0.1627450980392157,1.0,102.0,0.0
stgcn,cpr,1000000000000,6,57.333333333333336,0.0,1.0,12.0,132.0,888.0,0.12941176470588237,1.0,102.0,0.0
stgcn,cpr,1000000000000,7,57.333333333333336,0.0,1.0,12.0,157.0,863.0,0.153921568627451,1.0,102.0,0.0
stgcn,cpr,1000000000000,8,57.333333333333336,0.0,1.0,12.0,154.0,866.0,0.15098039215686274,1.0,102.0,0.0
stgcn,cpr,1000000000000,9,57.333333333333336,0.0,0.5,7.0,185.0,835.0,0.18137254901960784,1.0,102.0,0.0
stgcn,cpr,1000000000000,10,57.333333333333336,0.0,1.0,12.0,120.0,900.0,0.1176470588235294,1.0,102.0,0.0
stgcn,cpr,1000000000000,11,57.333333333333336,0.0,0.48333333333333334,12.0,85.0,935.0,0.08333333333333333,1.0,102.0,0.0
stgcn,cpr,1000000000000,12,57.333333333333336,0.0,1.0,7.0,110.0,910.0,0.10784313725490197,1.0,102.0,0.0
stgcn,cpr,1000000000001,0,57.333333333333336,1.0,0.43333333333333335,22.0,882.0,180.0,0.8305084745762712,2.0,44.0,1.0
stgcn,cpr,1000000000001,1,57.333333333333336,0.0,0.06666666666666667,0.0,89.0,973.0,0.08380414312617702,2.0,44.0,1.0
stgcn,cpr,1000000000001,2,57.333333333333336,0.0,1.0,0.0,68.0,994.0,0.064030131826742,2.0,44.0,1.0
stgcn,cpr,1000000000001,3,57.333333333333336,0.0,1.0,0.0,177.0,885.0,0.16666666666666666,2.0,44.0,0.0
stgcn,cpr,1000000000001,4,57.333333333333336,0.0,1.0,0.0,148.0,914.0,0.1393596986817326,2.0,44.0,0.0
stgcn,cpr,1000000000001,5,57.333333333333336,0.0,1.0,0.0,166.0,896.0,0.15630885122410546,2.0,44.0,0.0
stgcn,cpr,1000000000001,6,57.333333333333336,0.0,0.5333333333333333,0.0,145.0,917.0,0.13653483992467044,2.0,44.0,0.0
stgcn,cpr,1000000000001,7,57.333333333333336,0.0,1.0,0.0,170.0,892.0,0.160075329566855,2.0,44.0,0.0
stgcn,cpr,1000000000001,8,57.333333333333336,0.0,1.0,0.0,176.0,886.0,0.1657250470809793,2.0,44.0,0.0
stgcn,cpr,1000000000001,9,57.333333333333336,0.0,0.3333333333333333,0.0,208.0,854.0,0.19585687382297548,2.0,44.0,0.0
stgcn,cpr,1000000000001,10,57.333333333333336,0.0,1.0,0.0,108.0,954.0,0.1016949152542373,2.0,44.0,0.0
stgcn,cpr,1000000000001,11,57.333333333333336,0.0,0.0,0.0,83.0,979.0,0.07815442561205273,2.0,44.0,0.0
stgcn,cpr,1000000000001,12,57.333333333333336,1.0,0.0,22.0,974.0,88.0,0.9171374764595104,2.0,44.0,0.0
stgcn,cpr,1000000000010,0,57.333333333333336,1.0,0.3333333333333333,22.0,882.0,180.0,0.8305084745762712,2.0,52.0,1.0
stgcn,cpr,1000000000010,1,57.333333333333336,0.0,0.2333333333333333,0.0,89.0,973.0,0.08380414312617702,2.0,52.0,1.0
stgcn,cpr,1000000000010,2,57.333333333333336,0.0,1.0,0.0,68.0,994.0,0.064030131826742,2.0,52.0,1.0
stgcn,cpr,1000000000010,3,57.333333333333336,0.0,0.7999999999999999,0.0,177.0,885.0,0.16666666666666666,2.0,52.0,0.0
stgcn,cpr,1000000000010,4,57.333333333333336,0.0,1.0,0.0,148.0,914.0,0.1393596986817326,2.0,52.0,0.0
stgcn,cpr,1000000000010,5,57.333333333333336,0.0,1.0,0.0,166.0,896.0,0.15630885122410546,2.0,52.0,0.0
stgcn,cpr,1000000000010,6,57.333333333333336,0.0,0.6666666666666666,0.0,145.0,917.0,0.13653483992467044,2.0,52.0,0.0
stgcn,cpr,1000000000010,7,57.333333333333336,0.0,1.0,8.0,170.0,892.0,0.160075329566855,2.0,52.0,0.0
stgcn,cpr,1000000000010,8,57.333333333333336,0.0,1.0,0.0,176.0,886.0,0.1657250470809793,2.0,52.0,0.0
stgcn,cpr,1000000000010,9,57.333333333333336,0.0,0.0,0.0,208.0,854.0,0.19585687382297548,2.0,52.0,0.0
stgcn,cpr,1000000000010,10,57.333333333333336,0.0,1.0,0.0,108.0,954.0,0.1016949152542373,2.0,52.0,0.0
stgcn,cpr,1000000000010,11,57.333333333333336,1.0,0.6,22.0,991.0,71.0,0.9331450094161958,2.0,52.0,0.0
stgcn,cpr,1000000000010,12,57.333333333333336,0.0,1.0,0.0,100.0,962.0,0.09416195856873823,2.0,52.0,0.0
stgcn,cpr,1000000000100,0,57.333333333333336,1.0,0.3333333333333333,22.0,882.0,180.0,0.8305084745762712,2.0,44.0,1.0
stgcn,cpr,1000000000100,1,57.333333333333336,0.0,0.0,0.0,89.0,973.0,0.08380414312617702,2.0,44.0,1.0
stgcn,cpr,1000000000100,2,57.333333333333336,0.0,1.0,0.0,68.0,994.0,0.064030131826742,2.0,44.0,1.0
stgcn,cpr,1000000000100,3,57.333333333333336,0.0,0.8666666666666667,0.0,177.0,885.0,0.16666666666666666,2.0,44.0,0.0
stgcn,cpr,1000000000100,4,57.333333333333336,0.0,1.0,0.0,148.0,914.0,0.1393596986817326,2.0,44.0,0.0
stgcn,cpr,1000000000100,5,57.333333333333336,0.0,0.7999999999999999,0.0,166.0,896.0,0.15630885122410546,2.0,44.0,0.0
stgcn,cpr,1000000000100,6,57.333333333333336,0.0,0.4666666666666666,0.0,145.0,917.0,0.13653483992467044,2.0,44.0,0.0
stgcn,cpr,1000000000100,7,57.333333333333336,0.0,1.0,0.0,170.0,892.0,0.160075329566855,2.0,44.0,0.0
stgcn,cpr,1000000000100,8,57.333333333333336,0.0,1.0,0.0,176.0,886.0,0.1657250470809793,2.0,44.0,0.0
stgcn,cpr,1000000000100,9,57.333333333333336,0.0,0.16666666666666666,0.0,208.0,854.0,0.19585687382297548,2.0,44.0,0.0
stgcn,cpr,1000000000100,10,57.333333333333336,1.0,0.0,22.0,966.0,96.0,0.9096045197740112,2.0,44.0,0.0
stgcn,cpr,1000000000100,11,57.333333333333336,0.0,0.06666666666666667,0.0,83.0,979.0,0.07815442561205273,2.0,44.0,0.0
stgcn,cpr,1000000000100,12,57.333333333333336,0.0,1.0,0.0,100.0,962.0,0.09416195856873823,2.0,44.0,0.0
stgcn,cpr,1000000001000,0,57.333333333333336,1.0,0.26666666666666666,42.0,882.0,180.0,0.8305084745762712,2.0,80.0,1.0
stgcn,cpr,1000000001000,1,57.333333333333336,0.0,0.6,0.0,89.0,973.0,0.08380414312617702,2.0,80.0,1.0
stgcn,cpr,1000000001000,2,57.333333333333336,0.0,1.0,0.0,68.0,994.0,0.064030131826742,2.0,80.0,1.0
stgcn,cpr,1000000001000,3,57.333333333333336,0.0,1.0,8.0,177.0,885.0,0.16666666666666666,2.0,80.0,0.0
stgcn,cpr,1000000001000,4,57.333333333333336,0.0,1.0,0.0,148.0,914.0,0.1393596986817326,2.0,80.0,0.0
stgcn,cpr,1000000001000,5,57.333333333333336,0.0,1.0,0.0,166.0,896.0,0.15630885122410546,2.0,80.0,0.0
stgcn,cpr,1000000001000,6,57.333333333333336,0.0,0.5333333333333333,0.0,145.0,917.0,0.13653483992467044,2.0,80.0,0.0
stgcn,cpr,1000000001000,7,57.333333333333336,0.0,1.0,8.0,170.0,892.0,0.160075329566855,2.0,80.0,0.0
stgcn,cpr,1000000001000,8,57.333333333333336,0.0,1.0,0.0,176.0,886.0,0.1657250470809793,2.0,80.0,0.0
stgcn,cpr,1000000001000,9,57.333333333333336,1.0,0.6666666666666666,22.0,866.0,196.0,0.815442561205273,2.0,80.0,0.0
stgcn,cpr,1000000001000,10,57.333333333333336,0.0,0.26666666666666666,0.0,108.0,954.0,0.1016949152542373,2.0,80.0,0.0
stgcn,cpr,1000000001000,11,57.333333333333336,0.0,0.0,0.0,83.0,979.0,0.07815442561205273,2.0,80.0,0.0
stgcn,cpr,1000000001000,12,57.333333333333336,0.0,1.0,0.0,100.0,962.0,0.09416195856873823,2.0,80.0,0.0
stgcn,cpr,1000000010000,0,57.333333333333336,1.0,0.13333333333333333,42.0,882.0,180.0,0.8305084745762712,2.0,72.0,1.0
stgcn,cpr,1000000010000,1,57.333333333333336,0.0,0.4666666666666666,0.0,89.0,973.0,0.08380414312617702,2.0,72.0,1.0
stgcn,cpr,1000000010000,2,57.333333333333336,0.0,1.0,0.0,68.0,994.0,0.064030131826742,2.0,72.0,1.0
stgcn,cpr,1000000010000,3,57.333333333333336,0.0,1.0,8.0,177.0,885.0,0.16666666666666666,2.0,72.0,0.0
stgcn,cpr,1000000010000,4,57.333333333333336,0.0,1.0,0.0,148.0,914.0,0.1393596986817326,2.0,72.0,0.0
stgcn,cpr,1000000010000,5,57.333333333333336,0.0,1.0,0.0,166.0,896.0,0.15630885122410546,2.0,72.0,0.0
stgcn,cpr,1000000010000,6,57.333333333333336,0.0,0.7333333333333334,0.0,145.0,917.0,0.13653483992467044,2.0,72.0,0.0
stgcn,cpr,1000000010000,7,57.333333333333336,0.0,1.0,0.0,170.0,892.0,0.160075329566855,2.0,72.0,0.0
stgcn,cpr,1000000010000,8,57.333333333333336,1.0,0.0,22.0,898.0,164.0,0.8455743879472694,2.0,72.0,0.0
stgcn,cpr,1000000010000,9,57.333333333333336,0.0,0.6666666666666666,0.0,208.0,854.0,0.19585687382297548,2.0,72.0,0.0
stgcn,cpr,1000000010000,10,57.333333333333336,0.0,0.9333333333333332,0.0,108.0,954.0,0.1016949152542373,2.0,72.0,0.0
stgcn,cpr,1000000010000,11,57.333333333333336,0.0,0.3333333333333333,0.0,83.0,979.0,0.07815442561205273,2.0,72.0,0.0
stgcn,cpr,1000000010000,12,57.333333333333336,0.0,1.0,0.0,100.0,962.0,0.09416195856873823,2.0,72.0,0.0
stgcn,cpr,1000000100000,0,57.333333333333336,1.0,0.0,42.0,882.0,180.0,0.8305084745762712,2.0,80.0,1.0
stgcn,cpr,1000000100000,1,57.333333333333336,0.0,0.6,0.0,89.0,973.0,0.08380414312617702,2.0,80.0,1.0
stgcn,cpr,1000000100000,2,57.333333333333336,0.0,1.0,0.0,68.0,994.0,0.064030131826742,2.0,80.0,1.0
stgcn,cpr,1000000100000,3,57.333333333333336,0.0,0.4666666666666666,0.0,177.0,885.0,0.16666666666666666,2.0,80.0,0.0
stgcn,cpr,1000000100000,4,57.333333333333336,0.0,1.0,0.0,148.0,914.0,0.1393596986817326,2.0,80.0,0.0
stgcn,cpr,1000000100000,5,57.333333333333336,0.0,1.0,0.0,166.0,896.0,0.15630885122410546,2.0,80.0,0.0
stgcn,cpr,1000000100000,6,57.333333333333336,0.0,1.0,0.0,145.0,917.0,0.13653483992467044,2.0,80.0,0.0
stgcn,cpr,1000000100000,7,57.333333333333336,1.0,0.8666666666666667,22.0,904.0,158.0,0.8512241054613936,2.0,80.0,0.0
stgcn,cpr,1000000100000,8,57.333333333333336,0.0,1.0,0.0,176.0,886.0,0.1657250470809793,2.0,80.0,0.0
stgcn,cpr,1000000100000,9,57.333333333333336,0.0,1.0,8.0,208.0,854.0,0.19585687382297548,2.0,80.0,0.0
stgcn,cpr,1000000100000,10,57.333333333333336,0.0,1.0,0.0,108.0,954.0,0.1016949152542373,2.0,80.0,0.0
stgcn,cpr,1000000100000,11,57.333333333333336,0.0,0.6666666666666666,8.0,83.0,979.0,0.07815442561205273,2.0,80.0,0.0
stgcn,cpr,1000000100000,12,57.333333333333336,0.0,1.0,0.0,100.0,962.0,0.09416195856873823,2.0,80.0,0.0
stgcn,cpr,1000001000000,0,57.333333333333336,1.0,0.0,22.0,882.0,180.0,0.8305084745762712,2.0,44.0,1.0
stgcn,cpr,1000001000000,1,57.333333333333336,0.0,0.39999999999999997,0.0,89.0,973.0,0.08380414312617702,2.0,44.0,1.0
stgcn,cpr,1000001000000,2,57.333333333333336,0.0,1.0,0.0,68.0,994.0,0.064030131826742,2.0,44.0,1.0
stgcn,cpr,1000001000000,3,57.333333333333336,0.0,0.6666666666666666,0.0,177.0,885.0,0.16666666666666666,2.0,44.0,0.0
stgcn,cpr,1000001000000,4,57.333333333333336,0.0,1.0,0.0,148.0,914.0,0.1393596986817326,2.0,44.0,0.0
stgcn,cpr,1000001000000,5,57.333333333333336,0.0,1.0,0.0,166.0,896.0,0.15630885122410546,2.0,44.0,0.0
stgcn,cpr,1000001000000,6,57.333333333333336,1.0,1.0,22.0,924.0,138.0,0.8700564971751413,2.0,44.0,0.0
stgcn,cpr,1000001000000,7,57.333333333333336,0.0,1.0,0.0,165.0,897.0,0.1553672316384181,2.0,44.0,0.0
stgcn,cpr,1000001000000,8,57.333333333333336,0.0,0.8666666666666667,0.0,176.0,886.0,0.1657250470809793,2.0,44.0,0.0
stgcn,cpr,1000001000000,9,57.333333333333336,0.0,0.6666666666666666,0.0,208.0,854.0,0.19585687382297548,2.0,44.0,0.0
stgcn,cpr,1000001000000,10,57.333333333333336,0.0,0.5666666666666667,0.0,108.0,954.0,0.1016949152542373,2.0,44.0,0.0
stgcn,cpr,1000001000000,11,57.333333333333336,0.0,0.3333333333333333,0.0,83.0,979.0,0.07815442561205273,2.0,44.0,0.0
stgcn,cpr,1000001000000,12,57.333333333333336,0.0,1.0,0.0,100.0,962.0,0.09416195856873823,2.0,44.0,0.0
stgcn,cpr,1000010000000,0,57.333333333333336,1.0,0.13333333333333333,20.0,882.0,180.0,0.8305084745762712,2.0,58.0,1.0
stgcn,cpr,1000010000000,1,57.333333333333336,0.0,0.0,0.0,89.0,973.0,0.08380414312617702,2.0,58.0,1.0
stgcn,cpr,1000010000000,2,57.333333333333336,0.0,1.0,0.0,68.0,994.0,0.064030131826742,2.0,58.0,1.0
stgcn,cpr,1000010000000,3,57.333333333333336,0.0,1.0,8.0,177.0,885.0,0.16666666666666666,2.0,58.0,0.0
stgcn,cpr,1000010000000,4,57.333333333333336,0.0,1.0,8.0,148.0,914.0,0.1393596986817326,2.0,58.0,0.0
stgcn,cpr,1000010000000,5,57.333333333333336,1.0,0.0,22.0,906.0,156.0,0.8531073446327685,2.0,58.0,0.0
stgcn,cpr,1000010000000,6,57.333333333333336,0.0,0.3333333333333333,0.0,148.0,914.0,0.1393596986817326,2.0,58.0,0.0
stgcn,cpr,1000010000000,7,57.333333333333336,0.0,1.0,0.0,165.0,897.0,0.1553672316384181,2.0,58.0,0.0
stgcn,cpr,1000010000000,8,57.333333333333336,0.0,0.6666666666666666,0.0,176.0,886.0,0.1657250470809793,2.0,58.0,0.0
stgcn,cpr,1000010000000,9,57.333333333333336,0.0,0.6666666666666666,0.0,208.0,854.0,0.19585687382297548,2.0,58.0,0.0
stgcn,cpr,1000010000000,10,57.333333333333336,0.0,1.0,0.0,108.0,954.0,0.1016949152542373,2.0,58.0,0.0
stgcn,cpr,1000010000000,11,57.333333333333336,0.0,0.3333333333333333,0.0,83.0,979.0,0.07815442561205273,2.0,58.0,0.0
stgcn,cpr,1000010000000,12,57.333333333333336,0.0,1.0,0.0,100.0,962.0,0.09416195856873823,2.0,58.0,0.0
stgcn,cpr,1000100000000,0,57.333333333333336,1.0,0.5,42.0,882.0,180.0,0.8305084745762712,2.0,72.0,1.0
stgcn,cpr,1000100000000,1,57.333333333333336,0.0,0.39999999999999997,0.0,89.0,973.0,0.08380414312617702,2.0,72.0,1.0
stgcn,cpr,1000100000000,2,57.333333333333336,0.0,1.0,0.0,68.0,994.0,0.064030131826742,2.0,72.0,1.0
stgcn,cpr,1000100000000,3,57.333333333333336,0.0,0.5333333333333333,0.0,177.0,885.0,0.16666666666666666,2.0,72.0,0.0
stgcn,cpr,1000100000000,4,57.333333333333336,1.0,0.0,22.0,919.0,143.0,0.8653483992467045,2.0,72.0,0.0
stgcn,cpr,1000100000000,5,57.333333333333336,0.0,1.0,8.0,161.0,901.0,0.15160075329566855,2.0,72.0,0.0
stgcn,cpr,1000100000000,6,57.333333333333336,0.0,0.06666666666666667,0.0,148.0,914.0,0.1393596986817326,2.0,72.0,0.0
stgcn,cpr,1000100000000,7,57.333333333333336,0.0,1.0,0.0,165.0,897.0,0.1553672316384181,2.0,72.0,0.0
stgcn,cpr,1000100000000,8,57.333333333333336,0.0,1.0,0.0,176.0,886.0,0.1657250470809793,2.0,72.0,0.0
stgcn,cpr,1000100000000,9,57.333333333333336,0.0,0.19999999999999998,0.0,208.0,854.0,0.19585687382297548,2.0,72.0,0.0
stgcn,cpr,1000100000000,10,57.333333333333336,0.0,0.13333333333333333,0.0,108.0,954.0,0.1016949152542373,2.0,72.0,0.0
stgcn,cpr,1000100000000,11,57.333333333333336,0.0,0.8666666666666667,0.0,83.0,979.0,0.07815442561205273,2.0,72.0,0.0
stgcn,cpr,1000100000000,12,57.333333333333336,0.0,1.0,0.0,100.0,962.0,0.09416195856873823,2.0,72.0,0.0
stgcn,cpr,1001000000000,0,57.333333333333336,1.0,0.6666666666666666,42.0,882.0,180.0,0.8305084745762712,2.0,88.0,1.0
stgcn,cpr,1001000000000,1,57.333333333333336,0.0,1.0,0.0,89.0,973.0,0.08380414312617702,2.0,88.0,1.0
stgcn,cpr,1001000000000,2,57.333333333333336,0.0,1.0,0.0,68.0,994.0,0.064030131826742,2.0,88.0,1.0
stgcn,cpr,1001000000000,3,57.333333333333336,1.0,0.0,22.0,897.0,165.0,0.8446327683615819,2.0,88.0,0.0
stgcn,cpr,1001000000000,4,57.333333333333336,0.0,1.0,0.0,155.0,907.0,0.14595103578154425,2.0,88.0,0.0
stgcn,cpr,1001000000000,5,57.333333333333336,0.0,1.0,8.0,161.0,901.0,0.15160075329566855,2.0,88.0,0.0
stgcn,cpr,1001000000000,6,57.333333333333336,0.0,0.9333333333333332,0.0,148.0,914.0,0.1393596986817326,2.0,88.0,0.0
stgcn,cpr,1001000000000,7,57.333333333333336,0.0,1.0,0.0,165.0,897.0,0.1553672316384181,2.0,88.0,0.0
stgcn,cpr,1001000000000,8,57.333333333333336,0.0,1.0,8.0,176.0,886.0,0.1657250470809793,2.0,88.0,0.0
stgcn,cpr,1001000000000,9,57.333333333333336,0.0,0.3333333333333333,8.0,208.0,854.0,0.19585687382297548,2.0,88.0,0.0
stgcn,cpr,1001000000000,10,57.333333333333336,0.0,0.7999999999999999,0.0,108.0,954.0,0.1016949152542373,2.0,88.0,0.0
stgcn,cpr,1001000000000,11,57.333333333333336,0.0,0.6666666666666666,0.0,83.0,979.0,0.07815442561205273,2.0,88.0,0.0
stgcn,cpr,1001000000000,12,57.333333333333336,0.0,1.0,0.0,100.0,962.0,0.09416195856873823,2.0,88.0,0.0
tcn,cpr,0000000000001,0,57.333333333333336,0.0,0.85,12.0,201.33333333333334,861.6666666666666,0.18944171110023125,1.0,111.0,1.0
tcn,cpr,0000000000001,1,57.333333333333336,0.0,0.5333333333333333,0.0,74.66666666666667,988.3333333333334,0.07024471679789394,1.0,111.0,1.0
tcn,cpr,0000000000001,2,57.333333333333336,0.0,1.0,12.0,93.66666666666667,969.3333333333334,0.08813496745403032,1.0,111.0,1.0
tcn,cpr,0000000000001,3,57.333333333333336,0.0,1.0,6.333333333333333,167.33333333333334,895.6666666666666,0.15732469364695895,1.0,111.0,0.0
tcn,cpr,0000000000001,4,57.333333333333336,0.0,1.0,10.333333333333334,141.66666666666666,921.3333333333334,0.13326680560794837,1.0,111.0,0.0
tcn,cpr,0000000000001,5,57.333333333333336,0.0,0.6166666666666667,0.0,144.66666666666666,918.3333333333334,0.1361749411639855,1.0,111.0,0.0
tcn,cpr,0000000000001,6,57.333333333333336,0.0,1.0,10.0,146.0,917.0,0.13736280886120764,1.0,111.0,0.0
tcn,cpr,0000000000001,7,57.333333333333336,0.0,1.0,9.666666666666666,150.33333333333334,912.6666666666666,0.1415444242007532,1.0,111.0,0.0
tcn,cpr,0000000000001,8,57.333333333333336,0.0,0.48333333333333334,0.0,180.66666666666666,882.3333333333334,0.16997387939575703,1.0,111.0,0.0
tcn,cpr,0000000000001,9,57.333333333333336,0.0,0.4166666666666667,8.666666666666666,180.66666666666666,882.3333333333334,0.16995961071470933,1.0,111.0,0.0
tcn,cpr,0000000000001,10,57.333333333333336,0.0,0.9,0.0,131.66666666666666,931.3333333333334,0.12385839404211223,1.0,111.0,0.0
tcn,cpr,0000000000001,11,57.333333333333336,0.0,0.6166666666666667,0.0,79.0,984.0,0.07438352609429637,1.0,111.0,0.0
tcn,cpr,0000000000001,12,57.333333333333336,1.0,0.06666666666666667,42.0,991.3333333333334,71.66666666666667,0.932577806671857,1.0,111.0,0.0
tcn,cpr,0000000000010,0,57.333333333333336,0.0,1.0,7.0,195.0,856.0,0.18553758325404376,1.0,99.0,1.0
tcn,cpr,0000000000010,1,57.333333333333336,0.0,0.8166666666666668,12.0,92.0,959.0,0.08753568030447194,1.0,99.0,1.0
tcn,cpr,0000000000010,2,57.333333333333336,0.0,1.0,0.0,95.0,956.0,0.09039010466222645,1.0,99.0,1.0
tcn,cpr,0000000000010,3,57.333333333333336,0.0,1.0,0.0,180.0,871.0,0.1712654614652712,1.0,99.0,0.0
tcn,cpr,0000000000010,4,57.333333333333336,0.0,1.0,0.0,151.0,900.0,0.14367269267364416,1.0,99.0,0.0
tcn,cpr,0000000000010,5,57.333333333333336,0.0,1.0,7.0,165.0,886.0,0.15699333967649856,1.0,99.0,0.0
tcn,cpr,0000000000010,6,57.333333333333336,0.0,1.0,12.0,138.0,913.0,0.1313035204567079,1.0,99.0,0.0
tcn,cpr,0000000000010,7,57.333333333333336,0.0,1.0,12.0,157.0,894.0,0.1493815413891532,1.0,99.0,0.0
tcn,cpr,0000000000010,8,57.333333333333336,0.0,0.8333333333333334,0.0,148.0,903.0,0.14081826831588962,1.0,99.0,0.0
tcn,cpr,0000000000010,9,57.333333333333336,0.0,0.4666666666666666,7.0,165.0,886.0,0.15699333967649856,1.0,99.0,0.0
tcn,cpr,0000000000010,10,57.333333333333336,0.0,0.75,0.0,135.0,916.0,0.12844909609895339,1.0,99.0,0.0
tcn,cpr,0000000000010,11,57.333333333333336,1.0,0.19999999999999998,42.0,994.0,57.0,0.9457659372026641,1.0,99.0,0.0
tcn,cpr,0000000000010,12,57.333333333333336,0.0,1.0,0.0,102.0,949.0,0.09705042816365367,1.0,99.0,0.0
tcn,cpr,0000000000100,0,57.333333333333336,0.0,0.9333333333333332,12.0,207.0,840.0,0.19770773638968478,1.0,138.0,1.0
tcn,cpr,0000000000100,1,57.333333333333336,0.0,0.65,10.0,94.0,953.0,0.0897803247373448,1.0,138.0,1.0
tcn,cpr,0000000000100,2,57.333333333333336,0.0,1.0,12.0,63.0,984.0,0.06017191977077364,1.0,138.0,1.0
tcn,cpr,0000000000100,3,57.333333333333336,0.0,1.0,12.0,162.0,885.0,0.15472779369627507,1.0,138.0,0.0
tcn,cpr,0000000000100,4,57.333333333333336,0.0,1.0,12.0,145.0,902.0,0.1384909264565425,1.0,138.0,0.0
tcn,cpr,0000000000100,5,57.333333333333336,0.0,0.6666666666666666,7.0,166.0,881.0,0.15854823304680038,1.0,138.0,0.0
tcn,cpr,0000000000100,6,57.333333333333336,0.0,1.0,12.0,138.0,909.0,0.1318051575931232,1.0,138.0,0.0
tcn,cpr,0000000000100,7,57.333333333333336,0.0,1.0,7.0,165.0,882.0,0.15759312320916904,1.0,138.0,0.0
tcn,cpr,0000000000100,8,57.333333333333336,0.0,1.0,5.0,176.0,871.0,0.16809933142311365,1.0,138.0,0.0
tcn,cpr,0000000000100,9,57.333333333333336,0.0,0.03333333333333333,7.0,203.0,844.0,0.1938872970391595,1.0,138.0,0.0
tcn,cpr,0000000000100,10,57.333333333333336,1.0,0.19999999999999998,42.0,951.0,96.0,0.9083094555873924,1.0,138.0,0.0
tcn,cpr,0000000000100,11,57.333333333333336,0.0,0.6166666666666667,0.0,88.0,959.0,0.08404966571155682,1.0,138.0,0.0
tcn,cpr,0000000000100,12,57.333333333333336,0.0,0.8333333333333334,0.0,95.0,952.0,0.09073543457497613,1.0,138.0,0.0
tcn,cpr,0000000001000,0,57.333333333333336,0.0,0.9833333333333334,12.0,214.0,875.0,0.19651056014692378,1.0,153.0,1.0
tcn,cpr,0000000001000,1,57.333333333333336,0.0,0.9333333333333332,7.0,87.0,1002.0,0.07988980716253444,1.0,153.0,1.0
tcn,cpr,0000000001000,2,57.333333333333336,0.0,1.0,6.0,74.0,1015.0,0.06795224977043159,1.0,153.0,1.0
tcn,cpr,0000000001000,3,57.333333333333336,0.0,1.0,9.0,169.0,920.0,0.155188246097337,1.0,153.0,0.0
tcn,cpr,0000000001000,4,57.333333333333336,0.0,1.0,12.0,155.0,934.0,0.1423324150596878,1.0,153.0,0.0
tcn,cpr,0000000001000,5,57.333333333333336,0.0,0.8333333333333334,12.0,176.0,913.0,0.16161616161616163,1.0,153.0,0.0
tcn,cpr,0000000001000,6,57.333333333333336,0.0,1.0,12.0,158.0,931.0,0.14508723599632692,1.0,153.0,0.0
tcn,cpr,0000000001000,7,57.333333333333336,0.0,1.0,12.0,154.0,935.0,0.1414141414141414,1.0,153.0,0.0
tcn,cpr,0000000001000,8,57.333333333333336,0.0,1.0,10.0,158.0,931.0,0.14508723599632692,1.0,153.0,0.0
tcn,cpr,0000000001000,9,57.333333333333336,1.0,0.3333333333333333,42.0,930.0,159.0,0.8539944903581267,1.0,153.0,0.0
tcn,cpr,0000000001000,10,57.333333333333336,0.0,0.4166666666666667,5.0,120.0,969.0,0.11019283746556474,1.0,153.0,0.0
tcn,cpr,0000000001000,11,57.333333333333336,0.0,0.16666666666666666,7.0,97.0,992.0,0.08907254361799816,1.0,153.0,0.0
tcn,cpr,0000000001000,12,57.333333333333336,0.0,0.9333333333333332,7.0,107.0,982.0,0.09825528007346189,1.0,153.0,0.0
tcn,cpr,0000000001001,0,57.333333333333336,0.0,0.7999999999999999,0.0,185.0,902.0,0.1701931922723091,2.0,64.0,1.0
tcn,cpr,0000000001001,1,57.333333333333336,0.0,1.0,0.0,90.0,997.0,0.0827966881324747,2.0,64.0,1.0
tcn,cpr,0000000001001,2,57.333333333333336,0.0,1.0,0.0,98.0,989.0,0.09015639374425023,2.0,64.0,1.0
tcn,cpr,0000000001001,3,57.333333333333336,0.0,1.0,0.0,171.0,916.0,0.15731370745170192,2.0,64.0,0.0
tcn,cpr,0000000001001,4,57.333333333333336,0.0,1.0,0.0,146.0,941.0,0.1343146274149034,2.0,64.0,0.0
tcn,cpr,0000000001001,5,57.333333333333336,0.0,0.5333333333333333,0.0,128.0,959.0,0.11775528978840848,2.0,64.0,0.0
tcn,cpr,0000000001001,6,57.333333333333336,0.0,1.0,0.0,143.0,944.0,0.13155473781048757,2.0,64.0,0.0
tcn,cpr,0000000001001,7,57.333333333333336,0.0,1.0,0.0,164.0,923.0,0.15087396504139836,2.0,64.0,0.0
tcn,cpr,0000000001001,8,57.333333333333336,0.0,0.6666666666666666,0.0,165.0,922.0,0.15179392824287027,2.0,64.0,0.0
tcn,cpr,0000000001001,9,57.333333333333336,1.0,0.3,22.0,906.0,181.0,0.8334866605335787,2.0,64.0,0.0
tcn,cpr,0000000001001,10,57.333333333333336,0.0,0.0,0.0,122.0,965.0,0.11223551057957681,2.0,64.0,0.0
tcn,cpr,0000000001001,11,57.333333333333336,0.0,0.6666666666666666,0.0,86.0,1001.0,0.07911683532658693,2.0,64.0,0.0
tcn,cpr,0000000001001,12,57.333333333333336,1.0,0.3333333333333333,42.0,998.0,89.0,0.9181232750689973,2.0,64.0,0.0
tcn,cpr,0000000001010,0,57.333333333333336,0.0,0.4000000000000001,0.0,185.0,902.0,0.1701931922723091,2.0,62.0,1.0
tcn,cpr,0000000001010,1,57.333333333333336,0.0,1.0,0.0,90.0,997.0,0.0827966881324747,2.0,62.0,1.0
tcn,cpr,0000000001010,2,57.333333333333336,0.0,1.0,0.0,98.0,989.0,0.09015639374425023,2.0,62.0,1.0
tcn,cpr,0000000001010,3,57.333333333333336,0.0,0.6666666666666666,0.0,171.0,916.0,0.15731370745170192,2.0,62.0,0.0
tcn,cpr,0000000001010,4,57.333333333333336,0.0,1.0,0.0,146.0,941.0,0.1343146274149034,2.0,62.0,0.0
tcn,cpr,0000000001010,5,57.333333333333336,0.0,0.4666666666666666,0.0,128.0,959.0,0.11775528978840848,2.0,62.0,0.0
tcn,cpr,0000000001010,6,57.333333333333336,0.0,0.9333333333333332,0.0,143.0,944.0,0.13155473781048757,2.0,62.0,0.0
tcn,cpr,0000000001010,7,57.333333333333336,0.0,1.0,0.0,164.0,923.0,0.15087396504139836,2.0,62.0,0.0
tcn,cpr,0000000001010,8,57.333333333333336,0.0,0.8333333333333334,0.0,165.0,922.0,0.15179392824287027,2.0,62.0,0.0
tcn,cpr,0000000001010,9,57.333333333333336,1.0,0.8666666666666667,20.0,906.0,181.0,0.8334866605335787,2.0,62.0,0.0
tcn,cpr,0000000001010,10,57.333333333333336,0.0,0.26666666666666666,0.0,122.0,965.0,0.11223551057957681,2.0,62.0,0.0
tcn,cpr,0000000001010,11,57.333333333333336,1.0,0.26666666666666666,42.0,1008.0,79.0,0.9273229070837167,2.0,62.0,0.0
tcn,cpr,0000000001010,12,57.333333333333336,0.0,0.6666666666666666,0.0,96.0,991.0,0.08831646734130634,2.0,62.0,0.0
tcn,cpr,0000000001100,0,57.333333333333336,0.0,0.8666666666666667,0.0,185.0,902.0,0.1701931922723091,2.0,64.0,1.0
tcn,cpr,0000000001100,1,57.333333333333336,0.0,1.0,0.0,90.0,997.0,0.0827966881324747,2.0,64.0,1.0
tcn,cpr,0000000001100,2,57.333333333333336,0.0,1.0,0.0,98.0,989.0,0.09015639374425023,2.0,64.0,1.0
tcn,cpr,0000000001100,3,57.333333333333336,0.0,1.0,0.0,171.0,916.0,0.15731370745170192,2.0,64.0,0.0
tcn,cpr,0000000001100,4,57.333333333333336,0.0,1.0,0.0,146.0,941.0,0.1343146274149034,2.0,64.0,0.0
tcn,cpr,0000000001100,5,57.333333333333336,0.0,0.7999999999999999,0.0,128.0,959.0,0.11775528978840848,2.0,64.0,0.0
tcn,cpr,0000000001100,6,57.333333333333336,0.0,1.0,0.0,143.0,944.0,0.13155473781048757,2.0,64.0,0.0
tcn,cpr,0000000001100,7,57.333333333333336,0.0,1.0,0.0,164.0,923.0,0.15087396504139836,2.0,64.0,0.0
tcn,cpr,0000000001100,8,57.333333333333336,0.0,1.0,0.0,165.0,922.0,0.15179392824287027,2.0,64.0,0.0
tcn,cpr,0000000001100,9,57.333333333333336,1.0,1.0,22.0,906.0,181.0,0.8334866605335787,2.0,64.0,0.0
tcn,cpr,0000000001100,10,57.333333333333336,1.0,0.7333333333333334,42.0,977.0,110.0,0.8988040478380864,2.0,64.0,0.0
tcn,cpr,0000000001100,11,57.333333333333336,0.0,0.39999999999999997,0.0,91.0,996.0,0.08371665133394664,2.0,64.0,0.0
tcn,cpr,0000000001100,12,57.333333333333336,0.0,1.0,0.0,96.0,991.0,0.08831646734130634,2.0,64.0,0.0
tcn,cpr,0000000010000,0,57.333333333333336,0.0,0.7999999999999999,12.0,214.0,875.0,0.19651056014692378,1.0,146.0,1.0
tcn,cpr,0000000010000,1,57.333333333333336,0.0,0.6,12.0,87.0,1002.0,0.07988980716253444,1.0,146.0,1.0
tcn,cpr,0000000010000,2,57.333333333333336,0.0,1.0,5.0,74.0,1015.0,0.06795224977043159,1.0,146.0,1.0
tcn,cpr,0000000010000,3,57.333333333333336,0.0,0.9666666666666667,12.0,169.0,920.0,0.155188246097337,1.0,146.0,0.0
tcn,cpr,0000000010000,4,57.333333333333336,0.0,1.0,12.0,155.0,934.0,0.1423324150596878,1.0,146.0,0.0
tcn,cpr,0000000010000,5,57.333333333333336,0.0,0.9166666666666666,12.0,176.0,913.0,0.16161616161616163,1.0,146.0,0.0
tcn,cpr,0000000010000,6,57.333333333333336,0.0,1.0,10.0,158.0,931.0,0.14508723599632692,1.0,146.0,0.0
tcn,cpr,0000000010000,7,57.333333333333336,0.0,1.0,12.0,154.0,935.0,0.1414141414141414,1.0,146.0,0.0
tcn,cpr,0000000010000,8,57.333333333333336,1.0,0.5833333333333334,42.0,953.0,136.0,0.8751147842056933,1.0,146.0,0.0
tcn,cpr,0000000010000,9,57.333333333333336,0.0,0.7833333333333333,10.0,181.0,908.0,0.16620752984389348,1.0,146.0,0.0
tcn,cpr,0000000010000,10,57.333333333333336,0.0,0.9500000000000001,7.0,120.0,969.0,0.11019283746556474,1.0,146.0,0.0
tcn,cpr,0000000010000,11,57.333333333333336,0.0,0.6666666666666666,0.0,97.0,992.0,0.08907254361799816,1.0,146.0,0.0
tcn,cpr,0000000010000,12,57.333333333333336,0.0,0.9666666666666667,0.0,107.0,982.0,0.09825528007346189,1.0,146.0,0.0
tcn,cpr,0000000010100,0,57.333333333333336,0.0,1.0,0.0,185.0,902.0,0.1701931922723091,2.0,64.0,1.0
tcn,cpr,0000000010100,1,57.333333333333336,0.0,0.8666666666666667,0.0,90.0,997.0,0.0827966881324747,2.0,64.0,1.0
tcn,cpr,0000000010100,2,57.333333333333336,0.0,0.6666666666666666,0.0,98.0,989.0,0.09015639374425023,2.0,64.0,1.0
tcn,cpr,0000000010100,3,57.333333333333336,0.0,1.0,0.0,171.0,916.0,0.15731370745170192,2.0,64.0,0.0
tcn,cpr,0000000010100,4,57.333333333333336,0.0,1.0,0.0,146.0,941.0,0.1343146274149034,2.0,64.0,0.0
tcn,cpr,0000000010100,5,57.333333333333336,0.0,0.7000000000000001,0.0,128.0,959.0,0.11775528978840848,2.0,64.0,0.0
tcn,cpr,0000000010100,6,57.333333333333336,0.0,1.0,0.0,143.0,944.0,0.13155473781048757,2.0,64.0,0.0
tcn,cpr,0000000010100,7,57.333333333333336,0.0,1.0,0.0,164.0,923.0,0.15087396504139836,2.0,64.0,0.0
tcn,cpr,0000000010100,8,57.333333333333336,1.0,0.6666666666666666,22.0,929.0,158.0,0.8546458141674332,2.0,64.0,0.0
tcn,cpr,0000000010100,9,57.333333333333336,0.0,0.3333333333333333,0.0,188.0,899.0,0.17295308187672495,2.0,64.0,0.0
tcn,cpr,0000000010100,10,57.333333333333336,1.0,0.13333333333333333,42.0,977.0,110.0,0.8988040478380864,2.0,64.0,0.0
tcn,cpr,0000000010100,11,57.333333333333336,0.0,0.7333333333333334,0.0,91.0,996.0,0.08371665133394664,2.0,64.0,0.0
tcn,cpr,0000000010100,12,57.333333333333336,0.0,0.7333333333333334,0.0,96.0,991.0,0.08831646734130634,2.0,64.0,0.0
tcn,cpr,0000000011000,0,57.333333333333336,0.0,1.0,0.0,185.0,902.0,0.1701931922723091,2.0,84.0,1.0
tcn,cpr,0000000011000,1,57.333333333333336,0.0,0.7333333333333334,0.0,90.0,997.0,0.0827966881324747,2.0,84.0,1.0
tcn,cpr,0000000011000,2,57.333333333333336,0.0,1.0,0.0,98.0,989.0,0.09015639374425023,2.0,84.0,1.0
tcn,cpr,0000000011000,3,57.333333333333336,0.0,1.0,0.0,171.0,916.0,0.15731370745170192,2.0,84.0,0.0
tcn,cpr,0000000011000,4,57.333333333333336,0.0,1.0,0.0,146.0,941.0,0.1343146274149034,2.0,84.0,0.0
tcn,cpr,0000000011000,5,57.333333333333336,0.0,1.0,0.0,128.0,959.0,0.11775528978840848,2.0,84.0,0.0
tcn,cpr,0000000011000,6,57.333333333333336,0.0,1.0,0.0,143.0,944.0,0.13155473781048757,2.0,84.0,0.0
tcn,cpr,0000000011000,7,57.333333333333336,0.0,1.0,0.0,164.0,923.0,0.15087396504139836,2.0,84.0,0.0
tcn,cpr,0000000011000,8,57.333333333333336,1.0,1.0,42.0,929.0,158.0,0.8546458141674332,2.0,84.0,0.0
tcn,cpr,0000000011000,9,57.333333333333336,1.0,0.0,42.0,911.0,176.0,0.8380864765409384,2.0,84.0,0.0
tcn,cpr,0000000011000,10,57.333333333333336,0.0,0.4666666666666666,0.0,122.0,965.0,0.11223551057957681,2.0,84.0,0.0
tcn,cpr,0000000011000,11,57.333333333333336,0.0,0.9333333333333332,0.0,91.0,996.0,0.08371665133394664,2.0,84.0,0.0
tcn,cpr,0000000011000,12,57.333333333333336,0.0,1.0,0.0,96.0,991.0,0.08831646734130634,2.0,84.0,0.0
tcn,cpr,0000000100000,0,57.333333333333336,0.0,0.6833333333333332,12.0,214.0,875.0,0.19651056014692378,1.0,150.0,1.0
tcn,cpr,0000000100000,1,57.333333333333336,0.0,0.9500000000000001,5.0,87.0,1002.0,0.07988980716253444,1.0,150.0,1.0
tcn,cpr,0000000100000,2,57.333333333333336,0.0,1.0,12.0,74.0,1015.0,0.06795224977043159,1.0,150.0,1.0
tcn,cpr,0000000100000,3,57.333333333333336,0.0,0.9333333333333332,10.0,169.0,920.0,0.155188246097337,1.0,150.0,0.0
tcn,cpr,0000000100000,4,57.333333333333336,0.0,1.0,12.0,155.0,934.0,0.1423324150596878,1.0,150.0,0.0
tcn,cpr,0000000100000,5,57.333333333333336,0.0,0.9500000000000001,12.0,176.0,913.0,0.16161616161616163,1.0,150.0,0.0
tcn,cpr,0000000100000,6,57.333333333333336,0.0,1.0,0.0,158.0,931.0,0.14508723599632692,1.0,150.0,0.0
tcn,cpr,0000000100000,7,57.333333333333336,1.0,1.0,42.0,957.0,132.0,0.8787878787878788,1.0,150.0,0.0
tcn,cpr,0000000100000,8,57.333333333333336,0.0,0.6,12.0,158.0,931.0,0.14508723599632692,1.0,150.0,0.0
tcn,cpr,0000000100000,9,57.333333333333336,0.0,0.23333333333333336,12.0,181.0,908.0,0.16620752984389348,1.0,150.0,0.0
tcn,cpr,0000000100000,10,57.333333333333336,0.0,0.6333333333333333,12.0,120.0,969.0,0.11019283746556474,1.0,150.0,0.0
tcn,cpr,0000000100000,11,57.333333333333336,0.0,0.6833333333333332,7.0,97.0,992.0,0.08907254361799816,1.0,150.0,0.0
tcn,cpr,0000000100000,12,57.333333333333336,0.0,1.0,2.0,107.0,982.0,0.09825528007346189,1.0,150.0,0.0
tcn,cpr,0000000100001,0,57.333333333333336,0.0,1.0,0.0,185.0,902.0,0.1701931922723091,2.0,62.0,1.0
tcn,cpr,0000000100001,1,57.333333333333336,0.0,0.6,0.0,90.0,997.0,0.0827966881324747,2.0,62.0,1.0
tcn,cpr,0000000100001,2,57.333333333333336,0.0,1.0,0.0,98.0,989.0,0.09015639374425023,2.0,62.0,1.0
tcn,cpr,0000000100001,3,57.333333333333336,0.0,1.0,0.0,171.0,916.0,0.15731370745170192,2.0,62.0,0.0
tcn,cpr,0000000100001,4,57.333333333333336,0.0,1.0,0.0,146.0,941.0,0.1343146274149034,2.0,62.0,0.0
tcn,cpr,0000000100001,5,57.333333333333336,0.0,0.6666666666666666,0.0,128.0,959.0,0.11775528978840848,2.0,62.0,0.0
tcn,cpr,0000000100001,6,57.333333333333336,0.0,1.0,0.0,143.0,944.0,0.13155473781048757,2.0,62.0,0.0
tcn,cpr,0000000100001,7,57.333333333333336,1.0,1.0,22.0,930.0,157.0,0.8555657773689053,2.0,62.0,0.0
tcn,cpr,0000000100001,8,57.333333333333336,0.0,1.0,0.0,165.0,922.0,0.15179392824287027,2.0,62.0,0.0
tcn,cpr,0000000100001,9,57.333333333333336,0.0,0.5666666666666668,0.0,183.0,904.0,0.16835326586936525,2.0,62.0,0.0
tcn,cpr,0000000100001,10,57.333333333333336,0.0,0.7666666666666666,0.0,122.0,965.0,0.11223551057957681,2.0,62.0,0.0
tcn,cpr,0000000100001,11,57.333333333333336,0.0,0.7999999999999999,0.0,91.0,996.0,0.08371665133394664,2.0,62.0,0.0
tcn,cpr,0000000100001,12,57.333333333333336,1.0,0.0,40.0,998.0,89.0,0.9181232750689973,2.0,62.0,0.0
tcn,cpr,0000000100010,0,57.333333333333336,0.0,0.9333333333333332,8.0,185.0,902.0,0.1701931922723091,2.0,68.0,1.0
tcn,cpr,0000000100010,1,57.333333333333336,0.0,0.9333333333333332,0.0,90.0,997.0,0.0827966881324747,2.0,68.0,1.0
tcn,cpr,0000000100010,2,57.333333333333336,0.0,1.0,0.0,98.0,989.0,0.09015639374425023,2.0,68.0,1.0
tcn,cpr,0000000100010,3,57.333333333333336,0.0,1.0,0.0,171.0,916.0,0.15731370745170192,2.0,68.0,0.0
tcn,cpr,0000000100010,4,57.333333333333336,0.0,1.0,0.0,146.0,941.0,0.1343146274149034,2.0,68.0,0.0
tcn,cpr,0000000100010,5,57.333333333333336,0.0,1.0,0.0,128.0,959.0,0.11775528978840848,2.0,68.0,0.0
tcn,cpr,0000000100010,6,57.333333333333336,0.0,1.0,0.0,143.0,944.0,0.13155473781048757,2.0,68.0,0.0
tcn,cpr,0000000100010,7,57.333333333333336,1.0,1.0,20.0,930.0,157.0,0.8555657773689053,2.0,68.0,0.0
tcn,cpr,0000000100010,8,57.333333333333336,0.0,0.8333333333333334,0.0,165.0,922.0,0.15179392824287027,2.0,68.0,0.0
tcn,cpr,0000000100010,9,57.333333333333336,0.0,0.3333333333333333,0.0,183.0,904.0,0.16835326586936525,2.0,68.0,0.0
tcn,cpr,0000000100010,10,57.333333333333336,0.0,0.19999999999999998,0.0,122.0,965.0,0.11223551057957681,2.0,68.0,0.0
tcn,cpr,0000000100010,11,57.333333333333336,1.0,0.0,40.0,1008.0,79.0,0.9273229070837167,2.0,68.0,0.0
tcn,cpr,0000000100010,12,57.333333333333336,0.0,0.5333333333333333,0.0,101.0,986.0,0.09291628334866604,2.0,68.0,0.0
tcn,cpr,0000000100100,0,57.333333333333336,0.0,0.5666666666666667,0.0,185.0,902.0,0.1701931922723091,2.0,62.0,1.0
tcn,cpr,0000000100100,1,57.333333333333336,0.0,0.7999999999999999,0.0,90.0,997.0,0.0827966881324747,2.0,62.0,1.0
tcn,cpr,0000000100100,2,57.333333333333336,0.0,1.0,0.0,98.0,989.0,0.09015639374425023,2.0,62.0,1.0
tcn,cpr,0000000100100,3,57.333333333333336,0.0,1.0,0.0,171.0,916.0,0.15731370745170192,2.0,62.0,0.0
tcn,cpr,0000000100100,4,57.333333333333336,0.0,1.0,0.0,146.0,941.0,0.1343146274149034,2.0,62.0,0.0
tcn,cpr,0000000100100,5,57.333333333333336,0.0,0.7666666666666666,0.0,128.0,959.0,0.11775528978840848,2.0,62.0,0.0
tcn,cpr,0000000100100,6,57.333333333333336,0.0,1.0,0.0,143.0,944.0,0.13155473781048757,2.0,62.0,0.0
tcn,cpr,0000000100100,7,57.333333333333336,1.0,1.0,22.0,930.0,157.0,0.8555657773689053,2.0,62.0,0.0
tcn,cpr,0000000100100,8,57.333333333333336,0.0,0.8333333333333334,0.0,165.0,922.0,0.15179392824287027,2.0,62.0,0.0
tcn,cpr,0000000100100,9,57.333333333333336,0.0,0.7666666666666666,0.0,183.0,904.0,0.16835326586936525,2.0,62.0,0.0
tcn,cpr,0000000100100,10,57.333333333333336,1.0,0.0,40.0,977.0,110.0,0.8988040478380864,2.0,62.0,0.0
tcn,cpr,0000000100100,11,57.333333333333336,0.0,0.26666666666666666,0.0,91.0,996.0,0.08371665133394664,2.0,62.0,0.0
tcn,cpr,0000000100100,12,57.333333333333336,0.0,0.5,0.0,101.0,986.0,0.09291628334866604,2.0,62.0,0.0
tcn,cpr,0000000101000,0,57.333333333333336,0.0,0.9333333333333332,0.0,185.0,902.0,0.1701931922723091,2.0,82.0,1.0
tcn,cpr,0000000101000,1,57.333333333333336,0.0,0.9333333333333332,0.0,90.0,997.0,0.0827966881324747,2.0,82.0,1.0
tcn,cpr,0000000101000,2,57.333333333333336,0.0,1.0,0.0,98.0,989.0,0.09015639374425023,2.0,82.0,1.0
tcn,cpr,0000000101000,3,57.333333333333336,0.0,1.0,0.0,171.0,916.0,0.15731370745170192,2.0,82.0,0.0
tcn,cpr,0000000101000,4,57.333333333333336,0.0,1.0,0.0,146.0,941.0,0.1343146274149034,2.0,82.0,0.0
tcn,cpr,0000000101000,5,57.333333333333336,0.0,0.7999999999999999,0.0,128.0,959.0,0.11775528978840848,2.0,82.0,0.0
tcn,cpr,0000000101000,6,57.333333333333336,0.0,1.0,0.0,143.0,944.0,0.13155473781048757,2.0,82.0,0.0
tcn,cpr,0000000101000,7,57.333333333333336,1.0,1.0,42.0,930.0,157.0,0.8555657773689053,2.0,82.0,0.0
tcn,cpr,0000000101000,8,57.333333333333336,0.0,0.8000000000000002,0.0,165.0,922.0,0.15179392824287027,2.0,82.0,0.0
tcn,cpr,0000000101000,9,57.333333333333336,1.0,0.0,40.0,916.0,171.0,0.8426862925482981,2.0,82.0,0.0
tcn,cpr,0000000101000,10,57.333333333333336,0.0,0.3333333333333333,0.0,122.0,965.0,0.11223551057957681,2.0,82.0,0.0
tcn,cpr,0000000101000,11,57.333333333333336,0.0,0.39999999999999997,0.0,91.0,996.0,0.08371665133394664,2.0,82.0,0.0
tcn,cpr,0000000101000,12,57.333333333333336,0.0,0.7333333333333334,0.0,101.0,986.0,0.09291628334866604,2.0,82.0,0.0
tcn,cpr,0000000110000,0,57.333333333333336,0.0,1.0,0.0,185.0,902.0,0.1701931922723091,2.0,82.0,1.0
tcn,cpr,0000000110000,1,57.333333333333336,0.0,1.0,0.0,90.0,997.0,0.0827966881324747,2.0,82.0,1.0
tcn,cpr,0000000110000,2,57.333333333333336,0.0,1.0,0.0,98.0,989.0,0.09015639374425023,2.0,82.0,1.0
tcn,cpr,0000000110000,3,57.333333333333336,0.0,1.0,0.0,171.0,916.0,0.15731370745170192,2.0,82.0,0.0
tcn,cpr,0000000110000,4,57.333333333333336,0.0,1.0,0.0,146.0,941.0,0.1343146274149034,2.0,82.0,0.0
tcn,cpr,0000000110000,5,57.333333333333336,0.0,1.0,0.0,128.0,959.0,0.11775528978840848,2.0,82.0,0.0
tcn,cpr,0000000110000,6,57.333333333333336,0.0,1.0,0.0,143.0,944.0,0.13155473781048757,2.0,82.0,0.0
tcn,cpr,0000000110000,7,57.333333333333336,1.0,1.0,42.0,930.0,157.0,0.8555657773689053,2.0,82.0,0.0
tcn,cpr,0000000110000,8,57.333333333333336,1.0,0.0,40.0,934.0,153.0,0.8592456301747932,2.0,82.0,0.0
tcn,cpr,0000000110000,9,57.333333333333336,0.0,0.13333333333333333,0.0,183.0,904.0,0.16835326586936525,2.0,82.0,0.0
tcn,cpr,0000000110000,10,57.333333333333336,0.0,0.13333333333333333,0.0,122.0,965.0,0.11223551057957681,2.0,82.0,0.0
tcn,cpr,0000000110000,11,57.333333333333336,0.0,0.39999999999999997,0.0,91.0,996.0,0.08371665133394664,2.0,82.0,0.0
tcn,cpr,0000000110000,12,57.333333333333336,0.0,0.4666666666666666,0.0,101.0,986.0,0.09291628334866604,2.0,82.0,0.0
tcn,cpr,0000001000000,0,57.333333333333336,0.0,0.9500000000000001,12.0,214.0,875.0,0.19651056014692378,1.0,150.0,1.0
tcn,cpr,0000001000000,1,57.333333333333336,0.0,0.7333333333333334,7.0,87.0,1002.0,0.07988980716253444,1.0,150.0,1.0
tcn,cpr,0000001000000,2,57.333333333333336,0.0,1.0,5.0,74.0,1015.0,0.06795224977043159,1.0,150.0,1.0
tcn,cpr,0000001000000,3,57.333333333333336,0.0,1.0,7.0,169.0,920.0,0.155188246097337,1.0,150.0,0.0
tcn,cpr,0000001000000,4,57.333333333333336,0.0,1.0,7.0,155.0,934.0,0.1423324150596878,1.0,150.0,0.0
tcn,cpr,0000001000000,5,57.333333333333336,0.0,0.9333333333333332,12.0,176.0,913.0,0.16161616161616163,1.0,150.0,0.0
tcn,cpr,0000001000000,6,57.333333333333336,1.0,1.0,42.0,973.0,116.0,0.8934802571166207,1.0,150.0,0.0
tcn,cpr,0000001000000,7,57.333333333333336,0.0,1.0,0.0,174.0,915.0,0.15977961432506887,1.0,150.0,0.0
tcn,cpr,0000001000000,8,57.333333333333336,0.0,1.0,10.0,158.0,931.0,0.14508723599632692,1.0,150.0,0.0
tcn,cpr,0000001000000,9,57.333333333333336,0.0,0.75,12.0,181.0,908.0,0.16620752984389348,1.0,150.0,0.0
tcn,cpr,0000001000000,10,57.333333333333336,0.0,0.6,12.0,120.0,969.0,0.11019283746556474,1.0,150.0,0.0
tcn,cpr,0000001000000,11,57.333333333333336,0.0,0.5499999999999999,12.0,97.0,992.0,0.08907254361799816,1.0,150.0,0.0
tcn,cpr,0000001000000,12,57.333333333333336,0.0,0.7999999999999999,12.0,107.0,982.0,0.09825528007346189,1.0,150.0,0.0
tcn,cpr,0000001000001,0,57.333333333333336,0.0,1.0,0.0,185.0,902.0,0.1701931922723091,2.0,44.0,1.0
tcn,cpr,0000001000001,1,57.333333333333336,0.0,0.3333333333333333,0.0,90.0,997.0,0.0827966881324747,2.0,44.0,1.0
tcn,cpr,0000001000001,2,57.333333333333336,0.0,1.0,0.0,98.0,989.0,0.09015639374425023,2.0,44.0,1.0
tcn,cpr,0000001000001,3,57.333333333333336,0.0,1.0,0.0,171.0,916.0,0.15731370745170192,2.0,44.0,0.0
tcn,cpr,0000001000001,4,57.333333333333336,0.0,1.0,0.0,146.0,941.0,0.1343146274149034,2.0,44.0,0.0
tcn,cpr,0000001000001,5,57.333333333333336,0.0,0.9333333333333332,0.0,128.0,959.0,0.11775528978840848,2.0,44.0,0.0
tcn,cpr,0000001000001,6,57.333333333333336,1.0,1.0,22.0,956.0,131.0,0.8794848206071757,2.0,44.0,0.0
tcn,cpr,0000001000001,7,57.333333333333336,0.0,1.0,0.0,169.0,918.0,0.15547378104875806,2.0,44.0,0.0
tcn,cpr,0000001000001,8,57.333333333333336,0.0,1.0,0.0,165.0,922.0,0.15179392824287027,2.0,44.0,0.0
tcn,cpr,0000001000001,9,57.333333333333336,0.0,1.0,0.0,183.0,904.0,0.16835326586936525,2.0,44.0,0.0
tcn,cpr,0000001000001,10,57.333333333333336,0.0,0.39999999999999997,0.0,122.0,965.0,0.11223551057957681,2.0,44.0,0.0
tcn,cpr,0000001000001,11,57.333333333333336,0.0,0.9333333333333332,0.0,91.0,996.0,0.08371665133394664,2.0,44.0,0.0
tcn,cpr,0000001000001,12,57.333333333333336,1.0,0.0,22.0,998.0,89.0,0.9181232750689973,2.0,44.0,0.0
tcn,cpr,0000001000010,0,57.333333333333336,0.0,1.0,0.0,195.0,885.0,0.18055555555555555,2.0,64.0,1.0
tcn,cpr,0000001000010,1,57.333333333333336,0.0,1.0,0.0,85.0,995.0,0.0787037037037037,2.0,64.0,1.0
tcn,cpr,0000001000010,2,57.333333333333336,0.0,1.0,0.0,83.0,997.0,0.07685185185185185,2.0,64.0,1.0
tcn,cpr,0000001000010,3,57.333333333333336,0.0,1.0,0.0,167.0,913.0,0.15462962962962962,2.0,64.0,0.0
tcn,cpr,0000001000010,4,57.333333333333336,0.0,1.0,0.0,151.0,929.0,0.1398148148148148,2.0,64.0,0.0
tcn,cpr,0000001000010,5,57.333333333333336,0.0,0.7333333333333334,0.0,172.0,908.0,0.15925925925925927,2.0,64.0,0.0
tcn,cpr,0000001000010,6,57.333333333333336,1.0,1.0,22.0,950.0,130.0,0.8796296296296297,2.0,64.0,0.0
tcn,cpr,0000001000010,7,57.333333333333336,0.0,1.0,0.0,136.0,944.0,0.1259259259259259,2.0,64.0,0.0
tcn,cpr,0000001000010,8,57.333333333333336,0.0,1.0,0.0,176.0,904.0,0.16296296296296298,2.0,64.0,0.0
tcn,cpr,0000001000010,9,57.333333333333336,0.0,0.5333333333333333,0.0,185.0,895.0,0.1712962962962963,2.0,64.0,0.0
tcn,cpr,0000001000010,10,57.333333333333336,0.0,0.7333333333333334,0.0,130.0,950.0,0.12037037037037036,2.0,64.0,0.0
tcn,cpr,0000001000010,11,57.333333333333336,1.0,0.0,42.0,1004.0,76.0,0.9296296296296296,2.0,64.0,0.0
tcn,cpr,0000001000010,12,57.333333333333336,0.0,1.0,0.0,114.0,966.0,0.10555555555555556,2.0,64.0,0.0
tcn,cpr,0000001000100,0,57.333333333333336,0.0,1.0,0.0,195.0,885.0,0.18055555555555555,2.0,84.0,1.0
tcn,cpr,0000001000100,1,57.333333333333336,0.0,1.0,0.0,85.0,995.0,0.0787037037037037,2.0,84.0,1.0
tcn,cpr,0000001000100,2,57.333333333333336,0.0,1.0,0.0,83.0,997.0,0.07685185185185185,2.0,84.0,1.0
tcn,cpr,0000001000100,3,57.333333333333336,0.0,1.0,0.0,167.0,913.0,0.15462962962962962,2.0,84.0,0.0
tcn,cpr,0000001000100,4,57.333333333333336,0.0,1.0,0.0,151.0,929.0,0.1398148148148148,2.0,84.0,0.0
tcn,cpr,0000001000100,5,57.333333333333336,0.0,0.6,0.0,172.0,908.0,0.15925925925925927,2.0,84.0,0.0
tcn,cpr,0000001000100,6,57.333333333333336,1.0,1.0,42.0,950.0,130.0,0.8796296296296297,2.0,84.0,0.0
tcn,cpr,0000001000100,7,57.333333333333336,0.0,1.0,0.0,136.0,944.0,0.1259259259259259,2.0,84.0,0.0
tcn,cpr,0000001000100,8,57.333333333333336,0.0,1.0,0.0,176.0,904.0,0.16296296296296298,2.0,84.0,0.0
tcn,cpr,0000001000100,9,57.333333333333336,0.0,0.5333333333333333,0.0,185.0,895.0,0.1712962962962963,2.0,84.0,0.0
tcn,cpr,0000001000100,10,57.333333333333336,1.0,0.0,42.0,962.0,118.0,0.8907407407407407,2.0,84.0,0.0
tcn,cpr,0000001000100,11,57.333333333333336,0.0,0.4666666666666666,0.0,88.0,992.0,0.08148148148148149,2.0,84.0,0.0
tcn,cpr,0000001000100,12,57.333333333333336,0.0,0.6666666666666666,0.0,114.0,966.0,0.10555555555555556,2.0,84.0,0.0
tcn,cpr,0000001001000,0,57.333333333333336,0.0,1.0,0.0,195.0,885.0,0.18055555555555555,2.0,64.0,1.0
tcn,cpr,0000001001000,1,57.333333333333336,0.0,1.0,0.0,85.0,995.0,0.0787037037037037,2.0,64.0,1.0
tcn,cpr,0000001001000,2,57.333333333333336,0.0,1.0,0.0,83.0,997.0,0.07685185185185185,2.0,64.0,1.0
tcn,cpr,0000001001000,3,57.333333333333336,0.0,1.0,0.0,167.0,913.0,0.15462962962962962,2.0,64.0,0.0
tcn,cpr,0000001001000,4,57.333333333333336,0.0,1.0,0.0,151.0,929.0,0.1398148148148148,2.0,64.0,0.0
tcn,cpr,0000001001000,5,57.333333333333336,0.0,0.6666666666666666,0.0,172.0,908.0,0.15925925925925927,2.0,64.0,0.0
tcn,cpr,0000001001000,6,57.333333333333336,1.0,1.0,22.0,950.0,130.0,0.8796296296296297,2.0,64.0,0.0
tcn,cpr,0000001001000,7,57.333333333333336,0.0,1.0,0.0,136.0,944.0,0.1259259259259259,2.0,64.0,0.0
tcn,cpr,0000001001000,8,57.333333333333336,0.0,0.9333333333333332,0.0,176.0,904.0,0.16296296296296298,2.0,64.0,0.0
tcn,cpr,0000001001000,9,57.333333333333336,1.0,0.0,42.0,907.0,173.0,0.8398148148148148,2.0,64.0,0.0
tcn,cpr,0000001001000,10,57.333333333333336,0.0,0.26666666666666666,0.0,130.0,950.0,0.12037037037037036,2.0,64.0,0.0
tcn,cpr,0000001001000,11,57.333333333333336,0.0,0.6666666666666666,0.0,88.0,992.0,0.08148148148148149,2.0,64.0,0.0
tcn,cpr,0000001001000,12,57.333333333333336,0.0,0.8333333333333334,0.0,114.0,966.0,0.10555555555555556,2.0,64.0,0.0
tcn,cpr,0000001010000,0,57.333333333333336,0.0,1.0,0.0,195.0,885.0,0.18055555555555555,2.0,92.0,1.0
tcn,cpr,0000001010000,1,57.333333333333336,0.0,0.8333333333333334,0.0,85.0,995.0,0.0787037037037037,2.0,92.0,1.0
tcn,cpr,0000001010000,2,57.333333333333336,0.0,1.0,0.0,83.0,997.0,0.07685185185185185,2.0,92.0,1.0
tcn,cpr,0000001010000,3,57.333333333333336,0.0,1.0,0.0,167.0,913.0,0.15462962962962962,2.0,92.0,0.0
tcn,cpr,0000001010000,4,57.333333333333336,0.0,1.0,8.0,151.0,929.0,0.1398148148148148,2.0,92.0,0.0
tcn,cpr,0000001010000,5,57.333333333333336,0.0,0.3666666666666667,0.0,172.0,908.0,0.15925925925925927,2.0,92.0,0.0
tcn,cpr,0000001010000,6,57.333333333333336,1.0,1.0,42.0,950.0,130.0,0.8796296296296297,2.0,92.0,0.0
tcn,cpr,0000001010000,7,57.333333333333336,0.0,1.0,0.0,136.0,944.0,0.1259259259259259,2.0,92.0,0.0
tcn,cpr,0000001010000,8,57.333333333333336,1.0,0.0,42.0,911.0,169.0,0.8435185185185187,2.0,92.0,0.0
tcn,cpr,0000001010000,9,57.333333333333336,0.0,1.0,0.0,180.0,900.0,0.16666666666666666,2.0,92.0,0.0
tcn,cpr,0000001010000,10,57.333333333333336,0.0,0.8666666666666667,0.0,130.0,950.0,0.12037037037037036,2.0,92.0,0.0
tcn,cpr,0000001010000,11,57.333333333333336,0.0,0.9333333333333332,0.0,88.0,992.0,0.08148148148148149,2.0,92.0,0.0
tcn,cpr,0000001010000,12,57.333333333333336,0.0,1.0,0.0,114.0,966.0,0.10555555555555556,2.0,92.0,0.0
tcn,cpr,0000010000000,0,57.333333333333336,0.0,0.5333333333333333,7.0,195.0,856.0,0.18553758325404376,1.0,145.0,1.0
tcn,cpr,0000010000000,1,57.333333333333336,0.0,0.75,12.0,92.0,959.0,0.08753568030447194,1.0,145.0,1.0
tcn,cpr,0000010000000,2,57.333333333333336,0.0,1.0,10.0,95.0,956.0,0.09039010466222645,1.0,145.0,1.0
tcn,cpr,0000010000000,3,57.333333333333336,0.0,1.0,12.0,180.0,871.0,0.1712654614652712,1.0,145.0,0.0
tcn,cpr,0000010000000,4,57.333333333333336,0.0,1.0,0.0,151.0,900.0,0.14367269267364416,1.0,145.0,0.0
tcn,cpr,0000010000000,5,57.333333333333336,1.0,0.5666666666666667,42.0,908.0,143.0,0.8639391056137012,1.0,145.0,0.0
tcn,cpr,0000010000000,6,57.333333333333336,0.0,1.0,12.0,138.0,913.0,0.1313035204567079,1.0,145.0,0.0
tcn,cpr,0000010000000,7,57.333333333333336,0.0,1.0,12.0,137.0,914.0,0.13035204567078973,1.0,145.0,0.0
tcn,cpr,0000010000000,8,57.333333333333336,0.0,0.7833333333333333,12.0,170.0,881.0,0.16175071360608945,1.0,145.0,0.0
tcn,cpr,0000010000000,9,57.333333333333336,0.0,0.5666666666666667,7.0,163.0,888.0,0.15509039010466222,1.0,145.0,0.0
tcn,cpr,0000010000000,10,57.333333333333336,0.0,0.4166666666666667,12.0,115.0,936.0,0.10941960038058991,1.0,145.0,0.0
tcn,cpr,0000010000000,11,57.333333333333336,0.0,0.7000000000000001,7.0,99.0,952.0,0.09419600380589914,1.0,145.0,0.0
tcn,cpr,0000010000000,12,57.333333333333336,0.0,0.5,0.0,102.0,949.0,0.09705042816365367,1.0,145.0,0.0
tcn,cpr,0000010000010,0,57.333333333333336,0.0,0.8666666666666667,0.0,195.0,885.0,0.18055555555555555,2.0,64.0,1.0
tcn,cpr,0000010000010,1,57.333333333333336,0.0,0.7999999999999999,0.0,85.0,995.0,0.0787037037037037,2.0,64.0,1.0
tcn,cpr,0000010000010,2,57.333333333333336,0.0,1.0,0.0,83.0,997.0,0.07685185185185185,2.0,64.0,1.0
tcn,cpr,0000010000010,3,57.333333333333336,0.0,1.0,0.0,167.0,913.0,0.15462962962962962,2.0,64.0,0.0
tcn,cpr,0000010000010,4,57.333333333333336,0.0,1.0,0.0,151.0,929.0,0.1398148148148148,2.0,64.0,0.0
tcn,cpr,0000010000010,5,57.333333333333336,1.0,0.8666666666666667,22.0,915.0,165.0,0.8472222222222222,2.0,64.0,0.0
tcn,cpr,0000010000010,6,57.333333333333336,0.0,1.0,0.0,137.0,943.0,0.12685185185185185,2.0,64.0,0.0
tcn,cpr,0000010000010,7,57.333333333333336,0.0,1.0,0.0,136.0,944.0,0.1259259259259259,2.0,64.0,0.0
tcn,cpr,0000010000010,8,57.333333333333336,0.0,1.0,0.0,176.0,904.0,0.16296296296296298,2.0,64.0,0.0
tcn,cpr,0000010000010,9,57.333333333333336,0.0,0.26666666666666666,0.0,180.0,900.0,0.16666666666666666,2.0,64.0,0.0
tcn,cpr,0000010000010,10,57.333333333333336,0.0,0.4666666666666666,0.0,130.0,950.0,0.12037037037037036,2.0,64.0,0.0
tcn,cpr,0000010000010,11,57.333333333333336,1.0,0.0,42.0,999.0,81.0,0.9250000000000002,2.0,64.0,0.0
tcn,cpr,0000010000010,12,57.333333333333336,0.0,0.4666666666666666,0.0,114.0,966.0,0.10555555555555556,2.0,64.0,0.0
tcn,cpr,0000010000100,0,57.333333333333336,0.0,0.7666666666666666,0.0,195.0,885.0,0.18055555555555555,2.0,84.0,1.0
tcn,cpr,0000010000100,1,57.333333333333336,0.0,0.9333333333333332,0.0,85.0,995.0,0.0787037037037037,2.0,84.0,1.0
tcn,cpr,0000010000100,2,57.333333333333336,0.0,1.0,0.0,83.0,997.0,0.07685185185185185,2.0,84.0,1.0
tcn,cpr,0000010000100,3,57.333333333333336,0.0,1.0,0.0,167.0,913.0,0.15462962962962962,2.0,84.0,0.0
tcn,cpr,0000010000100,4,57.333333333333336,0.0,1.0,0.0,151.0,929.0,0.1398148148148148,2.0,84.0,0.0
tcn,cpr,0000010000100,5,57.333333333333336,1.0,1.0,42.0,915.0,165.0,0.8472222222222222,2.0,84.0,0.0
tcn,cpr,0000010000100,6,57.333333333333336,0.0,1.0,0.0,137.0,943.0,0.12685185185185185,2.0,84.0,0.0
tcn,cpr,0000010000100,7,57.333333333333336,0.0,1.0,0.0,136.0,944.0,0.1259259259259259,2.0,84.0,0.0
tcn,cpr,0000010000100,8,57.333333333333336,0.0,1.0,0.0,176.0,904.0,0.16296296296296298,2.0,84.0,0.0
tcn,cpr,0000010000100,9,57.333333333333336,0.0,0.6,0.0,180.0,900.0,0.16666666666666666,2.0,84.0,0.0
tcn,cpr,0000010000100,10,57.333333333333336,1.0,0.06666666666666667,42.0,962.0,118.0,0.8907407407407407,2.0,84.0,0.0
tcn,cpr,0000010000100,11,57.333333333333336,0.0,0.4666666666666666,0.0,93.0,987.0,0.0861111111111111,2.0,84.0,0.0
tcn,cpr,0000010000100,12,57.333333333333336,0.0,0.9333333333333332,0.0,114.0,966.0,0.10555555555555556,2.0,84.0,0.0
tcn,cpr,0000010001000,0,57.333333333333336,0.0,0.6666666666666666,0.0,195.0,885.0,0.18055555555555555,2.0,72.0,1.0
tcn,cpr,0000010001000,1,57.333333333333336,0.0,0.8666666666666667,0.0,85.0,995.0,0.0787037037037037,2.0,72.0,1.0
tcn,cpr,0000010001000,2,57.333333333333336,0.0,1.0,0.0,83.0,997.0,0.07685185185185185,2.0,72.0,1.0
tcn,cpr,0000010001000,3,57.333333333333336,0.0,1.0,8.0,167.0,913.0,0.15462962962962962,2.0,72.0,0.0
tcn,cpr,0000010001000,4,57.333333333333336,0.0,0.8333333333333334,0.0,151.0,929.0,0.1398148148148148,2.0,72.0,0.0
tcn,cpr,0000010001000,5,57.333333333333336,1.0,0.9333333333333332,22.0,915.0,165.0,0.8472222222222222,2.0,72.0,0.0
tcn,cpr,0000010001000,6,57.333333333333336,0.0,1.0,0.0,137.0,943.0,0.12685185185185185,2.0,72.0,0.0
tcn,cpr,0000010001000,7,57.333333333333336,0.0,1.0,0.0,136.0,944.0,0.1259259259259259,2.0,72.0,0.0
tcn,cpr,0000010001000,8,57.333333333333336,0.0,0.8333333333333334,0.0,176.0,904.0,0.16296296296296298,2.0,72.0,0.0
tcn,cpr,0000010001000,9,57.333333333333336,1.0,0.3333333333333333,42.0,907.0,173.0,0.8398148148148148,2.0,72.0,0.0
tcn,cpr,0000010001000,10,57.333333333333336,0.0,0.6333333333333333,0.0,125.0,955.0,0.11574074074074074,2.0,72.0,0.0
tcn,cpr,0000010001000,11,57.333333333333336,0.0,0.6,0.0,93.0,987.0,0.0861111111111111,2.0,72.0,0.0
tcn,cpr,0000010001000,12,57.333333333333336,0.0,0.9333333333333332,0.0,114.0,966.0,0.10555555555555556,2.0,72.0,0.0
tcn,cpr,0000010010000,0,57.333333333333336,0.0,0.8333333333333334,0.0,195.0,885.0,0.18055555555555555,2.0,84.0,1.0
tcn,cpr,0000010010000,1,57.333333333333336,0.0,0.7333333333333334,0.0,85.0,995.0,0.0787037037037037,2.0,84.0,1.0
tcn,cpr,0000010010000,2,57.333333333333336,0.0,1.0,0.0,83.0,997.0,0.07685185185185185,2.0,84.0,1.0
tcn,cpr,0000010010000,3,57.333333333333336,0.0,0.8333333333333334,0.0,167.0,913.0,0.15462962962962962,2.0,84.0,0.0
tcn,cpr,0000010010000,4,57.333333333333336,0.0,0.8333333333333334,0.0,151.0,929.0,0.1398148148148148,2.0,84.0,0.0
tcn,cpr,0000010010000,5,57.333333333333336,1.0,0.39999999999999997,42.0,915.0,165.0,0.8472222222222222,2.0,84.0,0.0
tcn,cpr,0000010010000,6,57.333333333333336,0.0,1.0,0.0,137.0,943.0,0.12685185185185185,2.0,84.0,0.0
tcn,cpr,0000010010000,7,57.333333333333336,0.0,1.0,0.0,136.0,944.0,0.1259259259259259,2.0,84.0,0.0
tcn,cpr,0000010010000,8,57.333333333333336,1.0,0.7999999999999999,42.0,911.0,169.0,0.8435185185185187,2.0,84.0,0.0
tcn,cpr,0000010010000,9,57.333333333333336,0.0,0.5,0.0,180.0,900.0,0.16666666666666666,2.0,84.0,0.0
tcn,cpr,0000010010000,10,57.333333333333336,0.0,0.7999999999999999,0.0,125.0,955.0,0.11574074074074074,2.0,84.0,0.0
tcn,cpr,0000010010000,11,57.333333333333336,0.0,0.9333333333333332,0.0,93.0,987.0,0.0861111111111111,2.0,84.0,0.0
tcn,cpr,0000010010000,12,57.333333333333336,0.0,1.0,0.0,114.0,966.0,0.10555555555555556,2.0,84.0,0.0
tcn,cpr,0000010100000,0,57.333333333333336,0.0,1.0,0.0,195.0,885.0,0.18055555555555555,2.0,64.0,1.0
tcn,cpr,0000010100000,1,57.333333333333336,0.0,1.0,0.0,85.0,995.0,0.0787037037037037,2.0,64.0,1.0
tcn,cpr,0000010100000,2,57.333333333333336,0.0,1.0,0.0,83.0,997.0,0.07685185185185185,2.0,64.0,1.0
tcn,cpr,0000010100000,3,57.333333333333336,0.0,1.0,0.0,167.0,913.0,0.15462962962962962,2.0,64.0,0.0
tcn,cpr,0000010100000,4,57.333333333333336,0.0,1.0,0.0,151.0,929.0,0.1398148148148148,2.0,64.0,0.0
tcn,cpr,0000010100000,5,57.333333333333336,1.0,0.0,22.0,915.0,165.0,0.8472222222222222,2.0,64.0,0.0
tcn,cpr,0000010100000,6,57.333333333333336,0.0,0.8333333333333334,0.0,137.0,943.0,0.12685185185185185,2.0,64.0,0.0
tcn,cpr,0000010100000,7,57.333333333333336,1.0,1.0,42.0,956.0,124.0,0.8851851851851852,2.0,64.0,0.0
tcn,cpr,0000010100000,8,57.333333333333336,0.0,0.5,0.0,181.0,899.0,0.1675925925925926,2.0,64.0,0.0
tcn,cpr,0000010100000,9,57.333333333333336,0.0,0.9333333333333332,0.0,180.0,900.0,0.16666666666666666,2.0,64.0,0.0
tcn,cpr,0000010100000,10,57.333333333333336,0.0,0.6,0.0,125.0,955.0,0.11574074074074074,2.0,64.0,0.0
tcn,cpr,0000010100000,11,57.333333333333336,0.0,0.6666666666666666,0.0,93.0,987.0,0.0861111111111111,2.0,64.0,0.0
tcn,cpr,0000010100000,12,57.333333333333336,0.0,0.26666666666666666,0.0,114.0,966.0,0.10555555555555556,2.0,64.0,0.0
tcn,cpr,0000011000000,0,57.333333333333336,0.0,0.9333333333333332,0.0,195.0,885.0,0.18055555555555555,2.0,84.0,1.0
tcn,cpr,0000011000000,1,57.333333333333336,0.0,0.6666666666666666,0.0,85.0,995.0,0.0787037037037037,2.0,84.0,1.0
tcn,cpr,0000011000000,2,57.333333333333336,0.0,1.0,0.0,83.0,997.0,0.07685185185185185,2.0,84.0,1.0
tcn,cpr,0000011000000,3,57.333333333333336,0.0,1.0,0.0,167.0,913.0,0.15462962962962962,2.0,84.0,0.0
tcn,cpr,0000011000000,4,57.333333333333336,0.0,1.0,0.0,151.0,929.0,0.1398148148148148,2.0,84.0,0.0
tcn,cpr,0000011000000,5,57.333333333333336,1.0,0.0,42.0,915.0,165.0,0.8472222222222222,2.0,84.0,0.0
tcn,cpr,0000011000000,6,57.333333333333336,1.0,1.0,42.0,955.0,125.0,0.8842592592592592,2.0,84.0,0.0
tcn,cpr,0000011000000,7,57.333333333333336,0.0,1.0,0.0,136.0,944.0,0.1259259259259259,2.0,84.0,0.0
tcn,cpr,0000011000000,8,57.333333333333336,0.0,1.0,0.0,181.0,899.0,0.1675925925925926,2.0,84.0,0.0
tcn,cpr,0000011000000,9,57.333333333333336,0.0,0.6666666666666666,0.0,180.0,900.0,0.16666666666666666,2.0,84.0,0.0
tcn,cpr,0000011000000,10,57.333333333333336,0.0,1.0,0.0,125.0,955.0,0.11574074074074074,2.0,84.0,0.0
tcn,cpr,0000011000000,11,57.333333333333336,0.0,1.0,0.0,93.0,987.0,0.0861111111111111,2.0,84.0,0.0
tcn,cpr,0000011000000,12,57.333333333333336,0.0,1.0,0.0,114.0,966.0,0.10555555555555556,2.0,84.0,0.0
tcn,cpr,0000100000000,0,57.333333333333336,0.0,0.3,10.333333333333334,197.66666666666666,847.6666666666666,0.18911775028516276,1.0,119.0,1.0
tcn,cpr,0000100000000,1,57.333333333333336,0.0,1.0,0.0,78.0,967.3333333333334,0.07460052840416094,1.0,119.0,1.0
tcn,cpr,0000100000000,2,57.333333333333336,0.0,1.0,0.0,97.0,948.3333333333334,0.09279854347635341,1.0,119.0,1.0
tcn,cpr,0000100000000,3,57.333333333333336,0.0,1.0,11.333333333333334,173.66666666666666,871.6666666666666,0.16614630555799284,1.0,119.0,0.0
tcn,cpr,0000100000000,4,57.333333333333336,1.0,1.0,42.0,925.6666666666666,119.66666666666667,0.885524212024607,1.0,119.0,0.0
tcn,cpr,0000100000000,5,57.333333333333336,0.0,0.8333333333333334,0.0,169.66666666666666,875.6666666666666,0.16231245064490654,1.0,119.0,0.0
tcn,cpr,0000100000000,6,57.333333333333336,0.0,0.8333333333333334,7.0,116.66666666666667,928.6666666666666,0.11156688407280668,1.0,119.0,0.0
tcn,cpr,0000100000000,7,57.333333333333336,0.0,1.0,8.666666666666666,174.0,871.3333333333334,0.1664546225614928,1.0,119.0,0.0
tcn,cpr,0000100000000,8,57.333333333333336,0.0,1.0,11.333333333333334,177.0,868.3333333333334,0.16932209255847055,1.0,119.0,0.0
tcn,cpr,0000100000000,9,57.333333333333336,0.0,0.7333333333333334,8.333333333333334,198.33333333333334,847.0,0.18974657073498877,1.0,119.0,0.0
tcn,cpr,0000100000000,10,57.333333333333336,0.0,0.3666666666666667,12.0,131.0,914.3333333333334,0.12531197293634777,1.0,119.0,0.0
tcn,cpr,0000100000000,11,57.333333333333336,0.0,1.0,0.0,74.0,971.3333333333334,0.0707739853567703,1.0,119.0,0.0
tcn,cpr,0000100000000,12,57.333333333333336,0.0,0.5166666666666667,8.0,114.0,931.3333333333334,0.10905160227350279,1.0,119.0,0.0
tcn,cpr,0000100000001,0,57.333333333333336,0.0,0.9333333333333332,0.0,195.0,885.0,0.18055555555555555,2.0,64.0,1.0
tcn,cpr,0000100000001,1,57.333333333333336,0.0,1.0,0.0,85.0,995.0,0.0787037037037037,2.0,64.0,1.0
tcn,cpr,0000100000001,2,57.333333333333336,0.0,1.0,0.0,83.0,997.0,0.07685185185185185,2.0,64.0,1.0
tcn,cpr,0000100000001,3,57.333333333333336,0.0,1.0,0.0,167.0,913.0,0.15462962962962962,2.0,64.0,0.0
tcn,cpr,0000100000001,4,57.333333333333336,1.0,1.0,42.0,941.0,139.0,0.8712962962962963,2.0,64.0,0.0
tcn,cpr,0000100000001,5,57.333333333333336,0.0,1.0,0.0,177.0,903.0,0.1638888888888889,2.0,64.0,0.0
tcn,cpr,0000100000001,6,57.333333333333336,0.0,1.0,0.0,137.0,943.0,0.12685185185185185,2.0,64.0,0.0
tcn,cpr,0000100000001,7,57.333333333333336,0.0,1.0,0.0,136.0,944.0,0.1259259259259259,2.0,64.0,0.0
tcn,cpr,0000100000001,8,57.333333333333336,0.0,0.8333333333333334,0.0,181.0,899.0,0.1675925925925926,2.0,64.0,0.0
tcn,cpr,0000100000001,9,57.333333333333336,0.0,0.5,0.0,180.0,900.0,0.16666666666666666,2.0,64.0,0.0
tcn,cpr,0000100000001,10,57.333333333333336,0.0,0.5,0.0,125.0,955.0,0.11574074074074074,2.0,64.0,0.0
tcn,cpr,0000100000001,11,57.333333333333336,0.0,1.0,0.0,93.0,987.0,0.0861111111111111,2.0,64.0,0.0
tcn,cpr,0000100000001,12,57.333333333333336,1.0,0.0,22.0,978.0,102.0,0.9055555555555556,2.0,64.0,0.0
tcn,cpr,0000100000100,0,57.333333333333336,0.0,0.8333333333333334,0.0,195.0,885.0,0.18055555555555555,2.0,64.0,1.0
tcn,cpr,0000100000100,1,57.333333333333336,0.0,1.0,0.0,85.0,995.0,0.0787037037037037,2.0,64.0,1.0
tcn,cpr,0000100000100,2,57.333333333333336,0.0,1.0,0.0,83.0,997.0,0.07685185185185185,2.0,64.0,1.0
tcn,cpr,0000100000100,3,57.333333333333336,0.0,1.0,0.0,167.0,913.0,0.15462962962962962,2.0,64.0,0.0
tcn,cpr,0000100000100,4,57.333333333333336,1.0,1.0,42.0,941.0,139.0,0.8712962962962963,2.0,64.0,0.0
tcn,cpr,0000100000100,5,57.333333333333336,0.0,1.0,0.0,177.0,903.0,0.1638888888888889,2.0,64.0,0.0
tcn,cpr,0000100000100,6,57.333333333333336,0.0,0.8333333333333334,0.0,137.0,943.0,0.12685185185185185,2.0,64.0,0.0
tcn,cpr,0000100000100,7,57.333333333333336,0.0,1.0,0.0,136.0,944.0,0.1259259259259259,2.0,64.0,0.0
tcn,cpr,0000100000100,8,57.333333333333336,0.0,1.0,0.0,181.0,899.0,0.1675925925925926,2.0,64.0,0.0
tcn,cpr,0000100000100,9,57.333333333333336,0.0,0.4666666666666666,0.0,180.0,900.0,0.16666666666666666,2.0,64.0,0.0
tcn,cpr,0000100000100,10,57.333333333333336,1.0,0.0,22.0,967.0,113.0,0.8953703703703703,2.0,64.0,0.0
tcn,cpr,0000100000100,11,57.333333333333336,0.0,1.0,0.0,93.0,987.0,0.0861111111111111,2.0,64.0,0.0
tcn,cpr,0000100000100,12,57.333333333333336,0.0,0.3,0.0,114.0,966.0,0.10555555555555556,2.0,64.0,0.0
tcn,cpr,0000100001000,0,57.333333333333336,0.0,0.3333333333333333,8.0,195.0,885.0,0.18055555555555555,2.0,52.0,1.0
tcn,cpr,0000100001000,1,57.333333333333336,0.0,1.0,0.0,85.0,995.0,0.0787037037037037,2.0,52.0,1.0
tcn,cpr,0000100001000,2,57.333333333333336,0.0,1.0,0.0,83.0,997.0,0.07685185185185185,2.0,52.0,1.0
tcn,cpr,0000100001000,3,57.333333333333336,0.0,1.0,0.0,167.0,913.0,0.15462962962962962,2.0,52.0,0.0
tcn,cpr,0000100001000,4,57.333333333333336,1.0,1.0,22.0,941.0,139.0,0.8712962962962963,2.0,52.0,0.0
tcn,cpr,0000100001000,5,57.333333333333336,0.0,1.0,0.0,177.0,903.0,0.1638888888888889,2.0,52.0,0.0
tcn,cpr,0000100001000,6,57.333333333333336,0.0,1.0,0.0,137.0,943.0,0.12685185185185185,2.0,52.0,0.0
tcn,cpr,0000100001000,7,57.333333333333336,0.0,1.0,0.0,136.0,944.0,0.1259259259259259,2.0,52.0,0.0
tcn,cpr,0000100001000,8,57.333333333333336,0.0,0.9333333333333332,0.0,181.0,899.0,0.1675925925925926,2.0,52.0,0.0
tcn,cpr,0000100001000,9,57.333333333333336,1.0,0.0,22.0,912.0,168.0,0.8444444444444444,2.0,52.0,0.0
tcn,cpr,0000100001000,10,57.333333333333336,0.0,0.13333333333333333,0.0,125.0,955.0,0.11574074074074074,2.0,52.0,0.0
tcn,cpr,0000100001000,11,57.333333333333336,0.0,1.0,0.0,93.0,987.0,0.0861111111111111,2.0,52.0,0.0
tcn,cpr,0000100001000,12,57.333333333333336,0.0,0.3333333333333333,0.0,114.0,966.0,0.10555555555555556,2.0,52.0,0.0
tcn,cpr,0000100010000,0,57.333333333333336,0.0,0.6,8.0,190.0,907.6666666666666,0.17303913145827457,2.0,92.66666666666667,1.0
tcn,cpr,0000100010000,1,57.333333333333336,0.0,1.0,0.0,93.0,1004.6666666666666,0.08468840871030038,2.0,92.66666666666667,1.0
tcn,cpr,0000100010000,2,57.333333333333336,0.0,1.0,0.0,95.66666666666667,1002.0,0.08721179898708133,2.0,92.66666666666667,1.0
tcn,cpr,0000100010000,3,57.333333333333336,0.0,0.8333333333333334,0.0,165.33333333333334,932.3333333333334,0.15075009749088739,2.0,92.66666666666667,0.0
tcn,cpr,0000100010000,4,57.333333333333336,1.0,1.0,42.0,965.3333333333334,132.33333333333334,0.8793894535550124,2.0,92.66666666666667,0.0
tcn,cpr,0000100010000,5,57.333333333333336,0.0,1.0,0.0,146.33333333333334,951.3333333333334,0.1330515620602462,2.0,92.66666666666667,0.0
tcn,cpr,0000100010000,6,57.333333333333336,0.0,1.0,8.0,146.66666666666666,951.0,0.13363006736805297,2.0,92.66666666666667,0.0
tcn,cpr,0000100010000,7,57.333333333333336,0.0,1.0,0.0,165.33333333333334,932.3333333333334,0.15062732611338978,2.0,92.66666666666667,0.0
tcn,cpr,0000100010000,8,57.333333333333336,1.0,0.3333333333333333,34.666666666666664,932.0,165.66666666666666,0.8490572501020126,2.0,92.66666666666667,0.0
tcn,cpr,0000100010000,9,57.333333333333336,0.0,0.3333333333333333,0.0,188.66666666666666,909.0,0.17177743631988415,2.0,92.66666666666667,0.0
tcn,cpr,0000100010000,10,57.333333333333336,0.0,0.9333333333333332,0.0,117.66666666666667,980.0,0.10717036912804095,2.0,92.66666666666667,0.0
tcn,cpr,0000100010000,11,57.333333333333336,0.0,1.0,0.0,92.66666666666667,1005.0,0.08447821753498641,2.0,92.66666666666667,0.0
tcn,cpr,0000100010000,12,57.333333333333336,0.0,1.0,0.0,98.66666666666667,999.0,0.08982260906167865,2.0,92.66666666666667,0.0
tcn,cpr,0000100100000,0,57.333333333333336,0.0,0.8333333333333334,0.0,185.0,902.0,0.1701931922723091,2.0,82.0,1.0
tcn,cpr,0000100100000,1,57.333333333333336,0.0,1.0,0.0,90.0,997.0,0.0827966881324747,2.0,82.0,1.0
tcn,cpr,0000100100000,2,57.333333333333336,0.0,1.0,0.0,98.0,989.0,0.09015639374425023,2.0,82.0,1.0
tcn,cpr,0000100100000,3,57.333333333333336,0.0,1.0,0.0,171.0,916.0,0.15731370745170192,2.0,82.0,0.0
tcn,cpr,0000100100000,4,57.333333333333336,1.0,0.26666666666666666,40.0,953.0,134.0,0.8767249310027599,2.0,82.0,0.0
tcn,cpr,0000100100000,5,57.333333333333336,0.0,1.0,0.0,130.0,957.0,0.11959521619135234,2.0,82.0,0.0
tcn,cpr,0000100100000,6,57.333333333333336,0.0,1.0,0.0,146.0,941.0,0.1343146274149034,2.0,82.0,0.0
tcn,cpr,0000100100000,7,57.333333333333336,1.0,1.0,42.0,933.0,154.0,0.8583256669733211,2.0,82.0,0.0
tcn,cpr,0000100100000,8,57.333333333333336,0.0,1.0,0.0,175.0,912.0,0.1609935602575897,2.0,82.0,0.0
tcn,cpr,0000100100000,9,57.333333333333336,0.0,1.0,0.0,181.0,906.0,0.16651333946642136,2.0,82.0,0.0
tcn,cpr,0000100100000,10,57.333333333333336,0.0,0.3333333333333333,0.0,115.0,972.0,0.10579576816927323,2.0,82.0,0.0
tcn,cpr,0000100100000,11,57.333333333333336,0.0,0.6666666666666666,0.0,95.0,992.0,0.08739650413983441,2.0,82.0,0.0
tcn,cpr,0000100100000,12,57.333333333333336,0.0,0.9333333333333332,0.0,94.0,993.0,0.08647654093836248,2.0,82.0,0.0
tcn,cpr,0000101000000,0,57.333333333333336,0.0,1.0,0.0,185.0,902.0,0.1701931922723091,2.0,72.0,1.0
tcn,cpr,0000101000000,1,57.333333333333336,0.0,1.0,0.0,90.0,997.0,0.0827966881324747,2.0,72.0,1.0
tcn,cpr,0000101000000,2,57.333333333333336,0.0,1.0,0.0,98.0,989.0,0.09015639374425023,2.0,72.0,1.0
tcn,cpr,0000101000000,3,57.333333333333336,0.0,1.0,0.0,171.0,916.0,0.15731370745170192,2.0,72.0,0.0
tcn,cpr,0000101000000,4,57.333333333333336,1.0,1.0,22.0,953.0,134.0,0.8767249310027599,2.0,72.0,0.0
tcn,cpr,0000101000000,5,57.333333333333336,0.0,1.0,0.0,130.0,957.0,0.11959521619135234,2.0,72.0,0.0
tcn,cpr,0000101000000,6,57.333333333333336,1.0,0.6,42.0,953.0,134.0,0.8767249310027599,2.0,72.0,0.0
tcn,cpr,0000101000000,7,57.333333333333336,0.0,1.0,0.0,166.0,921.0,0.15271389144434222,2.0,72.0,0.0
tcn,cpr,0000101000000,8,57.333333333333336,0.0,0.9333333333333332,8.0,175.0,912.0,0.1609935602575897,2.0,72.0,0.0
tcn,cpr,0000101000000,9,57.333333333333336,0.0,1.0,0.0,181.0,906.0,0.16651333946642136,2.0,72.0,0.0
tcn,cpr,0000101000000,10,57.333333333333336,0.0,0.6666666666666666,0.0,115.0,972.0,0.10579576816927323,2.0,72.0,0.0
tcn,cpr,0000101000000,11,57.333333333333336,0.0,1.0,0.0,95.0,992.0,0.08739650413983441,2.0,72.0,0.0
tcn,cpr,0000101000000,12,57.333333333333336,0.0,0.9333333333333332,0.0,94.0,993.0,0.08647654093836248,2.0,72.0,0.0
tcn,cpr,0001000000000,0,57.333333333333336,0.0,0.45,8.666666666666666,208.66666666666666,852.3333333333334,0.1967196766913347,1.0,125.66666666666667,1.0
tcn,cpr,0001000000000,1,57.333333333333336,0.0,1.0,0.0,82.0,979.0,0.0769974982067566,1.0,125.66666666666667,1.0
tcn,cpr,0001000000000,2,57.333333333333336,0.0,1.0,0.0,95.33333333333333,965.6666666666666,0.09000682307248202,1.0,125.66666666666667,1.0
tcn,cpr,0001000000000,3,57.333333333333336,1.0,0.65,42.0,929.3333333333334,131.66666666666666,0.8757116114697597,1.0,125.66666666666667,0.0
tcn,cpr,0001000000000,4,57.333333333333336,0.0,1.0,12.0,159.33333333333334,901.6666666666666,0.15029829073286796,1.0,125.66666666666667,0.0
tcn,cpr,0001000000000,5,57.333333333333336,0.0,0.8166666666666668,10.333333333333334,164.0,897.0,0.15485750275547158,1.0,125.66666666666667,0.0
tcn,cpr,0001000000000,6,57.333333333333336,0.0,0.9500000000000001,7.0,111.0,950.0,0.10434402281355516,1.0,125.66666666666667,0.0
tcn,cpr,0001000000000,7,57.333333333333336,0.0,1.0,10.666666666666666,171.33333333333334,889.6666666666666,0.16164383561643836,1.0,125.66666666666667,0.0
tcn,cpr,0001000000000,8,57.333333333333336,0.0,0.9666666666666667,9.0,179.0,882.0,0.16870484088245072,1.0,125.66666666666667,0.0
tcn,cpr,0001000000000,9,57.333333333333336,0.0,0.8333333333333334,7.666666666666667,193.0,868.0,0.18232299375426442,1.0,125.66666666666667,0.0
tcn,cpr,0001000000000,10,57.333333333333336,0.0,1.0,8.666666666666666,129.33333333333334,931.6666666666666,0.12191955772494271,1.0,125.66666666666667,0.0
tcn,cpr,0001000000000,11,57.333333333333336,0.0,1.0,0.0,70.66666666666667,990.3333333333334,0.06652845571126158,1.0,125.66666666666667,0.0
tcn,cpr,0001000000000,12,57.333333333333336,0.0,1.0,9.666666666666666,114.66666666666667,946.3333333333334,0.1080494760230235,1.0,125.66666666666667,0.0
tcn,cpr,0001000000001,0,57.333333333333336,0.0,0.7333333333333334,0.0,216.0,910.0,0.19182948490230908,2.0,84.0,1.0
tcn,cpr,0001000000001,1,57.333333333333336,0.0,1.0,0.0,97.0,1029.0,0.08614564831261101,2.0,84.0,1.0
tcn,cpr,0001000000001,2,57.333333333333336,0.0,1.0,0.0,75.0,1051.0,0.06660746003552398,2.0,84.0,1.0
tcn,cpr,0001000000001,3,57.333333333333336,1.0,0.8333333333333334,42.0,962.0,164.0,0.8543516873889875,2.0,84.0,0.0
tcn,cpr,0001000000001,4,57.333333333333336,0.0,1.0,0.0,153.0,973.0,0.13587921847246892,2.0,84.0,0.0
tcn,cpr,0001000000001,5,57.333333333333336,0.0,0.4666666666666666,0.0,181.0,945.0,0.16074600355239788,2.0,84.0,0.0
tcn,cpr,0001000000001,6,57.333333333333336,0.0,1.0,0.0,112.0,1014.0,0.0994671403197158,2.0,84.0,0.0
tcn,cpr,0001000000001,7,57.333333333333336,0.0,1.0,0.0,156.0,970.0,0.13854351687388988,2.0,84.0,0.0
tcn,cpr,0001000000001,8,57.333333333333336,0.0,1.0,0.0,150.0,976.0,0.13321492007104796,2.0,84.0,0.0
tcn,cpr,0001000000001,9,57.333333333333336,0.0,0.5333333333333333,0.0,211.0,915.0,0.18738898756660746,2.0,84.0,0.0
tcn,cpr,0001000000001,10,57.333333333333336,0.0,0.06666666666666667,0.0,125.0,1001.0,0.11101243339253997,2.0,84.0,0.0
tcn,cpr,0001000000001,11,57.333333333333336,0.0,1.0,0.0,95.0,1031.0,0.08436944937833037,2.0,84.0,0.0
tcn,cpr,0001000000001,12,57.333333333333336,1.0,0.0,42.0,1029.0,97.0,0.9138543516873888,2.0,84.0,0.0
tcn,cpr,0001000000100,0,57.333333333333336,0.0,0.6666666666666666,0.0,216.0,910.0,0.19182948490230908,2.0,82.0,1.0
tcn,cpr,0001000000100,1,57.333333333333336,0.0,1.0,0.0,97.0,1029.0,0.08614564831261101,2.0,82.0,1.0
tcn,cpr,0001000000100,2,57.333333333333336,0.0,1.0,0.0,75.0,1051.0,0.06660746003552398,2.0,82.0,1.0
tcn,cpr,0001000000100,3,57.333333333333336,1.0,1.0,40.0,962.0,164.0,0.8543516873889875,2.0,82.0,0.0
tcn,cpr,0001000000100,4,57.333333333333336,0.0,1.0,0.0,153.0,973.0,0.13587921847246892,2.0,82.0,0.0
tcn,cpr,0001000000100,5,57.333333333333336,0.0,0.8333333333333334,0.0,181.0,945.0,0.16074600355239788,2.0,82.0,0.0
tcn,cpr,0001000000100,6,57.333333333333336,0.0,1.0,0.0,112.0,1014.0,0.0994671403197158,2.0,82.0,0.0
tcn,cpr,0001000000100,7,57.333333333333336,0.0,1.0,0.0,156.0,970.0,0.13854351687388988,2.0,82.0,0.0
tcn,cpr,0001000000100,8,57.333333333333336,0.0,1.0,0.0,150.0,976.0,0.13321492007104796,2.0,82.0,0.0
tcn,cpr,0001000000100,9,57.333333333333336,0.0,0.5,0.0,211.0,915.0,0.18738898756660746,2.0,82.0,0.0
tcn,cpr,0001000000100,10,57.333333333333336,1.0,0.0,42.0,1013.0,113.0,0.8996447602131439,2.0,82.0,0.0
tcn,cpr,0001000000100,11,57.333333333333336,0.0,1.0,0.0,95.0,1031.0,0.08436944937833037,2.0,82.0,0.0
tcn,cpr,0001000000100,12,57.333333333333336,0.0,0.5666666666666668,0.0,109.0,1017.0,0.09680284191829484,2.0,82.0,0.0
tcn,cpr,0001000001000,0,57.333333333333336,0.0,0.75,8.0,185.0,902.0,0.1701931922723091,2.0,100.0,1.0
tcn,cpr,0001000001000,1,57.333333333333336,0.0,1.0,0.0,90.0,997.0,0.0827966881324747,2.0,100.0,1.0
tcn,cpr,0001000001000,2,57.333333333333336,0.0,1.0,0.0,98.0,989.0,0.09015639374425023,2.0,100.0,1.0
tcn,cpr,0001000001000,3,57.333333333333336,1.0,1.0,42.0,928.0,159.0,0.8537258509659612,2.0,100.0,0.0
tcn,cpr,0001000001000,4,57.333333333333336,0.0,1.0,0.0,146.0,941.0,0.1343146274149034,2.0,100.0,0.0
tcn,cpr,0001000001000,5,57.333333333333336,0.0,0.8333333333333334,8.0,130.0,957.0,0.11959521619135234,2.0,100.0,0.0
tcn,cpr,0001000001000,6,57.333333333333336,0.0,1.0,0.0,146.0,941.0,0.1343146274149034,2.0,100.0,0.0
tcn,cpr,0001000001000,7,57.333333333333336,0.0,1.0,0.0,166.0,921.0,0.15271389144434222,2.0,100.0,0.0
tcn,cpr,0001000001000,8,57.333333333333336,0.0,0.7333333333333334,0.0,175.0,912.0,0.1609935602575897,2.0,100.0,0.0
tcn,cpr,0001000001000,9,57.333333333333336,1.0,0.0,42.0,913.0,174.0,0.8399264029438823,2.0,100.0,0.0
tcn,cpr,0001000001000,10,57.333333333333336,0.0,0.5833333333333334,0.0,115.0,972.0,0.10579576816927323,2.0,100.0,0.0
tcn,cpr,0001000001000,11,57.333333333333336,0.0,1.0,0.0,95.0,992.0,0.08739650413983441,2.0,100.0,0.0
tcn,cpr,0001000001000,12,57.333333333333336,0.0,0.8333333333333334,0.0,89.0,998.0,0.08187672493100276,2.0,100.0,0.0
tcn,cpr,0001000010000,0,57.333333333333336,0.0,0.16666666666666666,8.0,185.0,901.0,0.17034990791896867,2.0,92.0,1.0
tcn,cpr,0001000010000,1,57.333333333333336,0.0,1.0,0.0,90.0,996.0,0.08287292817679558,2.0,92.0,1.0
tcn,cpr,0001000010000,2,57.333333333333336,0.0,1.0,0.0,98.0,988.0,0.09023941068139964,2.0,92.0,1.0
tcn,cpr,0001000010000,3,57.333333333333336,1.0,1.0,42.0,928.0,158.0,0.85451197053407,2.0,92.0,0.0
tcn,cpr,0001000010000,4,57.333333333333336,0.0,1.0,0.0,146.0,940.0,0.13443830570902393,2.0,92.0,0.0
tcn,cpr,0001000010000,5,57.333333333333336,0.0,0.7999999999999999,0.0,130.0,956.0,0.11970534069981582,2.0,92.0,0.0
tcn,cpr,0001000010000,6,57.333333333333336,0.0,1.0,0.0,146.0,940.0,0.13443830570902393,2.0,92.0,0.0
tcn,cpr,0001000010000,7,57.333333333333336,0.0,1.0,0.0,166.0,920.0,0.15285451197053407,2.0,92.0,0.0
tcn,cpr,0001000010000,8,57.333333333333336,1.0,0.4000000000000001,42.0,923.0,163.0,0.8499079189686926,2.0,92.0,0.0
tcn,cpr,0001000010000,9,57.333333333333336,0.0,0.6666666666666666,0.0,185.0,901.0,0.17034990791896867,2.0,92.0,0.0
tcn,cpr,0001000010000,10,57.333333333333336,0.0,0.8666666666666667,0.0,115.0,971.0,0.10589318600368323,2.0,92.0,0.0
tcn,cpr,0001000010000,11,57.333333333333336,0.0,1.0,0.0,95.0,991.0,0.08747697974217311,2.0,92.0,0.0
tcn,cpr,0001000010000,12,57.333333333333336,0.0,1.0,0.0,89.0,997.0,0.08195211786372007,2.0,92.0,0.0
tcn,cpr,0001000100000,0,57.333333333333336,0.0,0.3333333333333333,0.0,185.0,901.0,0.17034990791896867,2.0,82.0,1.0
tcn,cpr,0001000100000,1,57.333333333333336,0.0,1.0,0.0,90.0,996.0,0.08287292817679558,2.0,82.0,1.0
tcn,cpr,0001000100000,2,57.333333333333336,0.0,1.0,0.0,98.0,988.0,0.09023941068139964,2.0,82.0,1.0
tcn,cpr,0001000100000,3,57.333333333333336,1.0,0.0,40.0,928.0,158.0,0.85451197053407,2.0,82.0,0.0
tcn,cpr,0001000100000,4,57.333333333333336,0.0,0.8333333333333334,0.0,146.0,940.0,0.13443830570902393,2.0,82.0,0.0
tcn,cpr,0001000100000,5,57.333333333333336,0.0,1.0,0.0,130.0,956.0,0.11970534069981582,2.0,82.0,0.0
tcn,cpr,0001000100000,6,57.333333333333336,0.0,0.8333333333333334,0.0,146.0,940.0,0.13443830570902393,2.0,82.0,0.0
tcn,cpr,0001000100000,7,57.333333333333336,1.0,0.8333333333333334,42.0,932.0,154.0,0.8581952117863721,2.0,82.0,0.0
tcn,cpr,0001000100000,8,57.333333333333336,0.0,1.0,0.0,175.0,911.0,0.16114180478821363,2.0,82.0,0.0
tcn,cpr,0001000100000,9,57.333333333333336,0.0,0.9333333333333332,0.0,185.0,901.0,0.17034990791896867,2.0,82.0,0.0
tcn,cpr,0001000100000,10,57.333333333333336,0.0,1.0,0.0,115.0,971.0,0.10589318600368323,2.0,82.0,0.0
tcn,cpr,0001000100000,11,57.333333333333336,0.0,0.7333333333333334,0.0,95.0,991.0,0.08747697974217311,2.0,82.0,0.0
tcn,cpr,0001000100000,12,57.333333333333336,0.0,1.0,0.0,89.0,997.0,0.08195211786372007,2.0,82.0,0.0
tcn,cpr,0001001000000,0,57.333333333333336,0.0,0.6666666666666666,0.0,185.0,901.0,0.17034990791896867,2.0,64.0,1.0
tcn,cpr,0001001000000,1,57.333333333333336,0.0,1.0,0.0,90.0,996.0,0.08287292817679558,2.0,64.0,1.0
tcn,cpr,0001001000000,2,57.333333333333336,0.0,0.9333333333333332,0.0,98.0,988.0,0.09023941068139964,2.0,64.0,1.0
tcn,cpr,0001001000000,3,57.333333333333336,1.0,0.06666666666666667,22.0,928.0,158.0,0.85451197053407,2.0,64.0,0.0
tcn,cpr,0001001000000,4,57.333333333333336,0.0,0.7999999999999999,0.0,146.0,940.0,0.13443830570902393,2.0,64.0,0.0
tcn,cpr,0001001000000,5,57.333333333333336,0.0,1.0,0.0,130.0,956.0,0.11970534069981582,2.0,64.0,0.0
tcn,cpr,0001001000000,6,57.333333333333336,1.0,0.7000000000000001,42.0,950.0,136.0,0.8747697974217311,2.0,64.0,0.0
tcn,cpr,0001001000000,7,57.333333333333336,0.0,1.0,0.0,164.0,922.0,0.15101289134438306,2.0,64.0,0.0
tcn,cpr,0001001000000,8,57.333333333333336,0.0,0.6666666666666666,0.0,175.0,911.0,0.16114180478821363,2.0,64.0,0.0
tcn,cpr,0001001000000,9,57.333333333333336,0.0,1.0,0.0,185.0,901.0,0.17034990791896867,2.0,64.0,0.0
tcn,cpr,0001001000000,10,57.333333333333336,0.0,1.0,0.0,115.0,971.0,0.10589318600368323,2.0,64.0,0.0
tcn,cpr,0001001000000,11,57.333333333333336,0.0,0.9333333333333332,0.0,95.0,991.0,0.08747697974217311,2.0,64.0,0.0
tcn,cpr,0001001000000,12,57.333333333333336,0.0,1.0,0.0,89.0,997.0,0.08195211786372007,2.0,64.0,0.0
tcn,cpr,0001010000000,0,57.333333333333336,0.0,0.3,8.0,185.0,901.0,0.17034990791896867,2.0,80.0,1.0
tcn,cpr,0001010000000,1,57.333333333333336,0.0,1.0,0.0,90.0,996.0,0.08287292817679558,2.0,80.0,1.0
tcn,cpr,0001010000000,2,57.333333333333336,0.0,1.0,0.0,98.0,988.0,0.09023941068139964,2.0,80.0,1.0
tcn,cpr,0001010000000,3,57.333333333333336,1.0,0.6,22.0,928.0,158.0,0.85451197053407,2.0,80.0,0.0
tcn,cpr,0001010000000,4,57.333333333333336,0.0,1.0,0.0,146.0,940.0,0.13443830570902393,2.0,80.0,0.0
tcn,cpr,0001010000000,5,57.333333333333336,1.0,0.0,42.0,963.0,123.0,0.8867403314917127,2.0,80.0,0.0
tcn,cpr,0001010000000,6,57.333333333333336,0.0,1.0,0.0,143.0,943.0,0.13167587476979742,2.0,80.0,0.0
tcn,cpr,0001010000000,7,57.333333333333336,0.0,1.0,0.0,164.0,922.0,0.15101289134438306,2.0,80.0,0.0
tcn,cpr,0001010000000,8,57.333333333333336,0.0,1.0,0.0,175.0,911.0,0.16114180478821363,2.0,80.0,0.0
tcn,cpr,0001010000000,9,57.333333333333336,0.0,0.2333333333333333,8.0,185.0,901.0,0.17034990791896867,2.0,80.0,0.0
tcn,cpr,0001010000000,10,57.333333333333336,0.0,0.6,0.0,115.0,971.0,0.10589318600368323,2.0,80.0,0.0
tcn,cpr,0001010000000,11,57.333333333333336,0.0,0.7333333333333334,0.0,95.0,991.0,0.08747697974217311,2.0,80.0,0.0
tcn,cpr,0001010000000,12,57.333333333333336,0.0,0.9333333333333332,0.0,89.0,997.0,0.08195211786372007,2.0,80.0,0.0
tcn,cpr,0001100000000,0,57.333333333333336,0.0,0.3666666666666667,0.0,185.0,901.0,0.17034990791896867,2.0,84.0,1.0
tcn,cpr,0001100000000,1,57.333333333333336,0.0,1.0,0.0,90.0,996.0,0.08287292817679558,2.0,84.0,1.0
tcn,cpr,0001100000000,2,57.333333333333336,0.0,1.0,0.0,98.0,988.0,0.09023941068139964,2.0,84.0,1.0
tcn,cpr,0001100000000,3,57.333333333333336,1.0,0.4666666666666666,42.0,928.0,158.0,0.85451197053407,2.0,84.0,0.0
tcn,cpr,0001100000000,4,57.333333333333336,1.0,0.5333333333333333,42.0,950.0,136.0,0.8747697974217311,2.0,84.0,0.0
tcn,cpr,0001100000000,5,57.333333333333336,0.0,1.0,0.0,133.0,953.0,0.12246777163904236,2.0,84.0,0.0
tcn,cpr,0001100000000,6,57.333333333333336,0.0,1.0,0.0,143.0,943.0,0.13167587476979742,2.0,84.0,0.0
tcn,cpr,0001100000000,7,57.333333333333336,0.0,1.0,0.0,164.0,922.0,0.15101289134438306,2.0,84.0,0.0
tcn,cpr,0001100000000,8,57.333333333333336,0.0,1.0,0.0,175.0,911.0,0.16114180478821363,2.0,84.0,0.0
tcn,cpr,0001100000000,9,57.333333333333336,0.0,1.0,0.0,185.0,901.0,0.17034990791896867,2.0,84.0,0.0
tcn,cpr,0001100000000,10,57.333333333333336,0.0,1.0,0.0,115.0,971.0,0.10589318600368323,2.0,84.0,0.0
tcn,cpr,0001100000000,11,57.333333333333336,0.0,1.0,0.0,95.0,991.0,0.08747697974217311,2.0,84.0,0.0
tcn,cpr,0001100000000,12,57.333333333333336,0.0,0.8666666666666667,0.0,89.0,997.0,0.08195211786372007,2.0,84.0,0.0
tcn,cpr,0010000000000,0,57.333333333333336,0.0,1.0,0.0,208.66666666666666,852.3333333333334,0.1967196766913347,1.0,96.66666666666667,1.0
tcn,cpr,0010000000000,1,57.333333333333336,0.0,0.8000000000000002,0.0,82.0,979.0,0.0769974982067566,1.0,96.66666666666667,1.0
tcn,cpr,0010000000000,2,57.333333333333336,1.0,0.75,42.0,1006.3333333333334,54.666666666666664,0.9483213492188457,1.0,96.66666666666667,1.0
tcn,cpr,0010000000000,3,57.333333333333336,0.0,1.0,0.0,172.33333333333334,888.6666666666666,0.16261656082156792,1.0,96.66666666666667,0.0
tcn,cpr,0010000000000,4,57.333333333333336,0.0,1.0,0.0,159.33333333333334,901.6666666666666,0.15029829073286796,1.0,96.66666666666667,0.0
tcn,cpr,0010000000000,5,57.333333333333336,0.0,1.0,5.333333333333333,164.0,897.0,0.15485750275547158,1.0,96.66666666666667,0.0
tcn,cpr,0010000000000,6,57.333333333333336,0.0,0.9,9.666666666666666,111.0,950.0,0.10434402281355516,1.0,96.66666666666667,0.0
tcn,cpr,0010000000000,7,57.333333333333336,0.0,0.9666666666666667,10.666666666666666,171.33333333333334,889.6666666666666,0.16164383561643836,1.0,96.66666666666667,0.0
tcn,cpr,0010000000000,8,57.333333333333336,0.0,0.6833333333333332,5.666666666666667,179.0,882.0,0.16870484088245072,1.0,96.66666666666667,0.0
tcn,cpr,0010000000000,9,57.333333333333336,0.0,0.7000000000000001,6.0,193.0,868.0,0.18232299375426442,1.0,96.66666666666667,0.0
tcn,cpr,0010000000000,10,57.333333333333336,0.0,0.8333333333333334,7.0,129.33333333333334,931.6666666666666,0.12191955772494271,1.0,96.66666666666667,0.0
tcn,cpr,0010000000000,11,57.333333333333336,0.0,0.9666666666666667,0.0,70.66666666666667,990.3333333333334,0.06652845571126158,1.0,96.66666666666667,0.0
tcn,cpr,0010000000000,12,57.333333333333336,0.0,0.5499999999999999,10.333333333333334,114.66666666666667,946.3333333333334,0.1080494760230235,1.0,96.66666666666667,0.0
tcn,cpr,0010000000001,0,57.333333333333336,0.0,1.0,0.0,185.0,901.0,0.17034990791896867,2.0,44.0,1.0
tcn,cpr,0010000000001,1,57.333333333333336,0.0,1.0,0.0,90.0,996.0,0.08287292817679558,2.0,44.0,1.0
tcn,cpr,0010000000001,2,57.333333333333336,1.0,1.0,22.0,1000.0,86.0,0.9208103130755064,2.0,44.0,1.0
tcn,cpr,0010000000001,3,57.333333333333336,0.0,1.0,0.0,170.0,916.0,0.15653775322283608,2.0,44.0,0.0
tcn,cpr,0010000000001,4,57.333333333333336,0.0,1.0,0.0,148.0,938.0,0.13627992633517497,2.0,44.0,0.0
tcn,cpr,0010000000001,5,57.333333333333336,0.0,0.4666666666666666,0.0,133.0,953.0,0.12246777163904236,2.0,44.0,0.0
tcn,cpr,0010000000001,6,57.333333333333336,0.0,1.0,0.0,143.0,943.0,0.13167587476979742,2.0,44.0,0.0
tcn,cpr,0010000000001,7,57.333333333333336,0.0,1.0,0.0,164.0,922.0,0.15101289134438306,2.0,44.0,0.0
tcn,cpr,0010000000001,8,57.333333333333336,0.0,1.0,0.0,175.0,911.0,0.16114180478821363,2.0,44.0,0.0
tcn,cpr,0010000000001,9,57.333333333333336,0.0,0.5333333333333333,0.0,185.0,901.0,0.17034990791896867,2.0,44.0,0.0
tcn,cpr,0010000000001,10,57.333333333333336,0.0,0.0,0.0,115.0,971.0,0.10589318600368323,2.0,44.0,0.0
tcn,cpr,0010000000001,11,57.333333333333336,0.0,1.0,0.0,95.0,991.0,0.08747697974217311,2.0,44.0,0.0
tcn,cpr,0010000000001,12,57.333333333333336,1.0,0.0,22.0,1009.0,77.0,0.929097605893186,2.0,44.0,0.0
tcn,cpr,0010000000100,0,57.333333333333336,0.0,1.0,0.0,185.0,901.0,0.17034990791896867,2.0,44.0,1.0
tcn,cpr,0010000000100,1,57.333333333333336,0.0,1.0,0.0,90.0,996.0,0.08287292817679558,2.0,44.0,1.0
tcn,cpr,0010000000100,2,57.333333333333336,1.0,1.0,22.0,1000.0,86.0,0.9208103130755064,2.0,44.0,1.0
tcn,cpr,0010000000100,3,57.333333333333336,0.0,1.0,0.0,170.0,916.0,0.15653775322283608,2.0,44.0,0.0
tcn,cpr,0010000000100,4,57.333333333333336,0.0,1.0,0.0,148.0,938.0,0.13627992633517497,2.0,44.0,0.0
tcn,cpr,0010000000100,5,57.333333333333336,0.0,0.5333333333333333,0.0,133.0,953.0,0.12246777163904236,2.0,44.0,0.0
tcn,cpr,0010000000100,6,57.333333333333336,0.0,1.0,0.0,143.0,943.0,0.13167587476979742,2.0,44.0,0.0
tcn,cpr,0010000000100,7,57.333333333333336,0.0,1.0,0.0,164.0,922.0,0.15101289134438306,2.0,44.0,0.0
tcn,cpr,0010000000100,8,57.333333333333336,0.0,1.0,0.0,175.0,911.0,0.16114180478821363,2.0,44.0,0.0
tcn,cpr,0010000000100,9,57.333333333333336,0.0,0.13333333333333333,0.0,185.0,901.0,0.17034990791896867,2.0,44.0,0.0
tcn,cpr,0010000000100,10,57.333333333333336,1.0,0.0,22.0,983.0,103.0,0.9051565377532228,2.0,44.0,0.0
tcn,cpr,0010000000100,11,57.333333333333336,0.0,1.0,0.0,95.0,991.0,0.08747697974217311,2.0,44.0,0.0
tcn,cpr,0010000000100,12,57.333333333333336,0.0,0.43333333333333335,0.0,89.0,997.0,0.08195211786372007,2.0,44.0,0.0
tcn,cpr,0010000001000,0,57.333333333333336,0.0,1.0,0.0,185.0,902.0,0.1701931922723091,2.0,64.0,1.0
tcn,cpr,0010000001000,1,57.333333333333336,0.0,1.0,0.0,90.0,997.0,0.0827966881324747,2.0,64.0,1.0
tcn,cpr,0010000001000,2,57.333333333333336,1.0,1.0,42.0,1000.0,87.0,0.9199632014719411,2.0,64.0,1.0
tcn,cpr,0010000001000,3,57.333333333333336,0.0,1.0,0.0,170.0,917.0,0.15639374425023,2.0,64.0,0.0
tcn,cpr,0010000001000,4,57.333333333333336,0.0,1.0,0.0,148.0,939.0,0.13615455381784727,2.0,64.0,0.0
tcn,cpr,0010000001000,5,57.333333333333336,0.0,0.5333333333333333,0.0,133.0,954.0,0.12235510579576818,2.0,64.0,0.0
tcn,cpr,0010000001000,6,57.333333333333336,0.0,1.0,0.0,143.0,944.0,0.13155473781048757,2.0,64.0,0.0
tcn,cpr,0010000001000,7,57.333333333333336,0.0,1.0,0.0,164.0,923.0,0.15087396504139836,2.0,64.0,0.0
tcn,cpr,0010000001000,8,57.333333333333336,0.0,1.0,0.0,175.0,912.0,0.1609935602575897,2.0,64.0,0.0
tcn,cpr,0010000001000,9,57.333333333333336,1.0,0.0,22.0,913.0,174.0,0.8399264029438823,2.0,64.0,0.0
tcn,cpr,0010000001000,10,57.333333333333336,0.0,0.31666666666666665,0.0,115.0,972.0,0.10579576816927323,2.0,64.0,0.0
tcn,cpr,0010000001000,11,57.333333333333336,0.0,1.0,0.0,95.0,992.0,0.08739650413983441,2.0,64.0,0.0
tcn,cpr,0010000001000,12,57.333333333333336,0.0,0.7000000000000001,0.0,89.0,998.0,0.08187672493100276,2.0,64.0,0.0
tcn,cpr,0010000010000,0,57.333333333333336,0.0,1.0,0.0,185.0,901.0,0.17034990791896867,2.0,64.0,1.0
tcn,cpr,0010000010000,1,57.333333333333336,0.0,1.0,0.0,90.0,996.0,0.08287292817679558,2.0,64.0,1.0
tcn,cpr,0010000010000,2,57.333333333333336,1.0,0.39999999999999997,42.0,1000.0,86.0,0.9208103130755064,2.0,64.0,1.0
tcn,cpr,0010000010000,3,57.333333333333336,0.0,1.0,0.0,170.0,916.0,0.15653775322283608,2.0,64.0,0.0
tcn,cpr,0010000010000,4,57.333333333333336,0.0,1.0,0.0,148.0,938.0,0.13627992633517497,2.0,64.0,0.0
tcn,cpr,0010000010000,5,57.333333333333336,0.0,0.4000000000000001,0.0,133.0,953.0,0.12246777163904236,2.0,64.0,0.0
tcn,cpr,0010000010000,6,57.333333333333336,0.0,1.0,0.0,143.0,943.0,0.13167587476979742,2.0,64.0,0.0
tcn,cpr,0010000010000,7,57.333333333333336,0.0,1.0,0.0,164.0,922.0,0.15101289134438306,2.0,64.0,0.0
tcn,cpr,0010000010000,8,57.333333333333336,1.0,0.3666666666666667,22.0,918.0,168.0,0.8453038674033149,2.0,64.0,0.0
tcn,cpr,0010000010000,9,57.333333333333336,0.0,0.8333333333333334,0.0,180.0,906.0,0.16574585635359115,2.0,64.0,0.0
tcn,cpr,0010000010000,10,57.333333333333336,0.0,0.3666666666666667,0.0,115.0,971.0,0.10589318600368323,2.0,64.0,0.0
tcn,cpr,0010000010000,11,57.333333333333336,0.0,1.0,0.0,95.0,991.0,0.08747697974217311,2.0,64.0,0.0
tcn,cpr,0010000010000,12,57.333333333333336,0.0,0.6,0.0,89.0,997.0,0.08195211786372007,2.0,64.0,0.0
tcn,cpr,0010000100000,0,57.333333333333336,0.0,1.0,0.0,185.0,901.0,0.17034990791896867,2.0,62.0,1.0
tcn,cpr,0010000100000,1,57.333333333333336,0.0,1.0,0.0,90.0,996.0,0.08287292817679558,2.0,62.0,1.0
tcn,cpr,0010000100000,2,57.333333333333336,1.0,0.5333333333333333,40.0,1000.0,86.0,0.9208103130755064,2.0,62.0,1.0
tcn,cpr,0010000100000,3,57.333333333333336,0.0,1.0,0.0,170.0,916.0,0.15653775322283608,2.0,62.0,0.0
tcn,cpr,0010000100000,4,57.333333333333336,0.0,1.0,0.0,148.0,938.0,0.13627992633517497,2.0,62.0,0.0
tcn,cpr,0010000100000,5,57.333333333333336,0.0,0.9333333333333332,0.0,133.0,953.0,0.12246777163904236,2.0,62.0,0.0
tcn,cpr,0010000100000,6,57.333333333333336,0.0,0.6,0.0,143.0,943.0,0.13167587476979742,2.0,62.0,0.0
tcn,cpr,0010000100000,7,57.333333333333336,1.0,0.5333333333333333,22.0,932.0,154.0,0.8581952117863721,2.0,62.0,0.0
tcn,cpr,0010000100000,8,57.333333333333336,0.0,0.8333333333333334,0.0,178.0,908.0,0.16390423572744015,2.0,62.0,0.0
tcn,cpr,0010000100000,9,57.333333333333336,0.0,1.0,0.0,180.0,906.0,0.16574585635359115,2.0,62.0,0.0
tcn,cpr,0010000100000,10,57.333333333333336,0.0,0.6666666666666666,0.0,115.0,971.0,0.10589318600368323,2.0,62.0,0.0
tcn,cpr,0010000100000,11,57.333333333333336,0.0,0.8333333333333334,0.0,95.0,991.0,0.08747697974217311,2.0,62.0,0.0
tcn,cpr,0010000100000,12,57.333333333333336,0.0,0.9333333333333332,0.0,89.0,997.0,0.08195211786372007,2.0,62.0,0.0
tcn,cpr,0010001000000,0,57.333333333333336,0.0,0.8333333333333334,0.0,190.0,907.0,0.17314360855604763,2.0,50.666666666666664,1.0
tcn,cpr,0010001000000,1,57.333333333333336,0.0,0.9333333333333332,0.0,93.0,1004.0,0.08473923540651429,2.0,50.666666666666664,1.0
tcn,cpr,0010001000000,2,57.333333333333336,1.0,0.4666666666666666,28.666666666666668,1011.0,86.0,0.9215887639746748,2.0,50.666666666666664,1.0
tcn,cpr,0010001000000,3,57.333333333333336,0.0,1.0,0.0,162.33333333333334,934.6666666666666,0.14814759955695775,2.0,50.666666666666664,0.0
tcn,cpr,0010001000000,4,57.333333333333336,0.0,1.0,0.0,143.33333333333334,953.6666666666666,0.13076987641886254,2.0,50.666666666666664,0.0
tcn,cpr,0010001000000,5,57.333333333333336,0.0,0.8666666666666667,0.0,148.33333333333334,948.6666666666666,0.1349665990253729,2.0,50.666666666666664,0.0
tcn,cpr,0010001000000,6,57.333333333333336,1.0,0.5666666666666667,22.0,962.6666666666666,134.33333333333334,0.8775807786813075,2.0,50.666666666666664,0.0
tcn,cpr,0010001000000,7,57.333333333333336,0.0,0.8333333333333334,0.0,167.33333333333334,929.6666666666666,0.15254346076558095,2.0,50.666666666666664,0.0
tcn,cpr,0010001000000,8,57.333333333333336,0.0,0.8333333333333334,0.0,176.66666666666666,920.3333333333334,0.1611014833357197,2.0,50.666666666666664,0.0
tcn,cpr,0010001000000,9,57.333333333333336,0.0,0.8333333333333334,0.0,187.33333333333334,909.6666666666666,0.1706700108785633,2.0,50.666666666666664,0.0
tcn,cpr,0010001000000,10,57.333333333333336,0.0,1.0,0.0,119.33333333333333,977.6666666666666,0.10872473943289934,2.0,50.666666666666664,0.0
tcn,cpr,0010001000000,11,57.333333333333336,0.0,0.8333333333333334,0.0,92.66666666666667,1004.3333333333334,0.08453186793654555,2.0,50.666666666666664,0.0
tcn,cpr,0010001000000,12,57.333333333333336,0.0,1.0,0.0,96.0,1001.0,0.0874020970446844,2.0,50.666666666666664,0.0
tcn,cpr,0010010000000,0,57.333333333333336,0.0,1.0,0.0,190.0,907.0,0.17314360855604763,2.0,50.666666666666664,1.0
tcn,cpr,0010010000000,1,57.333333333333336,0.0,0.6666666666666666,0.0,93.0,1004.0,0.08473923540651429,2.0,50.666666666666664,1.0
tcn,cpr,0010010000000,2,57.333333333333336,1.0,0.6666666666666666,28.666666666666668,1011.0,86.0,0.9215887639746748,2.0,50.666666666666664,1.0
tcn,cpr,0010010000000,3,57.333333333333336,0.0,1.0,0.0,162.33333333333334,934.6666666666666,0.14814759955695775,2.0,50.666666666666664,0.0
tcn,cpr,0010010000000,4,57.333333333333336,0.0,1.0,0.0,143.33333333333334,953.6666666666666,0.13076987641886254,2.0,50.666666666666664,0.0
tcn,cpr,0010010000000,5,57.333333333333336,1.0,0.16666666666666666,22.0,960.6666666666666,136.33333333333334,0.8759745036758352,2.0,50.666666666666664,0.0
tcn,cpr,0010010000000,6,57.333333333333336,0.0,1.0,0.0,146.33333333333334,950.6666666666666,0.1333603240199007,2.0,50.666666666666664,0.0
tcn,cpr,0010010000000,7,57.333333333333336,0.0,1.0,0.0,167.33333333333334,929.6666666666666,0.15254346076558095,2.0,50.666666666666664,0.0
tcn,cpr,0010010000000,8,57.333333333333336,0.0,0.9333333333333332,0.0,176.66666666666666,920.3333333333334,0.1611014833357197,2.0,50.666666666666664,0.0
tcn,cpr,0010010000000,9,57.333333333333336,0.0,0.7666666666666666,0.0,187.33333333333334,909.6666666666666,0.1706700108785633,2.0,50.666666666666664,0.0
tcn,cpr,0010010000000,10,57.333333333333336,0.0,0.3666666666666667,0.0,119.33333333333333,977.6666666666666,0.10872473943289934,2.0,50.666666666666664,0.0
tcn,cpr,0010010000000,11,57.333333333333336,0.0,1.0,0.0,92.66666666666667,1004.3333333333334,0.08453186793654555,2.0,50.666666666666664,0.0
tcn,cpr,0010010000000,12,57.333333333333336,0.0,0.5333333333333333,0.0,96.0,1001.0,0.0874020970446844,2.0,50.666666666666664,0.0
tcn,cpr,0100000000000,0,57.333333333333336,0.0,0.4000000000000001,0.0,209.66666666666666,885.6666666666666,0.1914194691641947,1.0,98.0,1.0
tcn,cpr,0100000000000,1,57.333333333333336,1.0,0.06666666666666667,35.333333333333336,1032.6666666666667,62.666666666666664,0.9427879434278794,1.0,98.0,1.0
tcn,cpr,0100000000000,2,57.333333333333336,0.0,1.0,0.0,90.0,1005.3333333333334,0.08216567232165672,1.0,98.0,1.0
tcn,cpr,0100000000000,3,57.333333333333336,0.0,1.0,0.0,160.66666666666666,934.6666666666666,0.1466853314668533,1.0,98.0,0.0
tcn,cpr,0100000000000,4,57.333333333333336,0.0,1.0,0.0,148.33333333333334,947.0,0.13542729060427292,1.0,98.0,0.0
tcn,cpr,0100000000000,5,57.333333333333336,0.0,0.8333333333333334,7.0,163.33333333333334,932.0,0.1491100889911009,1.0,98.0,0.0
tcn,cpr,0100000000000,6,57.333333333333336,0.0,1.0,7.0,137.0,958.3333333333334,0.1250738815007388,1.0,98.0,0.0
tcn,cpr,0100000000000,7,57.333333333333336,0.0,1.0,10.333333333333334,167.66666666666666,927.6666666666666,0.15307274828072748,1.0,98.0,0.0
tcn,cpr,0100000000000,8,57.333333333333336,0.0,1.0,10.333333333333334,181.66666666666666,913.6666666666666,0.16585702540857025,1.0,98.0,0.0
tcn,cpr,0100000000000,9,57.333333333333336,0.0,0.6666666666666666,8.666666666666666,181.0,914.3333333333334,0.16524097590240974,1.0,98.0,0.0
tcn,cpr,0100000000000,10,57.333333333333336,0.0,0.65,12.0,132.33333333333334,963.0,0.12081541845815419,1.0,98.0,0.0
tcn,cpr,0100000000000,11,57.333333333333336,0.0,0.3333333333333333,7.333333333333333,83.66666666666667,1011.6666666666666,0.07638152851381529,1.0,98.0,0.0
tcn,cpr,0100000000000,12,57.333333333333336,0.0,1.0,0.0,106.66666666666667,988.6666666666666,0.09739026097390262,1.0,98.0,0.0
tcn,cpr,0100000000010,0,57.333333333333336,0.0,1.0,0.0,194.66666666666666,942.3333333333334,0.17126984795387304,2.0,42.666666666666664,1.0
tcn,cpr,0100000000010,1,57.333333333333336,1.0,0.5,21.333333333333332,1058.0,79.0,0.9304539861226132,2.0,42.666666666666664,1.0
tcn,cpr,0100000000010,2,57.333333333333336,0.0,1.0,0.0,98.0,1039.0,0.08620262107622269,2.0,42.666666666666664,1.0
tcn,cpr,0100000000010,3,57.333333333333336,0.0,1.0,0.0,161.0,976.0,0.141520336500896,2.0,42.666666666666664,0.0
tcn,cpr,0100000000010,4,57.333333333333336,0.0,1.0,0.0,138.0,999.0,0.12135929143915893,2.0,42.666666666666664,0.0
tcn,cpr,0100000000010,5,57.333333333333336,0.0,0.7999999999999999,0.0,177.66666666666666,959.3333333333334,0.15628825911941446,2.0,42.666666666666664,0.0
tcn,cpr,0100000000010,6,57.333333333333336,0.0,1.0,0.0,155.66666666666666,981.3333333333334,0.1369085773729037,2.0,42.666666666666664,0.0
tcn,cpr,0100000000010,7,57.333333333333336,0.0,1.0,0.0,172.0,965.0,0.15128035970785433,2.0,42.666666666666664,0.0
tcn,cpr,0100000000010,8,57.333333333333336,0.0,0.8333333333333334,0.0,171.33333333333334,965.6666666666666,0.15072669907530875,2.0,42.666666666666664,0.0
tcn,cpr,0100000000010,9,57.333333333333336,0.0,0.16666666666666666,0.0,199.33333333333334,937.6666666666666,0.17535601938280096,2.0,42.666666666666664,0.0
tcn,cpr,0100000000010,10,57.333333333333336,0.0,0.3666666666666667,0.0,130.0,1007.0,0.11433637924661605,2.0,42.666666666666664,0.0
tcn,cpr,0100000000010,11,57.333333333333336,1.0,0.5,21.333333333333332,1061.0,76.0,0.9331489877368068,2.0,42.666666666666664,0.0
tcn,cpr,0100000000010,12,57.333333333333336,0.0,1.0,0.0,114.66666666666667,1022.3333333333334,0.10083017902733522,2.0,42.666666666666664,0.0
tcn,cpr,0100000000100,0,57.333333333333336,0.0,0.9333333333333332,0.0,190.0,907.0,0.17314360855604763,2.0,56.666666666666664,1.0
tcn,cpr,0100000000100,1,57.333333333333336,1.0,0.4666666666666666,22.0,1012.6666666666666,84.33333333333333,0.9231324995844421,2.0,56.666666666666664,1.0
tcn,cpr,0100000000100,2,57.333333333333336,0.0,0.6666666666666666,0.0,94.66666666666667,1002.3333333333334,0.08628297101628164,2.0,56.666666666666664,1.0
tcn,cpr,0100000000100,3,57.333333333333336,0.0,1.0,0.0,162.33333333333334,934.6666666666666,0.14814759955695775,2.0,56.666666666666664,0.0
tcn,cpr,0100000000100,4,57.333333333333336,0.0,1.0,0.0,143.33333333333334,953.6666666666666,0.13076987641886254,2.0,56.666666666666664,0.0
tcn,cpr,0100000000100,5,57.333333333333336,0.0,0.5333333333333333,0.0,145.0,952.0,0.1318972313151212,2.0,56.666666666666664,0.0
tcn,cpr,0100000000100,6,57.333333333333336,0.0,1.0,0.0,146.33333333333334,950.6666666666666,0.1333603240199007,2.0,56.666666666666664,0.0
tcn,cpr,0100000000100,7,57.333333333333336,0.0,1.0,0.0,167.33333333333334,929.6666666666666,0.15254346076558095,2.0,56.666666666666664,0.0
tcn,cpr,0100000000100,8,57.333333333333336,0.0,1.0,0.0,176.66666666666666,920.3333333333334,0.1611014833357197,2.0,56.666666666666664,0.0
tcn,cpr,0100000000100,9,57.333333333333336,0.0,0.3333333333333333,0.0,187.33333333333334,909.6666666666666,0.1706700108785633,2.0,56.666666666666664,0.0
tcn,cpr,0100000000100,10,57.333333333333336,1.0,0.4666666666666666,34.666666666666664,986.3333333333334,110.66666666666667,0.8991469955580572,2.0,56.666666666666664,0.0
tcn,cpr,0100000000100,11,57.333333333333336,0.0,0.4666666666666666,0.0,92.66666666666667,1004.3333333333334,0.08453186793654555,2.0,56.666666666666664,0.0
tcn,cpr,0100000000100,12,57.333333333333336,0.0,0.9333333333333332,0.0,96.0,1001.0,0.0874020970446844,2.0,56.666666666666664,0.0
tcn,cpr,0100000001000,0,57.333333333333336,0.0,1.0,0.0,190.0,907.0,0.17314360855604763,2.0,76.0,1.0
tcn,cpr,0100000001000,1,57.333333333333336,1.0,0.6666666666666666,41.333333333333336,1012.6666666666666,84.33333333333333,0.9231324995844421,2.0,76.0,1.0
tcn,cpr,0100000001000,2,57.333333333333336,0.0,1.0,0.0,94.66666666666667,1002.3333333333334,0.08628297101628164,2.0,76.0,1.0
tcn,cpr,0100000001000,3,57.333333333333336,0.0,1.0,0.0,162.33333333333334,934.6666666666666,0.14814759955695775,2.0,76.0,0.0
tcn,cpr,0100000001000,4,57.333333333333336,0.0,1.0,0.0,143.33333333333334,953.6666666666666,0.13076987641886254,2.0,76.0,0.0
tcn,cpr,0100000001000,5,57.333333333333336,0.0,0.6666666666666666,0.0,145.0,952.0,0.1318972313151212,2.0,76.0,0.0
tcn,cpr,0100000001000,6,57.333333333333336,0.0,1.0,0.0,146.33333333333334,950.6666666666666,0.1333603240199007,2.0,76.0,0.0
tcn,cpr,0100000001000,7,57.333333333333336,0.0,1.0,0.0,167.33333333333334,929.6666666666666,0.15254346076558095,2.0,76.0,0.0
tcn,cpr,0100000001000,8,57.333333333333336,0.0,0.8333333333333334,0.0,176.66666666666666,920.3333333333334,0.1611014833357197,2.0,76.0,0.0
tcn,cpr,0100000001000,9,57.333333333333336,1.0,0.0,34.666666666666664,920.3333333333334,176.66666666666666,0.8390433447385441,2.0,76.0,0.0
tcn,cpr,0100000001000,10,57.333333333333336,0.0,0.4666666666666666,0.0,121.33333333333333,975.6666666666666,0.11056636005905035,2.0,76.0,0.0
tcn,cpr,0100000001000,11,57.333333333333336,0.0,0.3333333333333333,0.0,92.66666666666667,1004.3333333333334,0.08453186793654555,2.0,76.0,0.0
tcn,cpr,0100000001000,12,57.333333333333336,0.0,0.6666666666666666,0.0,96.0,1001.0,0.0874020970446844,2.0,76.0,0.0
tcn,cpr,0100000010000,0,57.333333333333336,0.0,0.8333333333333334,0.0,190.0,907.0,0.17314360855604763,2.0,76.66666666666667,1.0
tcn,cpr,0100000010000,1,57.333333333333336,1.0,0.0,42.0,1012.6666666666666,84.33333333333333,0.9231324995844421,2.0,76.66666666666667,1.0
tcn,cpr,0100000010000,2,57.333333333333336,0.0,0.6666666666666666,0.0,94.66666666666667,1002.3333333333334,0.08628297101628164,2.0,76.66666666666667,1.0
tcn,cpr,0100000010000,3,57.333333333333336,0.0,1.0,0.0,162.33333333333334,934.6666666666666,0.14814759955695775,2.0,76.66666666666667,0.0
tcn,cpr,0100000010000,4,57.333333333333336,0.0,1.0,0.0,143.33333333333334,953.6666666666666,0.13076987641886254,2.0,76.66666666666667,0.0
tcn,cpr,0100000010000,5,57.333333333333336,0.0,0.5333333333333333,0.0,145.0,952.0,0.1318972313151212,2.0,76.66666666666667,0.0
tcn,cpr,0100000010000,6,57.333333333333336,0.0,1.0,0.0,146.33333333333334,950.6666666666666,0.1333603240199007,2.0,76.66666666666667,0.0
tcn,cpr,0100000010000,7,57.333333333333336,0.0,1.0,0.0,167.33333333333334,929.6666666666666,0.15254346076558095,2.0,76.66666666666667,0.0
tcn,cpr,0100000010000,8,57.333333333333336,1.0,0.8333333333333334,34.666666666666664,929.0,168.0,0.8467702516552368,2.0,76.66666666666667,0.0
tcn,cpr,0100000010000,9,57.333333333333336,0.0,0.3333333333333333,0.0,185.33333333333334,911.6666666666666,0.16882839025241228,2.0,76.66666666666667,0.0
tcn,cpr,0100000010000,10,57.333333333333336,0.0,0.5333333333333333,0.0,121.33333333333333,975.6666666666666,0.11056636005905035,2.0,76.66666666666667,0.0
tcn,cpr,0100000010000,11,57.333333333333336,0.0,1.0,0.0,92.66666666666667,1004.3333333333334,0.08453186793654555,2.0,76.66666666666667,0.0
tcn,cpr,0100000010000,12,57.333333333333336,0.0,1.0,0.0,96.0,1001.0,0.0874020970446844,2.0,76.66666666666667,0.0
tcn,cpr,0100000100000,0,57.333333333333336,0.0,0.8000000000000002,0.0,185.0,901.0,0.17034990791896867,2.0,82.0,1.0
tcn,cpr,0100000100000,1,57.333333333333336,1.0,0.0,40.0,1003.0,83.0,0.923572744014733,2.0,82.0,1.0
tcn,cpr,0100000100000,2,57.333333333333336,0.0,1.0,0.0,93.0,993.0,0.0856353591160221,2.0,82.0,1.0
tcn,cpr,0100000100000,3,57.333333333333336,0.0,1.0,0.0,170.0,916.0,0.15653775322283608,2.0,82.0,0.0
tcn,cpr,0100000100000,4,57.333333333333336,0.0,1.0,0.0,148.0,938.0,0.13627992633517497,2.0,82.0,0.0
tcn,cpr,0100000100000,5,57.333333333333336,0.0,1.0,0.0,128.0,958.0,0.11786372007366482,2.0,82.0,0.0
tcn,cpr,0100000100000,6,57.333333333333336,0.0,1.0,0.0,143.0,943.0,0.13167587476979742,2.0,82.0,0.0
tcn,cpr,0100000100000,7,57.333333333333336,1.0,1.0,42.0,925.0,161.0,0.8517495395948435,2.0,82.0,0.0
tcn,cpr,0100000100000,8,57.333333333333336,0.0,0.6666666666666666,0.0,176.0,910.0,0.16206261510128914,2.0,82.0,0.0
tcn,cpr,0100000100000,9,57.333333333333336,0.0,0.6666666666666666,0.0,177.0,909.0,0.16298342541436464,2.0,82.0,0.0
tcn,cpr,0100000100000,10,57.333333333333336,0.0,0.9333333333333332,0.0,118.0,968.0,0.10865561694290976,2.0,82.0,0.0
tcn,cpr,0100000100000,11,57.333333333333336,0.0,0.6666666666666666,0.0,95.0,991.0,0.08747697974217311,2.0,82.0,0.0
tcn,cpr,0100000100000,12,57.333333333333336,0.0,0.8666666666666667,0.0,89.0,997.0,0.08195211786372007,2.0,82.0,0.0
tcn,cpr,0100001000000,0,57.333333333333336,0.0,0.9333333333333332,0.0,192.0,870.0,0.1807909604519774,2.0,44.0,1.0
tcn,cpr,0100001000000,1,57.333333333333336,1.0,0.0,22.0,985.0,77.0,0.9274952919020715,2.0,44.0,1.0
tcn,cpr,0100001000000,2,57.333333333333336,0.0,1.0,0.0,68.0,994.0,0.064030131826742,2.0,44.0,1.0
tcn,cpr,0100001000000,3,57.333333333333336,0.0,1.0,0.0,177.0,885.0,0.16666666666666666,2.0,44.0,0.0
tcn,cpr,0100001000000,4,57.333333333333336,0.0,0.8333333333333334,0.0,148.0,914.0,0.1393596986817326,2.0,44.0,0.0
tcn,cpr,0100001000000,5,57.333333333333336,0.0,0.8666666666666667,0.0,166.0,896.0,0.15630885122410546,2.0,44.0,0.0
tcn,cpr,0100001000000,6,57.333333333333336,1.0,1.0,22.0,929.0,133.0,0.8747645951035782,2.0,44.0,0.0
tcn,cpr,0100001000000,7,57.333333333333336,0.0,1.0,0.0,170.0,892.0,0.160075329566855,2.0,44.0,0.0
tcn,cpr,0100001000000,8,57.333333333333336,0.0,1.0,0.0,176.0,886.0,0.1657250470809793,2.0,44.0,0.0
tcn,cpr,0100001000000,9,57.333333333333336,0.0,0.8666666666666667,0.0,208.0,854.0,0.19585687382297548,2.0,44.0,0.0
tcn,cpr,0100001000000,10,57.333333333333336,0.0,0.7999999999999999,0.0,108.0,954.0,0.1016949152542373,2.0,44.0,0.0
tcn,cpr,0100001000000,11,57.333333333333336,0.0,0.8666666666666667,0.0,83.0,979.0,0.07815442561205273,2.0,44.0,0.0
tcn,cpr,0100001000000,12,57.333333333333336,0.0,0.4000000000000001,0.0,100.0,962.0,0.09416195856873823,2.0,44.0,0.0
tcn,cpr,0100010000000,0,57.333333333333336,0.0,0.9333333333333332,0.0,192.0,870.0,0.1807909604519774,2.0,42.0,1.0
tcn,cpr,0100010000000,1,57.333333333333336,1.0,0.26666666666666666,20.0,985.0,77.0,0.9274952919020715,2.0,42.0,1.0
tcn,cpr,0100010000000,2,57.333333333333336,0.0,1.0,0.0,68.0,994.0,0.064030131826742,2.0,42.0,1.0
tcn,cpr,0100010000000,3,57.333333333333336,0.0,1.0,0.0,177.0,885.0,0.16666666666666666,2.0,42.0,0.0
tcn,cpr,0100010000000,4,57.333333333333336,0.0,1.0,0.0,148.0,914.0,0.1393596986817326,2.0,42.0,0.0
tcn,cpr,0100010000000,5,57.333333333333336,1.0,0.8666666666666667,22.0,908.0,154.0,0.8549905838041432,2.0,42.0,0.0
tcn,cpr,0100010000000,6,57.333333333333336,0.0,1.0,0.0,145.0,917.0,0.13653483992467044,2.0,42.0,0.0
tcn,cpr,0100010000000,7,57.333333333333336,0.0,1.0,0.0,170.0,892.0,0.160075329566855,2.0,42.0,0.0
tcn,cpr,0100010000000,8,57.333333333333336,0.0,0.8000000000000002,0.0,176.0,886.0,0.1657250470809793,2.0,42.0,0.0
tcn,cpr,0100010000000,9,57.333333333333336,0.0,0.5666666666666668,0.0,208.0,854.0,0.19585687382297548,2.0,42.0,0.0
tcn,cpr,0100010000000,10,57.333333333333336,0.0,0.6333333333333333,0.0,108.0,954.0,0.1016949152542373,2.0,42.0,0.0
tcn,cpr,0100010000000,11,57.333333333333336,0.0,0.7999999999999999,0.0,83.0,979.0,0.07815442561205273,2.0,42.0,0.0
tcn,cpr,0100010000000,12,57.333333333333336,0.0,1.0,0.0,100.0,962.0,0.09416195856873823,2.0,42.0,0.0
tcn,cpr,1000000000000,0,57.333333333333336,1.0,0.016666666666666666,2.0,856.0,164.0,0.8392156862745098,1.0,102.0,1.0
tcn,cpr,1000000000000,1,57.333333333333336,0.0,0.7166666666666667,0.0,95.0,925.0,0.09313725490196079,1.0,102.0,1.0
tcn,cpr,1000000000000,2,57.333333333333336,0.0,1.0,0.0,99.0,921.0,0.09705882352941177,1.0,102.0,1.0
tcn,cpr,1000000000000,3,57.333333333333336,0.0,0.85,12.0,172.0,848.0,0.16862745098039214,1.0,102.0,0.0
tcn,cpr,1000000000000,4,57.333333333333336,0.0,1.0,7.0,153.0,867.0,0.15,1.0,102.0,0.0
tcn,cpr,1000000000000,5,57.333333333333336,0.0,0.9833333333333334,7.0,166.0,854.0,0.1627450980392157,1.0,102.0,0.0
tcn,cpr,1000000000000,6,57.333333333333336,0.0,1.0,12.0,132.0,888.0,0.12941176470588237,1.0,102.0,0.0
tcn,cpr,1000000000000,7,57.333333333333336,0.0,1.0,12.0,157.0,863.0,0.153921568627451,1.0,102.0,0.0
tcn,cpr,1000000000000,8,57.333333333333336,0.0,1.0,12.0,154.0,866.0,0.15098039215686274,1.0,102.0,0.0
tcn,cpr,1000000000000,9,57.333333333333336,0.0,0.7833333333333333,7.0,185.0,835.0,0.18137254901960784,1.0,102.0,0.0
tcn,cpr,1000000000000,10,57.333333333333336,0.0,1.0,12.0,120.0,900.0,0.1176470588235294,1.0,102.0,0.0
tcn,cpr,1000000000000,11,57.333333333333336,0.0,0.65,12.0,85.0,935.0,0.08333333333333333,1.0,102.0,0.0
tcn,cpr,1000000000000,12,57.333333333333336,0.0,1.0,7.0,110.0,910.0,0.10784313725490197,1.0,102.0,0.0
tcn,cpr,1000000000001,0,57.333333333333336,1.0,0.3333333333333333,22.0,882.0,180.0,0.8305084745762712,2.0,44.0,1.0
tcn,cpr,1000000000001,1,57.333333333333336,0.0,0.8666666666666667,0.0,89.0,973.0,0.08380414312617702,2.0,44.0,1.0
tcn,cpr,1000000000001,2,57.333333333333336,0.0,1.0,0.0,68.0,994.0,0.064030131826742,2.0,44.0,1.0
tcn,cpr,1000000000001,3,57.333333333333336,0.0,1.0,0.0,177.0,885.0,0.16666666666666666,2.0,44.0,0.0
tcn,cpr,1000000000001,4,57.333333333333336,0.0,1.0,0.0,148.0,914.0,0.1393596986817326,2.0,44.0,0.0
tcn,cpr,1000000000001,5,57.333333333333336,0.0,0.06666666666666667,0.0,166.0,896.0,0.15630885122410546,2.0,44.0,0.0
tcn,cpr,1000000000001,6,57.333333333333336,0.0,1.0,0.0,145.0,917.0,0.13653483992467044,2.0,44.0,0.0
tcn,cpr,1000000000001,7,57.333333333333336,0.0,1.0,0.0,170.0,892.0,0.160075329566855,2.0,44.0,0.0
tcn,cpr,1000000000001,8,57.333333333333336,0.0,1.0,0.0,176.0,886.0,0.1657250470809793,2.0,44.0,0.0
tcn,cpr,1000000000001,9,57.333333333333336,0.0,0.6666666666666666,0.0,208.0,854.0,0.19585687382297548,2.0,44.0,0.0
tcn,cpr,1000000000001,10,57.333333333333336,0.0,0.6,0.0,108.0,954.0,0.1016949152542373,2.0,44.0,0.0
tcn,cpr,1000000000001,11,57.333333333333336,0.0,0.8666666666666667,0.0,83.0,979.0,0.07815442561205273,2.0,44.0,0.0
tcn,cpr,1000000000001,12,57.333333333333336,1.0,0.06666666666666667,22.0,974.0,88.0,0.9171374764595104,2.0,44.0,0.0
tcn,cpr,1000000000010,0,57.333333333333336,1.0,0.9333333333333332,22.0,882.0,180.0,0.8305084745762712,2.0,52.0,1.0
tcn,cpr,1000000000010,1,57.333333333333336,0.0,0.6,0.0,89.0,973.0,0.08380414312617702,2.0,52.0,1.0
tcn,cpr,1000000000010,2,57.333333333333336,0.0,1.0,0.0,68.0,994.0,0.064030131826742,2.0,52.0,1.0
tcn,cpr,1000000000010,3,57.333333333333336,0.0,1.0,0.0,177.0,885.0,0.16666666666666666,2.0,52.0,0.0
tcn,cpr,1000000000010,4,57.333333333333336,0.0,1.0,0.0,148.0,914.0,0.1393596986817326,2.0,52.0,0.0
tcn,cpr,1000000000010,5,57.333333333333336,0.0,0.8333333333333334,0.0,166.0,896.0,0.15630885122410546,2.0,52.0,0.0
tcn,cpr,1000000000010,6,57.333333333333336,0.0,1.0,0.0,145.0,917.0,0.13653483992467044,2.0,52.0,0.0
tcn,cpr,1000000000010,7,57.333333333333336,0.0,1.0,8.0,170.0,892.0,0.160075329566855,2.0,52.0,0.0
tcn,cpr,1000000000010,8,57.333333333333336,0.0,0.9333333333333332,0.0,176.0,886.0,0.1657250470809793,2.0,52.0,0.0
tcn,cpr,1000000000010,9,57.333333333333336,0.0,0.3666666666666667,0.0,208.0,854.0,0.19585687382297548,2.0,52.0,0.0
tcn,cpr,1000000000010,10,57.333333333333336,0.0,0.6,0.0,108.0,954.0,0.1016949152542373,2.0,52.0,0.0
tcn,cpr,1000000000010,11,57.333333333333336,1.0,0.0,22.0,991.0,71.0,0.9331450094161958,2.0,52.0,0.0
tcn,cpr,1000000000010,12,57.333333333333336,0.0,1.0,0.0,100.0,962.0,0.09416195856873823,2.0,52.0,0.0
tcn,cpr,1000000000100,0,57.333333333333336,1.0,0.6666666666666666,22.0,882.0,180.0,0.8305084745762712,2.0,44.0,1.0
tcn,cpr,1000000000100,1,57.333333333333336,0.0,0.6666666666666666,0.0,89.0,973.0,0.08380414312617702,2.0,44.0,1.0
tcn,cpr,1000000000100,2,57.333333333333336,0.0,1.0,0.0,68.0,994.0,0.064030131826742,2.0,44.0,1.0
tcn,cpr,1000000000100,3,57.333333333333336,0.0,1.0,0.0,177.0,885.0,0.16666666666666666,2.0,44.0,0.0
tcn,cpr,1000000000100,4,57.333333333333336,0.0,1.0,0.0,148.0,914.0,0.1393596986817326,2.0,44.0,0.0
tcn,cpr,1000000000100,5,57.333333333333336,0.0,0.6666666666666666,0.0,166.0,896.0,0.15630885122410546,2.0,44.0,0.0
tcn,cpr,1000000000100,6,57.333333333333336,0.0,1.0,0.0,145.0,917.0,0.13653483992467044,2.0,44.0,0.0
tcn,cpr,1000000000100,7,57.333333333333336,0.0,1.0,0.0,170.0,892.0,0.160075329566855,2.0,44.0,0.0
tcn,cpr,1000000000100,8,57.333333333333336,0.0,1.0,0.0,176.0,886.0,0.1657250470809793,2.0,44.0,0.0
tcn,cpr,1000000000100,9,57.333333333333336,0.0,0.4666666666666666,0.0,208.0,854.0,0.19585687382297548,2.0,44.0,0.0
tcn,cpr,1000000000100,10,57.333333333333336,1.0,0.3333333333333333,22.0,966.0,96.0,0.9096045197740112,2.0,44.0,0.0
tcn,cpr,1000000000100,11,57.333333333333336,0.0,0.5,0.0,83.0,979.0,0.07815442561205273,2.0,44.0,0.0
tcn,cpr,1000000000100,12,57.333333333333336,0.0,0.7333333333333334,0.0,100.0,962.0,0.09416195856873823,2.0,44.0,0.0
tcn,cpr,1000000001000,0,57.333333333333336,1.0,0.5333333333333333,42.0,882.0,180.0,0.8305084745762712,2.0,80.0,1.0
tcn,cpr,1000000001000,1,57.333333333333336,0.0,0.7666666666666666,0.0,89.0,973.0,0.08380414312617702,2.0,80.0,1.0
tcn,cpr,1000000001000,2,57.333333333333336,0.0,1.0,0.0,68.0,994.0,0.064030131826742,2.0,80.0,1.0
tcn,cpr,1000000001000,3,57.333333333333336,0.0,1.0,8.0,177.0,885.0,0.16666666666666666,2.0,80.0,0.0
tcn,cpr,1000000001000,4,57.333333333333336,0.0,1.0,0.0,148.0,914.0,0.1393596986817326,2.0,80.0,0.0
tcn,cpr,1000000001000,5,57.333333333333336,0.0,0.8666666666666667,0.0,166.0,896.0,0.15630885122410546,2.0,80.0,0.0
tcn,cpr,1000000001000,6,57.333333333333336,0.0,0.6666666666666666,0.0,145.0,917.0,0.13653483992467044,2.0,80.0,0.0
tcn,cpr,1000000001000,7,57.333333333333336,0.0,1.0,8.0,170.0,892.0,0.160075329566855,2.0,80.0,0.0
tcn,cpr,1000000001000,8,57.333333333333336,0.0,1.0,0.0,176.0,886.0,0.1657250470809793,2.0,80.0,0.0
tcn,cpr,1000000001000,9,57.333333333333336,1.0,0.39999999999999997,22.0,866.0,196.0,0.815442561205273,2.0,80.0,0.0
tcn,cpr,1000000001000,10,57.333333333333336,0.0,0.4666666666666666,0.0,108.0,954.0,0.1016949152542373,2.0,80.0,0.0
tcn,cpr,1000000001000,11,57.333333333333336,0.0,0.7333333333333334,0.0,83.0,979.0,0.07815442561205273,2.0,80.0,0.0
tcn,cpr,1000000001000,12,57.333333333333336,0.0,0.8666666666666667,0.0,100.0,962.0,0.09416195856873823,2.0,80.0,0.0
tcn,cpr,1000000010000,0,57.333333333333336,1.0,0.0,42.0,882.0,180.0,0.8305084745762712,2.0,72.0,1.0
tcn,cpr,1000000010000,1,57.333333333333336,0.0,0.4000000000000001,0.0,89.0,973.0,0.08380414312617702,2.0,72.0,1.0
tcn,cpr,1000000010000,2,57.333333333333336,0.0,1.0,0.0,68.0,994.0,0.064030131826742,2.0,72.0,1.0
tcn,cpr,1000000010000,3,57.333333333333336,0.0,1.0,8.0,177.0,885.0,0.16666666666666666,2.0,72.0,0.0
tcn,cpr,1000000010000,4,57.333333333333336,0.0,1.0,0.0,148.0,914.0,0.1393596986817326,2.0,72.0,0.0
tcn,cpr,1000000010000,5,57.333333333333336,0.0,0.7999999999999999,0.0,166.0,896.0,0.15630885122410546,2.0,72.0,0.0
tcn,cpr,1000000010000,6,57.333333333333336,0.0,1.0,0.0,145.0,917.0,0.13653483992467044,2.0,72.0,0.0
tcn,cpr,1000000010000,7,57.333333333333336,0.0,1.0,0.0,170.0,892.0,0.160075329566855,2.0,72.0,0.0
tcn,cpr,1000000010000,8,57.333333333333336,1.0,0.8333333333333334,22.0,898.0,164.0,0.8455743879472694,2.0,72.0,0.0
tcn,cpr,1000000010000,9,57.333333333333336,0.0,0.4666666666666666,0.0,208.0,854.0,0.19585687382297548,2.0,72.0,0.0
tcn,cpr,1000000010000,10,57.333333333333336,0.0,1.0,0.0,108.0,954.0,0.1016949152542373,2.0,72.0,0.0
tcn,cpr,1000000010000,11,57.333333333333336,0.0,0.6666666666666666,0.0,83.0,979.0,0.07815442561205273,2.0,72.0,0.0
tcn,cpr,1000000010000,12,57.333333333333336,0.0,1.0,0.0,100.0,962.0,0.09416195856873823,2.0,72.0,0.0
tcn,cpr,1000000100000,0,57.333333333333336,1.0,0.0,42.0,882.0,180.0,0.8305084745762712,2.0,80.0,1.0
tcn,cpr,1000000100000,1,57.333333333333336,0.0,0.6666666666666666,0.0,89.0,973.0,0.08380414312617702,2.0,80.0,1.0
tcn,cpr,1000000100000,2,57.333333333333336,0.0,1.0,0.0,68.0,994.0,0.064030131826742,2.0,80.0,1.0
tcn,cpr,1000000100000,3,57.333333333333336,0.0,1.0,0.0,177.0,885.0,0.16666666666666666,2.0,80.0,0.0
tcn,cpr,1000000100000,4,57.333333333333336,0.0,1.0,0.0,148.0,914.0,0.1393596986817326,2.0,80.0,0.0
tcn,cpr,1000000100000,5,57.333333333333336,0.0,0.7333333333333334,0.0,166.0,896.0,0.15630885122410546,2.0,80.0,0.0
tcn,cpr,1000000100000,6,57.333333333333336,0.0,1.0,0.0,145.0,917.0,0.13653483992467044,2.0,80.0,0.0
tcn,cpr,1000000100000,7,57.333333333333336,1.0,1.0,22.0,904.0,158.0,0.8512241054613936,2.0,80.0,0.0
tcn,cpr,1000000100000,8,57.333333333333336,0.0,1.0,0.0,176.0,886.0,0.1657250470809793,2.0,80.0,0.0
tcn,cpr,1000000100000,9,57.333333333333336,0.0,0.8666666666666667,8.0,208.0,854.0,0.19585687382297548,2.0,80.0,0.0
tcn,cpr,1000000100000,10,57.333333333333336,0.0,1.0,0.0,108.0,954.0,0.1016949152542373,2.0,80.0,0.0
tcn,cpr,1000000100000,11,57.333333333333336,0.0,0.8666666666666667,8.0,83.0,979.0,0.07815442561205273,2.0,80.0,0.0
tcn,cpr,1000000100000,12,57.333333333333336,0.0,0.7999999999999999,0.0,100.0,962.0,0.09416195856873823,2.0,80.0,0.0
tcn,cpr,1000001000000,0,57.333333333333336,1.0,0.19999999999999998,22.0,882.0,180.0,0.8305084745762712,2.0,44.0,1.0
tcn,cpr,1000001000000,1,57.333333333333336,0.0,0.7333333333333334,0.0,89.0,973.0,0.08380414312617702,2.0,44.0,1.0
tcn,cpr,1000001000000,2,57.333333333333336,0.0,1.0,0.0,68.0,994.0,0.064030131826742,2.0,44.0,1.0
tcn,cpr,1000001000000,3,57.333333333333336,0.0,0.6666666666666666,0.0,177.0,885.0,0.16666666666666666,2.0,44.0,0.0
tcn,cpr,1000001000000,4,57.333333333333336,0.0,0.9333333333333332,0.0,148.0,914.0,0.1393596986817326,2.0,44.0,0.0
tcn,cpr,1000001000000,5,57.333333333333336,0.0,0.9333333333333332,0.0,166.0,896.0,0.15630885122410546,2.0,44.0,0.0
tcn,cpr,1000001000000,6,57.333333333333336,1.0,0.7000000000000001,22.0,924.0,138.0,0.8700564971751413,2.0,44.0,0.0
tcn,cpr,1000001000000,7,57.333333333333336,0.0,1.0,0.0,165.0,897.0,0.1553672316384181,2.0,44.0,0.0
tcn,cpr,1000001000000,8,57.333333333333336,0.0,1.0,0.0,176.0,886.0,0.1657250470809793,2.0,44.0,0.0
tcn,cpr,1000001000000,9,57.333333333333336,0.0,1.0,0.0,208.0,854.0,0.19585687382297548,2.0,44.0,0.0
tcn,cpr,1000001000000,10,57.333333333333336,0.0,1.0,0.0,108.0,954.0,0.1016949152542373,2.0,44.0,0.0
tcn,cpr,1000001000000,11,57.333333333333336,0.0,1.0,0.0,83.0,979.0,0.07815442561205273,2.0,44.0,0.0
tcn,cpr,1000001000000,12,57.333333333333336,0.0,0.6666666666666666,0.0,100.0,962.0,0.09416195856873823,2.0,44.0,0.0
tcn,cpr,1000010000000,0,57.333333333333336,1.0,0.3333333333333333,20.0,882.0,180.0,0.8305084745762712,2.0,58.0,1.0
tcn,cpr,1000010000000,1,57.333333333333336,0.0,0.6666666666666666,0.0,89.0,973.0,0.08380414312617702,2.0,58.0,1.0
tcn,cpr,1000010000000,2,57.333333333333336,0.0,1.0,0.0,68.0,994.0,0.064030131826742,2.0,58.0,1.0
tcn,cpr,1000010000000,3,57.333333333333336,0.0,1.0,8.0,177.0,885.0,0.16666666666666666,2.0,58.0,0.0
tcn,cpr,1000010000000,4,57.333333333333336,0.0,1.0,8.0,148.0,914.0,0.1393596986817326,2.0,58.0,0.0
tcn,cpr,1000010000000,5,57.333333333333336,1.0,0.9333333333333332,22.0,906.0,156.0,0.8531073446327685,2.0,58.0,0.0
tcn,cpr,1000010000000,6,57.333333333333336,0.0,1.0,0.0,148.0,914.0,0.1393596986817326,2.0,58.0,0.0
tcn,cpr,1000010000000,7,57.333333333333336,0.0,1.0,0.0,165.0,897.0,0.1553672316384181,2.0,58.0,0.0
tcn,cpr,1000010000000,8,57.333333333333336,0.0,1.0,0.0,176.0,886.0,0.1657250470809793,2.0,58.0,0.0
tcn,cpr,1000010000000,9,57.333333333333336,0.0,1.0,0.0,208.0,854.0,0.19585687382297548,2.0,58.0,0.0
tcn,cpr,1000010000000,10,57.333333333333336,0.0,1.0,0.0,108.0,954.0,0.1016949152542373,2.0,58.0,0.0
tcn,cpr,1000010000000,11,57.333333333333336,0.0,0.8666666666666667,0.0,83.0,979.0,0.07815442561205273,2.0,58.0,0.0
tcn,cpr,1000010000000,12,57.333333333333336,0.0,0.7333333333333334,0.0,100.0,962.0,0.09416195856873823,2.0,58.0,0.0
tcn,cpr,1000100000000,0,57.333333333333336,1.0,0.16666666666666666,42.0,882.0,180.0,0.8305084745762712,2.0,72.0,1.0
tcn,cpr,1000100000000,1,57.333333333333336,0.0,1.0,0.0,89.0,973.0,0.08380414312617702,2.0,72.0,1.0
tcn,cpr,1000100000000,2,57.333333333333336,0.0,1.0,0.0,68.0,994.0,0.064030131826742,2.0,72.0,1.0
tcn,cpr,1000100000000,3,57.333333333333336,0.0,1.0,0.0,177.0,885.0,0.16666666666666666,2.0,72.0,0.0
tcn,cpr,1000100000000,4,57.333333333333336,1.0,1.0,22.0,919.0,143.0,0.8653483992467045,2.0,72.0,0.0
tcn,cpr,1000100000000,5,57.333333333333336,0.0,1.0,8.0,161.0,901.0,0.15160075329566855,2.0,72.0,0.0
tcn,cpr,1000100000000,6,57.333333333333336,0.0,1.0,0.0,148.0,914.0,0.1393596986817326,2.0,72.0,0.0
tcn,cpr,1000100000000,7,57.333333333333336,0.0,1.0,0.0,165.0,897.0,0.1553672316384181,2.0,72.0,0.0
tcn,cpr,1000100000000,8,57.333333333333336,0.0,0.8333333333333334,0.0,176.0,886.0,0.1657250470809793,2.0,72.0,0.0
tcn,cpr,1000100000000,9,57.333333333333336,0.0,1.0,0.0,208.0,854.0,0.19585687382297548,2.0,72.0,0.0
tcn,cpr,1000100000000,10,57.333333333333336,0.0,1.0,0.0,108.0,954.0,0.1016949152542373,2.0,72.0,0.0
tcn,cpr,1000100000000,11,57.333333333333336,0.0,1.0,0.0,83.0,979.0,0.07815442561205273,2.0,72.0,0.0
tcn,cpr,1000100000000,12,57.333333333333336,0.0,1.0,0.0,100.0,962.0,0.09416195856873823,2.0,72.0,0.0
tcn,cpr,1001000000000,0,57.333333333333336,1.0,0.06666666666666667,42.0,882.0,180.0,0.8305084745762712,2.0,88.0,1.0
tcn,cpr,1001000000000,1,57.333333333333336,0.0,1.0,0.0,89.0,973.0,0.08380414312617702,2.0,88.0,1.0
tcn,cpr,1001000000000,2,57.333333333333336,0.0,1.0,0.0,68.0,994.0,0.064030131826742,2.0,88.0,1.0
tcn,cpr,1001000000000,3,57.333333333333336,1.0,1.0,22.0,897.0,165.0,0.8446327683615819,2.0,88.0,0.0
tcn,cpr,1001000000000,4,57.333333333333336,0.0,1.0,0.0,155.0,907.0,0.14595103578154425,2.0,88.0,0.0
tcn,cpr,1001000000000,5,57.333333333333336,0.0,0.9333333333333332,8.0,161.0,901.0,0.15160075329566855,2.0,88.0,0.0
tcn,cpr,1001000000000,6,57.333333333333336,0.0,1.0,0.0,148.0,914.0,0.1393596986817326,2.0,88.0,0.0
tcn,cpr,1001000000000,7,57.333333333333336,0.0,1.0,0.0,165.0,897.0,0.1553672316384181,2.0,88.0,0.0
tcn,cpr,1001000000000,8,57.333333333333336,0.0,0.6666666666666666,8.0,176.0,886.0,0.1657250470809793,2.0,88.0,0.0
tcn,cpr,1001000000000,9,57.333333333333336,0.0,0.6666666666666666,8.0,208.0,854.0,0.19585687382297548,2.0,88.0,0.0
tcn,cpr,1001000000000,10,57.333333333333336,0.0,1.0,0.0,108.0,954.0,0.1016949152542373,2.0,88.0,0.0
tcn,cpr,1001000000000,11,57.333333333333336,0.0,1.0,0.0,83.0,979.0,0.07815442561205273,2.0,88.0,0.0
tcn,cpr,1001000000000,12,57.333333333333336,0.0,1.0,0.0,100.0,962.0,0.09416195856873823,2.0,88.0,0.0
transformer,cpr,0000000000001,0,57.333333333333336,0.0,0.8833333333333333,12.0,201.33333333333334,861.6666666666666,0.18944171110023125,1.0,111.0,1.0
transformer,cpr,0000000000001,1,57.333333333333336,0.0,0.7833333333333333,0.0,74.66666666666667,988.3333333333334,0.07024471679789394,1.0,111.0,1.0
transformer,cpr,0000000000001,2,57.333333333333336,0.0,1.0,12.0,93.66666666666667,969.3333333333334,0.08813496745403032,1.0,111.0,1.0
transformer,cpr,0000000000001,3,57.333333333333336,0.0,1.0,6.333333333333333,167.33333333333334,895.6666666666666,0.15732469364695895,1.0,111.0,0.0
transformer,cpr,0000000000001,4,57.333333333333336,0.0,0.9833333333333334,10.333333333333334,141.66666666666666,921.3333333333334,0.13326680560794837,1.0,111.0,0.0
transformer,cpr,0000000000001,5,57.333333333333336,0.0,0.5833333333333334,0.0,144.66666666666666,918.3333333333334,0.1361749411639855,1.0,111.0,0.0
transformer,cpr,0000000000001,6,57.333333333333336,0.0,1.0,10.0,146.0,917.0,0.13736280886120764,1.0,111.0,0.0
transformer,cpr,0000000000001,7,57.333333333333336,0.0,1.0,9.666666666666666,150.33333333333334,912.6666666666666,0.1415444242007532,1.0,111.0,0.0
transformer,cpr,0000000000001,8,57.333333333333336,0.0,0.6333333333333333,0.0,180.66666666666666,882.3333333333334,0.16997387939575703,1.0,111.0,0.0
transformer,cpr,0000000000001,9,57.333333333333336,0.0,0.5499999999999999,8.666666666666666,180.66666666666666,882.3333333333334,0.16995961071470933,1.0,111.0,0.0
transformer,cpr,0000000000001,10,57.333333333333336,0.0,0.7999999999999999,0.0,131.66666666666666,931.3333333333334,0.12385839404211223,1.0,111.0,0.0
transformer,cpr,0000000000001,11,57.333333333333336,0.0,0.7666666666666666,0.0,79.0,984.0,0.07438352609429637,1.0,111.0,0.0
transformer,cpr,0000000000001,12,57.333333333333336,1.0,0.3,42.0,991.3333333333334,71.66666666666667,0.932577806671857,1.0,111.0,0.0
transformer,cpr,0000000000010,0,57.333333333333336,0.0,1.0,7.0,195.0,856.0,0.18553758325404376,1.0,99.0,1.0
transformer,cpr,0000000000010,1,57.333333333333336,0.0,0.9333333333333332,12.0,92.0,959.0,0.08753568030447194,1.0,99.0,1.0
transformer,cpr,0000000000010,2,57.333333333333336,0.0,1.0,0.0,95.0,956.0,0.09039010466222645,1.0,99.0,1.0
transformer,cpr,0000000000010,3,57.333333333333336,0.0,1.0,0.0,180.0,871.0,0.1712654614652712,1.0,99.0,0.0
transformer,cpr,0000000000010,4,57.333333333333336,0.0,1.0,0.0,151.0,900.0,0.14367269267364416,1.0,99.0,0.0
transformer,cpr,0000000000010,5,57.333333333333336,0.0,0.9500000000000001,7.0,165.0,886.0,0.15699333967649856,1.0,99.0,0.0
transformer,cpr,0000000000010,6,57.333333333333336,0.0,1.0,12.0,138.0,913.0,0.1313035204567079,1.0,99.0,0.0
transformer,cpr,0000000000010,7,57.333333333333336,0.0,1.0,12.0,157.0,894.0,0.1493815413891532,1.0,99.0,0.0
transformer,cpr,0000000000010,8,57.333333333333336,0.0,0.8333333333333334,0.0,148.0,903.0,0.14081826831588962,1.0,99.0,0.0
transformer,cpr,0000000000010,9,57.333333333333336,0.0,0.2833333333333334,7.0,165.0,886.0,0.15699333967649856,1.0,99.0,0.0
transformer,cpr,0000000000010,10,57.333333333333336,0.0,0.7833333333333333,0.0,135.0,916.0,0.12844909609895339,1.0,99.0,0.0
transformer,cpr,0000000000010,11,57.333333333333336,1.0,0.19999999999999998,42.0,994.0,57.0,0.9457659372026641,1.0,99.0,0.0
transformer,cpr,0000000000010,12,57.333333333333336,0.0,1.0,0.0,102.0,949.0,0.09705042816365367,1.0,99.0,0.0
transformer,cpr,0000000000100,0,57.333333333333336,0.0,0.7666666666666666,12.0,207.0,840.0,0.19770773638968478,1.0,138.0,1.0
transformer,cpr,0000000000100,1,57.333333333333336,0.0,0.8166666666666668,10.0,94.0,953.0,0.0897803247373448,1.0,138.0,1.0
transformer,cpr,0000000000100,2,57.333333333333336,0.0,1.0,12.0,63.0,984.0,0.06017191977077364,1.0,138.0,1.0
transformer,cpr,0000000000100,3,57.333333333333336,0.0,1.0,12.0,162.0,885.0,0.15472779369627507,1.0,138.0,0.0
transformer,cpr,0000000000100,4,57.333333333333336,0.0,1.0,12.0,145.0,902.0,0.1384909264565425,1.0,138.0,0.0
transformer,cpr,0000000000100,5,57.333333333333336,0.0,1.0,7.0,166.0,881.0,0.15854823304680038,1.0,138.0,0.0
transformer,cpr,0000000000100,6,57.333333333333336,0.0,1.0,12.0,138.0,909.0,0.1318051575931232,1.0,138.0,0.0
transformer,cpr,0000000000100,7,57.333333333333336,0.0,1.0,7.0,165.0,882.0,0.15759312320916904,1.0,138.0,0.0
transformer,cpr,0000000000100,8,57.333333333333336,0.0,1.0,5.0,176.0,871.0,0.16809933142311365,1.0,138.0,0.0
transformer,cpr,0000000000100,9,57.333333333333336,0.0,0.21666666666666667,7.0,203.0,844.0,0.1938872970391595,1.0,138.0,0.0
transformer,cpr,0000000000100,10,57.333333333333336,1.0,0.16666666666666666,42.0,951.0,96.0,0.9083094555873924,1.0,138.0,0.0
transformer,cpr,0000000000100,11,57.333333333333336,0.0,0.2333333333333333,0.0,88.0,959.0,0.08404966571155682,1.0,138.0,0.0
transformer,cpr,0000000000100,12,57.333333333333336,0.0,1.0,0.0,95.0,952.0,0.09073543457497613,1.0,138.0,0.0
transformer,cpr,0000000001000,0,57.333333333333336,0.0,0.8666666666666667,12.0,214.0,875.0,0.19651056014692378,1.0,153.0,1.0
transformer,cpr,0000000001000,1,57.333333333333336,0.0,0.9166666666666666,7.0,87.0,1002.0,0.07988980716253444,1.0,153.0,1.0
transformer,cpr,0000000001000,2,57.333333333333336,0.0,1.0,6.0,74.0,1015.0,0.06795224977043159,1.0,153.0,1.0
transformer,cpr,0000000001000,3,57.333333333333336,0.0,1.0,9.0,169.0,920.0,0.155188246097337,1.0,153.0,0.0
transformer,cpr,0000000001000,4,57.333333333333336,0.0,1.0,12.0,155.0,934.0,0.1423324150596878,1.0,153.0,0.0
transformer,cpr,0000000001000,5,57.333333333333336,0.0,1.0,12.0,176.0,913.0,0.16161616161616163,1.0,153.0,0.0
transformer,cpr,0000000001000,6,57.333333333333336,0.0,1.0,12.0,158.0,931.0,0.14508723599632692,1.0,153.0,0.0
transformer,cpr,0000000001000,7,57.333333333333336,0.0,1.0,12.0,154.0,935.0,0.1414141414141414,1.0,153.0,0.0
transformer,cpr,0000000001000,8,57.333333333333336,0.0,0.8333333333333334,10.0,158.0,931.0,0.14508723599632692,1.0,153.0,0.0
transformer,cpr,0000000001000,9,57.333333333333336,1.0,0.03333333333333333,42.0,930.0,159.0,0.8539944903581267,1.0,153.0,0.0
transformer,cpr,0000000001000,10,57.333333333333336,0.0,0.4666666666666666,5.0,120.0,969.0,0.11019283746556474,1.0,153.0,0.0
transformer,cpr,0000000001000,11,57.333333333333336,0.0,0.4666666666666666,7.0,97.0,992.0,0.08907254361799816,1.0,153.0,0.0
transformer,cpr,0000000001000,12,57.333333333333336,0.0,1.0,7.0,107.0,982.0,0.09825528007346189,1.0,153.0,0.0
transformer,cpr,0000000001001,0,57.333333333333336,0.0,0.8666666666666667,0.0,185.0,902.0,0.1701931922723091,2.0,64.0,1.0
transformer,cpr,0000000001001,1,57.333333333333336,0.0,1.0,0.0,90.0,997.0,0.0827966881324747,2.0,64.0,1.0
transformer,cpr,0000000001001,2,57.333333333333336,0.0,0.8333333333333334,0.0,98.0,989.0,0.09015639374425023,2.0,64.0,1.0
transformer,cpr,0000000001001,3,57.333333333333336,0.0,1.0,0.0,171.0,916.0,0.15731370745170192,2.0,64.0,0.0
transformer,cpr,0000000001001,4,57.333333333333336,0.0,1.0,0.0,146.0,941.0,0.1343146274149034,2.0,64.0,0.0
transformer,cpr,0000000001001,5,57.333333333333336,0.0,0.7333333333333334,0.0,128.0,959.0,0.11775528978840848,2.0,64.0,0.0
transformer,cpr,0000000001001,6,57.333333333333336,0.0,1.0,0.0,143.0,944.0,0.13155473781048757,2.0,64.0,0.0
transformer,cpr,0000000001001,7,57.333333333333336,0.0,1.0,0.0,164.0,923.0,0.15087396504139836,2.0,64.0,0.0
transformer,cpr,0000000001001,8,57.333333333333336,0.0,0.6666666666666666,0.0,165.0,922.0,0.15179392824287027,2.0,64.0,0.0
transformer,cpr,0000000001001,9,57.333333333333336,1.0,0.16666666666666666,22.0,906.0,181.0,0.8334866605335787,2.0,64.0,0.0
transformer,cpr,0000000001001,10,57.333333333333336,0.0,0.39999999999999997,0.0,122.0,965.0,0.11223551057957681,2.0,64.0,0.0
transformer,cpr,0000000001001,11,57.333333333333336,0.0,0.9333333333333332,0.0,86.0,1001.0,0.07911683532658693,2.0,64.0,0.0
transformer,cpr,0000000001001,12,57.333333333333336,1.0,0.5333333333333333,42.0,998.0,89.0,0.9181232750689973,2.0,64.0,0.0
transformer,cpr,0000000001010,0,57.333333333333336,0.0,0.5333333333333333,0.0,185.0,902.0,0.1701931922723091,2.0,62.0,1.0
transformer,cpr,0000000001010,1,57.333333333333336,0.0,1.0,0.0,90.0,997.0,0.0827966881324747,2.0,62.0,1.0
transformer,cpr,0000000001010,2,57.333333333333336,0.0,1.0,0.0,98.0,989.0,0.09015639374425023,2.0,62.0,1.0
transformer,cpr,0000000001010,3,57.333333333333336,0.0,0.8333333333333334,0.0,171.0,916.0,0.15731370745170192,2.0,62.0,0.0
transformer,cpr,0000000001010,4,57.333333333333336,0.0,1.0,0.0,146.0,941.0,0.1343146274149034,2.0,62.0,0.0
transformer,cpr,0000000001010,5,57.333333333333336,0.0,0.9333333333333332,0.0,128.0,959.0,0.11775528978840848,2.0,62.0,0.0
transformer,cpr,0000000001010,6,57.333333333333336,0.0,1.0,0.0,143.0,944.0,0.13155473781048757,2.0,62.0,0.0
transformer,cpr,0000000001010,7,57.333333333333336,0.0,1.0,0.0,164.0,923.0,0.15087396504139836,2.0,62.0,0.0
transformer,cpr,0000000001010,8,57.333333333333336,0.0,0.6666666666666666,0.0,165.0,922.0,0.15179392824287027,2.0,62.0,0.0
transformer,cpr,0000000001010,9,57.333333333333336,1.0,0.7333333333333334,20.0,906.0,181.0,0.8334866605335787,2.0,62.0,0.0
transformer,cpr,0000000001010,10,57.333333333333336,0.0,0.26666666666666666,0.0,122.0,965.0,0.11223551057957681,2.0,62.0,0.0
transformer,cpr,0000000001010,11,57.333333333333336,1.0,0.4666666666666666,42.0,1008.0,79.0,0.9273229070837167,2.0,62.0,0.0
transformer,cpr,0000000001010,12,57.333333333333336,0.0,1.0,0.0,96.0,991.0,0.08831646734130634,2.0,62.0,0.0
transformer,cpr,0000000001100,0,57.333333333333336,0.0,0.5,0.0,185.0,902.0,0.1701931922723091,2.0,64.0,1.0
transformer,cpr,0000000001100,1,57.333333333333336,0.0,1.0,0.0,90.0,997.0,0.0827966881324747,2.0,64.0,1.0
transformer,cpr,0000000001100,2,57.333333333333336,0.0,1.0,0.0,98.0,989.0,0.09015639374425023,2.0,64.0,1.0
transformer,cpr,0000000001100,3,57.333333333333336,0.0,1.0,0.0,171.0,916.0,0.15731370745170192,2.0,64.0,0.0
transformer,cpr,0000000001100,4,57.333333333333336,0.0,1.0,0.0,146.0,941.0,0.1343146274149034,2.0,64.0,0.0
transformer,cpr,0000000001100,5,57.333333333333336,0.0,1.0,0.0,128.0,959.0,0.11775528978840848,2.0,64.0,0.0
transformer,cpr,0000000001100,6,57.333333333333336,0.0,1.0,0.0,143.0,944.0,0.13155473781048757,2.0,64.0,0.0
transformer,cpr,0000000001100,7,57.333333333333336,0.0,1.0,0.0,164.0,923.0,0.15087396504139836,2.0,64.0,0.0
transformer,cpr,0000000001100,8,57.333333333333336,0.0,1.0,0.0,165.0,922.0,0.15179392824287027,2.0,64.0,0.0
transformer,cpr,0000000001100,9,57.333333333333336,1.0,0.6666666666666666,22.0,906.0,181.0,0.8334866605335787,2.0,64.0,0.0
transformer,cpr,0000000001100,10,57.333333333333336,1.0,0.7999999999999999,42.0,977.0,110.0,0.8988040478380864,2.0,64.0,0.0
transformer,cpr,0000000001100,11,57.333333333333336,0.0,0.39999999999999997,0.0,91.0,996.0,0.08371665133394664,2.0,64.0,0.0
transformer,cpr,0000000001100,12,57.333333333333336,0.0,0.6,0.0,96.0,991.0,0.08831646734130634,2.0,64.0,0.0
transformer,cpr,0000000010000,0,57.333333333333336,0.0,0.5666666666666668,12.0,214.0,875.0,0.19651056014692378,1.0,146.0,1.0
transformer,cpr,0000000010000,1,57.333333333333336,0.0,1.0,12.0,87.0,1002.0,0.07988980716253444,1.0,146.0,1.0
transformer,cpr,0000000010000,2,57.333333333333336,0.0,0.9833333333333334,5.0,74.0,1015.0,0.06795224977043159,1.0,146.0,1.0
transformer,cpr,0000000010000,3,57.333333333333336,0.0,1.0,12.0,169.0,920.0,0.155188246097337,1.0,146.0,0.0
transformer,cpr,0000000010000,4,57.333333333333336,0.0,1.0,12.0,155.0,934.0,0.1423324150596878,1.0,146.0,0.0
transformer,cpr,0000000010000,5,57.333333333333336,0.0,0.9166666666666666,12.0,176.0,913.0,0.16161616161616163,1.0,146.0,0.0
transformer,cpr,0000000010000,6,57.333333333333336,0.0,1.0,10.0,158.0,931.0,0.14508723599632692,1.0,146.0,0.0
transformer,cpr,0000000010000,7,57.333333333333336,0.0,1.0,12.0,154.0,935.0,0.1414141414141414,1.0,146.0,0.0
transformer,cpr,0000000010000,8,57.333333333333336,1.0,0.65,42.0,953.0,136.0,0.8751147842056933,1.0,146.0,0.0
transformer,cpr,0000000010000,9,57.333333333333336,0.0,0.9500000000000001,10.0,181.0,908.0,0.16620752984389348,1.0,146.0,0.0
transformer,cpr,0000000010000,10,57.333333333333336,0.0,0.8166666666666668,7.0,120.0,969.0,0.11019283746556474,1.0,146.0,0.0
transformer,cpr,0000000010000,11,57.333333333333336,0.0,1.0,0.0,97.0,992.0,0.08907254361799816,1.0,146.0,0.0
transformer,cpr,0000000010000,12,57.333333333333336,0.0,0.6166666666666667,0.0,107.0,982.0,0.09825528007346189,1.0,146.0,0.0
transformer,cpr,0000000010100,0,57.333333333333336,0.0,0.8333333333333334,0.0,185.0,902.0,0.1701931922723091,2.0,64.0,1.0
transformer,cpr,0000000010100,1,57.333333333333336,0.0,0.9333333333333332,0.0,90.0,997.0,0.0827966881324747,2.0,64.0,1.0
transformer,cpr,0000000010100,2,57.333333333333336,0.0,1.0,0.0,98.0,989.0,0.09015639374425023,2.0,64.0,1.0
transformer,cpr,0000000010100,3,57.333333333333336,0.0,0.8333333333333334,0.0,171.0,916.0,0.15731370745170192,2.0,64.0,0.0
transformer,cpr,0000000010100,4,57.333333333333336,0.0,1.0,0.0,146.0,941.0,0.1343146274149034,2.0,64.0,0.0
transformer,cpr,0000000010100,5,57.333333333333336,0.0,0.5666666666666668,0.0,128.0,959.0,0.11775528978840848,2.0,64.0,0.0
transformer,cpr,0000000010100,6,57.333333333333336,0.0,1.0,0.0,143.0,944.0,0.13155473781048757,2.0,64.0,0.0
transformer,cpr,0000000010100,7,57.333333333333336,0.0,1.0,0.0,164.0,923.0,0.15087396504139836,2.0,64.0,0.0
transformer,cpr,0000000010100,8,57.333333333333336,1.0,1.0,22.0,929.0,158.0,0.8546458141674332,2.0,64.0,0.0
transformer,cpr,0000000010100,9,57.333333333333336,0.0,0.2333333333333333,0.0,188.0,899.0,0.17295308187672495,2.0,64.0,0.0
transformer,cpr,0000000010100,10,57.333333333333336,1.0,0.20000000000000004,42.0,977.0,110.0,0.8988040478380864,2.0,64.0,0.0
transformer,cpr,0000000010100,11,57.333333333333336,0.0,1.0,0.0,91.0,996.0,0.08371665133394664,2.0,64.0,0.0
transformer,cpr,0000000010100,12,57.333333333333336,0.0,0.8666666666666667,0.0,96.0,991.0,0.08831646734130634,2.0,64.0,0.0
transformer,cpr,0000000011000,0,57.333333333333336,0.0,0.7999999999999999,0.0,185.0,902.0,0.1701931922723091,2.0,84.0,1.0
transformer,cpr,0000000011000,1,57.333333333333336,0.0,0.7666666666666666,0.0,90.0,997.0,0.0827966881324747,2.0,84.0,1.0
transformer,cpr,0000000011000,2,57.333333333333336,0.0,1.0,0.0,98.0,989.0,0.09015639374425023,2.0,84.0,1.0
transformer,cpr,0000000011000,3,57.333333333333336,0.0,1.0,0.0,171.0,916.0,0.15731370745170192,2.0,84.0,0.0
transformer,cpr,0000000011000,4,57.333333333333336,0.0,1.0,0.0,146.0,941.0,0.1343146274149034,2.0,84.0,0.0
transformer,cpr,0000000011000,5,57.333333333333336,0.0,0.7333333333333334,0.0,128.0,959.0,0.11775528978840848,2.0,84.0,0.0
transformer,cpr,0000000011000,6,57.333333333333336,0.0,1.0,0.0,143.0,944.0,0.13155473781048757,2.0,84.0,0.0
transformer,cpr,0000000011000,7,57.333333333333336,0.0,1.0,0.0,164.0,923.0,0.15087396504139836,2.0,84.0,0.0
transformer,cpr,0000000011000,8,57.333333333333336,1.0,0.9333333333333332,42.0,929.0,158.0,0.8546458141674332,2.0,84.0,0.0
transformer,cpr,0000000011000,9,57.333333333333336,1.0,0.16666666666666666,42.0,911.0,176.0,0.8380864765409384,2.0,84.0,0.0
transformer,cpr,0000000011000,10,57.333333333333336,0.0,0.6,0.0,122.0,965.0,0.11223551057957681,2.0,84.0,0.0
transformer,cpr,0000000011000,11,57.333333333333336,0.0,0.8666666666666667,0.0,91.0,996.0,0.08371665133394664,2.0,84.0,0.0
transformer,cpr,0000000011000,12,57.333333333333336,0.0,1.0,0.0,96.0,991.0,0.08831646734130634,2.0,84.0,0.0
transformer,cpr,0000000100000,0,57.333333333333336,0.0,0.5,12.0,214.0,875.0,0.19651056014692378,1.0,150.0,1.0
transformer,cpr,0000000100000,1,57.333333333333336,0.0,0.9166666666666666,5.0,87.0,1002.0,0.07988980716253444,1.0,150.0,1.0
transformer,cpr,0000000100000,2,57.333333333333336,0.0,1.0,12.0,74.0,1015.0,0.06795224977043159,1.0,150.0,1.0
transformer,cpr,0000000100000,3,57.333333333333336,0.0,0.9666666666666667,10.0,169.0,920.0,0.155188246097337,1.0,150.0,0.0
transformer,cpr,0000000100000,4,57.333333333333336,0.0,1.0,12.0,155.0,934.0,0.1423324150596878,1.0,150.0,0.0
transformer,cpr,0000000100000,5,57.333333333333336,0.0,1.0,12.0,176.0,913.0,0.16161616161616163,1.0,150.0,0.0
transformer,cpr,0000000100000,6,57.333333333333336,0.0,1.0,0.0,158.0,931.0,0.14508723599632692,1.0,150.0,0.0
transformer,cpr,0000000100000,7,57.333333333333336,1.0,1.0,42.0,957.0,132.0,0.8787878787878788,1.0,150.0,0.0
transformer,cpr,0000000100000,8,57.333333333333336,0.0,0.9,12.0,158.0,931.0,0.14508723599632692,1.0,150.0,0.0
transformer,cpr,0000000100000,9,57.333333333333336,0.0,0.6166666666666667,12.0,181.0,908.0,0.16620752984389348,1.0,150.0,0.0
transformer,cpr,0000000100000,10,57.333333333333336,0.0,0.9333333333333332,12.0,120.0,969.0,0.11019283746556474,1.0,150.0,0.0
transformer,cpr,0000000100000,11,57.333333333333336,0.0,0.31666666666666665,7.0,97.0,992.0,0.08907254361799816,1.0,150.0,0.0
transformer,cpr,0000000100000,12,57.333333333333336,0.0,1.0,2.0,107.0,982.0,0.09825528007346189,1.0,150.0,0.0
transformer,cpr,0000000100001,0,57.333333333333336,0.0,1.0,0.0,185.0,902.0,0.1701931922723091,2.0,62.0,1.0
transformer,cpr,0000000100001,1,57.333333333333336,0.0,0.7333333333333334,0.0,90.0,997.0,0.0827966881324747,2.0,62.0,1.0
transformer,cpr,0000000100001,2,57.333333333333336,0.0,1.0,0.0,98.0,989.0,0.09015639374425023,2.0,62.0,1.0
transformer,cpr,0000000100001,3,57.333333333333336,0.0,1.0,0.0,171.0,916.0,0.15731370745170192,2.0,62.0,0.0
transformer,cpr,0000000100001,4,57.333333333333336,0.0,1.0,0.0,146.0,941.0,0.1343146274149034,2.0,62.0,0.0
transformer,cpr,0000000100001,5,57.333333333333336,0.0,0.43333333333333335,0.0,128.0,959.0,0.11775528978840848,2.0,62.0,0.0
transformer,cpr,0000000100001,6,57.333333333333336,0.0,1.0,0.0,143.0,944.0,0.13155473781048757,2.0,62.0,0.0
transformer,cpr,0000000100001,7,57.333333333333336,1.0,1.0,22.0,930.0,157.0,0.8555657773689053,2.0,62.0,0.0
transformer,cpr,0000000100001,8,57.333333333333336,0.0,0.7666666666666666,0.0,165.0,922.0,0.15179392824287027,2.0,62.0,0.0
transformer,cpr,0000000100001,9,57.333333333333336,0.0,0.39999999999999997,0.0,183.0,904.0,0.16835326586936525,2.0,62.0,0.0
transformer,cpr,0000000100001,10,57.333333333333336,0.0,0.7000000000000001,0.0,122.0,965.0,0.11223551057957681,2.0,62.0,0.0
transformer,cpr,0000000100001,11,57.333333333333336,0.0,1.0,0.0,91.0,996.0,0.08371665133394664,2.0,62.0,0.0
transformer,cpr,0000000100001,12,57.333333333333336,1.0,0.0,40.0,998.0,89.0,0.9181232750689973,2.0,62.0,0.0
transformer,cpr,0000000100010,0,57.333333333333336,0.0,1.0,8.0,185.0,902.0,0.1701931922723091,2.0,68.0,1.0
transformer,cpr,0000000100010,1,57.333333333333336,0.0,0.9333333333333332,0.0,90.0,997.0,0.0827966881324747,2.0,68.0,1.0
transformer,cpr,0000000100010,2,57.333333333333336,0.0,1.0,0.0,98.0,989.0,0.09015639374425023,2.0,68.0,1.0
transformer,cpr,0000000100010,3,57.333333333333336,0.0,1.0,0.0,171.0,916.0,0.15731370745170192,2.0,68.0,0.0
transformer,cpr,0000000100010,4,57.333333333333336,0.0,1.0,0.0,146.0,941.0,0.1343146274149034,2.0,68.0,0.0
transformer,cpr,0000000100010,5,57.333333333333336,0.0,0.6,0.0,128.0,959.0,0.11775528978840848,2.0,68.0,0.0
transformer,cpr,0000000100010,6,57.333333333333336,0.0,1.0,0.0,143.0,944.0,0.13155473781048757,2.0,68.0,0.0
transformer,cpr,0000000100010,7,57.333333333333336,1.0,1.0,20.0,930.0,157.0,0.8555657773689053,2.0,68.0,0.0
transformer,cpr,0000000100010,8,57.333333333333336,0.0,0.6666666666666666,0.0,165.0,922.0,0.15179392824287027,2.0,68.0,0.0
transformer,cpr,0000000100010,9,57.333333333333336,0.0,0.4666666666666666,0.0,183.0,904.0,0.16835326586936525,2.0,68.0,0.0
transformer,cpr,0000000100010,10,57.333333333333336,0.0,0.13333333333333333,0.0,122.0,965.0,0.11223551057957681,2.0,68.0,0.0
transformer,cpr,0000000100010,11,57.333333333333336,1.0,0.0,40.0,1008.0,79.0,0.9273229070837167,2.0,68.0,0.0
transformer,cpr,0000000100010,12,57.333333333333336,0.0,1.0,0.0,101.0,986.0,0.09291628334866604,2.0,68.0,0.0
transformer,cpr,0000000100100,0,57.333333333333336,0.0,0.9333333333333332,0.0,185.0,902.0,0.1701931922723091,2.0,62.0,1.0
transformer,cpr,0000000100100,1,57.333333333333336,0.0,1.0,0.0,90.0,997.0,0.0827966881324747,2.0,62.0,1.0
transformer,cpr,0000000100100,2,57.333333333333336,0.0,1.0,0.0,98.0,989.0,0.09015639374425023,2.0,62.0,1.0
transformer,cpr,0000000100100,3,57.333333333333336,0.0,1.0,0.0,171.0,916.0,0.15731370745170192,2.0,62.0,0.0
transformer,cpr,0000000100100,4,57.333333333333336,0.0,1.0,0.0,146.0,941.0,0.1343146274149034,2.0,62.0,0.0
transformer,cpr,0000000100100,5,57.333333333333336,0.0,0.6333333333333333,0.0,128.0,959.0,0.11775528978840848,2.0,62.0,0.0
transformer,cpr,0000000100100,6,57.333333333333336,0.0,1.0,0.0,143.0,944.0,0.13155473781048757,2.0,62.0,0.0
transformer,cpr,0000000100100,7,57.333333333333336,1.0,1.0,22.0,930.0,157.0,0.8555657773689053,2.0,62.0,0.0
transformer,cpr,0000000100100,8,57.333333333333336,0.0,1.0,0.0,165.0,922.0,0.15179392824287027,2.0,62.0,0.0
transformer,cpr,0000000100100,9,57.333333333333336,0.0,0.3,0.0,183.0,904.0,0.16835326586936525,2.0,62.0,0.0
transformer,cpr,0000000100100,10,57.333333333333336,1.0,0.0,40.0,977.0,110.0,0.8988040478380864,2.0,62.0,0.0
transformer,cpr,0000000100100,11,57.333333333333336,0.0,0.3,0.0,91.0,996.0,0.08371665133394664,2.0,62.0,0.0
transformer,cpr,0000000100100,12,57.333333333333336,0.0,0.5,0.0,101.0,986.0,0.09291628334866604,2.0,62.0,0.0
transformer,cpr,0000000101000,0,57.333333333333336,0.0,0.6,0.0,185.0,902.0,0.1701931922723091,2.0,82.0,1.0
transformer,cpr,0000000101000,1,57.333333333333336,0.0,0.7999999999999999,0.0,90.0,997.0,0.0827966881324747,2.0,82.0,1.0
transformer,cpr,0000000101000,2,57.333333333333336,0.0,1.0,0.0,98.0,989.0,0.09015639374425023,2.0,82.0,1.0
transformer,cpr,0000000101000,3,57.333333333333336,0.0,1.0,0.0,171.0,916.0,0.15731370745170192,2.0,82.0,0.0
transformer,cpr,0000000101000,4,57.333333333333336,0.0,1.0,0.0,146.0,941.0,0.1343146274149034,2.0,82.0,0.0
transformer,cpr,0000000101000,5,57.333333333333336,0.0,1.0,0.0,128.0,959.0,0.11775528978840848,2.0,82.0,0.0
transformer,cpr,0000000101000,6,57.333333333333336,0.0,1.0,0.0,143.0,944.0,0.13155473781048757,2.0,82.0,0.0
transformer,cpr,0000000101000,7,57.333333333333336,1.0,1.0,42.0,930.0,157.0,0.8555657773689053,2.0,82.0,0.0
transformer,cpr,0000000101000,8,57.333333333333336,0.0,1.0,0.0,165.0,922.0,0.15179392824287027,2.0,82.0,0.0
transformer,cpr,0000000101000,9,57.333333333333336,1.0,0.0,40.0,916.0,171.0,0.8426862925482981,2.0,82.0,0.0
transformer,cpr,0000000101000,10,57.333333333333336,0.0,0.5333333333333333,0.0,122.0,965.0,0.11223551057957681,2.0,82.0,0.0
transformer,cpr,0000000101000,11,57.333333333333336,0.0,0.26666666666666666,0.0,91.0,996.0,0.08371665133394664,2.0,82.0,0.0
transformer,cpr,0000000101000,12,57.333333333333336,0.0,1.0,0.0,101.0,986.0,0.09291628334866604,2.0,82.0,0.0
transformer,cpr,0000000110000,0,57.333333333333336,0.0,0.8333333333333334,0.0,185.0,902.0,0.1701931922723091,2.0,82.0,1.0
transformer,cpr,0000000110000,1,57.333333333333336,0.0,1.0,0.0,90.0,997.0,0.0827966881324747,2.0,82.0,1.0
transformer,cpr,0000000110000,2,57.333333333333336,0.0,1.0,0.0,98.0,989.0,0.09015639374425023,2.0,82.0,1.0
transformer,cpr,0000000110000,3,57.333333333333336,0.0,1.0,0.0,171.0,916.0,0.15731370745170192,2.0,82.0,0.0
transformer,cpr,0000000110000,4,57.333333333333336,0.0,1.0,0.0,146.0,941.0,0.1343146274149034,2.0,82.0,0.0
transformer,cpr,0000000110000,5,57.333333333333336,0.0,1.0,0.0,128.0,959.0,0.11775528978840848,2.0,82.0,0.0
transformer,cpr,0000000110000,6,57.333333333333336,0.0,1.0,0.0,143.0,944.0,0.13155473781048757,2.0,82.0,0.0
transformer,cpr,0000000110000,7,57.333333333333336,1.0,1.0,42.0,930.0,157.0,0.8555657773689053,2.0,82.0,0.0
transformer,cpr,0000000110000,8,57.333333333333336,1.0,0.0,40.0,934.0,153.0,0.8592456301747932,2.0,82.0,0.0
transformer,cpr,0000000110000,9,57.333333333333336,0.0,0.16666666666666666,0.0,183.0,904.0,0.16835326586936525,2.0,82.0,0.0
transformer,cpr,0000000110000,10,57.333333333333336,0.0,0.5666666666666667,0.0,122.0,965.0,0.11223551057957681,2.0,82.0,0.0
transformer,cpr,0000000110000,11,57.333333333333336,0.0,0.39999999999999997,0.0,91.0,996.0,0.08371665133394664,2.0,82.0,0.0
transformer,cpr,0000000110000,12,57.333333333333336,0.0,0.7999999999999999,0.0,101.0,986.0,0.09291628334866604,2.0,82.0,0.0
transformer,cpr,0000001000000,0,57.333333333333336,0.0,0.9833333333333334,12.0,214.0,875.0,0.19651056014692378,1.0,150.0,1.0
transformer,cpr,0000001000000,1,57.333333333333336,0.0,0.8000000000000002,7.0,87.0,1002.0,0.07988980716253444,1.0,150.0,1.0
transformer,cpr,0000001000000,2,57.333333333333336,0.0,1.0,5.0,74.0,1015.0,0.06795224977043159,1.0,150.0,1.0
transformer,cpr,0000001000000,3,57.333333333333336,0.0,1.0,7.0,169.0,920.0,0.155188246097337,1.0,150.0,0.0
transformer,cpr,0000001000000,4,57.333333333333336,0.0,1.0,7.0,155.0,934.0,0.1423324150596878,1.0,150.0,0.0
transformer,cpr,0000001000000,5,57.333333333333336,0.0,0.7333333333333334,12.0,176.0,913.0,0.16161616161616163,1.0,150.0,0.0
transformer,cpr,0000001000000,6,57.333333333333336,1.0,1.0,42.0,973.0,116.0,0.8934802571166207,1.0,150.0,0.0
transformer,cpr,0000001000000,7,57.333333333333336,0.0,1.0,0.0,174.0,915.0,0.15977961432506887,1.0,150.0,0.0
transformer,cpr,0000001000000,8,57.333333333333336,0.0,1.0,10.0,158.0,931.0,0.14508723599632692,1.0,150.0,0.0
transformer,cpr,0000001000000,9,57.333333333333336,0.0,0.5833333333333334,12.0,181.0,908.0,0.16620752984389348,1.0,150.0,0.0
transformer,cpr,0000001000000,10,57.333333333333336,0.0,0.6833333333333332,12.0,120.0,969.0,0.11019283746556474,1.0,150.0,0.0
transformer,cpr,0000001000000,11,57.333333333333336,0.0,0.5833333333333334,12.0,97.0,992.0,0.08907254361799816,1.0,150.0,0.0
transformer,cpr,0000001000000,12,57.333333333333336,0.0,1.0,12.0,107.0,982.0,0.09825528007346189,1.0,150.0,0.0
transformer,cpr,0000001000001,0,57.333333333333336,0.0,1.0,0.0,185.0,902.0,0.1701931922723091,2.0,44.0,1.0
transformer,cpr,0000001000001,1,57.333333333333336,0.0,0.6666666666666666,0.0,90.0,997.0,0.0827966881324747,2.0,44.0,1.0
transformer,cpr,0000001000001,2,57.333333333333336,0.0,1.0,0.0,98.0,989.0,0.09015639374425023,2.0,44.0,1.0
transformer,cpr,0000001000001,3,57.333333333333336,0.0,1.0,0.0,171.0,916.0,0.15731370745170192,2.0,44.0,0.0
transformer,cpr,0000001000001,4,57.333333333333336,0.0,1.0,0.0,146.0,941.0,0.1343146274149034,2.0,44.0,0.0
transformer,cpr,0000001000001,5,57.333333333333336,0.0,0.7333333333333334,0.0,128.0,959.0,0.11775528978840848,2.0,44.0,0.0
transformer,cpr,0000001000001,6,57.333333333333336,1.0,1.0,22.0,956.0,131.0,0.8794848206071757,2.0,44.0,0.0
transformer,cpr,0000001000001,7,57.333333333333336,0.0,1.0,0.0,169.0,918.0,0.15547378104875806,2.0,44.0,0.0
transformer,cpr,0000001000001,8,57.333333333333336,0.0,1.0,0.0,165.0,922.0,0.15179392824287027,2.0,44.0,0.0
transformer,cpr,0000001000001,9,57.333333333333336,0.0,0.3333333333333333,0.0,183.0,904.0,0.16835326586936525,2.0,44.0,0.0
transformer,cpr,0000001000001,10,57.333333333333336,0.0,0.3333333333333333,0.0,122.0,965.0,0.11223551057957681,2.0,44.0,0.0
transformer,cpr,0000001000001,11,57.333333333333336,0.0,1.0,0.0,91.0,996.0,0.08371665133394664,2.0,44.0,0.0
transformer,cpr,0000001000001,12,57.333333333333336,1.0,0.0,22.0,998.0,89.0,0.9181232750689973,2.0,44.0,0.0
transformer,cpr,0000001000010,0,57.333333333333336,0.0,0.9333333333333332,0.0,195.0,885.0,0.18055555555555555,2.0,64.0,1.0
transformer,cpr,0000001000010,1,57.333333333333336,0.0,1.0,0.0,85.0,995.0,0.0787037037037037,2.0,64.0,1.0
transformer,cpr,0000001000010,2,57.333333333333336,0.0,1.0,0.0,83.0,997.0,0.07685185185185185,2.0,64.0,1.0
transformer,cpr,0000001000010,3,57.333333333333336,0.0,1.0,0.0,167.0,913.0,0.15462962962962962,2.0,64.0,0.0
transformer,cpr,0000001000010,4,57.333333333333336,0.0,1.0,0.0,151.0,929.0,0.1398148148148148,2.0,64.0,0.0
transformer,cpr,0000001000010,5,57.333333333333336,0.0,0.6,0.0,172.0,908.0,0.15925925925925927,2.0,64.0,0.0
transformer,cpr,0000001000010,6,57.333333333333336,1.0,1.0,22.0,950.0,130.0,0.8796296296296297,2.0,64.0,0.0
transformer,cpr,0000001000010,7,57.333333333333336,0.0,1.0,0.0,136.0,944.0,0.1259259259259259,2.0,64.0,0.0
transformer,cpr,0000001000010,8,57.333333333333336,0.0,1.0,0.0,176.0,904.0,0.16296296296296298,2.0,64.0,0.0
transformer,cpr,0000001000010,9,57.333333333333336,0.0,0.5,0.0,185.0,895.0,0.1712962962962963,2.0,64.0,0.0
transformer,cpr,0000001000010,10,57.333333333333336,0.0,0.5,0.0,130.0,950.0,0.12037037037037036,2.0,64.0,0.0
transformer,cpr,0000001000010,11,57.333333333333336,1.0,0.0,42.0,1004.0,76.0,0.9296296296296296,2.0,64.0,0.0
transformer,cpr,0000001000010,12,57.333333333333336,0.0,1.0,0.0,114.0,966.0,0.10555555555555556,2.0,64.0,0.0
transformer,cpr,0000001000100,0,57.333333333333336,0.0,1.0,0.0,195.0,885.0,0.18055555555555555,2.0,84.0,1.0
transformer,cpr,0000001000100,1,57.333333333333336,0.0,1.0,0.0,85.0,995.0,0.0787037037037037,2.0,84.0,1.0
transformer,cpr,0000001000100,2,57.333333333333336,0.0,1.0,0.0,83.0,997.0,0.07685185185185185,2.0,84.0,1.0
transformer,cpr,0000001000100,3,57.333333333333336,0.0,1.0,0.0,167.0,913.0,0.15462962962962962,2.0,84.0,0.0
transformer,cpr,0000001000100,4,57.333333333333336,0.0,1.0,0.0,151.0,929.0,0.1398148148148148,2.0,84.0,0.0
transformer,cpr,0000001000100,5,57.333333333333336,0.0,0.8666666666666667,0.0,172.0,908.0,0.15925925925925927,2.0,84.0,0.0
transformer,cpr,0000001000100,6,57.333333333333336,1.0,1.0,42.0,950.0,130.0,0.8796296296296297,2.0,84.0,0.0
transformer,cpr,0000001000100,7,57.333333333333336,0.0,1.0,0.0,136.0,944.0,0.1259259259259259,2.0,84.0,0.0
transformer,cpr,0000001000100,8,57.333333333333336,0.0,1.0,0.0,176.0,904.0,0.16296296296296298,2.0,84.0,0.0
transformer,cpr,0000001000100,9,57.333333333333336,0.0,0.6666666666666666,0.0,185.0,895.0,0.1712962962962963,2.0,84.0,0.0
transformer,cpr,0000001000100,10,57.333333333333336,1.0,0.0,42.0,962.0,118.0,0.8907407407407407,2.0,84.0,0.0
transformer,cpr,0000001000100,11,57.333333333333336,0.0,0.6,0.0,88.0,992.0,0.08148148148148149,2.0,84.0,0.0
transformer,cpr,0000001000100,12,57.333333333333336,0.0,1.0,0.0,114.0,966.0,0.10555555555555556,2.0,84.0,0.0
transformer,cpr,0000001001000,0,57.333333333333336,0.0,1.0,0.0,195.0,885.0,0.18055555555555555,2.0,64.0,1.0
transformer,cpr,0000001001000,1,57.333333333333336,0.0,0.9333333333333332,0.0,85.0,995.0,0.0787037037037037,2.0,64.0,1.0
transformer,cpr,0000001001000,2,57.333333333333336,0.0,1.0,0.0,83.0,997.0,0.07685185185185185,2.0,64.0,1.0
transformer,cpr,0000001001000,3,57.333333333333336,0.0,1.0,0.0,167.0,913.0,0.15462962962962962,2.0,64.0,0.0
transformer,cpr,0000001001000,4,57.333333333333336,0.0,1.0,0.0,151.0,929.0,0.1398148148148148,2.0,64.0,0.0
transformer,cpr,0000001001000,5,57.333333333333336,0.0,0.6,0.0,172.0,908.0,0.15925925925925927,2.0,64.0,0.0
transformer,cpr,0000001001000,6,57.333333333333336,1.0,1.0,22.0,950.0,130.0,0.8796296296296297,2.0,64.0,0.0
transformer,cpr,0000001001000,7,57.333333333333336,0.0,1.0,0.0,136.0,944.0,0.1259259259259259,2.0,64.0,0.0
transformer,cpr,0000001001000,8,57.333333333333336,0.0,1.0,0.0,176.0,904.0,0.16296296296296298,2.0,64.0,0.0
transformer,cpr,0000001001000,9,57.333333333333336,1.0,0.0,42.0,907.0,173.0,0.8398148148148148,2.0,64.0,0.0
transformer,cpr,0000001001000,10,57.333333333333336,0.0,0.06666666666666667,0.0,130.0,950.0,0.12037037037037036,2.0,64.0,0.0
transformer,cpr,0000001001000,11,57.333333333333336,0.0,0.7999999999999999,0.0,88.0,992.0,0.08148148148148149,2.0,64.0,0.0
transformer,cpr,0000001001000,12,57.333333333333336,0.0,0.8333333333333334,0.0,114.0,966.0,0.10555555555555556,2.0,64.0,0.0
transformer,cpr,0000001010000,0,57.333333333333336,0.0,1.0,0.0,195.0,885.0,0.18055555555555555,2.0,92.0,1.0
transformer,cpr,0000001010000,1,57.333333333333336,0.0,0.9333333333333332,0.0,85.0,995.0,0.0787037037037037,2.0,92.0,1.0
transformer,cpr,0000001010000,2,57.333333333333336,0.0,1.0,0.0,83.0,997.0,0.07685185185185185,2.0,92.0,1.0
transformer,cpr,0000001010000,3,57.333333333333336,0.0,1.0,0.0,167.0,913.0,0.15462962962962962,2.0,92.0,0.0
transformer,cpr,0000001010000,4,57.333333333333336,0.0,1.0,8.0,151.0,929.0,0.1398148148148148,2.0,92.0,0.0
transformer,cpr,0000001010000,5,57.333333333333336,0.0,0.3666666666666667,0.0,172.0,908.0,0.15925925925925927,2.0,92.0,0.0
transformer,cpr,0000001010000,6,57.333333333333336,1.0,1.0,42.0,950.0,130.0,0.8796296296296297,2.0,92.0,0.0
transformer,cpr,0000001010000,7,57.333333333333336,0.0,1.0,0.0,136.0,944.0,0.1259259259259259,2.0,92.0,0.0
transformer,cpr,0000001010000,8,57.333333333333336,1.0,0.13333333333333333,42.0,911.0,169.0,0.8435185185185187,2.0,92.0,0.0
transformer,cpr,0000001010000,9,57.333333333333336,0.0,0.7333333333333334,0.0,180.0,900.0,0.16666666666666666,2.0,92.0,0.0
transformer,cpr,0000001010000,10,57.333333333333336,0.0,0.9333333333333332,0.0,130.0,950.0,0.12037037037037036,2.0,92.0,0.0
transformer,cpr,0000001010000,11,57.333333333333336,0.0,0.9333333333333332,0.0,88.0,992.0,0.08148148148148149,2.0,92.0,0.0
transformer,cpr,0000001010000,12,57.333333333333336,0.0,0.9333333333333332,0.0,114.0,966.0,0.10555555555555556,2.0,92.0,0.0
transformer,cpr,0000010000000,0,57.333333333333336,0.0,0.7166666666666667,7.0,195.0,856.0,0.18553758325404376,1.0,145.0,1.0
transformer,cpr,0000010000000,1,57.333333333333336,0.0,0.4833333333333334,12.0,92.0,959.0,0.08753568030447194,1.0,145.0,1.0
transformer,cpr,0000010000000,2,57.333333333333336,0.0,1.0,10.0,95.0,956.0,0.09039010466222645,1.0,145.0,1.0
transformer,cpr,0000010000000,3,57.333333333333336,0.0,1.0,12.0,180.0,871.0,0.1712654614652712,1.0,145.0,0.0
transformer,cpr,0000010000000,4,57.333333333333336,0.0,0.9833333333333334,0.0,151.0,900.0,0.14367269267364416,1.0,145.0,0.0
transformer,cpr,0000010000000,5,57.333333333333336,1.0,0.7666666666666666,42.0,908.0,143.0,0.8639391056137012,1.0,145.0,0.0
transformer,cpr,0000010000000,6,57.333333333333336,0.0,1.0,12.0,138.0,913.0,0.1313035204567079,1.0,145.0,0.0
transformer,cpr,0000010000000,7,57.333333333333336,0.0,1.0,12.0,137.0,914.0,0.13035204567078973,1.0,145.0,0.0
transformer,cpr,0000010000000,8,57.333333333333336,0.0,0.6,12.0,170.0,881.0,0.16175071360608945,1.0,145.0,0.0
transformer,cpr,0000010000000,9,57.333333333333336,0.0,0.5333333333333333,7.0,163.0,888.0,0.15509039010466222,1.0,145.0,0.0
transformer,cpr,0000010000000,10,57.333333333333336,0.0,0.6999999999999998,12.0,115.0,936.0,0.10941960038058991,1.0,145.0,0.0
transformer,cpr,0000010000000,11,57.333333333333336,0.0,0.9,7.0,99.0,952.0,0.09419600380589914,1.0,145.0,0.0
transformer,cpr,0000010000000,12,57.333333333333336,0.0,0.9500000000000001,0.0,102.0,949.0,0.09705042816365367,1.0,145.0,0.0
transformer,cpr,0000010000010,0,57.333333333333336,0.0,1.0,0.0,195.0,885.0,0.18055555555555555,2.0,64.0,1.0
transformer,cpr,0000010000010,1,57.333333333333336,0.0,0.9333333333333332,0.0,85.0,995.0,0.0787037037037037,2.0,64.0,1.0
transformer,cpr,0000010000010,2,57.333333333333336,0.0,1.0,0.0,83.0,997.0,0.07685185185185185,2.0,64.0,1.0
transformer,cpr,0000010000010,3,57.333333333333336,0.0,1.0,0.0,167.0,913.0,0.15462962962962962,2.0,64.0,0.0
transformer,cpr,0000010000010,4,57.333333333333336,0.0,1.0,0.0,151.0,929.0,0.1398148148148148,2.0,64.0,0.0
transformer,cpr,0000010000010,5,57.333333333333336,1.0,1.0,22.0,915.0,165.0,0.8472222222222222,2.0,64.0,0.0
transformer,cpr,0000010000010,6,57.333333333333336,0.0,1.0,0.0,137.0,943.0,0.12685185185185185,2.0,64.0,0.0
transformer,cpr,0000010000010,7,57.333333333333336,0.0,1.0,0.0,136.0,944.0,0.1259259259259259,2.0,64.0,0.0
transformer,cpr,0000010000010,8,57.333333333333336,0.0,0.9333333333333332,0.0,176.0,904.0,0.16296296296296298,2.0,64.0,0.0
transformer,cpr,0000010000010,9,57.333333333333336,0.0,0.5,0.0,180.0,900.0,0.16666666666666666,2.0,64.0,0.0
transformer,cpr,0000010000010,10,57.333333333333336,0.0,0.3333333333333333,0.0,130.0,950.0,0.12037037037037036,2.0,64.0,0.0
transformer,cpr,0000010000010,11,57.333333333333336,1.0,0.0,42.0,999.0,81.0,0.9250000000000002,2.0,64.0,0.0
transformer,cpr,0000010000010,12,57.333333333333336,0.0,0.9333333333333332,0.0,114.0,966.0,0.10555555555555556,2.0,64.0,0.0
transformer,cpr,0000010000100,0,57.333333333333336,0.0,0.9333333333333332,0.0,195.0,885.0,0.18055555555555555,2.0,84.0,1.0
transformer,cpr,0000010000100,1,57.333333333333336,0.0,1.0,0.0,85.0,995.0,0.0787037037037037,2.0,84.0,1.0
transformer,cpr,0000010000100,2,57.333333333333336,0.0,1.0,0.0,83.0,997.0,0.07685185185185185,2.0,84.0,1.0
transformer,cpr,0000010000100,3,57.333333333333336,0.0,1.0,0.0,167.0,913.0,0.15462962962962962,2.0,84.0,0.0
transformer,cpr,0000010000100,4,57.333333333333336,0.0,1.0,0.0,151.0,929.0,0.1398148148148148,2.0,84.0,0.0
transformer,cpr,0000010000100,5,57.333333333333336,1.0,0.8333333333333334,42.0,915.0,165.0,0.8472222222222222,2.0,84.0,0.0
transformer,cpr,0000010000100,6,57.333333333333336,0.0,1.0,0.0,137.0,943.0,0.12685185185185185,2.0,84.0,0.0
transformer,cpr,0000010000100,7,57.333333333333336,0.0,1.0,0.0,136.0,944.0,0.1259259259259259,2.0,84.0,0.0
transformer,cpr,0000010000100,8,57.333333333333336,0.0,0.8333333333333334,0.0,176.0,904.0,0.16296296296296298,2.0,84.0,0.0
transformer,cpr,0000010000100,9,57.333333333333336,0.0,0.8666666666666667,0.0,180.0,900.0,0.16666666666666666,2.0,84.0,0.0
transformer,cpr,0000010000100,10,57.333333333333336,1.0,0.16666666666666666,42.0,962.0,118.0,0.8907407407407407,2.0,84.0,0.0
transformer,cpr,0000010000100,11,57.333333333333336,0.0,0.5,0.0,93.0,987.0,0.0861111111111111,2.0,84.0,0.0
transformer,cpr,0000010000100,12,57.333333333333336,0.0,1.0,0.0,114.0,966.0,0.10555555555555556,2.0,84.0,0.0
transformer,cpr,0000010001000,0,57.333333333333336,0.0,0.6666666666666666,0.0,195.0,885.0,0.18055555555555555,2.0,72.0,1.0
transformer,cpr,0000010001000,1,57.333333333333336,0.0,0.9333333333333332,0.0,85.0,995.0,0.0787037037037037,2.0,72.0,1.0
transformer,cpr,0000010001000,2,57.333333333333336,0.0,1.0,0.0,83.0,997.0,0.07685185185185185,2.0,72.0,1.0
transformer,cpr,0000010001000,3,57.333333333333336,0.0,1.0,8.0,167.0,913.0,0.15462962962962962,2.0,72.0,0.0
transformer,cpr,0000010001000,4,57.333333333333336,0.0,1.0,0.0,151.0,929.0,0.1398148148148148,2.0,72.0,0.0
transformer,cpr,0000010001000,5,57.333333333333336,1.0,0.8333333333333334,22.0,915.0,165.0,0.8472222222222222,2.0,72.0,0.0
transformer,cpr,0000010001000,6,57.333333333333336,0.0,1.0,0.0,137.0,943.0,0.12685185185185185,2.0,72.0,0.0
transformer,cpr,0000010001000,7,57.333333333333336,0.0,1.0,0.0,136.0,944.0,0.1259259259259259,2.0,72.0,0.0
transformer,cpr,0000010001000,8,57.333333333333336,0.0,0.8333333333333334,0.0,176.0,904.0,0.16296296296296298,2.0,72.0,0.0
transformer,cpr,0000010001000,9,57.333333333333336,1.0,0.0,42.0,907.0,173.0,0.8398148148148148,2.0,72.0,0.0
transformer,cpr,0000010001000,10,57.333333333333336,0.0,0.7999999999999999,0.0,125.0,955.0,0.11574074074074074,2.0,72.0,0.0
transformer,cpr,0000010001000,11,57.333333333333336,0.0,0.6666666666666666,0.0,93.0,987.0,0.0861111111111111,2.0,72.0,0.0
transformer,cpr,0000010001000,12,57.333333333333336,0.0,1.0,0.0,114.0,966.0,0.10555555555555556,2.0,72.0,0.0
transformer,cpr,0000010010000,0,57.333333333333336,0.0,0.6666666666666666,0.0,195.0,885.0,0.18055555555555555,2.0,84.0,1.0
transformer,cpr,0000010010000,1,57.333333333333336,0.0,0.9333333333333332,0.0,85.0,995.0,0.0787037037037037,2.0,84.0,1.0
transformer,cpr,0000010010000,2,57.333333333333336,0.0,1.0,0.0,83.0,997.0,0.07685185185185185,2.0,84.0,1.0
transformer,cpr,0000010010000,3,57.333333333333336,0.0,1.0,0.0,167.0,913.0,0.15462962962962962,2.0,84.0,0.0
transformer,cpr,0000010010000,4,57.333333333333336,0.0,1.0,0.0,151.0,929.0,0.1398148148148148,2.0,84.0,0.0
transformer,cpr,0000010010000,5,57.333333333333336,1.0,0.6,42.0,915.0,165.0,0.8472222222222222,2.0,84.0,0.0
transformer,cpr,0000010010000,6,57.333333333333336,0.0,1.0,0.0,137.0,943.0,0.12685185185185185,2.0,84.0,0.0
transformer,cpr,0000010010000,7,57.333333333333336,0.0,1.0,0.0,136.0,944.0,0.1259259259259259,2.0,84.0,0.0
transformer,cpr,0000010010000,8,57.333333333333336,1.0,0.3,42.0,911.0,169.0,0.8435185185185187,2.0,84.0,0.0
transformer,cpr,0000010010000,9,57.333333333333336,0.0,1.0,0.0,180.0,900.0,0.16666666666666666,2.0,84.0,0.0
transformer,cpr,0000010010000,10,57.333333333333336,0.0,0.8666666666666667,0.0,125.0,955.0,0.11574074074074074,2.0,84.0,0.0
transformer,cpr,0000010010000,11,57.333333333333336,0.0,0.7999999999999999,0.0,93.0,987.0,0.0861111111111111,2.0,84.0,0.0
transformer,cpr,0000010010000,12,57.333333333333336,0.0,0.8333333333333334,0.0,114.0,966.0,0.10555555555555556,2.0,84.0,0.0
transformer,cpr,0000010100000,0,57.333333333333336,0.0,0.7333333333333334,0.0,195.0,885.0,0.18055555555555555,2.0,64.0,1.0
transformer,cpr,0000010100000,1,57.333333333333336,0.0,0.8666666666666667,0.0,85.0,995.0,0.0787037037037037,2.0,64.0,1.0
transformer,cpr,0000010100000,2,57.333333333333336,0.0,0.8333333333333334,0.0,83.0,997.0,0.07685185185185185,2.0,64.0,1.0
transformer,cpr,0000010100000,3,57.333333333333336,0.0,1.0,0.0,167.0,913.0,0.15462962962962962,2.0,64.0,0.0
transformer,cpr,0000010100000,4,57.333333333333336,0.0,1.0,0.0,151.0,929.0,0.1398148148148148,2.0,64.0,0.0
transformer,cpr,0000010100000,5,57.333333333333336,1.0,0.0,22.0,915.0,165.0,0.8472222222222222,2.0,64.0,0.0
transformer,cpr,0000010100000,6,57.333333333333336,0.0,1.0,0.0,137.0,943.0,0.12685185185185185,2.0,64.0,0.0
transformer,cpr,0000010100000,7,57.333333333333336,1.0,1.0,42.0,956.0,124.0,0.8851851851851852,2.0,64.0,0.0
transformer,cpr,0000010100000,8,57.333333333333336,0.0,0.7333333333333334,0.0,181.0,899.0,0.1675925925925926,2.0,64.0,0.0
transformer,cpr,0000010100000,9,57.333333333333336,0.0,0.6333333333333333,0.0,180.0,900.0,0.16666666666666666,2.0,64.0,0.0
transformer,cpr,0000010100000,10,57.333333333333336,0.0,1.0,0.0,125.0,955.0,0.11574074074074074,2.0,64.0,0.0
transformer,cpr,0000010100000,11,57.333333333333336,0.0,0.5666666666666667,0.0,93.0,987.0,0.0861111111111111,2.0,64.0,0.0
transformer,cpr,0000010100000,12,57.333333333333336,0.0,0.6666666666666666,0.0,114.0,966.0,0.10555555555555556,2.0,64.0,0.0
transformer,cpr,0000011000000,0,57.333333333333336,0.0,1.0,0.0,195.0,885.0,0.18055555555555555,2.0,84.0,1.0
transformer,cpr,0000011000000,1,57.333333333333336,0.0,1.0,0.0,85.0,995.0,0.0787037037037037,2.0,84.0,1.0
transformer,cpr,0000011000000,2,57.333333333333336,0.0,1.0,0.0,83.0,997.0,0.07685185185185185,2.0,84.0,1.0
transformer,cpr,0000011000000,3,57.333333333333336,0.0,1.0,0.0,167.0,913.0,0.15462962962962962,2.0,84.0,0.0
transformer,cpr,0000011000000,4,57.333333333333336,0.0,0.8333333333333334,0.0,151.0,929.0,0.1398148148148148,2.0,84.0,0.0
transformer,cpr,0000011000000,5,57.333333333333336,1.0,0.0,42.0,915.0,165.0,0.8472222222222222,2.0,84.0,0.0
transformer,cpr,0000011000000,6,57.333333333333336,1.0,1.0,42.0,955.0,125.0,0.8842592592592592,2.0,84.0,0.0
transformer,cpr,0000011000000,7,57.333333333333336,0.0,1.0,0.0,136.0,944.0,0.1259259259259259,2.0,84.0,0.0
transformer,cpr,0000011000000,8,57.333333333333336,0.0,1.0,0.0,181.0,899.0,0.1675925925925926,2.0,84.0,0.0
transformer,cpr,0000011000000,9,57.333333333333336,0.0,0.3666666666666667,0.0,180.0,900.0,0.16666666666666666,2.0,84.0,0.0
transformer,cpr,0000011000000,10,57.333333333333336,0.0,0.5,0.0,125.0,955.0,0.11574074074074074,2.0,84.0,0.0
transformer,cpr,0000011000000,11,57.333333333333336,0.0,0.8666666666666667,0.0,93.0,987.0,0.0861111111111111,2.0,84.0,0.0
transformer,cpr,0000011000000,12,57.333333333333336,0.0,1.0,0.0,114.0,966.0,0.10555555555555556,2.0,84.0,0.0
transformer,cpr,0000100000000,0,57.333333333333336,0.0,0.6,10.333333333333334,197.66666666666666,847.6666666666666,0.18911775028516276,1.0,119.0,1.0
transformer,cpr,0000100000000,1,57.333333333333336,0.0,1.0,0.0,78.0,967.3333333333334,0.07460052840416094,1.0,119.0,1.0
transformer,cpr,0000100000000,2,57.333333333333336,0.0,1.0,0.0,97.0,948.3333333333334,0.09279854347635341,1.0,119.0,1.0
transformer,cpr,0000100000000,3,57.333333333333336,0.0,1.0,11.333333333333334,173.66666666666666,871.6666666666666,0.16614630555799284,1.0,119.0,0.0
transformer,cpr,0000100000000,4,57.333333333333336,1.0,1.0,42.0,925.6666666666666,119.66666666666667,0.885524212024607,1.0,119.0,0.0
transformer,cpr,0000100000000,5,57.333333333333336,0.0,1.0,0.0,169.66666666666666,875.6666666666666,0.16231245064490654,1.0,119.0,0.0
transformer,cpr,0000100000000,6,57.333333333333336,0.0,0.8333333333333334,7.0,116.66666666666667,928.6666666666666,0.11156688407280668,1.0,119.0,0.0
transformer,cpr,0000100000000,7,57.333333333333336,0.0,1.0,8.666666666666666,174.0,871.3333333333334,0.1664546225614928,1.0,119.0,0.0
transformer,cpr,0000100000000,8,57.333333333333336,0.0,0.8333333333333334,11.333333333333334,177.0,868.3333333333334,0.16932209255847055,1.0,119.0,0.0
transformer,cpr,0000100000000,9,57.333333333333336,0.0,0.9666666666666667,8.333333333333334,198.33333333333334,847.0,0.18974657073498877,1.0,119.0,0.0
transformer,cpr,0000100000000,10,57.333333333333336,0.0,0.5,12.0,131.0,914.3333333333334,0.12531197293634777,1.0,119.0,0.0
transformer,cpr,0000100000000,11,57.333333333333336,0.0,1.0,0.0,74.0,971.3333333333334,0.0707739853567703,1.0,119.0,0.0
transformer,cpr,0000100000000,12,57.333333333333336,0.0,1.0,8.0,114.0,931.3333333333334,0.10905160227350279,1.0,119.0,0.0
transformer,cpr,0000100000001,0,57.333333333333336,0.0,0.9333333333333332,0.0,195.0,885.0,0.18055555555555555,2.0,64.0,1.0
transformer,cpr,0000100000001,1,57.333333333333336,0.0,1.0,0.0,85.0,995.0,0.0787037037037037,2.0,64.0,1.0
transformer,cpr,0000100000001,2,57.333333333333336,0.0,1.0,0.0,83.0,997.0,0.07685185185185185,2.0,64.0,1.0
transformer,cpr,0000100000001,3,57.333333333333336,0.0,1.0,0.0,167.0,913.0,0.15462962962962962,2.0,64.0,0.0
transformer,cpr,0000100000001,4,57.333333333333336,1.0,1.0,42.0,941.0,139.0,0.8712962962962963,2.0,64.0,0.0
transformer,cpr,0000100000001,5,57.333333333333336,0.0,1.0,0.0,177.0,903.0,0.1638888888888889,2.0,64.0,0.0
transformer,cpr,0000100000001,6,57.333333333333336,0.0,0.8333333333333334,0.0,137.0,943.0,0.12685185185185185,2.0,64.0,0.0
transformer,cpr,0000100000001,7,57.333333333333336,0.0,1.0,0.0,136.0,944.0,0.1259259259259259,2.0,64.0,0.0
transformer,cpr,0000100000001,8,57.333333333333336,0.0,1.0,0.0,181.0,899.0,0.1675925925925926,2.0,64.0,0.0
transformer,cpr,0000100000001,9,57.333333333333336,0.0,0.20000000000000004,0.0,180.0,900.0,0.16666666666666666,2.0,64.0,0.0
transformer,cpr,0000100000001,10,57.333333333333336,0.0,0.5666666666666667,0.0,125.0,955.0,0.11574074074074074,2.0,64.0,0.0
transformer,cpr,0000100000001,11,57.333333333333336,0.0,1.0,0.0,93.0,987.0,0.0861111111111111,2.0,64.0,0.0
transformer,cpr,0000100000001,12,57.333333333333336,1.0,0.0,22.0,978.0,102.0,0.9055555555555556,2.0,64.0,0.0
transformer,cpr,0000100000100,0,57.333333333333336,0.0,0.8666666666666667,0.0,195.0,885.0,0.18055555555555555,2.0,64.0,1.0
transformer,cpr,0000100000100,1,57.333333333333336,0.0,1.0,0.0,85.0,995.0,0.0787037037037037,2.0,64.0,1.0
transformer,cpr,0000100000100,2,57.333333333333336,0.0,1.0,0.0,83.0,997.0,0.07685185185185185,2.0,64.0,1.0
transformer,cpr,0000100000100,3,57.333333333333336,0.0,1.0,0.0,167.0,913.0,0.15462962962962962,2.0,64.0,0.0
transformer,cpr,0000100000100,4,57.333333333333336,1.0,1.0,42.0,941.0,139.0,0.8712962962962963,2.0,64.0,0.0
transformer,cpr,0000100000100,5,57.333333333333336,0.0,1.0,0.0,177.0,903.0,0.1638888888888889,2.0,64.0,0.0
transformer,cpr,0000100000100,6,57.333333333333336,0.0,1.0,0.0,137.0,943.0,0.12685185185185185,2.0,64.0,0.0
transformer,cpr,0000100000100,7,57.333333333333336,0.0,1.0,0.0,136.0,944.0,0.1259259259259259,2.0,64.0,0.0
transformer,cpr,0000100000100,8,57.333333333333336,0.0,1.0,0.0,181.0,899.0,0.1675925925925926,2.0,64.0,0.0
transformer,cpr,0000100000100,9,57.333333333333336,0.0,0.0,0.0,180.0,900.0,0.16666666666666666,2.0,64.0,0.0
transformer,cpr,0000100000100,10,57.333333333333336,1.0,0.0,22.0,967.0,113.0,0.8953703703703703,2.0,64.0,0.0
transformer,cpr,0000100000100,11,57.333333333333336,0.0,1.0,0.0,93.0,987.0,0.0861111111111111,2.0,64.0,0.0
transformer,cpr,0000100000100,12,57.333333333333336,0.0,0.6666666666666666,0.0,114.0,966.0,0.10555555555555556,2.0,64.0,0.0
transformer,cpr,0000100001000,0,57.333333333333336,0.0,0.7666666666666666,8.0,195.0,885.0,0.18055555555555555,2.0,52.0,1.0
transformer,cpr,0000100001000,1,57.333333333333336,0.0,1.0,0.0,85.0,995.0,0.0787037037037037,2.0,52.0,1.0
transformer,cpr,0000100001000,2,57.333333333333336,0.0,1.0,0.0,83.0,997.0,0.07685185185185185,2.0,52.0,1.0
transformer,cpr,0000100001000,3,57.333333333333336,0.0,1.0,0.0,167.0,913.0,0.15462962962962962,2.0,52.0,0.0
transformer,cpr,0000100001000,4,57.333333333333336,1.0,1.0,22.0,941.0,139.0,0.8712962962962963,2.0,52.0,0.0
transformer,cpr,0000100001000,5,57.333333333333336,0.0,1.0,0.0,177.0,903.0,0.1638888888888889,2.0,52.0,0.0
transformer,cpr,0000100001000,6,57.333333333333336,0.0,1.0,0.0,137.0,943.0,0.12685185185185185,2.0,52.0,0.0
transformer,cpr,0000100001000,7,57.333333333333336,0.0,1.0,0.0,136.0,944.0,0.1259259259259259,2.0,52.0,0.0
transformer,cpr,0000100001000,8,57.333333333333336,0.0,1.0,0.0,181.0,899.0,0.1675925925925926,2.0,52.0,0.0
transformer,cpr,0000100001000,9,57.333333333333336,1.0,0.0,22.0,912.0,168.0,0.8444444444444444,2.0,52.0,0.0
transformer,cpr,0000100001000,10,57.333333333333336,0.0,0.3,0.0,125.0,955.0,0.11574074074074074,2.0,52.0,0.0
transformer,cpr,0000100001000,11,57.333333333333336,0.0,1.0,0.0,93.0,987.0,0.0861111111111111,2.0,52.0,0.0
transformer,cpr,0000100001000,12,57.333333333333336,0.0,0.7666666666666666,0.0,114.0,966.0,0.10555555555555556,2.0,52.0,0.0
transformer,cpr,0000100010000,0,57.333333333333336,0.0,0.5333333333333333,8.0,190.0,907.6666666666666,0.17303913145827457,2.0,92.66666666666667,1.0
transformer,cpr,0000100010000,1,57.333333333333336,0.0,1.0,0.0,93.0,1004.6666666666666,0.08468840871030038,2.0,92.66666666666667,1.0
transformer,cpr,0000100010000,2,57.333333333333336,0.0,1.0,0.0,95.66666666666667,1002.0,0.08721179898708133,2.0,92.66666666666667,1.0
transformer,cpr,0000100010000,3,57.333333333333336,0.0,1.0,0.0,165.33333333333334,932.3333333333334,0.15075009749088739,2.0,92.66666666666667,0.0
transformer,cpr,0000100010000,4,57.333333333333336,1.0,1.0,42.0,965.3333333333334,132.33333333333334,0.8793894535550124,2.0,92.66666666666667,0.0
transformer,cpr,0000100010000,5,57.333333333333336,0.0,1.0,0.0,146.33333333333334,951.3333333333334,0.1330515620602462,2.0,92.66666666666667,0.0
transformer,cpr,0000100010000,6,57.333333333333336,0.0,1.0,8.0,146.66666666666666,951.0,0.13363006736805297,2.0,92.66666666666667,0.0
transformer,cpr,0000100010000,7,57.333333333333336,0.0,1.0,0.0,165.33333333333334,932.3333333333334,0.15062732611338978,2.0,92.66666666666667,0.0
transformer,cpr,0000100010000,8,57.333333333333336,1.0,0.4666666666666666,34.666666666666664,932.0,165.66666666666666,0.8490572501020126,2.0,92.66666666666667,0.0
transformer,cpr,0000100010000,9,57.333333333333336,0.0,0.5333333333333333,0.0,188.66666666666666,909.0,0.17177743631988415,2.0,92.66666666666667,0.0
transformer,cpr,0000100010000,10,57.333333333333336,0.0,0.9333333333333332,0.0,117.66666666666667,980.0,0.10717036912804095,2.0,92.66666666666667,0.0
transformer,cpr,0000100010000,11,57.333333333333336,0.0,1.0,0.0,92.66666666666667,1005.0,0.08447821753498641,2.0,92.66666666666667,0.0
transformer,cpr,0000100010000,12,57.333333333333336,0.0,0.8666666666666667,0.0,98.66666666666667,999.0,0.08982260906167865,2.0,92.66666666666667,0.0
transformer,cpr,0000100100000,0,57.333333333333336,0.0,0.6666666666666666,0.0,185.0,902.0,0.1701931922723091,2.0,82.0,1.0
transformer,cpr,0000100100000,1,57.333333333333336,0.0,1.0,0.0,90.0,997.0,0.0827966881324747,2.0,82.0,1.0
transformer,cpr,0000100100000,2,57.333333333333336,0.0,1.0,0.0,98.0,989.0,0.09015639374425023,2.0,82.0,1.0
transformer,cpr,0000100100000,3,57.333333333333336,0.0,1.0,0.0,171.0,916.0,0.15731370745170192,2.0,82.0,0.0
transformer,cpr,0000100100000,4,57.333333333333336,1.0,0.3333333333333333,40.0,953.0,134.0,0.8767249310027599,2.0,82.0,0.0
transformer,cpr,0000100100000,5,57.333333333333336,0.0,1.0,0.0,130.0,957.0,0.11959521619135234,2.0,82.0,0.0
transformer,cpr,0000100100000,6,57.333333333333336,0.0,1.0,0.0,146.0,941.0,0.1343146274149034,2.0,82.0,0.0
transformer,cpr,0000100100000,7,57.333333333333336,1.0,1.0,42.0,933.0,154.0,0.8583256669733211,2.0,82.0,0.0
transformer,cpr,0000100100000,8,57.333333333333336,0.0,0.6666666666666666,0.0,175.0,912.0,0.1609935602575897,2.0,82.0,0.0
transformer,cpr,0000100100000,9,57.333333333333336,0.0,0.6666666666666666,0.0,181.0,906.0,0.16651333946642136,2.0,82.0,0.0
transformer,cpr,0000100100000,10,57.333333333333336,0.0,0.3333333333333333,0.0,115.0,972.0,0.10579576816927323,2.0,82.0,0.0
transformer,cpr,0000100100000,11,57.333333333333336,0.0,1.0,0.0,95.0,992.0,0.08739650413983441,2.0,82.0,0.0
transformer,cpr,0000100100000,12,57.333333333333336,0.0,0.9333333333333332,0.0,94.0,993.0,0.08647654093836248,2.0,82.0,0.0
transformer,cpr,0000101000000,0,57.333333333333336,0.0,1.0,0.0,185.0,902.0,0.1701931922723091,2.0,72.0,1.0
transformer,cpr,0000101000000,1,57.333333333333336,0.0,1.0,0.0,90.0,997.0,0.0827966881324747,2.0,72.0,1.0
transformer,cpr,0000101000000,2,57.333333333333336,0.0,1.0,0.0,98.0,989.0,0.09015639374425023,2.0,72.0,1.0
transformer,cpr,0000101000000,3,57.333333333333336,0.0,0.7333333333333334,0.0,171.0,916.0,0.15731370745170192,2.0,72.0,0.0
transformer,cpr,0000101000000,4,57.333333333333336,1.0,1.0,22.0,953.0,134.0,0.8767249310027599,2.0,72.0,0.0
transformer,cpr,0000101000000,5,57.333333333333336,0.0,1.0,0.0,130.0,957.0,0.11959521619135234,2.0,72.0,0.0
transformer,cpr,0000101000000,6,57.333333333333336,1.0,0.6666666666666666,42.0,953.0,134.0,0.8767249310027599,2.0,72.0,0.0
transformer,cpr,0000101000000,7,57.333333333333336,0.0,1.0,0.0,166.0,921.0,0.15271389144434222,2.0,72.0,0.0
transformer,cpr,0000101000000,8,57.333333333333336,0.0,0.9333333333333332,8.0,175.0,912.0,0.1609935602575897,2.0,72.0,0.0
transformer,cpr,0000101000000,9,57.333333333333336,0.0,1.0,0.0,181.0,906.0,0.16651333946642136,2.0,72.0,0.0
transformer,cpr,0000101000000,10,57.333333333333336,0.0,1.0,0.0,115.0,972.0,0.10579576816927323,2.0,72.0,0.0
transformer,cpr,0000101000000,11,57.333333333333336,0.0,1.0,0.0,95.0,992.0,0.08739650413983441,2.0,72.0,0.0
transformer,cpr,0000101000000,12,57.333333333333336,0.0,0.9333333333333332,0.0,94.0,993.0,0.08647654093836248,2.0,72.0,0.0
transformer,cpr,0001000000000,0,57.333333333333336,0.0,0.16666666666666666,8.666666666666666,208.66666666666666,852.3333333333334,0.1967196766913347,1.0,125.66666666666667,1.0
transformer,cpr,0001000000000,1,57.333333333333336,0.0,1.0,0.0,82.0,979.0,0.0769974982067566,1.0,125.66666666666667,1.0
transformer,cpr,0001000000000,2,57.333333333333336,0.0,1.0,0.0,95.33333333333333,965.6666666666666,0.09000682307248202,1.0,125.66666666666667,1.0
transformer,cpr,0001000000000,3,57.333333333333336,1.0,0.5166666666666667,42.0,929.3333333333334,131.66666666666666,0.8757116114697597,1.0,125.66666666666667,0.0
transformer,cpr,0001000000000,4,57.333333333333336,0.0,0.9833333333333334,12.0,159.33333333333334,901.6666666666666,0.15029829073286796,1.0,125.66666666666667,0.0
transformer,cpr,0001000000000,5,57.333333333333336,0.0,0.9666666666666667,10.333333333333334,164.0,897.0,0.15485750275547158,1.0,125.66666666666667,0.0
transformer,cpr,0001000000000,6,57.333333333333336,0.0,1.0,7.0,111.0,950.0,0.10434402281355516,1.0,125.66666666666667,0.0
transformer,cpr,0001000000000,7,57.333333333333336,0.0,1.0,10.666666666666666,171.33333333333334,889.6666666666666,0.16164383561643836,1.0,125.66666666666667,0.0
transformer,cpr,0001000000000,8,57.333333333333336,0.0,0.9833333333333334,9.0,179.0,882.0,0.16870484088245072,1.0,125.66666666666667,0.0
transformer,cpr,0001000000000,9,57.333333333333336,0.0,1.0,7.666666666666667,193.0,868.0,0.18232299375426442,1.0,125.66666666666667,0.0
transformer,cpr,0001000000000,10,57.333333333333336,0.0,0.9666666666666667,8.666666666666666,129.33333333333334,931.6666666666666,0.12191955772494271,1.0,125.66666666666667,0.0
transformer,cpr,0001000000000,11,57.333333333333336,0.0,1.0,0.0,70.66666666666667,990.3333333333334,0.06652845571126158,1.0,125.66666666666667,0.0
transformer,cpr,0001000000000,12,57.333333333333336,0.0,1.0,9.666666666666666,114.66666666666667,946.3333333333334,0.1080494760230235,1.0,125.66666666666667,0.0
transformer,cpr,0001000000001,0,57.333333333333336,0.0,1.0,0.0,216.0,910.0,0.19182948490230908,2.0,84.0,1.0
transformer,cpr,0001000000001,1,57.333333333333336,0.0,1.0,0.0,97.0,1029.0,0.08614564831261101,2.0,84.0,1.0
transformer,cpr,0001000000001,2,57.333333333333336,0.0,1.0,0.0,75.0,1051.0,0.06660746003552398,2.0,84.0,1.0
transformer,cpr,0001000000001,3,57.333333333333336,1.0,1.0,42.0,962.0,164.0,0.8543516873889875,2.0,84.0,0.0
transformer,cpr,0001000000001,4,57.333333333333336,0.0,0.8666666666666667,0.0,153.0,973.0,0.13587921847246892,2.0,84.0,0.0
transformer,cpr,0001000000001,5,57.333333333333336,0.0,0.5,0.0,181.0,945.0,0.16074600355239788,2.0,84.0,0.0
transformer,cpr,0001000000001,6,57.333333333333336,0.0,1.0,0.0,112.0,1014.0,0.0994671403197158,2.0,84.0,0.0
transformer,cpr,0001000000001,7,57.333333333333336,0.0,1.0,0.0,156.0,970.0,0.13854351687388988,2.0,84.0,0.0
transformer,cpr,0001000000001,8,57.333333333333336,0.0,0.7000000000000001,0.0,150.0,976.0,0.13321492007104796,2.0,84.0,0.0
transformer,cpr,0001000000001,9,57.333333333333336,0.0,0.39999999999999997,0.0,211.0,915.0,0.18738898756660746,2.0,84.0,0.0
transformer,cpr,0001000000001,10,57.333333333333336,0.0,0.9333333333333332,0.0,125.0,1001.0,0.11101243339253997,2.0,84.0,0.0
transformer,cpr,0001000000001,11,57.333333333333336,0.0,1.0,0.0,95.0,1031.0,0.08436944937833037,2.0,84.0,0.0
transformer,cpr,0001000000001,12,57.333333333333336,1.0,0.43333333333333335,42.0,1029.0,97.0,0.9138543516873888,2.0,84.0,0.0
transformer,cpr,0001000000100,0,57.333333333333336,0.0,0.6,0.0,216.0,910.0,0.19182948490230908,2.0,82.0,1.0
transformer,cpr,0001000000100,1,57.333333333333336,0.0,1.0,0.0,97.0,1029.0,0.08614564831261101,2.0,82.0,1.0
transformer,cpr,0001000000100,2,57.333333333333336,0.0,1.0,0.0,75.0,1051.0,0.06660746003552398,2.0,82.0,1.0
transformer,cpr,0001000000100,3,57.333333333333336,1.0,1.0,40.0,962.0,164.0,0.8543516873889875,2.0,82.0,0.0
transformer,cpr,0001000000100,4,57.333333333333336,0.0,1.0,0.0,153.0,973.0,0.13587921847246892,2.0,82.0,0.0
transformer,cpr,0001000000100,5,57.333333333333336,0.0,0.39999999999999997,0.0,181.0,945.0,0.16074600355239788,2.0,82.0,0.0
transformer,cpr,0001000000100,6,57.333333333333336,0.0,1.0,0.0,112.0,1014.0,0.0994671403197158,2.0,82.0,0.0
transformer,cpr,0001000000100,7,57.333333333333336,0.0,1.0,0.0,156.0,970.0,0.13854351687388988,2.0,82.0,0.0
transformer,cpr,0001000000100,8,57.333333333333336,0.0,1.0,0.0,150.0,976.0,0.13321492007104796,2.0,82.0,0.0
transformer,cpr,0001000000100,9,57.333333333333336,0.0,0.39999999999999997,0.0,211.0,915.0,0.18738898756660746,2.0,82.0,0.0
transformer,cpr,0001000000100,10,57.333333333333336,1.0,0.0,42.0,1013.0,113.0,0.8996447602131439,2.0,82.0,0.0
transformer,cpr,0001000000100,11,57.333333333333336,0.0,1.0,0.0,95.0,1031.0,0.08436944937833037,2.0,82.0,0.0
transformer,cpr,0001000000100,12,57.333333333333336,0.0,1.0,0.0,109.0,1017.0,0.09680284191829484,2.0,82.0,0.0
transformer,cpr,0001000001000,0,57.333333333333336,0.0,0.5833333333333334,8.0,185.0,902.0,0.1701931922723091,2.0,100.0,1.0
transformer,cpr,0001000001000,1,57.333333333333336,0.0,1.0,0.0,90.0,997.0,0.0827966881324747,2.0,100.0,1.0
transformer,cpr,0001000001000,2,57.333333333333336,0.0,1.0,0.0,98.0,989.0,0.09015639374425023,2.0,100.0,1.0
transformer,cpr,0001000001000,3,57.333333333333336,1.0,1.0,42.0,928.0,159.0,0.8537258509659612,2.0,100.0,0.0
transformer,cpr,0001000001000,4,57.333333333333336,0.0,1.0,0.0,146.0,941.0,0.1343146274149034,2.0,100.0,0.0
transformer,cpr,0001000001000,5,57.333333333333336,0.0,0.6666666666666666,8.0,130.0,957.0,0.11959521619135234,2.0,100.0,0.0
transformer,cpr,0001000001000,6,57.333333333333336,0.0,1.0,0.0,146.0,941.0,0.1343146274149034,2.0,100.0,0.0
transformer,cpr,0001000001000,7,57.333333333333336,0.0,1.0,0.0,166.0,921.0,0.15271389144434222,2.0,100.0,0.0
transformer,cpr,0001000001000,8,57.333333333333336,0.0,0.8666666666666667,0.0,175.0,912.0,0.1609935602575897,2.0,100.0,0.0
transformer,cpr,0001000001000,9,57.333333333333336,1.0,0.0,42.0,913.0,174.0,0.8399264029438823,2.0,100.0,0.0
transformer,cpr,0001000001000,10,57.333333333333336,0.0,0.7166666666666667,0.0,115.0,972.0,0.10579576816927323,2.0,100.0,0.0
transformer,cpr,0001000001000,11,57.333333333333336,0.0,0.9166666666666666,0.0,95.0,992.0,0.08739650413983441,2.0,100.0,0.0
transformer,cpr,0001000001000,12,57.333333333333336,0.0,0.8333333333333334,0.0,89.0,998.0,0.08187672493100276,2.0,100.0,0.0
transformer,cpr,0001000010000,0,57.333333333333336,0.0,0.9333333333333332,8.0,185.0,901.0,0.17034990791896867,2.0,92.0,1.0
transformer,cpr,0001000010000,1,57.333333333333336,0.0,1.0,0.0,90.0,996.0,0.08287292817679558,2.0,92.0,1.0
transformer,cpr,0001000010000,2,57.333333333333336,0.0,1.0,0.0,98.0,988.0,0.09023941068139964,2.0,92.0,1.0
transformer,cpr,0001000010000,3,57.333333333333336,1.0,1.0,42.0,928.0,158.0,0.85451197053407,2.0,92.0,0.0
transformer,cpr,0001000010000,4,57.333333333333336,0.0,1.0,0.0,146.0,940.0,0.13443830570902393,2.0,92.0,0.0
transformer,cpr,0001000010000,5,57.333333333333336,0.0,0.7999999999999999,0.0,130.0,956.0,0.11970534069981582,2.0,92.0,0.0
transformer,cpr,0001000010000,6,57.333333333333336,0.0,1.0,0.0,146.0,940.0,0.13443830570902393,2.0,92.0,0.0
transformer,cpr,0001000010000,7,57.333333333333336,0.0,1.0,0.0,166.0,920.0,0.15285451197053407,2.0,92.0,0.0
transformer,cpr,0001000010000,8,57.333333333333336,1.0,0.7000000000000001,42.0,923.0,163.0,0.8499079189686926,2.0,92.0,0.0
transformer,cpr,0001000010000,9,57.333333333333336,0.0,0.4666666666666666,0.0,185.0,901.0,0.17034990791896867,2.0,92.0,0.0
transformer,cpr,0001000010000,10,57.333333333333336,0.0,0.7999999999999999,0.0,115.0,971.0,0.10589318600368323,2.0,92.0,0.0
transformer,cpr,0001000010000,11,57.333333333333336,0.0,1.0,0.0,95.0,991.0,0.08747697974217311,2.0,92.0,0.0
transformer,cpr,0001000010000,12,57.333333333333336,0.0,1.0,0.0,89.0,997.0,0.08195211786372007,2.0,92.0,0.0
transformer,cpr,0001000100000,0,57.333333333333336,0.0,0.5666666666666667,0.0,185.0,901.0,0.17034990791896867,2.0,82.0,1.0
transformer,cpr,0001000100000,1,57.333333333333336,0.0,1.0,0.0,90.0,996.0,0.08287292817679558,2.0,82.0,1.0
transformer,cpr,0001000100000,2,57.333333333333336,0.0,0.8333333333333334,0.0,98.0,988.0,0.09023941068139964,2.0,82.0,1.0
transformer,cpr,0001000100000,3,57.333333333333336,1.0,0.0,40.0,928.0,158.0,0.85451197053407,2.0,82.0,0.0
transformer,cpr,0001000100000,4,57.333333333333336,0.0,0.8333333333333334,0.0,146.0,940.0,0.13443830570902393,2.0,82.0,0.0
transformer,cpr,0001000100000,5,57.333333333333336,0.0,1.0,0.0,130.0,956.0,0.11970534069981582,2.0,82.0,0.0
transformer,cpr,0001000100000,6,57.333333333333336,0.0,1.0,0.0,146.0,940.0,0.13443830570902393,2.0,82.0,0.0
transformer,cpr,0001000100000,7,57.333333333333336,1.0,0.8333333333333334,42.0,932.0,154.0,0.8581952117863721,2.0,82.0,0.0
transformer,cpr,0001000100000,8,57.333333333333336,0.0,1.0,0.0,175.0,911.0,0.16114180478821363,2.0,82.0,0.0
transformer,cpr,0001000100000,9,57.333333333333336,0.0,0.8666666666666667,0.0,185.0,901.0,0.17034990791896867,2.0,82.0,0.0
transformer,cpr,0001000100000,10,57.333333333333336,0.0,0.9333333333333332,0.0,115.0,971.0,0.10589318600368323,2.0,82.0,0.0
transformer,cpr,0001000100000,11,57.333333333333336,0.0,0.7999999999999999,0.0,95.0,991.0,0.08747697974217311,2.0,82.0,0.0
transformer,cpr,0001000100000,12,57.333333333333336,0.0,1.0,0.0,89.0,997.0,0.08195211786372007,2.0,82.0,0.0
transformer,cpr,0001001000000,0,57.333333333333336,0.0,1.0,0.0,185.0,901.0,0.17034990791896867,2.0,64.0,1.0
transformer,cpr,0001001000000,1,57.333333333333336,0.0,1.0,0.0,90.0,996.0,0.08287292817679558,2.0,64.0,1.0
transformer,cpr,0001001000000,2,57.333333333333336,0.0,0.9333333333333332,0.0,98.0,988.0,0.09023941068139964,2.0,64.0,1.0
transformer,cpr,0001001000000,3,57.333333333333336,1.0,0.26666666666666666,22.0,928.0,158.0,0.85451197053407,2.0,64.0,0.0
transformer,cpr,0001001000000,4,57.333333333333336,0.0,0.8333333333333334,0.0,146.0,940.0,0.13443830570902393,2.0,64.0,0.0
transformer,cpr,0001001000000,5,57.333333333333336,0.0,0.7666666666666666,0.0,130.0,956.0,0.11970534069981582,2.0,64.0,0.0
transformer,cpr,0001001000000,6,57.333333333333336,1.0,0.8333333333333334,42.0,950.0,136.0,0.8747697974217311,2.0,64.0,0.0
transformer,cpr,0001001000000,7,57.333333333333336,0.0,0.9333333333333332,0.0,164.0,922.0,0.15101289134438306,2.0,64.0,0.0
transformer,cpr,0001001000000,8,57.333333333333336,0.0,1.0,0.0,175.0,911.0,0.16114180478821363,2.0,64.0,0.0
transformer,cpr,0001001000000,9,57.333333333333336,0.0,1.0,0.0,185.0,901.0,0.17034990791896867,2.0,64.0,0.0
transformer,cpr,0001001000000,10,57.333333333333336,0.0,1.0,0.0,115.0,971.0,0.10589318600368323,2.0,64.0,0.0
transformer,cpr,0001001000000,11,57.333333333333336,0.0,0.8666666666666667,0.0,95.0,991.0,0.08747697974217311,2.0,64.0,0.0
transformer,cpr,0001001000000,12,57.333333333333336,0.0,1.0,0.0,89.0,997.0,0.08195211786372007,2.0,64.0,0.0
transformer,cpr,0001010000000,0,57.333333333333336,0.0,0.06666666666666667,8.0,185.0,901.0,0.17034990791896867,2.0,80.0,1.0
transformer,cpr,0001010000000,1,57.333333333333336,0.0,1.0,0.0,90.0,996.0,0.08287292817679558,2.0,80.0,1.0
transformer,cpr,0001010000000,2,57.333333333333336,0.0,1.0,0.0,98.0,988.0,0.09023941068139964,2.0,80.0,1.0
transformer,cpr,0001010000000,3,57.333333333333336,1.0,0.6666666666666666,22.0,928.0,158.0,0.85451197053407,2.0,80.0,0.0
transformer,cpr,0001010000000,4,57.333333333333336,0.0,1.0,0.0,146.0,940.0,0.13443830570902393,2.0,80.0,0.0
transformer,cpr,0001010000000,5,57.333333333333336,1.0,0.06666666666666667,42.0,963.0,123.0,0.8867403314917127,2.0,80.0,0.0
transformer,cpr,0001010000000,6,57.333333333333336,0.0,1.0,0.0,143.0,943.0,0.13167587476979742,2.0,80.0,0.0
transformer,cpr,0001010000000,7,57.333333333333336,0.0,1.0,0.0,164.0,922.0,0.15101289134438306,2.0,80.0,0.0
transformer,cpr,0001010000000,8,57.333333333333336,0.0,1.0,0.0,175.0,911.0,0.16114180478821363,2.0,80.0,0.0
transformer,cpr,0001010000000,9,57.333333333333336,0.0,0.5666666666666667,8.0,185.0,901.0,0.17034990791896867,2.0,80.0,0.0
transformer,cpr,0001010000000,10,57.333333333333336,0.0,0.6666666666666666,0.0,115.0,971.0,0.10589318600368323,2.0,80.0,0.0
transformer,cpr,0001010000000,11,57.333333333333336,0.0,1.0,0.0,95.0,991.0,0.08747697974217311,2.0,80.0,0.0
transformer,cpr,0001010000000,12,57.333333333333336,0.0,0.9333333333333332,0.0,89.0,997.0,0.08195211786372007,2.0,80.0,0.0
transformer,cpr,0001100000000,0,57.333333333333336,0.0,0.26666666666666666,0.0,185.0,901.0,0.17034990791896867,2.0,84.0,1.0
transformer,cpr,0001100000000,1,57.333333333333336,0.0,1.0,0.0,90.0,996.0,0.08287292817679558,2.0,84.0,1.0
transformer,cpr,0001100000000,2,57.333333333333336,0.0,1.0,0.0,98.0,988.0,0.09023941068139964,2.0,84.0,1.0
transformer,cpr,0001100000000,3,57.333333333333336,1.0,0.5666666666666667,42.0,928.0,158.0,0.85451197053407,2.0,84.0,0.0
transformer,cpr,0001100000000,4,57.333333333333336,1.0,0.39999999999999997,42.0,950.0,136.0,0.8747697974217311,2.0,84.0,0.0
transformer,cpr,0001100000000,5,57.333333333333336,0.0,0.7333333333333334,0.0,133.0,953.0,0.12246777163904236,2.0,84.0,0.0
transformer,cpr,0001100000000,6,57.333333333333336,0.0,1.0,0.0,143.0,943.0,0.13167587476979742,2.0,84.0,0.0
transformer,cpr,0001100000000,7,57.333333333333336,0.0,1.0,0.0,164.0,922.0,0.15101289134438306,2.0,84.0,0.0
transformer,cpr,0001100000000,8,57.333333333333336,0.0,1.0,0.0,175.0,911.0,0.16114180478821363,2.0,84.0,0.0
transformer,cpr,0001100000000,9,57.333333333333336,0.0,0.6666666666666666,0.0,185.0,901.0,0.17034990791896867,2.0,84.0,0.0
transformer,cpr,0001100000000,10,57.333333333333336,0.0,1.0,0.0,115.0,971.0,0.10589318600368323,2.0,84.0,0.0
transformer,cpr,0001100000000,11,57.333333333333336,0.0,1.0,0.0,95.0,991.0,0.08747697974217311,2.0,84.0,0.0
transformer,cpr,0001100000000,12,57.333333333333336,0.0,1.0,0.0,89.0,997.0,0.08195211786372007,2.0,84.0,0.0
transformer,cpr,0010000000000,0,57.333333333333336,0.0,1.0,0.0,208.66666666666666,852.3333333333334,0.1967196766913347,1.0,96.66666666666667,1.0
transformer,cpr,0010000000000,1,57.333333333333336,0.0,0.6833333333333332,0.0,82.0,979.0,0.0769974982067566,1.0,96.66666666666667,1.0
transformer,cpr,0010000000000,2,57.333333333333336,1.0,0.8166666666666668,42.0,1006.3333333333334,54.666666666666664,0.9483213492188457,1.0,96.66666666666667,1.0
transformer,cpr,0010000000000,3,57.333333333333336,0.0,1.0,0.0,172.33333333333334,888.6666666666666,0.16261656082156792,1.0,96.66666666666667,0.0
transformer,cpr,0010000000000,4,57.333333333333336,0.0,1.0,0.0,159.33333333333334,901.6666666666666,0.15029829073286796,1.0,96.66666666666667,0.0
transformer,cpr,0010000000000,5,57.333333333333336,0.0,1.0,5.333333333333333,164.0,897.0,0.15485750275547158,1.0,96.66666666666667,0.0
transformer,cpr,0010000000000,6,57.333333333333336,0.0,1.0,9.666666666666666,111.0,950.0,0.10434402281355516,1.0,96.66666666666667,0.0
transformer,cpr,0010000000000,7,57.333333333333336,0.0,1.0,10.666666666666666,171.33333333333334,889.6666666666666,0.16164383561643836,1.0,96.66666666666667,0.0
transformer,cpr,0010000000000,8,57.333333333333336,0.0,0.7833333333333333,5.666666666666667,179.0,882.0,0.16870484088245072,1.0,96.66666666666667,0.0
transformer,cpr,0010000000000,9,57.333333333333336,0.0,0.75,6.0,193.0,868.0,0.18232299375426442,1.0,96.66666666666667,0.0
transformer,cpr,0010000000000,10,57.333333333333336,0.0,0.7000000000000001,7.0,129.33333333333334,931.6666666666666,0.12191955772494271,1.0,96.66666666666667,0.0
transformer,cpr,0010000000000,11,57.333333333333336,0.0,1.0,0.0,70.66666666666667,990.3333333333334,0.06652845571126158,1.0,96.66666666666667,0.0
transformer,cpr,0010000000000,12,57.333333333333336,0.0,0.6,10.333333333333334,114.66666666666667,946.3333333333334,0.1080494760230235,1.0,96.66666666666667,0.0
transformer,cpr,0010000000001,0,57.333333333333336,0.0,1.0,0.0,185.0,901.0,0.17034990791896867,2.0,44.0,1.0
transformer,cpr,0010000000001,1,57.333333333333336,0.0,1.0,0.0,90.0,996.0,0.08287292817679558,2.0,44.0,1.0
transformer,cpr,0010000000001,2,57.333333333333336,1.0,1.0,22.0,1000.0,86.0,0.9208103130755064,2.0,44.0,1.0
transformer,cpr,0010000000001,3,57.333333333333336,0.0,1.0,0.0,170.0,916.0,0.15653775322283608,2.0,44.0,0.0
transformer,cpr,0010000000001,4,57.333333333333336,0.0,1.0,0.0,148.0,938.0,0.13627992633517497,2.0,44.0,0.0
transformer,cpr,0010000000001,5,57.333333333333336,0.0,0.6,0.0,133.0,953.0,0.12246777163904236,2.0,44.0,0.0
transformer,cpr,0010000000001,6,57.333333333333336,0.0,1.0,0.0,143.0,943.0,0.13167587476979742,2.0,44.0,0.0
transformer,cpr,0010000000001,7,57.333333333333336,0.0,1.0,0.0,164.0,922.0,0.15101289134438306,2.0,44.0,0.0
transformer,cpr,0010000000001,8,57.333333333333336,0.0,1.0,0.0,175.0,911.0,0.16114180478821363,2.0,44.0,0.0
transformer,cpr,0010000000001,9,57.333333333333336,0.0,0.4666666666666666,0.0,185.0,901.0,0.17034990791896867,2.0,44.0,0.0
transformer,cpr,0010000000001,10,57.333333333333336,0.0,0.6333333333333333,0.0,115.0,971.0,0.10589318600368323,2.0,44.0,0.0
transformer,cpr,0010000000001,11,57.333333333333336,0.0,1.0,0.0,95.0,991.0,0.08747697974217311,2.0,44.0,0.0
transformer,cpr,0010000000001,12,57.333333333333336,1.0,0.0,22.0,1009.0,77.0,0.929097605893186,2.0,44.0,0.0
transformer,cpr,0010000000100,0,57.333333333333336,0.0,1.0,0.0,185.0,901.0,0.17034990791896867,2.0,44.0,1.0
transformer,cpr,0010000000100,1,57.333333333333336,0.0,1.0,0.0,90.0,996.0,0.08287292817679558,2.0,44.0,1.0
transformer,cpr,0010000000100,2,57.333333333333336,1.0,1.0,22.0,1000.0,86.0,0.9208103130755064,2.0,44.0,1.0
transformer,cpr,0010000000100,3,57.333333333333336,0.0,1.0,0.0,170.0,916.0,0.15653775322283608,2.0,44.0,0.0
transformer,cpr,0010000000100,4,57.333333333333336,0.0,1.0,0.0,148.0,938.0,0.13627992633517497,2.0,44.0,0.0
transformer,cpr,0010000000100,5,57.333333333333336,0.0,0.6333333333333333,0.0,133.0,953.0,0.12246777163904236,2.0,44.0,0.0
transformer,cpr,0010000000100,6,57.333333333333336,0.0,1.0,0.0,143.0,943.0,0.13167587476979742,2.0,44.0,0.0
transformer,cpr,0010000000100,7,57.333333333333336,0.0,1.0,0.0,164.0,922.0,0.15101289134438306,2.0,44.0,0.0
transformer,cpr,0010000000100,8,57.333333333333336,0.0,1.0,0.0,175.0,911.0,0.16114180478821363,2.0,44.0,0.0
transformer,cpr,0010000000100,9,57.333333333333336,0.0,0.43333333333333335,0.0,185.0,901.0,0.17034990791896867,2.0,44.0,0.0
transformer,cpr,0010000000100,10,57.333333333333336,1.0,0.16666666666666666,22.0,983.0,103.0,0.9051565377532228,2.0,44.0,0.0
transformer,cpr,0010000000100,11,57.333333333333336,0.0,1.0,0.0,95.0,991.0,0.08747697974217311,2.0,44.0,0.0
transformer,cpr,0010000000100,12,57.333333333333336,0.0,0.7000000000000001,0.0,89.0,997.0,0.08195211786372007,2.0,44.0,0.0
transformer,cpr,0010000001000,0,57.333333333333336,0.0,1.0,0.0,185.0,902.0,0.1701931922723091,2.0,64.0,1.0
transformer,cpr,0010000001000,1,57.333333333333336,0.0,0.8333333333333334,0.0,90.0,997.0,0.0827966881324747,2.0,64.0,1.0
transformer,cpr,0010000001000,2,57.333333333333336,1.0,1.0,42.0,1000.0,87.0,0.9199632014719411,2.0,64.0,1.0
transformer,cpr,0010000001000,3,57.333333333333336,0.0,1.0,0.0,170.0,917.0,0.15639374425023,2.0,64.0,0.0
transformer,cpr,0010000001000,4,57.333333333333336,0.0,1.0,0.0,148.0,939.0,0.13615455381784727,2.0,64.0,0.0
transformer,cpr,0010000001000,5,57.333333333333336,0.0,0.31666666666666665,0.0,133.0,954.0,0.12235510579576818,2.0,64.0,0.0
transformer,cpr,0010000001000,6,57.333333333333336,0.0,1.0,0.0,143.0,944.0,0.13155473781048757,2.0,64.0,0.0
transformer,cpr,0010000001000,7,57.333333333333336,0.0,1.0,0.0,164.0,923.0,0.15087396504139836,2.0,64.0,0.0
transformer,cpr,0010000001000,8,57.333333333333336,0.0,1.0,0.0,175.0,912.0,0.1609935602575897,2.0,64.0,0.0
transformer,cpr,0010000001000,9,57.333333333333336,1.0,0.0,22.0,913.0,174.0,0.8399264029438823,2.0,64.0,0.0
transformer,cpr,0010000001000,10,57.333333333333336,0.0,0.16666666666666666,0.0,115.0,972.0,0.10579576816927323,2.0,64.0,0.0
transformer,cpr,0010000001000,11,57.333333333333336,0.0,1.0,0.0,95.0,992.0,0.08739650413983441,2.0,64.0,0.0
transformer,cpr,0010000001000,12,57.333333333333336,0.0,0.5666666666666667,0.0,89.0,998.0,0.08187672493100276,2.0,64.0,0.0
transformer,cpr,0010000010000,0,57.333333333333336,0.0,0.8333333333333334,0.0,185.0,901.0,0.17034990791896867,2.0,64.0,1.0
transformer,cpr,0010000010000,1,57.333333333333336,0.0,1.0,0.0,90.0,996.0,0.08287292817679558,2.0,64.0,1.0
transformer,cpr,0010000010000,2,57.333333333333336,1.0,0.6666666666666666,42.0,1000.0,86.0,0.9208103130755064,2.0,64.0,1.0
transformer,cpr,0010000010000,3,57.333333333333336,0.0,0.6666666666666666,0.0,170.0,916.0,0.15653775322283608,2.0,64.0,0.0
transformer,cpr,0010000010000,4,57.333333333333336,0.0,1.0,0.0,148.0,938.0,0.13627992633517497,2.0,64.0,0.0
transformer,cpr,0010000010000,5,57.333333333333336,0.0,0.8666666666666667,0.0,133.0,953.0,0.12246777163904236,2.0,64.0,0.0
transformer,cpr,0010000010000,6,57.333333333333336,0.0,1.0,0.0,143.0,943.0,0.13167587476979742,2.0,64.0,0.0
transformer,cpr,0010000010000,7,57.333333333333336,0.0,1.0,0.0,164.0,922.0,0.15101289134438306,2.0,64.0,0.0
transformer,cpr,0010000010000,8,57.333333333333336,1.0,0.3666666666666667,22.0,918.0,168.0,0.8453038674033149,2.0,64.0,0.0
transformer,cpr,0010000010000,9,57.333333333333336,0.0,0.5,0.0,180.0,906.0,0.16574585635359115,2.0,64.0,0.0
transformer,cpr,0010000010000,10,57.333333333333336,0.0,0.5666666666666667,0.0,115.0,971.0,0.10589318600368323,2.0,64.0,0.0
transformer,cpr,0010000010000,11,57.333333333333336,0.0,1.0,0.0,95.0,991.0,0.08747697974217311,2.0,64.0,0.0
transformer,cpr,0010000010000,12,57.333333333333336,0.0,0.5333333333333333,0.0,89.0,997.0,0.08195211786372007,2.0,64.0,0.0
transformer,cpr,0010000100000,0,57.333333333333336,0.0,1.0,0.0,185.0,901.0,0.17034990791896867,2.0,62.0,1.0
transformer,cpr,0010000100000,1,57.333333333333336,0.0,1.0,0.0,90.0,996.0,0.08287292817679558,2.0,62.0,1.0
transformer,cpr,0010000100000,2,57.333333333333336,1.0,0.5666666666666667,40.0,1000.0,86.0,0.9208103130755064,2.0,62.0,1.0
transformer,cpr,0010000100000,3,57.333333333333336,0.0,1.0,0.0,170.0,916.0,0.15653775322283608,2.0,62.0,0.0
transformer,cpr,0010000100000,4,57.333333333333336,0.0,1.0,0.0,148.0,938.0,0.13627992633517497,2.0,62.0,0.0
transformer,cpr,0010000100000,5,57.333333333333336,0.0,0.8333333333333334,0.0,133.0,953.0,0.12246777163904236,2.0,62.0,0.0
transformer,cpr,0010000100000,6,57.333333333333336,0.0,0.6666666666666666,0.0,143.0,943.0,0.13167587476979742,2.0,62.0,0.0
transformer,cpr,0010000100000,7,57.333333333333336,1.0,0.43333333333333335,22.0,932.0,154.0,0.8581952117863721,2.0,62.0,0.0
transformer,cpr,0010000100000,8,57.333333333333336,0.0,0.7999999999999999,0.0,178.0,908.0,0.16390423572744015,2.0,62.0,0.0
transformer,cpr,0010000100000,9,57.333333333333336,0.0,0.7000000000000001,0.0,180.0,906.0,0.16574585635359115,2.0,62.0,0.0
transformer,cpr,0010000100000,10,57.333333333333336,0.0,0.8333333333333334,0.0,115.0,971.0,0.10589318600368323,2.0,62.0,0.0
transformer,cpr,0010000100000,11,57.333333333333336,0.0,1.0,0.0,95.0,991.0,0.08747697974217311,2.0,62.0,0.0
transformer,cpr,0010000100000,12,57.333333333333336,0.0,0.5333333333333333,0.0,89.0,997.0,0.08195211786372007,2.0,62.0,0.0
transformer,cpr,0010001000000,0,57.333333333333336,0.0,1.0,0.0,190.0,907.0,0.17314360855604763,2.0,50.666666666666664,1.0
transformer,cpr,0010001000000,1,57.333333333333336,0.0,1.0,0.0,93.0,1004.0,0.08473923540651429,2.0,50.666666666666664,1.0
transformer,cpr,0010001000000,2,57.333333333333336,1.0,1.0,28.666666666666668,1011.0,86.0,0.9215887639746748,2.0,50.666666666666664,1.0
transformer,cpr,0010001000000,3,57.333333333333336,0.0,0.6333333333333333,0.0,162.33333333333334,934.6666666666666,0.14814759955695775,2.0,50.666666666666664,0.0
transformer,cpr,0010001000000,4,57.333333333333336,0.0,1.0,0.0,143.33333333333334,953.6666666666666,0.13076987641886254,2.0,50.666666666666664,0.0
transformer,cpr,0010001000000,5,57.333333333333336,0.0,0.8333333333333334,0.0,148.33333333333334,948.6666666666666,0.1349665990253729,2.0,50.666666666666664,0.0
transformer,cpr,0010001000000,6,57.333333333333336,1.0,0.43333333333333335,22.0,962.6666666666666,134.33333333333334,0.8775807786813075,2.0,50.666666666666664,0.0
transformer,cpr,0010001000000,7,57.333333333333336,0.0,0.9333333333333332,0.0,167.33333333333334,929.6666666666666,0.15254346076558095,2.0,50.666666666666664,0.0
transformer,cpr,0010001000000,8,57.333333333333336,0.0,1.0,0.0,176.66666666666666,920.3333333333334,0.1611014833357197,2.0,50.666666666666664,0.0
transformer,cpr,0010001000000,9,57.333333333333336,0.0,1.0,0.0,187.33333333333334,909.6666666666666,0.1706700108785633,2.0,50.666666666666664,0.0
transformer,cpr,0010001000000,10,57.333333333333336,0.0,1.0,0.0,119.33333333333333,977.6666666666666,0.10872473943289934,2.0,50.666666666666664,0.0
transformer,cpr,0010001000000,11,57.333333333333336,0.0,1.0,0.0,92.66666666666667,1004.3333333333334,0.08453186793654555,2.0,50.666666666666664,0.0
transformer,cpr,0010001000000,12,57.333333333333336,0.0,0.5,0.0,96.0,1001.0,0.0874020970446844,2.0,50.666666666666664,0.0
transformer,cpr,0010010000000,0,57.333333333333336,0.0,0.8333333333333334,0.0,190.0,907.0,0.17314360855604763,2.0,50.666666666666664,1.0
transformer,cpr,0010010000000,1,57.333333333333336,0.0,1.0,0.0,93.0,1004.0,0.08473923540651429,2.0,50.666666666666664,1.0
transformer,cpr,0010010000000,2,57.333333333333336,1.0,0.8333333333333334,28.666666666666668,1011.0,86.0,0.9215887639746748,2.0,50.666666666666664,1.0
transformer,cpr,0010010000000,3,57.333333333333336,0.0,1.0,0.0,162.33333333333334,934.6666666666666,0.14814759955695775,2.0,50.666666666666664,0.0
transformer,cpr,0010010000000,4,57.333333333333336,0.0,1.0,0.0,143.33333333333334,953.6666666666666,0.13076987641886254,2.0,50.666666666666664,0.0
transformer,cpr,0010010000000,5,57.333333333333336,1.0,0.16666666666666666,22.0,960.6666666666666,136.33333333333334,0.8759745036758352,2.0,50.666666666666664,0.0
transformer,cpr,0010010000000,6,57.333333333333336,0.0,1.0,0.0,146.33333333333334,950.6666666666666,0.1333603240199007,2.0,50.666666666666664,0.0
transformer,cpr,0010010000000,7,57.333333333333336,0.0,1.0,0.0,167.33333333333334,929.6666666666666,0.15254346076558095,2.0,50.666666666666664,0.0
transformer,cpr,0010010000000,8,57.333333333333336,0.0,0.7999999999999999,0.0,176.66666666666666,920.3333333333334,0.1611014833357197,2.0,50.666666666666664,0.0
transformer,cpr,0010010000000,9,57.333333333333336,0.0,0.7999999999999999,0.0,187.33333333333334,909.6666666666666,0.1706700108785633,2.0,50.666666666666664,0.0
transformer,cpr,0010010000000,10,57.333333333333336,0.0,0.43333333333333335,0.0,119.33333333333333,977.6666666666666,0.10872473943289934,2.0,50.666666666666664,0.0
transformer,cpr,0010010000000,11,57.333333333333336,0.0,1.0,0.0,92.66666666666667,1004.3333333333334,0.08453186793654555,2.0,50.666666666666664,0.0
transformer,cpr,0010010000000,12,57.333333333333336,0.0,0.6666666666666666,0.0,96.0,1001.0,0.0874020970446844,2.0,50.666666666666664,0.0
transformer,cpr,0100000000000,0,57.333333333333336,0.0,0.2333333333333333,0.0,209.66666666666666,885.6666666666666,0.1914194691641947,1.0,98.0,1.0
transformer,cpr,0100000000000,1,57.333333333333336,1.0,0.016666666666666666,35.333333333333336,1032.6666666666667,62.666666666666664,0.9427879434278794,1.0,98.0,1.0
transformer,cpr,0100000000000,2,57.333333333333336,0.0,1.0,0.0,90.0,1005.3333333333334,0.08216567232165672,1.0,98.0,1.0
transformer,cpr,0100000000000,3,57.333333333333336,0.0,1.0,0.0,160.66666666666666,934.6666666666666,0.1466853314668533,1.0,98.0,0.0
transformer,cpr,0100000000000,4,57.333333333333336,0.0,1.0,0.0,148.33333333333334,947.0,0.13542729060427292,1.0,98.0,0.0
transformer,cpr,0100000000000,5,57.333333333333336,0.0,0.9666666666666667,7.0,163.33333333333334,932.0,0.1491100889911009,1.0,98.0,0.0
transformer,cpr,0100000000000,6,57.333333333333336,0.0,1.0,7.0,137.0,958.3333333333334,0.1250738815007388,1.0,98.0,0.0
transformer,cpr,0100000000000,7,57.333333333333336,0.0,1.0,10.333333333333334,167.66666666666666,927.6666666666666,0.15307274828072748,1.0,98.0,0.0
transformer,cpr,0100000000000,8,57.333333333333336,0.0,1.0,10.333333333333334,181.66666666666666,913.6666666666666,0.16585702540857025,1.0,98.0,0.0
transformer,cpr,0100000000000,9,57.333333333333336,0.0,0.9666666666666667,8.666666666666666,181.0,914.3333333333334,0.16524097590240974,1.0,98.0,0.0
transformer,cpr,0100000000000,10,57.333333333333336,0.0,1.0,12.0,132.33333333333334,963.0,0.12081541845815419,1.0,98.0,0.0
transformer,cpr,0100000000000,11,57.333333333333336,0.0,0.8166666666666668,7.333333333333333,83.66666666666667,1011.6666666666666,0.07638152851381529,1.0,98.0,0.0
transformer,cpr,0100000000000,12,57.333333333333336,0.0,0.9833333333333334,0.0,106.66666666666667,988.6666666666666,0.09739026097390262,1.0,98.0,0.0
transformer,cpr,0100000000010,0,57.333333333333336,0.0,0.8333333333333334,0.0,194.66666666666666,942.3333333333334,0.17126984795387304,2.0,42.666666666666664,1.0
transformer,cpr,0100000000010,1,57.333333333333336,1.0,0.5,21.333333333333332,1058.0,79.0,0.9304539861226132,2.0,42.666666666666664,1.0
transformer,cpr,0100000000010,2,57.333333333333336,0.0,1.0,0.0,98.0,1039.0,0.08620262107622269,2.0,42.666666666666664,1.0
transformer,cpr,0100000000010,3,57.333333333333336,0.0,1.0,0.0,161.0,976.0,0.141520336500896,2.0,42.666666666666664,0.0
transformer,cpr,0100000000010,4,57.333333333333336,0.0,1.0,0.0,138.0,999.0,0.12135929143915893,2.0,42.666666666666664,0.0
transformer,cpr,0100000000010,5,57.333333333333336,0.0,1.0,0.0,177.66666666666666,959.3333333333334,0.15628825911941446,2.0,42.666666666666664,0.0
transformer,cpr,0100000000010,6,57.333333333333336,0.0,1.0,0.0,155.66666666666666,981.3333333333334,0.1369085773729037,2.0,42.666666666666664,0.0
transformer,cpr,0100000000010,7,57.333333333333336,0.0,1.0,0.0,172.0,965.0,0.15128035970785433,2.0,42.666666666666664,0.0
transformer,cpr,0100000000010,8,57.333333333333336,0.0,1.0,0.0,171.33333333333334,965.6666666666666,0.15072669907530875,2.0,42.666666666666664,0.0
transformer,cpr,0100000000010,9,57.333333333333336,0.0,0.3333333333333333,0.0,199.33333333333334,937.6666666666666,0.17535601938280096,2.0,42.666666666666664,0.0
transformer,cpr,0100000000010,10,57.333333333333336,0.0,0.6,0.0,130.0,1007.0,0.11433637924661605,2.0,42.666666666666664,0.0
transformer,cpr,0100000000010,11,57.333333333333336,1.0,0.2333333333333333,21.333333333333332,1061.0,76.0,0.9331489877368068,2.0,42.666666666666664,0.0
transformer,cpr,0100000000010,12,57.333333333333336,0.0,1.0,0.0,114.66666666666667,1022.3333333333334,0.10083017902733522,2.0,42.666666666666664,0.0
transformer,cpr,0100000000100,0,57.333333333333336,0.0,0.9333333333333332,0.0,190.0,907.0,0.17314360855604763,2.0,56.666666666666664,1.0
transformer,cpr,0100000000100,1,57.333333333333336,1.0,0.8666666666666667,22.0,1012.6666666666666,84.33333333333333,0.9231324995844421,2.0,56.666666666666664,1.0
transformer,cpr,0100000000100,2,57.333333333333336,0.0,1.0,0.0,94.66666666666667,1002.3333333333334,0.08628297101628164,2.0,56.666666666666664,1.0
transformer,cpr,0100000000100,3,57.333333333333336,0.0,1.0,0.0,162.33333333333334,934.6666666666666,0.14814759955695775,2.0,56.666666666666664,0.0
transformer,cpr,0100000000100,4,57.333333333333336,0.0,1.0,0.0,143.33333333333334,953.6666666666666,0.13076987641886254,2.0,56.666666666666664,0.0
transformer,cpr,0100000000100,5,57.333333333333336,0.0,0.6666666666666666,0.0,145.0,952.0,0.1318972313151212,2.0,56.666666666666664,0.0
transformer,cpr,0100000000100,6,57.333333333333336,0.0,1.0,0.0,146.33333333333334,950.6666666666666,0.1333603240199007,2.0,56.666666666666664,0.0
transformer,cpr,0100000000100,7,57.333333333333336,0.0,1.0,0.0,167.33333333333334,929.6666666666666,0.15254346076558095,2.0,56.666666666666664,0.0
transformer,cpr,0100000000100,8,57.333333333333336,0.0,1.0,0.0,176.66666666666666,920.3333333333334,0.1611014833357197,2.0,56.666666666666664,0.0
transformer,cpr,0100000000100,9,57.333333333333336,0.0,0.06666666666666667,0.0,187.33333333333334,909.6666666666666,0.1706700108785633,2.0,56.666666666666664,0.0
transformer,cpr,0100000000100,10,57.333333333333336,1.0,0.4666666666666666,34.666666666666664,986.3333333333334,110.66666666666667,0.8991469955580572,2.0,56.666666666666664,0.0
transformer,cpr,0100000000100,11,57.333333333333336,0.0,0.4666666666666666,0.0,92.66666666666667,1004.3333333333334,0.08453186793654555,2.0,56.666666666666664,0.0
transformer,cpr,0100000000100,12,57.333333333333336,0.0,0.9333333333333332,0.0,96.0,1001.0,0.0874020970446844,2.0,56.666666666666664,0.0
transformer,cpr,0100000001000,0,57.333333333333336,0.0,1.0,0.0,190.0,907.0,0.17314360855604763,2.0,76.0,1.0
transformer,cpr,0100000001000,1,57.333333333333336,1.0,0.6666666666666666,41.333333333333336,1012.6666666666666,84.33333333333333,0.9231324995844421,2.0,76.0,1.0
transformer,cpr,0100000001000,2,57.333333333333336,0.0,1.0,0.0,94.66666666666667,1002.3333333333334,0.08628297101628164,2.0,76.0,1.0
transformer,cpr,0100000001000,3,57.333333333333336,0.0,0.8333333333333334,0.0,162.33333333333334,934.6666666666666,0.14814759955695775,2.0,76.0,0.0
transformer,cpr,0100000001000,4,57.333333333333336,0.0,1.0,0.0,143.33333333333334,953.6666666666666,0.13076987641886254,2.0,76.0,0.0
transformer,cpr,0100000001000,5,57.333333333333336,0.0,1.0,0.0,145.0,952.0,0.1318972313151212,2.0,76.0,0.0
transformer,cpr,0100000001000,6,57.333333333333336,0.0,1.0,0.0,146.33333333333334,950.6666666666666,0.1333603240199007,2.0,76.0,0.0
transformer,cpr,0100000001000,7,57.333333333333336,0.0,1.0,0.0,167.33333333333334,929.6666666666666,0.15254346076558095,2.0,76.0,0.0
transformer,cpr,0100000001000,8,57.333333333333336,0.0,1.0,0.0,176.66666666666666,920.3333333333334,0.1611014833357197,2.0,76.0,0.0
transformer,cpr,0100000001000,9,57.333333333333336,1.0,0.0,34.666666666666664,920.3333333333334,176.66666666666666,0.8390433447385441,2.0,76.0,0.0
transformer,cpr,0100000001000,10,57.333333333333336,0.0,0.5333333333333333,0.0,121.33333333333333,975.6666666666666,0.11056636005905035,2.0,76.0,0.0
transformer,cpr,0100000001000,11,57.333333333333336,0.0,0.6666666666666666,0.0,92.66666666666667,1004.3333333333334,0.08453186793654555,2.0,76.0,0.0
transformer,cpr,0100000001000,12,57.333333333333336,0.0,0.6666666666666666,0.0,96.0,1001.0,0.0874020970446844,2.0,76.0,0.0
transformer,cpr,0100000010000,0,57.333333333333336,0.0,0.9333333333333332,0.0,190.0,907.0,0.17314360855604763,2.0,76.66666666666667,1.0
transformer,cpr,0100000010000,1,57.333333333333336,1.0,0.0,42.0,1012.6666666666666,84.33333333333333,0.9231324995844421,2.0,76.66666666666667,1.0
transformer,cpr,0100000010000,2,57.333333333333336,0.0,1.0,0.0,94.66666666666667,1002.3333333333334,0.08628297101628164,2.0,76.66666666666667,1.0
transformer,cpr,0100000010000,3,57.333333333333336,0.0,1.0,0.0,162.33333333333334,934.6666666666666,0.14814759955695775,2.0,76.66666666666667,0.0
transformer,cpr,0100000010000,4,57.333333333333336,0.0,1.0,0.0,143.33333333333334,953.6666666666666,0.13076987641886254,2.0,76.66666666666667,0.0
transformer,cpr,0100000010000,5,57.333333333333336,0.0,0.4666666666666666,0.0,145.0,952.0,0.1318972313151212,2.0,76.66666666666667,0.0
transformer,cpr,0100000010000,6,57.333333333333336,0.0,1.0,0.0,146.33333333333334,950.6666666666666,0.1333603240199007,2.0,76.66666666666667,0.0
transformer,cpr,0100000010000,7,57.333333333333336,0.0,1.0,0.0,167.33333333333334,929.6666666666666,0.15254346076558095,2.0,76.66666666666667,0.0
transformer,cpr,0100000010000,8,57.333333333333336,1.0,0.6666666666666666,34.666666666666664,929.0,168.0,0.8467702516552368,2.0,76.66666666666667,0.0
transformer,cpr,0100000010000,9,57.333333333333336,0.0,0.6,0.0,185.33333333333334,911.6666666666666,0.16882839025241228,2.0,76.66666666666667,0.0
transformer,cpr,0100000010000,10,57.333333333333336,0.0,0.7999999999999999,0.0,121.33333333333333,975.6666666666666,0.11056636005905035,2.0,76.66666666666667,0.0
transformer,cpr,0100000010000,11,57.333333333333336,0.0,0.8666666666666667,0.0,92.66666666666667,1004.3333333333334,0.08453186793654555,2.0,76.66666666666667,0.0
transformer,cpr,0100000010000,12,57.333333333333336,0.0,1.0,0.0,96.0,1001.0,0.0874020970446844,2.0,76.66666666666667,0.0
transformer,cpr,0100000100000,0,57.333333333333336,0.0,0.5333333333333333,0.0,185.0,901.0,0.17034990791896867,2.0,82.0,1.0
transformer,cpr,0100000100000,1,57.333333333333336,1.0,0.0,40.0,1003.0,83.0,0.923572744014733,2.0,82.0,1.0
transformer,cpr,0100000100000,2,57.333333333333336,0.0,0.9333333333333332,0.0,93.0,993.0,0.0856353591160221,2.0,82.0,1.0
transformer,cpr,0100000100000,3,57.333333333333336,0.0,1.0,0.0,170.0,916.0,0.15653775322283608,2.0,82.0,0.0
transformer,cpr,0100000100000,4,57.333333333333336,0.0,1.0,0.0,148.0,938.0,0.13627992633517497,2.0,82.0,0.0
transformer,cpr,0100000100000,5,57.333333333333336,0.0,1.0,0.0,128.0,958.0,0.11786372007366482,2.0,82.0,0.0
transformer,cpr,0100000100000,6,57.333333333333336,0.0,1.0,0.0,143.0,943.0,0.13167587476979742,2.0,82.0,0.0
transformer,cpr,0100000100000,7,57.333333333333336,1.0,1.0,42.0,925.0,161.0,0.8517495395948435,2.0,82.0,0.0
transformer,cpr,0100000100000,8,57.333333333333336,0.0,1.0,0.0,176.0,910.0,0.16206261510128914,2.0,82.0,0.0
transformer,cpr,0100000100000,9,57.333333333333336,0.0,0.6,0.0,177.0,909.0,0.16298342541436464,2.0,82.0,0.0
transformer,cpr,0100000100000,10,57.333333333333336,0.0,1.0,0.0,118.0,968.0,0.10865561694290976,2.0,82.0,0.0
transformer,cpr,0100000100000,11,57.333333333333336,0.0,0.8666666666666667,0.0,95.0,991.0,0.08747697974217311,2.0,82.0,0.0
transformer,cpr,0100000100000,12,57.333333333333336,0.0,0.8666666666666667,0.0,89.0,997.0,0.08195211786372007,2.0,82.0,0.0
transformer,cpr,0100001000000,0,57.333333333333336,0.0,0.9333333333333332,0.0,192.0,870.0,0.1807909604519774,2.0,44.0,1.0
transformer,cpr,0100001000000,1,57.333333333333336,1.0,0.0,22.0,985.0,77.0,0.9274952919020715,2.0,44.0,1.0
transformer,cpr,0100001000000,2,57.333333333333336,0.0,1.0,0.0,68.0,994.0,0.064030131826742,2.0,44.0,1.0
transformer,cpr,0100001000000,3,57.333333333333336,0.0,1.0,0.0,177.0,885.0,0.16666666666666666,2.0,44.0,0.0
transformer,cpr,0100001000000,4,57.333333333333336,0.0,1.0,0.0,148.0,914.0,0.1393596986817326,2.0,44.0,0.0
transformer,cpr,0100001000000,5,57.333333333333336,0.0,0.39999999999999997,0.0,166.0,896.0,0.15630885122410546,2.0,44.0,0.0
transformer,cpr,0100001000000,6,57.333333333333336,1.0,1.0,22.0,929.0,133.0,0.8747645951035782,2.0,44.0,0.0
transformer,cpr,0100001000000,7,57.333333333333336,0.0,1.0,0.0,170.0,892.0,0.160075329566855,2.0,44.0,0.0
transformer,cpr,0100001000000,8,57.333333333333336,0.0,1.0,0.0,176.0,886.0,0.1657250470809793,2.0,44.0,0.0
transformer,cpr,0100001000000,9,57.333333333333336,0.0,0.7333333333333334,0.0,208.0,854.0,0.19585687382297548,2.0,44.0,0.0
transformer,cpr,0100001000000,10,57.333333333333336,0.0,0.6666666666666666,0.0,108.0,954.0,0.1016949152542373,2.0,44.0,0.0
transformer,cpr,0100001000000,11,57.333333333333336,0.0,1.0,0.0,83.0,979.0,0.07815442561205273,2.0,44.0,0.0
transformer,cpr,0100001000000,12,57.333333333333336,0.0,0.9333333333333332,0.0,100.0,962.0,0.09416195856873823,2.0,44.0,0.0
transformer,cpr,0100010000000,0,57.333333333333336,0.0,0.7000000000000001,0.0,192.0,870.0,0.1807909604519774,2.0,42.0,1.0
transformer,cpr,0100010000000,1,57.333333333333336,1.0,0.4666666666666666,20.0,985.0,77.0,0.9274952919020715,2.0,42.0,1.0
transformer,cpr,0100010000000,2,57.333333333333336,0.0,0.9333333333333332,0.0,68.0,994.0,0.064030131826742,2.0,42.0,1.0
transformer,cpr,0100010000000,3,57.333333333333336,0.0,1.0,0.0,177.0,885.0,0.16666666666666666,2.0,42.0,0.0
transformer,cpr,0100010000000,4,57.333333333333336,0.0,1.0,0.0,148.0,914.0,0.1393596986817326,2.0,42.0,0.0
transformer,cpr,0100010000000,5,57.333333333333336,1.0,0.8666666666666667,22.0,908.0,154.0,0.8549905838041432,2.0,42.0,0.0
transformer,cpr,0100010000000,6,57.333333333333336,0.0,1.0,0.0,145.0,917.0,0.13653483992467044,2.0,42.0,0.0
transformer,cpr,0100010000000,7,57.333333333333336,0.0,1.0,0.0,170.0,892.0,0.160075329566855,2.0,42.0,0.0
transformer,cpr,0100010000000,8,57.333333333333336,0.0,0.9333333333333332,0.0,176.0,886.0,0.1657250470809793,2.0,42.0,0.0
transformer,cpr,0100010000000,9,57.333333333333336,0.0,0.5333333333333333,0.0,208.0,854.0,0.19585687382297548,2.0,42.0,0.0
transformer,cpr,0100010000000,10,57.333333333333336,0.0,0.8666666666666667,0.0,108.0,954.0,0.1016949152542373,2.0,42.0,0.0
transformer,cpr,0100010000000,11,57.333333333333336,0.0,1.0,0.0,83.0,979.0,0.07815442561205273,2.0,42.0,0.0
transformer,cpr,0100010000000,12,57.333333333333336,0.0,1.0,0.0,100.0,962.0,0.09416195856873823,2.0,42.0,0.0
transformer,cpr,1000000000000,0,57.333333333333336,1.0,0.03333333333333333,2.0,856.0,164.0,0.8392156862745098,1.0,102.0,1.0
transformer,cpr,1000000000000,1,57.333333333333336,0.0,0.4666666666666666,0.0,95.0,925.0,0.09313725490196079,1.0,102.0,1.0
transformer,cpr,1000000000000,2,57.333333333333336,0.0,1.0,0.0,99.0,921.0,0.09705882352941177,1.0,102.0,1.0
transformer,cpr,1000000000000,3,57.333333333333336,0.0,0.9500000000000001,12.0,172.0,848.0,0.16862745098039214,1.0,102.0,0.0
transformer,cpr,1000000000000,4,57.333333333333336,0.0,1.0,7.0,153.0,867.0,0.15,1.0,102.0,0.0
transformer,cpr,1000000000000,5,57.333333333333336,0.0,0.8333333333333334,7.0,166.0,854.0,0.1627450980392157,1.0,102.0,0.0
transformer,cpr,1000000000000,6,57.333333333333336,0.0,0.9833333333333334,12.0,132.0,888.0,0.12941176470588237,1.0,102.0,0.0
transformer,cpr,1000000000000,7,57.333333333333336,0.0,1.0,12.0,157.0,863.0,0.153921568627451,1.0,102.0,0.0
transformer,cpr,1000000000000,8,57.333333333333336,0.0,0.8333333333333334,12.0,154.0,866.0,0.15098039215686274,1.0,102.0,0.0
transformer,cpr,1000000000000,9,57.333333333333336,0.0,0.9666666666666667,7.0,185.0,835.0,0.18137254901960784,1.0,102.0,0.0
transformer,cpr,1000000000000,10,57.333333333333336,0.0,1.0,12.0,120.0,900.0,0.1176470588235294,1.0,102.0,0.0
transformer,cpr,1000000000000,11,57.333333333333336,0.0,0.8666666666666667,12.0,85.0,935.0,0.08333333333333333,1.0,102.0,0.0
transformer,cpr,1000000000000,12,57.333333333333336,0.0,1.0,7.0,110.0,910.0,0.10784313725490197,1.0,102.0,0.0
transformer,cpr,1000000000001,0,57.333333333333336,1.0,0.7333333333333334,22.0,882.0,180.0,0.8305084745762712,2.0,44.0,1.0
transformer,cpr,1000000000001,1,57.333333333333336,0.0,0.7000000000000001,0.0,89.0,973.0,0.08380414312617702,2.0,44.0,1.0
transformer,cpr,1000000000001,2,57.333333333333336,0.0,1.0,0.0,68.0,994.0,0.064030131826742,2.0,44.0,1.0
transformer,cpr,1000000000001,3,57.333333333333336,0.0,1.0,0.0,177.0,885.0,0.16666666666666666,2.0,44.0,0.0
transformer,cpr,1000000000001,4,57.333333333333336,0.0,1.0,0.0,148.0,914.0,0.1393596986817326,2.0,44.0,0.0
transformer,cpr,1000000000001,5,57.333333333333336,0.0,0.5333333333333333,0.0,166.0,896.0,0.15630885122410546,2.0,44.0,0.0
transformer,cpr,1000000000001,6,57.333333333333336,0.0,1.0,0.0,145.0,917.0,0.13653483992467044,2.0,44.0,0.0
transformer,cpr,1000000000001,7,57.333333333333336,0.0,1.0,0.0,170.0,892.0,0.160075329566855,2.0,44.0,0.0
transformer,cpr,1000000000001,8,57.333333333333336,0.0,1.0,0.0,176.0,886.0,0.1657250470809793,2.0,44.0,0.0
transformer,cpr,1000000000001,9,57.333333333333336,0.0,0.8666666666666667,0.0,208.0,854.0,0.19585687382297548,2.0,44.0,0.0
transformer,cpr,1000000000001,10,57.333333333333336,0.0,0.5666666666666667,0.0,108.0,954.0,0.1016949152542373,2.0,44.0,0.0
transformer,cpr,1000000000001,11,57.333333333333336,0.0,0.7000000000000001,0.0,83.0,979.0,0.07815442561205273,2.0,44.0,0.0
transformer,cpr,1000000000001,12,57.333333333333336,1.0,0.13333333333333333,22.0,974.0,88.0,0.9171374764595104,2.0,44.0,0.0
transformer,cpr,1000000000010,0,57.333333333333336,1.0,0.7666666666666666,22.0,882.0,180.0,0.8305084745762712,2.0,52.0,1.0
transformer,cpr,1000000000010,1,57.333333333333336,0.0,0.7999999999999999,0.0,89.0,973.0,0.08380414312617702,2.0,52.0,1.0
transformer,cpr,1000000000010,2,57.333333333333336,0.0,1.0,0.0,68.0,994.0,0.064030131826742,2.0,52.0,1.0
transformer,cpr,1000000000010,3,57.333333333333336,0.0,1.0,0.0,177.0,885.0,0.16666666666666666,2.0,52.0,0.0
transformer,cpr,1000000000010,4,57.333333333333336,0.0,1.0,0.0,148.0,914.0,0.1393596986817326,2.0,52.0,0.0
transformer,cpr,1000000000010,5,57.333333333333336,0.0,0.8333333333333334,0.0,166.0,896.0,0.15630885122410546,2.0,52.0,0.0
transformer,cpr,1000000000010,6,57.333333333333336,0.0,1.0,0.0,145.0,917.0,0.13653483992467044,2.0,52.0,0.0
transformer,cpr,1000000000010,7,57.333333333333336,0.0,1.0,8.0,170.0,892.0,0.160075329566855,2.0,52.0,0.0
transformer,cpr,1000000000010,8,57.333333333333336,0.0,1.0,0.0,176.0,886.0,0.1657250470809793,2.0,52.0,0.0
transformer,cpr,1000000000010,9,57.333333333333336,0.0,0.7333333333333334,0.0,208.0,854.0,0.19585687382297548,2.0,52.0,0.0
transformer,cpr,1000000000010,10,57.333333333333336,0.0,0.5,0.0,108.0,954.0,0.1016949152542373,2.0,52.0,0.0
transformer,cpr,1000000000010,11,57.333333333333336,1.0,0.2333333333333333,22.0,991.0,71.0,0.9331450094161958,2.0,52.0,0.0
transformer,cpr,1000000000010,12,57.333333333333336,0.0,1.0,0.0,100.0,962.0,0.09416195856873823,2.0,52.0,0.0
transformer,cpr,1000000000100,0,57.333333333333336,1.0,0.6666666666666666,22.0,882.0,180.0,0.8305084745762712,2.0,44.0,1.0
transformer,cpr,1000000000100,1,57.333333333333336,0.0,0.7666666666666666,0.0,89.0,973.0,0.08380414312617702,2.0,44.0,1.0
transformer,cpr,1000000000100,2,57.333333333333336,0.0,1.0,0.0,68.0,994.0,0.064030131826742,2.0,44.0,1.0
transformer,cpr,1000000000100,3,57.333333333333336,0.0,1.0,0.0,177.0,885.0,0.16666666666666666,2.0,44.0,0.0
transformer,cpr,1000000000100,4,57.333333333333336,0.0,1.0,0.0,148.0,914.0,0.1393596986817326,2.0,44.0,0.0
transformer,cpr,1000000000100,5,57.333333333333336,0.0,0.8666666666666667,0.0,166.0,896.0,0.15630885122410546,2.0,44.0,0.0
transformer,cpr,1000000000100,6,57.333333333333336,0.0,1.0,0.0,145.0,917.0,0.13653483992467044,2.0,44.0,0.0
transformer,cpr,1000000000100,7,57.333333333333336,0.0,1.0,0.0,170.0,892.0,0.160075329566855,2.0,44.0,0.0
transformer,cpr,1000000000100,8,57.333333333333336,0.0,1.0,0.0,176.0,886.0,0.1657250470809793,2.0,44.0,0.0
transformer,cpr,1000000000100,9,57.333333333333336,0.0,0.39999999999999997,0.0,208.0,854.0,0.19585687382297548,2.0,44.0,0.0
transformer,cpr,1000000000100,10,57.333333333333336,1.0,0.5333333333333333,22.0,966.0,96.0,0.9096045197740112,2.0,44.0,0.0
transformer,cpr,1000000000100,11,57.333333333333336,0.0,0.5,0.0,83.0,979.0,0.07815442561205273,2.0,44.0,0.0
transformer,cpr,1000000000100,12,57.333333333333336,0.0,1.0,0.0,100.0,962.0,0.09416195856873823,2.0,44.0,0.0
transformer,cpr,1000000001000,0,57.333333333333336,1.0,0.5333333333333333,42.0,882.0,180.0,0.8305084745762712,2.0,80.0,1.0
transformer,cpr,1000000001000,1,57.333333333333336,0.0,0.39999999999999997,0.0,89.0,973.0,0.08380414312617702,2.0,80.0,1.0
transformer,cpr,1000000001000,2,57.333333333333336,0.0,1.0,0.0,68.0,994.0,0.064030131826742,2.0,80.0,1.0
transformer,cpr,1000000001000,3,57.333333333333336,0.0,1.0,8.0,177.0,885.0,0.16666666666666666,2.0,80.0,0.0
transformer,cpr,1000000001000,4,57.333333333333336,0.0,1.0,0.0,148.0,914.0,0.1393596986817326,2.0,80.0,0.0
transformer,cpr,1000000001000,5,57.333333333333336,0.0,1.0,0.0,166.0,896.0,0.15630885122410546,2.0,80.0,0.0
transformer,cpr,1000000001000,6,57.333333333333336,0.0,1.0,0.0,145.0,917.0,0.13653483992467044,2.0,80.0,0.0
transformer,cpr,1000000001000,7,57.333333333333336,0.0,1.0,8.0,170.0,892.0,0.160075329566855,2.0,80.0,0.0
transformer,cpr,1000000001000,8,57.333333333333336,0.0,1.0,0.0,176.0,886.0,0.1657250470809793,2.0,80.0,0.0
transformer,cpr,1000000001000,9,57.333333333333336,1.0,0.06666666666666667,22.0,866.0,196.0,0.815442561205273,2.0,80.0,0.0
transformer,cpr,1000000001000,10,57.333333333333336,0.0,0.6666666666666666,0.0,108.0,954.0,0.1016949152542373,2.0,80.0,0.0
transformer,cpr,1000000001000,11,57.333333333333336,0.0,0.6,0.0,83.0,979.0,0.07815442561205273,2.0,80.0,0.0
transformer,cpr,1000000001000,12,57.333333333333336,0.0,1.0,0.0,100.0,962.0,0.09416195856873823,2.0,80.0,0.0
transformer,cpr,1000000010000,0,57.333333333333336,1.0,0.0,42.0,882.0,180.0,0.8305084745762712,2.0,72.0,1.0
transformer,cpr,1000000010000,1,57.333333333333336,0.0,0.9333333333333332,0.0,89.0,973.0,0.08380414312617702,2.0,72.0,1.0
transformer,cpr,1000000010000,2,57.333333333333336,0.0,0.6666666666666666,0.0,68.0,994.0,0.064030131826742,2.0,72.0,1.0
transformer,cpr,1000000010000,3,57.333333333333336,0.0,0.9333333333333332,8.0,177.0,885.0,0.16666666666666666,2.0,72.0,0.0
transformer,cpr,1000000010000,4,57.333333333333336,0.0,1.0,0.0,148.0,914.0,0.1393596986817326,2.0,72.0,0.0
transformer,cpr,1000000010000,5,57.333333333333336,0.0,1.0,0.0,166.0,896.0,0.15630885122410546,2.0,72.0,0.0
transformer,cpr,1000000010000,6,57.333333333333336,0.0,1.0,0.0,145.0,917.0,0.13653483992467044,2.0,72.0,0.0
transformer,cpr,1000000010000,7,57.333333333333336,0.0,1.0,0.0,170.0,892.0,0.160075329566855,2.0,72.0,0.0
transformer,cpr,1000000010000,8,57.333333333333336,1.0,1.0,22.0,898.0,164.0,0.8455743879472694,2.0,72.0,0.0
transformer,cpr,1000000010000,9,57.333333333333336,0.0,0.5666666666666668,0.0,208.0,854.0,0.19585687382297548,2.0,72.0,0.0
transformer,cpr,1000000010000,10,57.333333333333336,0.0,1.0,0.0,108.0,954.0,0.1016949152542373,2.0,72.0,0.0
transformer,cpr,1000000010000,11,57.333333333333336,0.0,1.0,0.0,83.0,979.0,0.07815442561205273,2.0,72.0,0.0
transformer,cpr,1000000010000,12,57.333333333333336,0.0,0.7999999999999999,0.0,100.0,962.0,0.09416195856873823,2.0,72.0,0.0
transformer,cpr,1000000100000,0,57.333333333333336,1.0,0.0,42.0,882.0,180.0,0.8305084745762712,2.0,80.0,1.0
transformer,cpr,1000000100000,1,57.333333333333336,0.0,0.9333333333333332,0.0,89.0,973.0,0.08380414312617702,2.0,80.0,1.0
transformer,cpr,1000000100000,2,57.333333333333336,0.0,0.8666666666666667,0.0,68.0,994.0,0.064030131826742,2.0,80.0,1.0
transformer,cpr,1000000100000,3,57.333333333333336,0.0,1.0,0.0,177.0,885.0,0.16666666666666666,2.0,80.0,0.0
transformer,cpr,1000000100000,4,57.333333333333336,0.0,1.0,0.0,148.0,914.0,0.1393596986817326,2.0,80.0,0.0
transformer,cpr,1000000100000,5,57.333333333333336,0.0,0.8666666666666667,0.0,166.0,896.0,0.15630885122410546,2.0,80.0,0.0
transformer,cpr,1000000100000,6,57.333333333333336,0.0,1.0,0.0,145.0,917.0,0.13653483992467044,2.0,80.0,0.0
transformer,cpr,1000000100000,7,57.333333333333336,1.0,1.0,22.0,904.0,158.0,0.8512241054613936,2.0,80.0,0.0
transformer,cpr,1000000100000,8,57.333333333333336,0.0,0.8666666666666667,0.0,176.0,886.0,0.1657250470809793,2.0,80.0,0.0
transformer,cpr,1000000100000,9,57.333333333333336,0.0,0.9333333333333332,8.0,208.0,854.0,0.19585687382297548,2.0,80.0,0.0
transformer,cpr,1000000100000,10,57.333333333333336,0.0,1.0,0.0,108.0,954.0,0.1016949152542373,2.0,80.0,0.0
transformer,cpr,1000000100000,11,57.333333333333336,0.0,0.9333333333333332,8.0,83.0,979.0,0.07815442561205273,2.0,80.0,0.0
transformer,cpr,1000000100000,12,57.333333333333336,0.0,1.0,0.0,100.0,962.0,0.09416195856873823,2.0,80.0,0.0
transformer,cpr,1000001000000,0,57.333333333333336,1.0,0.06666666666666667,22.0,882.0,180.0,0.8305084745762712,2.0,44.0,1.0
transformer,cpr,1000001000000,1,57.333333333333336,0.0,0.8666666666666667,0.0,89.0,973.0,0.08380414312617702,2.0,44.0,1.0
transformer,cpr,1000001000000,2,57.333333333333336,0.0,1.0,0.0,68.0,994.0,0.064030131826742,2.0,44.0,1.0
transformer,cpr,1000001000000,3,57.333333333333336,0.0,0.7666666666666666,0.0,177.0,885.0,0.16666666666666666,2.0,44.0,0.0
transformer,cpr,1000001000000,4,57.333333333333336,0.0,1.0,0.0,148.0,914.0,0.1393596986817326,2.0,44.0,0.0
transformer,cpr,1000001000000,5,57.333333333333336,0.0,0.8666666666666667,0.0,166.0,896.0,0.15630885122410546,2.0,44.0,0.0
transformer,cpr,1000001000000,6,57.333333333333336,1.0,0.8666666666666667,22.0,924.0,138.0,0.8700564971751413,2.0,44.0,0.0
transformer,cpr,1000001000000,7,57.333333333333336,0.0,1.0,0.0,165.0,897.0,0.1553672316384181,2.0,44.0,0.0
transformer,cpr,1000001000000,8,57.333333333333336,0.0,0.9333333333333332,0.0,176.0,886.0,0.1657250470809793,2.0,44.0,0.0
transformer,cpr,1000001000000,9,57.333333333333336,0.0,0.7333333333333334,0.0,208.0,854.0,0.19585687382297548,2.0,44.0,0.0
transformer,cpr,1000001000000,10,57.333333333333336,0.0,0.8666666666666667,0.0,108.0,954.0,0.1016949152542373,2.0,44.0,0.0
transformer,cpr,1000001000000,11,57.333333333333336,0.0,1.0,0.0,83.0,979.0,0.07815442561205273,2.0,44.0,0.0
transformer,cpr,1000001000000,12,57.333333333333336,0.0,0.9333333333333332,0.0,100.0,962.0,0.09416195856873823,2.0,44.0,0.0
transformer,cpr,1000010000000,0,57.333333333333336,1.0,0.43333333333333335,20.0,882.0,180.0,0.8305084745762712,2.0,58.0,1.0
transformer,cpr,1000010000000,1,57.333333333333336,0.0,0.4666666666666666,0.0,89.0,973.0,0.08380414312617702,2.0,58.0,1.0
transformer,cpr,1000010000000,2,57.333333333333336,0.0,1.0,0.0,68.0,994.0,0.064030131826742,2.0,58.0,1.0
transformer,cpr,1000010000000,3,57.333333333333336,0.0,1.0,8.0,177.0,885.0,0.16666666666666666,2.0,58.0,0.0
transformer,cpr,1000010000000,4,57.333333333333336,0.0,0.8333333333333334,8.0,148.0,914.0,0.1393596986817326,2.0,58.0,0.0
transformer,cpr,1000010000000,5,57.333333333333336,1.0,0.8666666666666667,22.0,906.0,156.0,0.8531073446327685,2.0,58.0,0.0
transformer,cpr,1000010000000,6,57.333333333333336,0.0,1.0,0.0,148.0,914.0,0.1393596986817326,2.0,58.0,0.0
transformer,cpr,1000010000000,7,57.333333333333336,0.0,1.0,0.0,165.0,897.0,0.1553672316384181,2.0,58.0,0.0
transformer,cpr,1000010000000,8,57.333333333333336,0.0,0.6666666666666666,0.0,176.0,886.0,0.1657250470809793,2.0,58.0,0.0
transformer,cpr,1000010000000,9,57.333333333333336,0.0,0.5666666666666667,0.0,208.0,854.0,0.19585687382297548,2.0,58.0,0.0
transformer,cpr,1000010000000,10,57.333333333333336,0.0,1.0,0.0,108.0,954.0,0.1016949152542373,2.0,58.0,0.0
transformer,cpr,1000010000000,11,57.333333333333336,0.0,0.7333333333333334,0.0,83.0,979.0,0.07815442561205273,2.0,58.0,0.0
transformer,cpr,1000010000000,12,57.333333333333336,0.0,1.0,0.0,100.0,962.0,0.09416195856873823,2.0,58.0,0.0
transformer,cpr,1000100000000,0,57.333333333333336,1.0,0.3333333333333333,42.0,882.0,180.0,0.8305084745762712,2.0,72.0,1.0
transformer,cpr,1000100000000,1,57.333333333333336,0.0,1.0,0.0,89.0,973.0,0.08380414312617702,2.0,72.0,1.0
transformer,cpr,1000100000000,2,57.333333333333336,0.0,1.0,0.0,68.0,994.0,0.064030131826742,2.0,72.0,1.0
transformer,cpr,1000100000000,3,57.333333333333336,0.0,1.0,0.0,177.0,885.0,0.16666666666666666,2.0,72.0,0.0
transformer,cpr,1000100000000,4,57.333333333333336,1.0,1.0,22.0,919.0,143.0,0.8653483992467045,2.0,72.0,0.0
transformer,cpr,1000100000000,5,57.333333333333336,0.0,0.6666666666666666,8.0,161.0,901.0,0.15160075329566855,2.0,72.0,0.0
transformer,cpr,1000100000000,6,57.333333333333336,0.0,1.0,0.0,148.0,914.0,0.1393596986817326,2.0,72.0,0.0
transformer,cpr,1000100000000,7,57.333333333333336,0.0,1.0,0.0,165.0,897.0,0.1553672316384181,2.0,72.0,0.0
transformer,cpr,1000100000000,8,57.333333333333336,0.0,1.0,0.0,176.0,886.0,0.1657250470809793,2.0,72.0,0.0
transformer,cpr,1000100000000,9,57.333333333333336,0.0,1.0,0.0,208.0,854.0,0.19585687382297548,2.0,72.0,0.0
transformer,cpr,1000100000000,10,57.333333333333336,0.0,0.7333333333333334,0.0,108.0,954.0,0.1016949152542373,2.0,72.0,0.0
transformer,cpr,1000100000000,11,57.333333333333336,0.0,1.0,0.0,83.0,979.0,0.07815442561205273,2.0,72.0,0.0
transformer,cpr,1000100000000,12,57.333333333333336,0.0,0.9333333333333332,0.0,100.0,962.0,0.09416195856873823,2.0,72.0,0.0
transformer,cpr,1001000000000,0,57.333333333333336,1.0,0.26666666666666666,42.0,882.0,180.0,0.8305084745762712,2.0,88.0,1.0
transformer,cpr,1001000000000,1,57.333333333333336,0.0,1.0,0.0,89.0,973.0,0.08380414312617702,2.0,88.0,1.0
transformer,cpr,1001000000000,2,57.333333333333336,0.0,1.0,0.0,68.0,994.0,0.064030131826742,2.0,88.0,1.0
transformer,cpr,1001000000000,3,57.333333333333336,1.0,1.0,22.0,897.0,165.0,0.8446327683615819,2.0,88.0,0.0
transformer,cpr,1001000000000,4,57.333333333333336,0.0,1.0,0.0,155.0,907.0,0.14595103578154425,2.0,88.0,0.0
transformer,cpr,1001000000000,5,57.333333333333336,0.0,0.7333333333333334,8.0,161.0,901.0,0.15160075329566855,2.0,88.0,0.0
transformer,cpr,1001000000000,6,57.333333333333336,0.0,1.0,0.0,148.0,914.0,0.1393596986817326,2.0,88.0,0.0
transformer,cpr,1001000000000,7,57.333333333333336,0.0,1.0,0.0,165.0,897.0,0.1553672316384181,2.0,88.0,0.0
transformer,cpr,1001000000000,8,57.333333333333336,0.0,0.6666666666666666,8.0,176.0,886.0,0.1657250470809793,2.0,88.0,0.0
transformer,cpr,1001000000000,9,57.333333333333336,0.0,0.4666666666666666,8.0,208.0,854.0,0.19585687382297548,2.0,88.0,0.0
transformer,cpr,1001000000000,10,57.333333333333336,0.0,1.0,0.0,108.0,954.0,0.1016949152542373,2.0,88.0,0.0
transformer,cpr,1001000000000,11,57.333333333333336,0.0,1.0,0.0,83.0,979.0,0.07815442561205273,2.0,88.0,0.0
transformer,cpr,1001000000000,12,57.333333333333336,0.0,1.0,0.0,100.0,962.0,0.09416195856873823,2.0,88.0,0.0
