checkpoint,model,exercise,target,seed,criterion,criterion_name,target_bit,perturbation,n_test,n_mapped_joints,context_pressure,baseline_accuracy,baseline_correct_confidence,mapped_confidence_drop,random_confidence_drop,relative_evidence_sensitivity,random_drop_sd,mapped_spillover,split_offset
results/context_evidence/v2/checkpoints\fact_deadlift_00000_s123.pt,fact,deadlift,00000,123,0,Balance (0.5 point) F,0,zero,69,12,0,0.7101449275362319,0.6282647252082825,0.260109007358551,0.044701747596263885,0.21540725231170654,0.09033923596143723,0.0,80
results/context_evidence/v2/checkpoints\fact_deadlift_00000_s123.pt,fact,deadlift,00000,123,0,Balance (0.5 point) F,0,temporal_mean,69,12,0,0.7101449275362319,0.6282647252082825,0.14898066222667694,0.07788693904876709,0.07109372317790985,0.04107584431767464,0.0,80
results/context_evidence/v2/checkpoints\fact_deadlift_00000_s123.pt,fact,deadlift,00000,123,1,Straight back (0.5) L,0,zero,69,6,0,0.6521739130434783,0.5768117904663086,0.12079030275344849,0.040809422731399536,0.07998088002204895,0.12750527262687683,0.021197259426116943,80
results/context_evidence/v2/checkpoints\fact_deadlift_00000_s123.pt,fact,deadlift,00000,123,1,Straight back (0.5) L,0,temporal_mean,69,6,0,0.6521739130434783,0.5768117904663086,0.06545168906450272,0.016375446692109108,0.04907624423503876,0.0204424150288105,0.021302882581949234,80
results/context_evidence/v2/checkpoints\fact_deadlift_00000_s123.pt,fact,deadlift,00000,123,2,Full back leg extended (0.5 point) L,0,zero,69,6,15,0.391304347826087,0.47104859352111816,0.03594491258263588,-0.0019304692978039384,0.037875380367040634,0.04237015172839165,0.0988290011882782,80
results/context_evidence/v2/checkpoints\fact_deadlift_00000_s123.pt,fact,deadlift,00000,123,2,Full back leg extended (0.5 point) L,0,temporal_mean,69,6,15,0.391304347826087,0.47104859352111816,-0.01357631292194128,0.004652095027267933,-0.018228407949209213,0.020757578313350677,0.08843407779932022,80
results/context_evidence/v2/checkpoints\fact_deadlift_00000_s123.pt,fact,deadlift,00000,123,3,Slow reverse movement (0.5 point) L,0,zero,69,8,45,0.0,0.409426212310791,0.022840136662125587,0.001026524230837822,0.021813612431287766,0.01042538695037365,0.0896950364112854,80
results/context_evidence/v2/checkpoints\fact_deadlift_00000_s123.pt,fact,deadlift,00000,123,3,Slow reverse movement (0.5 point) L,0,temporal_mean,69,8,45,0.0,0.409426212310791,-0.021974526345729828,-0.0034824286121875048,-0.018492097035050392,0.0048218583688139915,0.09303750842809677,80
results/context_evidence/v2/checkpoints\fact_deadlift_00000_s123.pt,fact,deadlift,00000,123,4,Support knee bend 15-20° (0.5 point) L,0,zero,69,6,0,0.927536231884058,0.7564132213592529,-0.051020123064517975,0.010925614275038242,-0.06194573640823364,0.04631529375910759,0.11387085169553757,80
results/context_evidence/v2/checkpoints\fact_deadlift_00000_s123.pt,fact,deadlift,00000,123,4,Support knee bend 15-20° (0.5 point) L,0,temporal_mean,69,6,0,0.927536231884058,0.7564132213592529,0.24678851664066315,0.03280100226402283,0.21398751437664032,0.04225244000554085,0.03583269566297531,80
results/context_evidence/v2/checkpoints\fact_deadlift_00000_s42.pt,fact,deadlift,00000,42,0,Balance (0.5 point) F,0,zero,69,12,0,0.6521739130434783,0.54429030418396,-0.11063647270202637,-0.0016125031979754567,-0.10902396589517593,0.03532608225941658,0.0,161
results/context_evidence/v2/checkpoints\fact_deadlift_00000_s42.pt,fact,deadlift,00000,42,0,Balance (0.5 point) F,0,temporal_mean,69,12,0,0.6521739130434783,0.54429030418396,0.11897436529397964,0.05608632415533066,0.06288804113864899,0.018577804788947105,0.0,161
results/context_evidence/v2/checkpoints\fact_deadlift_00000_s42.pt,fact,deadlift,00000,42,1,Straight back (0.5) L,0,zero,69,6,0,0.782608695652174,0.6373285055160522,-0.06945338100194931,-0.006728481501340866,-0.06272490322589874,0.09620900452136993,0.02712184190750122,161
results/context_evidence/v2/checkpoints\fact_deadlift_00000_s42.pt,fact,deadlift,00000,42,1,Straight back (0.5) L,0,temporal_mean,69,6,0,0.782608695652174,0.6373285055160522,0.14466722309589386,0.02486439049243927,0.11980283260345459,0.023676307871937752,0.0174331683665514,161
results/context_evidence/v2/checkpoints\fact_deadlift_00000_s42.pt,fact,deadlift,00000,42,2,Full back leg extended (0.5 point) L,0,zero,69,6,15,0.4927536231884058,0.52243572473526,-0.09205498546361923,-0.0016781907761469483,-0.09037679433822632,0.023441467434167862,0.054238736629486084,161
results/context_evidence/v2/checkpoints\fact_deadlift_00000_s42.pt,fact,deadlift,00000,42,2,Full back leg extended (0.5 point) L,0,temporal_mean,69,6,15,0.4927536231884058,0.52243572473526,0.031277984380722046,0.011947160586714745,0.0193308237940073,0.021220006048679352,0.09256201237440109,161
results/context_evidence/v2/checkpoints\fact_deadlift_00000_s42.pt,fact,deadlift,00000,42,3,Slow reverse movement (0.5 point) L,0,zero,69,8,45,0.014492753623188406,0.3645097613334656,-0.0684957355260849,-0.01353340782225132,-0.05496232956647873,0.04010908305644989,0.06293107569217682,161
results/context_evidence/v2/checkpoints\fact_deadlift_00000_s42.pt,fact,deadlift,00000,42,3,Slow reverse movement (0.5 point) L,0,temporal_mean,69,8,45,0.014492753623188406,0.3645097613334656,-0.0852721780538559,-0.013841219246387482,-0.07143095880746841,0.01780550926923752,0.09761186689138412,161
results/context_evidence/v2/checkpoints\fact_deadlift_00000_s42.pt,fact,deadlift,00000,42,4,Support knee bend 15-20° (0.5 point) L,0,zero,69,6,0,1.0,0.8056802153587341,-0.004861433524638414,0.007270500063896179,-0.012131933122873306,0.023870371282100677,0.07927847653627396,161
results/context_evidence/v2/checkpoints\fact_deadlift_00000_s42.pt,fact,deadlift,00000,42,4,Support knee bend 15-20° (0.5 point) L,0,temporal_mean,69,6,0,1.0,0.8056802153587341,0.18422473967075348,0.00426011998206377,0.17996461689472198,0.008377905935049057,0.05963180214166641,161
results/context_evidence/v2/checkpoints\fact_deadlift_00000_s7.pt,fact,deadlift,00000,7,0,Balance (0.5 point) F,0,zero,69,12,0,0.6376811594202898,0.5531519651412964,-0.0844082236289978,0.006922184489667416,-0.09133040904998779,0.07403577119112015,0.0,196
results/context_evidence/v2/checkpoints\fact_deadlift_00000_s7.pt,fact,deadlift,00000,7,0,Balance (0.5 point) F,0,temporal_mean,69,12,0,0.6376811594202898,0.5531519651412964,0.05537242442369461,0.02530098706483841,0.0300714373588562,0.01709810458123684,0.0,196
results/context_evidence/v2/checkpoints\fact_deadlift_00000_s7.pt,fact,deadlift,00000,7,1,Straight back (0.5) L,0,zero,69,6,0,0.7391304347826086,0.6084150671958923,-0.09858299791812897,-0.001452170661650598,-0.09713082760572433,0.0839218944311142,0.023675700649619102,196
results/context_evidence/v2/checkpoints\fact_deadlift_00000_s7.pt,fact,deadlift,00000,7,1,Straight back (0.5) L,0,temporal_mean,69,6,0,0.7391304347826086,0.6084150671958923,0.045596763491630554,0.010376925580203533,0.035219836980104446,0.016005348414182663,0.02420559525489807,196
results/context_evidence/v2/checkpoints\fact_deadlift_00000_s7.pt,fact,deadlift,00000,7,2,Full back leg extended (0.5 point) L,0,zero,69,6,15,0.5217391304347826,0.5237973928451538,-0.08598098903894424,0.0005114226369187236,-0.08649241179227829,0.03405638411641121,0.07916827499866486,196
results/context_evidence/v2/checkpoints\fact_deadlift_00000_s7.pt,fact,deadlift,00000,7,2,Full back leg extended (0.5 point) L,0,temporal_mean,69,6,15,0.5217391304347826,0.5237973928451538,0.0808471217751503,0.015891768038272858,0.06495535373687744,0.01925567351281643,0.08782126754522324,196
results/context_evidence/v2/checkpoints\fact_deadlift_00000_s7.pt,fact,deadlift,00000,7,3,Slow reverse movement (0.5 point) L,0,zero,69,8,45,0.07246376811594203,0.3920569121837616,-0.09575819969177246,-0.013994433917105198,-0.08176376670598984,0.026908215135335922,0.07020818442106247,196
results/context_evidence/v2/checkpoints\fact_deadlift_00000_s7.pt,fact,deadlift,00000,7,3,Slow reverse movement (0.5 point) L,0,temporal_mean,69,8,45,0.07246376811594203,0.3920569121837616,-0.044104933738708496,-0.011333323083817959,-0.03277160972356796,0.010666999965906143,0.09737806767225266,196
results/context_evidence/v2/checkpoints\fact_deadlift_00000_s7.pt,fact,deadlift,00000,7,4,Support knee bend 15-20° (0.5 point) L,0,zero,69,6,0,0.9420289855072463,0.7783275842666626,-0.016072455793619156,-0.009558655321598053,-0.006513800472021103,0.026388540863990784,0.09201344847679138,196
results/context_evidence/v2/checkpoints\fact_deadlift_00000_s7.pt,fact,deadlift,00000,7,4,Support knee bend 15-20° (0.5 point) L,0,temporal_mean,69,6,0,0.9420289855072463,0.7783275842666626,0.23346328735351562,0.016303323209285736,0.2171599566936493,0.0252840593457222,0.04747246950864792,196
results/context_evidence/v2/checkpoints\fact_deadlift_00010_s123.pt,fact,deadlift,00010,123,0,Balance (0.5 point) F,0,zero,66,12,2,0.48484848484848486,0.4897523820400238,0.08820107579231262,0.007289516739547253,0.0809115618467331,0.015980152413249016,0.0,241
results/context_evidence/v2/checkpoints\fact_deadlift_00010_s123.pt,fact,deadlift,00010,123,0,Balance (0.5 point) F,0,temporal_mean,66,12,2,0.48484848484848486,0.4897523820400238,0.049389611929655075,0.02446727827191353,0.024922333657741547,0.0116743054240942,0.0,241
results/context_evidence/v2/checkpoints\fact_deadlift_00010_s123.pt,fact,deadlift,00010,123,1,Straight back (0.5) L,0,zero,66,6,6,0.6060606060606061,0.5817225575447083,-0.16372591257095337,-0.008467446081340313,-0.15525846183300018,0.08962465822696686,0.02367173135280609,241
results/context_evidence/v2/checkpoints\fact_deadlift_00010_s123.pt,fact,deadlift,00010,123,1,Straight back (0.5) L,0,temporal_mean,66,6,6,0.6060606060606061,0.5817225575447083,0.11924974620342255,0.021224621683359146,0.0980251282453537,0.028965018689632416,0.033314745873212814,241
results/context_evidence/v2/checkpoints\fact_deadlift_00010_s123.pt,fact,deadlift,00010,123,2,Full back leg extended (0.5 point) L,0,zero,66,6,30,0.19696969696969696,0.4479202628135681,-0.1268308460712433,-0.014043744653463364,-0.11278709769248962,0.019544798880815506,0.12147195637226105,241
results/context_evidence/v2/checkpoints\fact_deadlift_00010_s123.pt,fact,deadlift,00010,123,2,Full back leg extended (0.5 point) L,0,temporal_mean,66,6,30,0.19696969696969696,0.4479202628135681,0.039718396961688995,0.009433501400053501,0.03028489649295807,0.01060444489121437,0.07525887340307236,241
results/context_evidence/v2/checkpoints\fact_deadlift_00010_s123.pt,fact,deadlift,00010,123,3,Slow reverse movement (0.5 point) L,1,zero,66,8,47,0.5454545454545454,0.49512723088264465,0.2304316610097885,0.040968507528305054,0.18946315348148346,0.07869827002286911,0.11697553843259811,241
results/context_evidence/v2/checkpoints\fact_deadlift_00010_s123.pt,fact,deadlift,00010,123,3,Slow reverse movement (0.5 point) L,1,temporal_mean,66,8,47,0.5454545454545454,0.49512723088264465,-0.12966015934944153,-0.03880799561738968,-0.09085216373205185,0.031970392912626266,0.06383108347654343,241
results/context_evidence/v2/checkpoints\fact_deadlift_00010_s123.pt,fact,deadlift,00010,123,4,Support knee bend 15-20° (0.5 point) L,0,zero,66,6,0,0.8484848484848485,0.6065348982810974,-0.15873444080352783,-0.019121097400784492,-0.1396133452653885,0.05027967318892479,0.1131645143032074,241
results/context_evidence/v2/checkpoints\fact_deadlift_00010_s123.pt,fact,deadlift,00010,123,4,Support knee bend 15-20° (0.5 point) L,0,temporal_mean,66,6,0,0.8484848484848485,0.6065348982810974,0.08887801319360733,0.016149016097187996,0.07272899895906448,0.021114179864525795,0.06382269412279129,241
results/context_evidence/v2/checkpoints\fact_deadlift_00010_s42.pt,fact,deadlift,00010,42,0,Balance (0.5 point) F,0,zero,66,12,2,0.696969696969697,0.5356717705726624,-0.03765946999192238,0.013303123414516449,-0.05096259340643883,0.04208917170763016,0.0,322
results/context_evidence/v2/checkpoints\fact_deadlift_00010_s42.pt,fact,deadlift,00010,42,0,Balance (0.5 point) F,0,temporal_mean,66,12,2,0.696969696969697,0.5356717705726624,0.11611505597829819,0.04754487797617912,0.06857018172740936,0.018901580944657326,0.0,322
results/context_evidence/v2/checkpoints\fact_deadlift_00010_s42.pt,fact,deadlift,00010,42,1,Straight back (0.5) L,0,zero,66,6,6,0.7272727272727273,0.604265570640564,-0.16514156758785248,-0.022527046501636505,-0.14261451363563538,0.09637421369552612,0.04428365081548691,322
results/context_evidence/v2/checkpoints\fact_deadlift_00010_s42.pt,fact,deadlift,00010,42,1,Straight back (0.5) L,0,temporal_mean,66,6,6,0.7272727272727273,0.604265570640564,0.1669142246246338,0.034215688705444336,0.13269853591918945,0.029129670932888985,0.03558243811130524,322
results/context_evidence/v2/checkpoints\fact_deadlift_00010_s42.pt,fact,deadlift,00010,42,2,Full back leg extended (0.5 point) L,0,zero,66,6,30,0.2727272727272727,0.4615370035171509,-0.16870352625846863,-0.01051535177975893,-0.15818817913532257,0.017235074192285538,0.15407602488994598,322
results/context_evidence/v2/checkpoints\fact_deadlift_00010_s42.pt,fact,deadlift,00010,42,2,Full back leg extended (0.5 point) L,0,temporal_mean,66,6,30,0.2727272727272727,0.4615370035171509,0.041556842625141144,0.011082176119089127,0.030474666506052017,0.012650387361645699,0.07538344711065292,322
results/context_evidence/v2/checkpoints\fact_deadlift_00010_s42.pt,fact,deadlift,00010,42,3,Slow reverse movement (0.5 point) L,1,zero,66,8,47,0.6212121212121212,0.5277501940727234,0.3269939124584198,0.04087476432323456,0.28611916303634644,0.08443453162908554,0.12252932041883469,322
results/context_evidence/v2/checkpoints\fact_deadlift_00010_s42.pt,fact,deadlift,00010,42,3,Slow reverse movement (0.5 point) L,1,temporal_mean,66,8,47,0.6212121212121212,0.5277501940727234,-0.13653384149074554,-0.0427018478512764,-0.09383199363946915,0.027414003387093544,0.07311713695526123,322
results/context_evidence/v2/checkpoints\fact_deadlift_00010_s42.pt,fact,deadlift,00010,42,4,Support knee bend 15-20° (0.5 point) L,0,zero,66,6,0,0.7575757575757576,0.5806975960731506,-0.1571197807788849,-0.018929949030280113,-0.13818983733654022,0.033064503222703934,0.15668100118637085,322
results/context_evidence/v2/checkpoints\fact_deadlift_00010_s42.pt,fact,deadlift,00010,42,4,Support knee bend 15-20° (0.5 point) L,0,temporal_mean,66,6,0,0.7575757575757576,0.5806975960731506,0.0719701424241066,0.010346460156142712,0.06162368133664131,0.013964422047138214,0.06962241232395172,322
results/context_evidence/v2/checkpoints\fact_deadlift_00010_s7.pt,fact,deadlift,00010,7,0,Balance (0.5 point) F,0,zero,66,12,2,0.7575757575757576,0.6531318426132202,0.387052059173584,0.11069241911172867,0.2763596475124359,0.15080074965953827,0.0,357
results/context_evidence/v2/checkpoints\fact_deadlift_00010_s7.pt,fact,deadlift,00010,7,0,Balance (0.5 point) F,0,temporal_mean,66,12,2,0.7575757575757576,0.6531318426132202,0.2434575855731964,0.07857909798622131,0.1648784875869751,0.035431358963251114,0.0,357
results/context_evidence/v2/checkpoints\fact_deadlift_00010_s7.pt,fact,deadlift,00010,7,1,Straight back (0.5) L,0,zero,66,6,6,0.6818181818181818,0.6275069713592529,-0.2522072494029999,-0.05662737786769867,-0.1955798715353012,0.15329909324645996,0.21213030815124512,357
results/context_evidence/v2/checkpoints\fact_deadlift_00010_s7.pt,fact,deadlift,00010,7,1,Straight back (0.5) L,0,temporal_mean,66,6,6,0.6818181818181818,0.6275069713592529,0.11859870702028275,0.012312994338572025,0.1062857136130333,0.017667831853032112,0.11602895706892014,357
results/context_evidence/v2/checkpoints\fact_deadlift_00010_s7.pt,fact,deadlift,00010,7,2,Full back leg extended (0.5 point) L,0,zero,66,6,30,0.18181818181818182,0.28698039054870605,-0.1686936318874359,-0.037171393632888794,-0.13152223825454712,0.1242571696639061,0.18395733833312988,357
results/context_evidence/v2/checkpoints\fact_deadlift_00010_s7.pt,fact,deadlift,00010,7,2,Full back leg extended (0.5 point) L,0,temporal_mean,66,6,30,0.18181818181818182,0.28698039054870605,0.0033797803334891796,0.03443220257759094,-0.031052421778440475,0.03868010640144348,0.15142330527305603,357
results/context_evidence/v2/checkpoints\fact_deadlift_00010_s7.pt,fact,deadlift,00010,7,3,Slow reverse movement (0.5 point) L,1,zero,66,8,47,0.6060606060606061,0.5434030294418335,0.4011022746562958,0.12280086427927017,0.2783014178276062,0.14503389596939087,0.15845191478729248,357
results/context_evidence/v2/checkpoints\fact_deadlift_00010_s7.pt,fact,deadlift,00010,7,3,Slow reverse movement (0.5 point) L,1,temporal_mean,66,8,47,0.6060606060606061,0.5434030294418335,-0.29410767555236816,-0.09924589842557907,-0.1948617696762085,0.06199575960636139,0.16490569710731506,357
results/context_evidence/v2/checkpoints\fact_deadlift_00010_s7.pt,fact,deadlift,00010,7,4,Support knee bend 15-20° (0.5 point) L,0,zero,66,6,0,0.8484848484848485,0.7659580111503601,-0.13585162162780762,-0.01405274122953415,-0.12179888039827347,0.07810388505458832,0.2140846699476242,357
results/context_evidence/v2/checkpoints\fact_deadlift_00010_s7.pt,fact,deadlift,00010,7,4,Support knee bend 15-20° (0.5 point) L,0,temporal_mean,66,6,0,0.8484848484848485,0.7659580111503601,0.3137490749359131,0.046261392533779144,0.26748767495155334,0.06415615230798721,0.11880730092525482,357
results/context_evidence/v2/checkpoints\fact_deadlift_00100_s123.pt,fact,deadlift,00100,123,0,Balance (0.5 point) F,0,zero,22,12,0,0.9090909090909091,0.6941709518432617,0.3241782486438751,0.005443602800369263,0.31873464584350586,0.033997491002082825,0.0,227
results/context_evidence/v2/checkpoints\fact_deadlift_00100_s123.pt,fact,deadlift,00100,123,0,Balance (0.5 point) F,0,temporal_mean,22,12,0,0.9090909090909091,0.6941709518432617,0.11140652000904083,0.03067520074546337,0.08073131740093231,0.013429229147732258,0.0,227
results/context_evidence/v2/checkpoints\fact_deadlift_00100_s123.pt,fact,deadlift,00100,123,1,Straight back (0.5) L,0,zero,22,6,0,0.6363636363636364,0.5766077637672424,-0.07058645039796829,0.004293542355298996,-0.07487998902797699,0.10847187042236328,0.015559992752969265,227
results/context_evidence/v2/checkpoints\fact_deadlift_00100_s123.pt,fact,deadlift,00100,123,1,Straight back (0.5) L,0,temporal_mean,22,6,0,0.6363636363636364,0.5766077637672424,0.0065686702728271484,-0.0008880778914317489,0.007456748280674219,0.005756998434662819,0.02847907692193985,227
results/context_evidence/v2/checkpoints\fact_deadlift_00100_s123.pt,fact,deadlift,00100,123,2,Full back leg extended (0.5 point) L,1,zero,22,6,54,0.5,0.490873247385025,0.14480967819690704,0.0157687459141016,0.12904092669487,0.02964676357805729,0.08298194408416748,227
results/context_evidence/v2/checkpoints\fact_deadlift_00100_s123.pt,fact,deadlift,00100,123,2,Full back leg extended (0.5 point) L,1,temporal_mean,22,6,54,0.5,0.490873247385025,-0.09723637253046036,-0.015383613295853138,-0.0818527564406395,0.021290212869644165,0.04328271374106407,227
results/context_evidence/v2/checkpoints\fact_deadlift_00100_s123.pt,fact,deadlift,00100,123,3,Slow reverse movement (0.5 point) L,0,zero,22,8,33,0.2727272727272727,0.4845665991306305,-0.17495273053646088,-0.01795855164527893,-0.15699417889118195,0.02726731263101101,0.11953947693109512,227
results/context_evidence/v2/checkpoints\fact_deadlift_00100_s123.pt,fact,deadlift,00100,123,3,Slow reverse movement (0.5 point) L,0,temporal_mean,22,8,33,0.2727272727272727,0.4845665991306305,0.08034214377403259,0.021471424028277397,0.058870717883110046,0.01750417798757553,0.05196744203567505,227
results/context_evidence/v2/checkpoints\fact_deadlift_00100_s123.pt,fact,deadlift,00100,123,4,Support knee bend 15-20° (0.5 point) L,0,zero,22,6,5,0.9545454545454546,0.666754961013794,-0.10896846652030945,-0.017271023243665695,-0.09169743955135345,0.03258125111460686,0.09522540867328644,227
results/context_evidence/v2/checkpoints\fact_deadlift_00100_s123.pt,fact,deadlift,00100,123,4,Support knee bend 15-20° (0.5 point) L,0,temporal_mean,22,6,5,0.9545454545454546,0.666754961013794,0.08081186562776566,0.00979563221335411,0.07101623713970184,0.011543503031134605,0.046104464679956436,227
results/context_evidence/v2/checkpoints\fact_deadlift_00100_s42.pt,fact,deadlift,00100,42,0,Balance (0.5 point) F,0,zero,22,12,0,0.9090909090909091,0.7456392645835876,-0.034482598304748535,-0.0030911851208657026,-0.031391412019729614,0.021134670823812485,0.0,308
results/context_evidence/v2/checkpoints\fact_deadlift_00100_s42.pt,fact,deadlift,00100,42,0,Balance (0.5 point) F,0,temporal_mean,22,12,0,0.9090909090909091,0.7456392645835876,0.16384939849376678,0.024750910699367523,0.13909849524497986,0.01373300887644291,0.0,308
results/context_evidence/v2/checkpoints\fact_deadlift_00100_s42.pt,fact,deadlift,00100,42,1,Straight back (0.5) L,0,zero,22,6,0,0.6818181818181818,0.6384690403938293,-0.22080999612808228,-0.006796923466026783,-0.21401306986808777,0.19498901069164276,0.24667587876319885,308
results/context_evidence/v2/checkpoints\fact_deadlift_00100_s42.pt,fact,deadlift,00100,42,1,Straight back (0.5) L,0,temporal_mean,22,6,0,0.6818181818181818,0.6384690403938293,-0.032885853201150894,-0.014337388798594475,-0.01854846440255642,0.019277319312095642,0.08885139226913452,308
results/context_evidence/v2/checkpoints\fact_deadlift_00100_s42.pt,fact,deadlift,00100,42,2,Full back leg extended (0.5 point) L,1,zero,22,6,54,0.6363636363636364,0.5453963875770569,0.3409567177295685,0.028342314064502716,0.31261441111564636,0.11057393252849579,0.21953612565994263,308
results/context_evidence/v2/checkpoints\fact_deadlift_00100_s42.pt,fact,deadlift,00100,42,2,Full back leg extended (0.5 point) L,1,temporal_mean,22,6,54,0.6363636363636364,0.5453963875770569,-0.20483173429965973,-0.050404053181409836,-0.1544276773929596,0.07225523144006729,0.1088481917977333,308
results/context_evidence/v2/checkpoints\fact_deadlift_00100_s42.pt,fact,deadlift,00100,42,3,Slow reverse movement (0.5 point) L,0,zero,22,8,33,0.13636363636363635,0.33437833189964294,-0.39109116792678833,-0.07689214497804642,-0.3141990303993225,0.08460936695337296,0.2089104801416397,308
results/context_evidence/v2/checkpoints\fact_deadlift_00100_s42.pt,fact,deadlift,00100,42,3,Slow reverse movement (0.5 point) L,0,temporal_mean,22,8,33,0.13636363636363635,0.33437833189964294,0.05144139751791954,0.03231371194124222,0.019127685576677322,0.03211300075054169,0.14859510958194733,308
results/context_evidence/v2/checkpoints\fact_deadlift_00100_s42.pt,fact,deadlift,00100,42,4,Support knee bend 15-20° (0.5 point) L,0,zero,22,6,5,0.6363636363636364,0.6656399369239807,-0.2604851722717285,-0.06913430243730545,-0.19135087728500366,0.10979790985584259,0.23706406354904175,308
results/context_evidence/v2/checkpoints\fact_deadlift_00100_s42.pt,fact,deadlift,00100,42,4,Support knee bend 15-20° (0.5 point) L,0,temporal_mean,22,6,5,0.6363636363636364,0.6656399369239807,0.28291720151901245,0.041110649704933167,0.24180655181407928,0.03788799047470093,0.09867451339960098,308
results/context_evidence/v2/checkpoints\fact_deadlift_00100_s7.pt,fact,deadlift,00100,7,0,Balance (0.5 point) F,0,zero,22,12,0,0.8636363636363636,0.7549131512641907,0.15688765048980713,0.06682243198156357,0.09006521850824356,0.1062098890542984,0.0,343
results/context_evidence/v2/checkpoints\fact_deadlift_00100_s7.pt,fact,deadlift,00100,7,0,Balance (0.5 point) F,0,temporal_mean,22,12,0,0.8636363636363636,0.7549131512641907,0.08493116497993469,0.016485314816236496,0.0684458464384079,0.02879437990486622,0.0,343
results/context_evidence/v2/checkpoints\fact_deadlift_00100_s7.pt,fact,deadlift,00100,7,1,Straight back (0.5) L,0,zero,22,6,0,0.8181818181818182,0.7554973363876343,0.18829740583896637,0.04932132363319397,0.1389760822057724,0.16166941821575165,0.1595117449760437,343
results/context_evidence/v2/checkpoints\fact_deadlift_00100_s7.pt,fact,deadlift,00100,7,1,Straight back (0.5) L,0,temporal_mean,22,6,0,0.8181818181818182,0.7554973363876343,-0.1453472524881363,-0.02968364767730236,-0.11566360294818878,0.050594814121723175,0.08513288199901581,343
results/context_evidence/v2/checkpoints\fact_deadlift_00100_s7.pt,fact,deadlift,00100,7,2,Full back leg extended (0.5 point) L,1,zero,22,6,54,0.36363636363636365,0.4910542666912079,0.013988310471177101,0.02226920798420906,-0.00828089751303196,0.21842637658119202,0.12864135205745697,343
results/context_evidence/v2/checkpoints\fact_deadlift_00100_s7.pt,fact,deadlift,00100,7,2,Full back leg extended (0.5 point) L,1,temporal_mean,22,6,54,0.36363636363636365,0.4910542666912079,-0.1291617453098297,-0.028590556234121323,-0.10057118535041809,0.05599017068743706,0.16131691634655,343
results/context_evidence/v2/checkpoints\fact_deadlift_00100_s7.pt,fact,deadlift,00100,7,3,Slow reverse movement (0.5 point) L,0,zero,22,8,33,0.18181818181818182,0.2713504731655121,-0.2632289528846741,-0.031526029109954834,-0.23170292377471924,0.18073414266109467,0.13734279572963715,343
results/context_evidence/v2/checkpoints\fact_deadlift_00100_s7.pt,fact,deadlift,00100,7,3,Slow reverse movement (0.5 point) L,0,temporal_mean,22,8,33,0.18181818181818182,0.2713504731655121,-0.15614737570285797,-0.051162172108888626,-0.10498520731925964,0.061700303107500076,0.19009599089622498,343
results/context_evidence/v2/checkpoints\fact_deadlift_00100_s7.pt,fact,deadlift,00100,7,4,Support knee bend 15-20° (0.5 point) L,0,zero,22,6,5,0.9545454545454546,0.9156647324562073,0.022574763745069504,-0.017266543582081795,0.03984130918979645,0.04048191010951996,0.15842367708683014,343
results/context_evidence/v2/checkpoints\fact_deadlift_00100_s7.pt,fact,deadlift,00100,7,4,Support knee bend 15-20° (0.5 point) L,0,temporal_mean,22,6,5,0.9545454545454546,0.9156647324562073,0.3272700905799866,0.029350679367780685,0.2979194223880768,0.05848448723554611,0.15253569185733795,343
results/context_evidence/v2/checkpoints\fact_deadlift_00110_s123.pt,fact,deadlift,00110,123,0,Balance (0.5 point) F,0,zero,33,12,0,0.7878787878787878,0.7725920081138611,0.2249070107936859,0.029903152957558632,0.19500385224819183,0.08263147622346878,0.0,159
results/context_evidence/v2/checkpoints\fact_deadlift_00110_s123.pt,fact,deadlift,00110,123,0,Balance (0.5 point) F,0,temporal_mean,33,12,0,0.7878787878787878,0.7725920081138611,0.41950151324272156,0.05958371236920357,0.3599177896976471,0.10582824051380157,0.0,159
results/context_evidence/v2/checkpoints\fact_deadlift_00110_s123.pt,fact,deadlift,00110,123,1,Straight back (0.5) L,0,zero,33,6,7,0.6666666666666666,0.6632435917854309,-0.3078751564025879,0.03387242183089256,-0.34174758195877075,0.2375507652759552,0.15348850190639496,159
results/context_evidence/v2/checkpoints\fact_deadlift_00110_s123.pt,fact,deadlift,00110,123,1,Straight back (0.5) L,0,temporal_mean,33,6,7,0.6666666666666666,0.6632435917854309,0.039550404995679855,-0.04999424144625664,0.08954464644193649,0.07684069871902466,0.13392934203147888,159
results/context_evidence/v2/checkpoints\fact_deadlift_00110_s123.pt,fact,deadlift,00110,123,2,Full back leg extended (0.5 point) L,1,zero,33,6,53,0.42424242424242425,0.4153579771518707,0.10540243983268738,0.045384179800748825,0.06001826003193855,0.09901917725801468,0.25425663590431213,159
results/context_evidence/v2/checkpoints\fact_deadlift_00110_s123.pt,fact,deadlift,00110,123,2,Full back leg extended (0.5 point) L,1,temporal_mean,33,6,53,0.42424242424242425,0.4153579771518707,0.33795082569122314,0.06301216036081314,0.2749386727809906,0.12538592517375946,0.1926247924566269,159
results/context_evidence/v2/checkpoints\fact_deadlift_00110_s123.pt,fact,deadlift,00110,123,3,Slow reverse movement (0.5 point) L,1,zero,33,8,22,0.3939393939393939,0.4169674217700958,0.31785210967063904,0.08301422744989395,0.23483788967132568,0.11406496912240982,0.2249106913805008,159
results/context_evidence/v2/checkpoints\fact_deadlift_00110_s123.pt,fact,deadlift,00110,123,3,Slow reverse movement (0.5 point) L,1,temporal_mean,33,8,22,0.3939393939393939,0.4169674217700958,-0.1579679548740387,0.05856674537062645,-0.21653470396995544,0.08631886541843414,0.17453984916210175,159
results/context_evidence/v2/checkpoints\fact_deadlift_00110_s123.pt,fact,deadlift,00110,123,4,Support knee bend 15-20° (0.5 point) L,0,zero,33,6,9,0.696969696969697,0.7091574668884277,-0.19712460041046143,-0.10311947017908096,-0.09400513023138046,0.10859975963830948,0.26549357175827026,159
results/context_evidence/v2/checkpoints\fact_deadlift_00110_s123.pt,fact,deadlift,00110,123,4,Support knee bend 15-20° (0.5 point) L,0,temporal_mean,33,6,9,0.696969696969697,0.7091574668884277,-0.1619454175233841,-0.02001538686454296,-0.14193002879619598,0.10306521505117416,0.2190045714378357,159
results/context_evidence/v2/checkpoints\fact_deadlift_00110_s42.pt,fact,deadlift,00110,42,0,Balance (0.5 point) F,0,zero,33,12,0,0.7878787878787878,0.6706973910331726,-0.09327127784490585,0.045548297464847565,-0.13881957530975342,0.11992688477039337,0.0,240
results/context_evidence/v2/checkpoints\fact_deadlift_00110_s42.pt,fact,deadlift,00110,42,0,Balance (0.5 point) F,0,temporal_mean,33,12,0,0.7878787878787878,0.6706973910331726,0.4070681929588318,0.12684263288974762,0.28022557497024536,0.08306767046451569,0.0,240
results/context_evidence/v2/checkpoints\fact_deadlift_00110_s42.pt,fact,deadlift,00110,42,1,Straight back (0.5) L,0,zero,33,6,7,0.7575757575757576,0.7199889421463013,-0.14402015507221222,0.042004551738500595,-0.1860247105360031,0.209982767701149,0.12891018390655518,240
results/context_evidence/v2/checkpoints\fact_deadlift_00110_s42.pt,fact,deadlift,00110,42,1,Straight back (0.5) L,0,temporal_mean,33,6,7,0.7575757575757576,0.7199889421463013,0.20919054746627808,0.017990589141845703,0.19119995832443237,0.05234117433428764,0.04997928440570831,240
results/context_evidence/v2/checkpoints\fact_deadlift_00110_s42.pt,fact,deadlift,00110,42,2,Full back leg extended (0.5 point) L,1,zero,33,6,53,0.45454545454545453,0.47433003783226013,-0.14007507264614105,0.011447369121015072,-0.1515224426984787,0.04578784108161926,0.1016971692442894,240
results/context_evidence/v2/checkpoints\fact_deadlift_00110_s42.pt,fact,deadlift,00110,42,2,Full back leg extended (0.5 point) L,1,temporal_mean,33,6,53,0.45454545454545453,0.47433003783226013,0.05247727409005165,0.005142683163285255,0.047334589064121246,0.04851141199469566,0.09168035537004471,240
results/context_evidence/v2/checkpoints\fact_deadlift_00110_s42.pt,fact,deadlift,00110,42,3,Slow reverse movement (0.5 point) L,1,zero,33,8,22,0.5757575757575758,0.5275147557258606,0.3040470480918884,0.041661690920591354,0.26238536834716797,0.08560514450073242,0.10942808538675308,240
results/context_evidence/v2/checkpoints\fact_deadlift_00110_s42.pt,fact,deadlift,00110,42,3,Slow reverse movement (0.5 point) L,1,temporal_mean,33,8,22,0.5757575757575758,0.5275147557258606,-0.16475915908813477,-0.0471959263086319,-0.11756323277950287,0.03441426157951355,0.12443143874406815,240
results/context_evidence/v2/checkpoints\fact_deadlift_00110_s42.pt,fact,deadlift,00110,42,4,Support knee bend 15-20° (0.5 point) L,0,zero,33,6,9,0.9090909090909091,0.7479245662689209,-0.07356959581375122,-0.03723132982850075,-0.03633826598525047,0.037059321999549866,0.12515828013420105,240
results/context_evidence/v2/checkpoints\fact_deadlift_00110_s42.pt,fact,deadlift,00110,42,4,Support knee bend 15-20° (0.5 point) L,0,temporal_mean,33,6,9,0.9090909090909091,0.7479245662689209,-0.0007225545705296099,0.0016826419159770012,-0.00240519642829895,0.023004693910479546,0.11033465713262558,240
results/context_evidence/v2/checkpoints\fact_deadlift_00110_s7.pt,fact,deadlift,00110,7,0,Balance (0.5 point) F,0,zero,33,12,0,0.8787878787878788,0.8394787907600403,0.2636170983314514,0.14293253421783447,0.12068456411361694,0.1458275467157364,0.0,275
results/context_evidence/v2/checkpoints\fact_deadlift_00110_s7.pt,fact,deadlift,00110,7,0,Balance (0.5 point) F,0,temporal_mean,33,12,0,0.8787878787878788,0.8394787907600403,0.39027851819992065,0.09160348027944565,0.2986750304698944,0.06080273166298866,0.0,275
results/context_evidence/v2/checkpoints\fact_deadlift_00110_s7.pt,fact,deadlift,00110,7,1,Straight back (0.5) L,0,zero,33,6,7,0.9393939393939394,0.8885061144828796,0.11359700560569763,0.13250425457954407,-0.018907248973846436,0.2068948894739151,0.20660066604614258,275
results/context_evidence/v2/checkpoints\fact_deadlift_00110_s7.pt,fact,deadlift,00110,7,1,Straight back (0.5) L,0,temporal_mean,33,6,7,0.9393939393939394,0.8885061144828796,-0.02967228926718235,-0.015521908178925514,-0.014150381088256836,0.01368726510554552,0.10117582976818085,275
results/context_evidence/v2/checkpoints\fact_deadlift_00110_s7.pt,fact,deadlift,00110,7,2,Full back leg extended (0.5 point) L,1,zero,33,6,53,0.42424242424242425,0.39122989773750305,0.12463860213756561,0.06480826437473297,0.05983033776283264,0.1279771476984024,0.18100810050964355,275
results/context_evidence/v2/checkpoints\fact_deadlift_00110_s7.pt,fact,deadlift,00110,7,2,Full back leg extended (0.5 point) L,1,temporal_mean,33,6,53,0.42424242424242425,0.39122989773750305,0.24738386273384094,0.03992079943418503,0.20746305584907532,0.08108758181333542,0.129595085978508,275
results/context_evidence/v2/checkpoints\fact_deadlift_00110_s7.pt,fact,deadlift,00110,7,3,Slow reverse movement (0.5 point) L,1,zero,33,8,22,0.6060606060606061,0.5811038017272949,0.5036500692367554,0.14230044186115265,0.3613496422767639,0.1757672280073166,0.1742388755083084,275
results/context_evidence/v2/checkpoints\fact_deadlift_00110_s7.pt,fact,deadlift,00110,7,3,Slow reverse movement (0.5 point) L,1,temporal_mean,33,8,22,0.6060606060606061,0.5811038017272949,0.18525230884552002,-0.001728307455778122,0.18698062002658844,0.06167835742235184,0.13956472277641296,275
results/context_evidence/v2/checkpoints\fact_deadlift_00110_s7.pt,fact,deadlift,00110,7,4,Support knee bend 15-20° (0.5 point) L,0,zero,33,6,9,0.7878787878787878,0.7660999298095703,-0.06488742679357529,-0.032837726175785065,-0.03204970061779022,0.0764794573187828,0.18380200862884521,275
results/context_evidence/v2/checkpoints\fact_deadlift_00110_s7.pt,fact,deadlift,00110,7,4,Support knee bend 15-20° (0.5 point) L,0,temporal_mean,33,6,9,0.7878787878787878,0.7660999298095703,-0.13517619669437408,-0.029329396784305573,-0.10584679991006851,0.0648949146270752,0.14264284074306488,275
results/context_evidence/v2/checkpoints\fact_deadlift_11110_s123.pt,fact,deadlift,11110,123,0,Balance (0.5 point) F,1,zero,10,12,1,0.3,0.49915528297424316,-0.13127198815345764,-0.036257438361644745,-0.0950145497918129,0.05079914629459381,0.0,161
results/context_evidence/v2/checkpoints\fact_deadlift_11110_s123.pt,fact,deadlift,11110,123,0,Balance (0.5 point) F,1,temporal_mean,10,12,1,0.3,0.49915528297424316,-0.09392867982387543,-0.05236661434173584,-0.04156206548213959,0.03461095690727234,0.0,161
results/context_evidence/v2/checkpoints\fact_deadlift_11110_s123.pt,fact,deadlift,11110,123,1,Straight back (0.5) L,1,zero,10,6,1,0.6,0.5226946473121643,0.3529171347618103,0.03413359448313713,0.31878355145454407,0.19629737734794617,0.11633088439702988,161
results/context_evidence/v2/checkpoints\fact_deadlift_11110_s123.pt,fact,deadlift,11110,123,1,Straight back (0.5) L,1,temporal_mean,10,6,1,0.6,0.5226946473121643,-0.2290799617767334,-0.009939121082425117,-0.21914084255695343,0.04117166996002197,0.05420827865600586,161
results/context_evidence/v2/checkpoints\fact_deadlift_11110_s123.pt,fact,deadlift,11110,123,2,Full back leg extended (0.5 point) L,1,zero,10,6,0,0.9,0.6828387975692749,0.4690268933773041,0.033830635249614716,0.43519625067710876,0.055882882326841354,0.19712498784065247,161
results/context_evidence/v2/checkpoints\fact_deadlift_11110_s123.pt,fact,deadlift,11110,123,2,Full back leg extended (0.5 point) L,1,temporal_mean,10,6,0,0.9,0.6828387975692749,-0.044168900698423386,-0.01442704163491726,-0.029741859063506126,0.022713419049978256,0.062262095510959625,161
results/context_evidence/v2/checkpoints\fact_deadlift_11110_s123.pt,fact,deadlift,11110,123,3,Slow reverse movement (0.5 point) L,1,zero,10,8,0,0.3,0.39306142926216125,-0.0006173088913783431,-0.007115153130143881,0.006497844122350216,0.12608948349952698,0.24899859726428986,161
results/context_evidence/v2/checkpoints\fact_deadlift_11110_s123.pt,fact,deadlift,11110,123,3,Slow reverse movement (0.5 point) L,1,temporal_mean,10,8,0,0.3,0.39306142926216125,-0.22553721070289612,-0.056853994727134705,-0.1686832159757614,0.047531358897686005,0.08213015645742416,161
results/context_evidence/v2/checkpoints\fact_deadlift_11110_s123.pt,fact,deadlift,11110,123,4,Support knee bend 15-20° (0.5 point) L,0,zero,10,6,0,1.0,0.7662208676338196,0.17722287774085999,0.008741943165659904,0.16848093271255493,0.025832844898104668,0.27044281363487244,161
results/context_evidence/v2/checkpoints\fact_deadlift_11110_s123.pt,fact,deadlift,11110,123,4,Support knee bend 15-20° (0.5 point) L,0,temporal_mean,10,6,0,1.0,0.7662208676338196,0.02212502993643284,0.0009272999595850706,0.0211977306753397,0.013904363848268986,0.0767214298248291,161
results/context_evidence/v2/checkpoints\fact_deadlift_11110_s42.pt,fact,deadlift,11110,42,0,Balance (0.5 point) F,1,zero,10,12,1,0.0,0.17474406957626343,-0.4542763829231262,-0.08453081548213959,-0.36974555253982544,0.07159783691167831,0.0,242
results/context_evidence/v2/checkpoints\fact_deadlift_11110_s42.pt,fact,deadlift,11110,42,0,Balance (0.5 point) F,1,temporal_mean,10,12,1,0.0,0.17474406957626343,-0.4328152537345886,-0.10213075578212738,-0.33068448305130005,0.08596840500831604,0.0,242
results/context_evidence/v2/checkpoints\fact_deadlift_11110_s42.pt,fact,deadlift,11110,42,1,Straight back (0.5) L,1,zero,10,6,1,0.2,0.23587346076965332,0.16929787397384644,-0.051911309361457825,0.22120918333530426,0.2270752489566803,0.22646105289459229,242
results/context_evidence/v2/checkpoints\fact_deadlift_11110_s42.pt,fact,deadlift,11110,42,1,Straight back (0.5) L,1,temporal_mean,10,6,1,0.2,0.23587346076965332,-0.09734455496072769,-0.008738009259104729,-0.08860654383897781,0.027724023908376694,0.067027747631073,242
results/context_evidence/v2/checkpoints\fact_deadlift_11110_s42.pt,fact,deadlift,11110,42,2,Full back leg extended (0.5 point) L,1,zero,10,6,0,0.8,0.7134127616882324,0.6420818567276001,0.05980454385280609,0.5822772979736328,0.12385359406471252,0.19928161799907684,242
results/context_evidence/v2/checkpoints\fact_deadlift_11110_s42.pt,fact,deadlift,11110,42,2,Full back leg extended (0.5 point) L,1,temporal_mean,10,6,0,0.8,0.7134127616882324,0.2604479491710663,0.001961774891242385,0.25848618149757385,0.09403152018785477,0.10476712882518768,242
results/context_evidence/v2/checkpoints\fact_deadlift_11110_s42.pt,fact,deadlift,11110,42,3,Slow reverse movement (0.5 point) L,1,zero,10,8,0,0.6,0.5592368245124817,0.2880554795265198,0.07459692656993866,0.21345855295658112,0.15242084860801697,0.3134284019470215,242
results/context_evidence/v2/checkpoints\fact_deadlift_11110_s42.pt,fact,deadlift,11110,42,3,Slow reverse movement (0.5 point) L,1,temporal_mean,10,8,0,0.6,0.5592368245124817,-0.15935379266738892,-0.060228776186704636,-0.09912501275539398,0.05184346064925194,0.13292594254016876,242
results/context_evidence/v2/checkpoints\fact_deadlift_11110_s42.pt,fact,deadlift,11110,42,4,Support knee bend 15-20° (0.5 point) L,0,zero,10,6,0,1.0,0.827837347984314,0.3879827857017517,0.06107646971940994,0.32690632343292236,0.1203015148639679,0.2633596956729889,242
results/context_evidence/v2/checkpoints\fact_deadlift_11110_s42.pt,fact,deadlift,11110,42,4,Support knee bend 15-20° (0.5 point) L,0,temporal_mean,10,6,0,1.0,0.827837347984314,-0.042871057987213135,0.00021040451247245073,-0.043081462383270264,0.029335884377360344,0.18960243463516235,242
results/context_evidence/v2/checkpoints\fact_deadlift_11110_s7.pt,fact,deadlift,11110,7,0,Balance (0.5 point) F,1,zero,10,12,1,0.0,0.2822406589984894,-0.32805317640304565,-0.08853315562009811,-0.23952001333236694,0.11798835545778275,0.0,277
results/context_evidence/v2/checkpoints\fact_deadlift_11110_s7.pt,fact,deadlift,11110,7,0,Balance (0.5 point) F,1,temporal_mean,10,12,1,0.0,0.2822406589984894,-0.2759684920310974,-0.08124842494726181,-0.194720059633255,0.04834011197090149,0.0,277
results/context_evidence/v2/checkpoints\fact_deadlift_11110_s7.pt,fact,deadlift,11110,7,1,Straight back (0.5) L,1,zero,10,6,1,0.2,0.223717600107193,0.15704265236854553,-0.0972164124250412,0.25425904989242554,0.22019101679325104,0.14425323903560638,277
results/context_evidence/v2/checkpoints\fact_deadlift_11110_s7.pt,fact,deadlift,11110,7,1,Straight back (0.5) L,1,temporal_mean,10,6,1,0.2,0.223717600107193,-0.16126957535743713,-0.005360403098165989,-0.15590916574001312,0.019052699208259583,0.05480985715985298,277
results/context_evidence/v2/checkpoints\fact_deadlift_11110_s7.pt,fact,deadlift,11110,7,2,Full back leg extended (0.5 point) L,1,zero,10,6,0,0.8,0.5801623463630676,0.4312531054019928,0.09059636294841766,0.34065675735473633,0.18241117894649506,0.18086008727550507,277
results/context_evidence/v2/checkpoints\fact_deadlift_11110_s7.pt,fact,deadlift,11110,7,2,Full back leg extended (0.5 point) L,1,temporal_mean,10,6,0,0.8,0.5801623463630676,0.07090624421834946,0.02092169225215912,0.04998455196619034,0.04713991656899452,0.061786554753780365,277
results/context_evidence/v2/checkpoints\fact_deadlift_11110_s7.pt,fact,deadlift,11110,7,3,Slow reverse movement (0.5 point) L,1,zero,10,8,0,0.1,0.22861416637897491,-0.14313045144081116,-0.1487414687871933,0.005611017346382141,0.266114205121994,0.1605072021484375,277
results/context_evidence/v2/checkpoints\fact_deadlift_11110_s7.pt,fact,deadlift,11110,7,3,Slow reverse movement (0.5 point) L,1,temporal_mean,10,8,0,0.1,0.22861416637897491,-0.07087142765522003,-0.044430650770664215,-0.026440776884555817,0.04288320988416672,0.08786658942699432,277
results/context_evidence/v2/checkpoints\fact_deadlift_11110_s7.pt,fact,deadlift,11110,7,4,Support knee bend 15-20° (0.5 point) L,0,zero,10,6,0,1.0,0.9027602076530457,0.05309351161122322,0.04925047233700752,0.0038430392742156982,0.10536783933639526,0.2765728533267975,277
results/context_evidence/v2/checkpoints\fact_deadlift_11110_s7.pt,fact,deadlift,11110,7,4,Support knee bend 15-20° (0.5 point) L,0,temporal_mean,10,6,0,1.0,0.9027602076530457,-0.0003130853292532265,4.73582758786506e-06,-0.00031782116275280714,0.0037102196365594864,0.10723389685153961,277
results/context_evidence/v2/checkpoints\fact_squat_000000_s123.pt,fact,squat,000000,123,0,Feet Out 30 F,0,zero,17,10,1,0.47058823529411764,0.4597363770008087,0.42958053946495056,0.10109549760818481,0.32848504185676575,0.26696664094924927,0.0,274
results/context_evidence/v2/checkpoints\fact_squat_000000_s123.pt,fact,squat,000000,123,0,Feet Out 30 F,0,temporal_mean,17,10,1,0.47058823529411764,0.4597363770008087,-0.34399616718292236,-0.03532305732369423,-0.30867311358451843,0.1335865557193756,0.0,274
results/context_evidence/v2/checkpoints\fact_squat_000000_s123.pt,fact,squat,000000,123,1,Whole Feet Flat On the Floor (1) L,0,zero,17,8,0,1.0,0.9675582647323608,0.6817450523376465,0.10799036175012589,0.5737546682357788,0.2359633892774582,0.15877211093902588,274
results/context_evidence/v2/checkpoints\fact_squat_000000_s123.pt,fact,squat,000000,123,1,Whole Feet Flat On the Floor (1) L,0,temporal_mean,17,8,0,1.0,0.9675582647323608,0.00099330791272223,0.002048313384875655,-0.0010550054721534252,0.009464648552238941,0.1351102590560913,274
results/context_evidence/v2/checkpoints\fact_squat_000000_s123.pt,fact,squat,000000,123,2,Bend Hips and Knees Simultaniously (1) L,0,zero,17,8,3,0.8823529411764706,0.8523668050765991,-0.09985166788101196,0.06074695289134979,-0.16059862077236176,0.18596774339675903,0.2290770560503006,274
results/context_evidence/v2/checkpoints\fact_squat_000000_s123.pt,fact,squat,000000,123,2,Bend Hips and Knees Simultaniously (1) L,0,temporal_mean,17,8,3,0.8823529411764706,0.8523668050765991,-0.03160756826400757,-0.03326020389795303,0.001652635633945465,0.02785619907081127,0.13202090561389923,274
results/context_evidence/v2/checkpoints\fact_squat_000000_s123.pt,fact,squat,000000,123,3,Hips backwards (1) L,0,zero,17,8,5,0.47058823529411764,0.4764147400856018,-0.3653210699558258,0.05618591234087944,-0.42150697112083435,0.3452140986919403,0.1817886382341385,274
results/context_evidence/v2/checkpoints\fact_squat_000000_s123.pt,fact,squat,000000,123,3,Hips backwards (1) L,0,temporal_mean,17,8,5,0.47058823529411764,0.4764147400856018,-0.2868504226207733,-0.045311469584703445,-0.24153895676136017,0.1327989250421524,0.09792584925889969,274
results/context_evidence/v2/checkpoints\fact_squat_000000_s123.pt,fact,squat,000000,123,4,Lower back neural (1) L,0,zero,17,6,5,1.0,0.9645585417747498,0.740912675857544,0.012450039386749268,0.7284626364707947,0.024433864280581474,0.19540023803710938,274
results/context_evidence/v2/checkpoints\fact_squat_000000_s123.pt,fact,squat,000000,123,4,Lower back neural (1) L,0,temporal_mean,17,6,5,1.0,0.9645585417747498,0.09143342822790146,0.008343889378011227,0.08308953791856766,0.012705394066870213,0.09077636152505875,274
results/context_evidence/v2/checkpoints\fact_squat_000000_s123.pt,fact,squat,000000,123,5,Hips are lower than knees level (1 point) L,0,zero,17,6,42,0.11764705882352941,0.19462350010871887,-0.12468551099300385,-0.06827769428491592,-0.05640781670808792,0.16142182052135468,0.19248715043067932,274
results/context_evidence/v2/checkpoints\fact_squat_000000_s123.pt,fact,squat,000000,123,5,Hips are lower than knees level (1 point) L,0,temporal_mean,17,6,42,0.11764705882352941,0.19462350010871887,-0.21858404576778412,-0.010170628316700459,-0.20841342210769653,0.06194540858268738,0.0840957760810852,274
results/context_evidence/v2/checkpoints\fact_squat_000000_s42.pt,fact,squat,000000,42,0,Feet Out 30 F,0,zero,17,10,0,0.5294117647058824,0.4535917043685913,0.4109252989292145,0.029287641867995262,0.38163766264915466,0.3274332582950592,0.0,28
results/context_evidence/v2/checkpoints\fact_squat_000000_s42.pt,fact,squat,000000,42,0,Feet Out 30 F,0,temporal_mean,17,10,0,0.5294117647058824,0.4535917043685913,-0.36785688996315,-0.07240672409534454,-0.2954501509666443,0.2243044078350067,0.0,28
results/context_evidence/v2/checkpoints\fact_squat_000000_s42.pt,fact,squat,000000,42,1,Whole Feet Flat On the Floor (1) L,0,zero,17,8,0,0.7647058823529411,0.6659774780273438,0.3065512180328369,-0.02814619429409504,0.334697425365448,0.20011627674102783,0.2536795437335968,28
results/context_evidence/v2/checkpoints\fact_squat_000000_s42.pt,fact,squat,000000,42,1,Whole Feet Flat On the Floor (1) L,0,temporal_mean,17,8,0,0.7647058823529411,0.6659774780273438,0.17460240423679352,0.09189626574516296,0.08270613849163055,0.06126320734620094,0.09345418959856033,28
results/context_evidence/v2/checkpoints\fact_squat_000000_s42.pt,fact,squat,000000,42,2,Bend Hips and Knees Simultaniously (1) L,0,zero,17,8,3,0.7647058823529411,0.7585000395774841,-0.16365163028240204,0.05808108299970627,-0.2217327058315277,0.2830486595630646,0.25422245264053345,28
results/context_evidence/v2/checkpoints\fact_squat_000000_s42.pt,fact,squat,000000,42,2,Bend Hips and Knees Simultaniously (1) L,0,temporal_mean,17,8,3,0.7647058823529411,0.7585000395774841,-0.13236981630325317,-0.05419010668992996,-0.07817970961332321,0.06851009279489517,0.0778956264257431,28
results/context_evidence/v2/checkpoints\fact_squat_000000_s42.pt,fact,squat,000000,42,3,Hips backwards (1) L,0,zero,17,8,5,0.11764705882352941,0.20477744936943054,-0.7447758316993713,-0.2059818059206009,-0.5387940406799316,0.35157567262649536,0.15006057918071747,28
results/context_evidence/v2/checkpoints\fact_squat_000000_s42.pt,fact,squat,000000,42,3,Hips backwards (1) L,0,temporal_mean,17,8,5,0.11764705882352941,0.20477744936943054,-0.02774091623723507,0.01168703380972147,-0.039427950978279114,0.051155999302864075,0.0937860906124115,28
results/context_evidence/v2/checkpoints\fact_squat_000000_s42.pt,fact,squat,000000,42,4,Lower back neural (1) L,0,zero,17,6,5,1.0,0.9255702495574951,-0.005653479602187872,0.1847781389951706,-0.1904316246509552,0.30200785398483276,0.40256980061531067,28
results/context_evidence/v2/checkpoints\fact_squat_000000_s42.pt,fact,squat,000000,42,4,Lower back neural (1) L,0,temporal_mean,17,6,5,1.0,0.9255702495574951,0.008636264130473137,-0.0012756723444908857,0.009911936707794666,0.0035453469026833773,0.09898126125335693,28
results/context_evidence/v2/checkpoints\fact_squat_000000_s42.pt,fact,squat,000000,42,5,Hips are lower than knees level (1 point) L,0,zero,17,6,37,0.23529411764705882,0.322916716337204,0.24406541883945465,-0.06236319988965988,0.30642861127853394,0.2681339681148529,0.24671924114227295,28
results/context_evidence/v2/checkpoints\fact_squat_000000_s42.pt,fact,squat,000000,42,5,Hips are lower than knees level (1 point) L,0,temporal_mean,17,6,37,0.23529411764705882,0.322916716337204,0.08691581338644028,0.025368638336658478,0.0615471750497818,0.042533546686172485,0.08194238692522049,28
results/context_evidence/v2/checkpoints\fact_squat_000000_s7.pt,fact,squat,000000,7,0,Feet Out 30 F,0,zero,17,10,0,0.5882352941176471,0.5659682750701904,0.4972386062145233,0.09667914360761642,0.4005594551563263,0.2405218631029129,0.0,63
results/context_evidence/v2/checkpoints\fact_squat_000000_s7.pt,fact,squat,000000,7,0,Feet Out 30 F,0,temporal_mean,17,10,0,0.5882352941176471,0.5659682750701904,-0.24550190567970276,-0.12188700586557388,-0.12361489981412888,0.0931735634803772,0.0,63
results/context_evidence/v2/checkpoints\fact_squat_000000_s7.pt,fact,squat,000000,7,1,Whole Feet Flat On the Floor (1) L,0,zero,17,8,0,0.9411764705882353,0.8268935680389404,-0.0203652773052454,0.05798706039786339,-0.07835233956575394,0.18165993690490723,0.20584926009178162,63
results/context_evidence/v2/checkpoints\fact_squat_000000_s7.pt,fact,squat,000000,7,1,Whole Feet Flat On the Floor (1) L,0,temporal_mean,17,8,0,0.9411764705882353,0.8268935680389404,0.013156445696949959,0.005677610170096159,0.0074788355268538,0.036474961787462234,0.07613909989595413,63
results/context_evidence/v2/checkpoints\fact_squat_000000_s7.pt,fact,squat,000000,7,2,Bend Hips and Knees Simultaniously (1) L,0,zero,17,8,3,0.7647058823529411,0.7631068229675293,-0.1570659875869751,0.06780475378036499,-0.2248707413673401,0.2085741013288498,0.1865246593952179,63
results/context_evidence/v2/checkpoints\fact_squat_000000_s7.pt,fact,squat,000000,7,2,Bend Hips and Knees Simultaniously (1) L,0,temporal_mean,17,8,3,0.7647058823529411,0.7631068229675293,-0.11533103883266449,-0.028083370998501778,-0.08724766969680786,0.06628693640232086,0.06905736029148102,63
results/context_evidence/v2/checkpoints\fact_squat_000000_s7.pt,fact,squat,000000,7,3,Hips backwards (1) L,0,zero,17,8,5,0.17647058823529413,0.25015130639076233,-0.6394553184509277,-0.09499786049127579,-0.5444574356079102,0.27176931500434875,0.09795177727937698,63
results/context_evidence/v2/checkpoints\fact_squat_000000_s7.pt,fact,squat,000000,7,3,Hips backwards (1) L,0,temporal_mean,17,8,5,0.17647058823529413,0.25015130639076233,0.08255761861801147,0.011359143070876598,0.0711984783411026,0.043470967561006546,0.0758897215127945,63
results/context_evidence/v2/checkpoints\fact_squat_000000_s7.pt,fact,squat,000000,7,4,Lower back neural (1) L,0,zero,17,6,5,1.0,0.8341029286384583,-0.044290702790021896,0.15375126898288727,-0.19804197549819946,0.25243255496025085,0.30035948753356934,63
results/context_evidence/v2/checkpoints\fact_squat_000000_s7.pt,fact,squat,000000,7,4,Lower back neural (1) L,0,temporal_mean,17,6,5,1.0,0.8341029286384583,0.05161822587251663,0.0011695628054440022,0.05044866353273392,0.013799351640045643,0.06592967361211777,63
results/context_evidence/v2/checkpoints\fact_squat_000000_s7.pt,fact,squat,000000,7,5,Hips are lower than knees level (1 point) L,0,zero,17,6,37,0.0,0.25190332531929016,-0.10706645250320435,-0.052522242069244385,-0.05454421043395996,0.13670891523361206,0.2164313644170761,63
results/context_evidence/v2/checkpoints\fact_squat_000000_s7.pt,fact,squat,000000,7,5,Hips are lower than knees level (1 point) L,0,temporal_mean,17,6,37,0.0,0.25190332531929016,0.08069068193435669,0.031722940504550934,0.048967741429805756,0.029633792117238045,0.06622371822595596,63
results/context_evidence/v2/checkpoints\fact_squat_000001_s123.pt,fact,squat,000001,123,0,Feet Out 30 F,0,zero,55,10,45,0.23636363636363636,0.24385617673397064,0.223194420337677,-0.0038632508367300034,0.22705766558647156,0.18964965641498566,0.0,145
results/context_evidence/v2/checkpoints\fact_squat_000001_s123.pt,fact,squat,000001,123,0,Feet Out 30 F,0,temporal_mean,55,10,45,0.23636363636363636,0.24385617673397064,-0.5978342294692993,-0.08666861057281494,-0.5111656188964844,0.11138149350881577,0.0,145
results/context_evidence/v2/checkpoints\fact_squat_000001_s123.pt,fact,squat,000001,123,1,Whole Feet Flat On the Floor (1) L,0,zero,55,8,0,0.9818181818181818,0.884373664855957,0.1280534714460373,0.1152903288602829,0.012763142585754395,0.23009878396987915,0.2517078220844269,145
results/context_evidence/v2/checkpoints\fact_squat_000001_s123.pt,fact,squat,000001,123,1,Whole Feet Flat On the Floor (1) L,0,temporal_mean,55,8,0,0.9818181818181818,0.884373664855957,-0.004513919353485107,0.0016728871269151568,-0.006186806596815586,0.014731206931173801,0.12553167343139648,145
results/context_evidence/v2/checkpoints\fact_squat_000001_s123.pt,fact,squat,000001,123,2,Bend Hips and Knees Simultaniously (1) L,0,zero,55,8,7,0.9454545454545454,0.9134572744369507,0.6722715497016907,0.1391715705394745,0.5331000089645386,0.18999528884887695,0.2663686275482178,145
results/context_evidence/v2/checkpoints\fact_squat_000001_s123.pt,fact,squat,000001,123,2,Bend Hips and Knees Simultaniously (1) L,0,temporal_mean,55,8,7,0.9454545454545454,0.9134572744369507,-0.026361413300037384,-0.013990436680614948,-0.012370976619422436,0.010458526201546192,0.12694178521633148,145
results/context_evidence/v2/checkpoints\fact_squat_000001_s123.pt,fact,squat,000001,123,3,Hips backwards (1) L,0,zero,55,8,22,0.4727272727272727,0.49916520714759827,-0.44489508867263794,0.03802167996764183,-0.48291677236557007,0.32464614510536194,0.31681036949157715,145
results/context_evidence/v2/checkpoints\fact_squat_000001_s123.pt,fact,squat,000001,123,3,Hips backwards (1) L,0,temporal_mean,55,8,22,0.4727272727272727,0.49916520714759827,-0.19102273881435394,-0.05425349622964859,-0.13676923513412476,0.09247556328773499,0.0853203758597374,145
results/context_evidence/v2/checkpoints\fact_squat_000001_s123.pt,fact,squat,000001,123,4,Lower back neural (1) L,0,zero,55,6,0,0.8909090909090909,0.845670759677887,0.275208979845047,0.0363798663020134,0.238829106092453,0.13841265439987183,0.32860633730888367,145
results/context_evidence/v2/checkpoints\fact_squat_000001_s123.pt,fact,squat,000001,123,4,Lower back neural (1) L,0,temporal_mean,55,6,0,0.8909090909090909,0.845670759677887,-0.018521318212151527,-0.02392442710697651,0.005403108894824982,0.035298701375722885,0.10845104604959488,145
results/context_evidence/v2/checkpoints\fact_squat_000001_s123.pt,fact,squat,000001,123,5,Hips are lower than knees level (1 point) L,1,zero,55,6,5,0.2545454545454545,0.35639089345932007,-0.5077210664749146,-0.010017020627856255,-0.49770405888557434,0.20050103962421417,0.23898404836654663,145
results/context_evidence/v2/checkpoints\fact_squat_000001_s123.pt,fact,squat,000001,123,5,Hips are lower than knees level (1 point) L,1,temporal_mean,55,6,5,0.2545454545454545,0.35639089345932007,0.24471071362495422,0.05451422557234764,0.19019648432731628,0.08130612224340439,0.08301040530204773,145
results/context_evidence/v2/checkpoints\fact_squat_000001_s42.pt,fact,squat,000001,42,0,Feet Out 30 F,0,zero,55,10,45,0.36363636363636365,0.3490399420261383,0.3223381042480469,-0.01811913028359413,0.3404572308063507,0.18109272420406342,0.0,226
results/context_evidence/v2/checkpoints\fact_squat_000001_s42.pt,fact,squat,000001,42,0,Feet Out 30 F,0,temporal_mean,55,10,45,0.36363636363636365,0.3490399420261383,-0.5692219734191895,-0.14650315046310425,-0.4227188229560852,0.16318902373313904,0.0,226
results/context_evidence/v2/checkpoints\fact_squat_000001_s42.pt,fact,squat,000001,42,1,Whole Feet Flat On the Floor (1) L,0,zero,55,8,0,0.8363636363636363,0.8158841133117676,-0.14264607429504395,0.08755352348089218,-0.23019960522651672,0.23525361716747284,0.3621135950088501,226
results/context_evidence/v2/checkpoints\fact_squat_000001_s42.pt,fact,squat,000001,42,1,Whole Feet Flat On the Floor (1) L,0,temporal_mean,55,8,0,0.8363636363636363,0.8158841133117676,-0.022244388237595558,-0.00901732686907053,-0.013227061368525028,0.01816529780626297,0.16573932766914368,226
results/context_evidence/v2/checkpoints\fact_squat_000001_s42.pt,fact,squat,000001,42,2,Bend Hips and Knees Simultaniously (1) L,0,zero,55,8,7,0.8909090909090909,0.8486374020576477,0.4821406602859497,0.08349917083978653,0.3986414968967438,0.18408295512199402,0.1469200849533081,226
results/context_evidence/v2/checkpoints\fact_squat_000001_s42.pt,fact,squat,000001,42,2,Bend Hips and Knees Simultaniously (1) L,0,temporal_mean,55,8,7,0.8909090909090909,0.8486374020576477,-0.0989532619714737,-0.047233209013938904,-0.05172005295753479,0.0374128594994545,0.13392120599746704,226
results/context_evidence/v2/checkpoints\fact_squat_000001_s42.pt,fact,squat,000001,42,3,Hips backwards (1) L,0,zero,55,8,22,0.6,0.6173630952835083,-0.3548377752304077,0.05012987181544304,-0.40496763586997986,0.27844300866127014,0.1806163787841797,226
results/context_evidence/v2/checkpoints\fact_squat_000001_s42.pt,fact,squat,000001,42,3,Hips backwards (1) L,0,temporal_mean,55,8,22,0.6,0.6173630952835083,0.016353221610188484,0.004426068160682917,0.011927153915166855,0.057537175714969635,0.11348610371351242,226
results/context_evidence/v2/checkpoints\fact_squat_000001_s42.pt,fact,squat,000001,42,4,Lower back neural (1) L,0,zero,55,6,0,0.9454545454545454,0.9163988828659058,0.13191306591033936,0.04569987952709198,0.08621318638324738,0.16227547824382782,0.2547307014465332,226
results/context_evidence/v2/checkpoints\fact_squat_000001_s42.pt,fact,squat,000001,42,4,Lower back neural (1) L,0,temporal_mean,55,6,0,0.9454545454545454,0.9163988828659058,0.056025128811597824,0.02598453499376774,0.030040593817830086,0.07273981720209122,0.07555054873228073,226
results/context_evidence/v2/checkpoints\fact_squat_000001_s42.pt,fact,squat,000001,42,5,Hips are lower than knees level (1 point) L,1,zero,55,6,5,0.9818181818181818,0.8497186303138733,-0.03655316308140755,0.07567442208528519,-0.11222758889198303,0.14115768671035767,0.3354245722293854,226
results/context_evidence/v2/checkpoints\fact_squat_000001_s42.pt,fact,squat,000001,42,5,Hips are lower than knees level (1 point) L,1,temporal_mean,55,6,5,0.9818181818181818,0.8497186303138733,0.21355754137039185,0.010738950222730637,0.2028185874223709,0.03569502383470535,0.13398830592632294,226
results/context_evidence/v2/checkpoints\fact_squat_000001_s7.pt,fact,squat,000001,7,0,Feet Out 30 F,0,zero,55,10,40,0.21818181818181817,0.25288206338882446,0.11689060926437378,-0.07318852841854095,0.19007913768291473,0.13880185782909393,0.0,5
results/context_evidence/v2/checkpoints\fact_squat_000001_s7.pt,fact,squat,000001,7,0,Feet Out 30 F,0,temporal_mean,55,10,40,0.21818181818181817,0.25288206338882446,-0.21983987092971802,-0.028413396328687668,-0.19142647087574005,0.07162417471408844,0.0,5
results/context_evidence/v2/checkpoints\fact_squat_000001_s7.pt,fact,squat,000001,7,1,Whole Feet Flat On the Floor (1) L,0,zero,55,8,0,0.8181818181818182,0.7678353190422058,0.038083020597696304,0.0010992989409714937,0.03698372095823288,0.15564897656440735,0.20158450305461884,5
results/context_evidence/v2/checkpoints\fact_squat_000001_s7.pt,fact,squat,000001,7,1,Whole Feet Flat On the Floor (1) L,0,temporal_mean,55,8,0,0.8181818181818182,0.7678353190422058,0.010328496806323528,0.010917830280959606,-0.0005893334746360779,0.022386575117707253,0.09447765350341797,5
results/context_evidence/v2/checkpoints\fact_squat_000001_s7.pt,fact,squat,000001,7,2,Bend Hips and Knees Simultaniously (1) L,0,zero,55,8,7,0.9272727272727272,0.878288745880127,-0.07449054718017578,0.07590130716562271,-0.1503918468952179,0.18320806324481964,0.2009062021970749,5
results/context_evidence/v2/checkpoints\fact_squat_000001_s7.pt,fact,squat,000001,7,2,Bend Hips and Knees Simultaniously (1) L,0,temporal_mean,55,8,7,0.9272727272727272,0.878288745880127,-0.03800072520971298,-0.0020801841747015715,-0.03592054173350334,0.0323401503264904,0.10557623952627182,5
results/context_evidence/v2/checkpoints\fact_squat_000001_s7.pt,fact,squat,000001,7,3,Hips backwards (1) L,0,zero,55,8,19,0.5272727272727272,0.5609044432640076,-0.3088073432445526,0.07477365434169769,-0.3835809826850891,0.2753520607948303,0.14986415207386017,5
results/context_evidence/v2/checkpoints\fact_squat_000001_s7.pt,fact,squat,000001,7,3,Hips backwards (1) L,0,temporal_mean,55,8,19,0.5272727272727272,0.5609044432640076,0.2262805700302124,0.052470091730356216,0.17381048202514648,0.05525534972548485,0.07227236777544022,5
results/context_evidence/v2/checkpoints\fact_squat_000001_s7.pt,fact,squat,000001,7,4,Lower back neural (1) L,0,zero,55,6,0,0.7818181818181819,0.7209688425064087,-0.08554156869649887,-0.043681979179382324,-0.04185958951711655,0.10888821631669998,0.25139814615249634,5
results/context_evidence/v2/checkpoints\fact_squat_000001_s7.pt,fact,squat,000001,7,4,Lower back neural (1) L,0,temporal_mean,55,6,0,0.7818181818181819,0.7209688425064087,0.05389459431171417,0.012435637414455414,0.04145895689725876,0.05607004463672638,0.04278164729475975,5
results/context_evidence/v2/checkpoints\fact_squat_000001_s7.pt,fact,squat,000001,7,5,Hips are lower than knees level (1 point) L,1,zero,55,6,10,0.6909090909090909,0.6649182438850403,0.035971034318208694,-0.022377859801054,0.058348894119262695,0.14120694994926453,0.15438145399093628,5
results/context_evidence/v2/checkpoints\fact_squat_000001_s7.pt,fact,squat,000001,7,5,Hips are lower than knees level (1 point) L,1,temporal_mean,55,6,10,0.6909090909090909,0.6649182438850403,0.08486410230398178,0.003157274331897497,0.08170682936906815,0.04112429544329643,0.08652206510305405,5
results/context_evidence/v2/checkpoints\fact_squat_000101_s123.pt,fact,squat,000101,123,0,Feet Out 30 F,0,zero,22,10,29,0.8636363636363636,0.8338709473609924,0.7961070537567139,0.16810700297355652,0.628000020980835,0.22272048890590668,0.0,164
results/context_evidence/v2/checkpoints\fact_squat_000101_s123.pt,fact,squat,000101,123,0,Feet Out 30 F,0,temporal_mean,22,10,29,0.8636363636363636,0.8338709473609924,0.27124932408332825,0.08265399932861328,0.18859532475471497,0.08995777368545532,0.0,164
results/context_evidence/v2/checkpoints\fact_squat_000101_s123.pt,fact,squat,000101,123,1,Whole Feet Flat On the Floor (1) L,0,zero,22,8,10,0.9545454545454546,0.8737752437591553,-0.08330407738685608,0.17733018100261688,-0.26063424348831177,0.31340911984443665,0.25789108872413635,164
results/context_evidence/v2/checkpoints\fact_squat_000101_s123.pt,fact,squat,000101,123,1,Whole Feet Flat On the Floor (1) L,0,temporal_mean,22,8,10,0.9545454545454546,0.8737752437591553,-0.05707958713173866,-0.0011478043161332607,-0.055931784212589264,0.05422190576791763,0.10661015659570694,164
results/context_evidence/v2/checkpoints\fact_squat_000101_s123.pt,fact,squat,000101,123,2,Bend Hips and Knees Simultaniously (1) L,0,zero,22,8,0,1.0,0.969081699848175,0.8551321029663086,0.22990554571151733,0.6252265572547913,0.3188912570476532,0.1178009957075119,164
results/context_evidence/v2/checkpoints\fact_squat_000101_s123.pt,fact,squat,000101,123,2,Bend Hips and Knees Simultaniously (1) L,0,temporal_mean,22,8,0,1.0,0.969081699848175,0.0018457688856869936,0.001292846049182117,0.0005529228365048766,0.002339095575734973,0.14684319496154785,164
results/context_evidence/v2/checkpoints\fact_squat_000101_s123.pt,fact,squat,000101,123,3,Hips backwards (1) L,1,zero,22,8,36,0.4090909090909091,0.34888017177581787,0.3045985996723175,-0.19847843050956726,0.5030770301818848,0.37279433012008667,0.2254665046930313,164
results/context_evidence/v2/checkpoints\fact_squat_000101_s123.pt,fact,squat,000101,123,3,Hips backwards (1) L,1,temporal_mean,22,8,36,0.4090909090909091,0.34888017177581787,0.2853981852531433,0.09914277493953705,0.18625541031360626,0.12293807417154312,0.09028995037078857,164
results/context_evidence/v2/checkpoints\fact_squat_000101_s123.pt,fact,squat,000101,123,4,Lower back neural (1) L,0,zero,22,6,0,1.0,0.8989172577857971,-0.023374754935503006,0.04738132283091545,-0.07075607776641846,0.10013806819915771,0.2995188534259796,164
results/context_evidence/v2/checkpoints\fact_squat_000101_s123.pt,fact,squat,000101,123,4,Lower back neural (1) L,0,temporal_mean,22,6,0,1.0,0.8989172577857971,0.21169251203536987,0.022388651967048645,0.18930386006832123,0.03556693345308304,0.10420487821102142,164
results/context_evidence/v2/checkpoints\fact_squat_000101_s123.pt,fact,squat,000101,123,5,Hips are lower than knees level (1 point) L,1,zero,22,6,5,0.8181818181818182,0.7477514743804932,-0.12560588121414185,0.04239419102668762,-0.16800007224082947,0.14142034947872162,0.2512909173965454,164
results/context_evidence/v2/checkpoints\fact_squat_000101_s123.pt,fact,squat,000101,123,5,Hips are lower than knees level (1 point) L,1,temporal_mean,22,6,5,0.8181818181818182,0.7477514743804932,0.16937053203582764,0.02356814779341221,0.14580237865447998,0.059850845485925674,0.08750400692224503,164
results/context_evidence/v2/checkpoints\fact_squat_000101_s42.pt,fact,squat,000101,42,0,Feet Out 30 F,0,zero,22,10,29,0.9090909090909091,0.7597181797027588,0.5161798596382141,0.06126176193356514,0.4549180865287781,0.11342063546180725,0.0,245
results/context_evidence/v2/checkpoints\fact_squat_000101_s42.pt,fact,squat,000101,42,0,Feet Out 30 F,0,temporal_mean,22,10,29,0.9090909090909091,0.7597181797027588,-0.07538218796253204,-0.02729969285428524,-0.048082493245601654,0.03305051103234291,0.0,245
results/context_evidence/v2/checkpoints\fact_squat_000101_s42.pt,fact,squat,000101,42,1,Whole Feet Flat On the Floor (1) L,0,zero,22,8,10,1.0,0.8158035278320312,-0.025615673512220383,0.10713713616132736,-0.13275280594825745,0.20432579517364502,0.07458680868148804,245
results/context_evidence/v2/checkpoints\fact_squat_000101_s42.pt,fact,squat,000101,42,1,Whole Feet Flat On the Floor (1) L,0,temporal_mean,22,8,10,1.0,0.8158035278320312,-0.004008978605270386,-0.002133890287950635,-0.0018750883173197508,0.008047393523156643,0.028669532388448715,245
results/context_evidence/v2/checkpoints\fact_squat_000101_s42.pt,fact,squat,000101,42,2,Bend Hips and Knees Simultaniously (1) L,0,zero,22,8,0,0.9545454545454546,0.8425620794296265,0.2639281451702118,0.05112709105014801,0.21280105412006378,0.08493536710739136,0.13061316311359406,245
results/context_evidence/v2/checkpoints\fact_squat_000101_s42.pt,fact,squat,000101,42,2,Bend Hips and Knees Simultaniously (1) L,0,temporal_mean,22,8,0,0.9545454545454546,0.8425620794296265,-0.043769169598817825,-0.013300618156790733,-0.030468551442027092,0.017744334414601326,0.029094643890857697,245
results/context_evidence/v2/checkpoints\fact_squat_000101_s42.pt,fact,squat,000101,42,3,Hips backwards (1) L,1,zero,22,8,36,0.18181818181818182,0.32338306307792664,0.034804750233888626,-0.07007550448179245,0.10488025844097137,0.1421804577112198,0.16313405334949493,245
results/context_evidence/v2/checkpoints\fact_squat_000101_s42.pt,fact,squat,000101,42,3,Hips backwards (1) L,1,temporal_mean,22,8,36,0.18181818181818182,0.32338306307792664,0.004801381845027208,-0.0018248872365802526,0.006626268848776817,0.014287737198174,0.03098253346979618,245
results/context_evidence/v2/checkpoints\fact_squat_000101_s42.pt,fact,squat,000101,42,4,Lower back neural (1) L,0,zero,22,6,0,1.0,0.8093874454498291,0.40498608350753784,0.018300751224160194,0.3866853415966034,0.034056104719638824,0.1513245701789856,245
results/context_evidence/v2/checkpoints\fact_squat_000101_s42.pt,fact,squat,000101,42,4,Lower back neural (1) L,0,temporal_mean,22,6,0,1.0,0.8093874454498291,0.040401242673397064,0.006260576657950878,0.03414066508412361,0.006265146657824516,0.02030380815267563,245
results/context_evidence/v2/checkpoints\fact_squat_000101_s42.pt,fact,squat,000101,42,5,Hips are lower than knees level (1 point) L,1,zero,22,6,5,0.7272727272727273,0.608940839767456,-0.048377763479948044,0.015908611938357353,-0.06428637355566025,0.14707060158252716,0.04836094006896019,245
results/context_evidence/v2/checkpoints\fact_squat_000101_s42.pt,fact,squat,000101,42,5,Hips are lower than knees level (1 point) L,1,temporal_mean,22,6,5,0.7272727272727273,0.608940839767456,0.02805897407233715,0.0013188711600378156,0.026740102097392082,0.015600958839058876,0.022996608167886734,245
results/context_evidence/v2/checkpoints\fact_squat_000101_s7.pt,fact,squat,000101,7,0,Feet Out 30 F,0,zero,22,10,28,0.8636363636363636,0.7920005917549133,0.7101660370826721,0.1289386749267578,0.5812273621559143,0.2374170571565628,0.0,11
results/context_evidence/v2/checkpoints\fact_squat_000101_s7.pt,fact,squat,000101,7,0,Feet Out 30 F,0,temporal_mean,22,10,28,0.8636363636363636,0.7920005917549133,0.14593331515789032,0.04038141295313835,0.10555189847946167,0.05422743782401085,0.0,11
results/context_evidence/v2/checkpoints\fact_squat_000101_s7.pt,fact,squat,000101,7,1,Whole Feet Flat On the Floor (1) L,0,zero,22,8,10,0.4090909090909091,0.39773550629615784,-0.5085079669952393,-0.09505124390125275,-0.4134567379951477,0.33835065364837646,0.19859182834625244,11
results/context_evidence/v2/checkpoints\fact_squat_000101_s7.pt,fact,squat,000101,7,1,Whole Feet Flat On the Floor (1) L,0,temporal_mean,22,8,10,0.4090909090909091,0.39773550629615784,-0.29146113991737366,-0.09659609198570251,-0.19486504793167114,0.10372278094291687,0.06322085857391357,11
results/context_evidence/v2/checkpoints\fact_squat_000101_s7.pt,fact,squat,000101,7,2,Bend Hips and Knees Simultaniously (1) L,0,zero,22,8,0,1.0,0.9331802725791931,0.45590588450431824,0.1500800997018814,0.30582576990127563,0.19470104575157166,0.2836233079433441,11
results/context_evidence/v2/checkpoints\fact_squat_000101_s7.pt,fact,squat,000101,7,2,Bend Hips and Knees Simultaniously (1) L,0,temporal_mean,22,8,0,1.0,0.9331802725791931,0.010930467396974564,0.004403246100991964,0.006527221295982599,0.010541119612753391,0.12996235489845276,11
results/context_evidence/v2/checkpoints\fact_squat_000101_s7.pt,fact,squat,000101,7,3,Hips backwards (1) L,1,zero,22,8,48,0.5,0.5469696521759033,0.49311408400535583,-0.025803497061133385,0.5189175605773926,0.34115785360336304,0.2761816680431366,11
results/context_evidence/v2/checkpoints\fact_squat_000101_s7.pt,fact,squat,000101,7,3,Hips backwards (1) L,1,temporal_mean,22,8,48,0.5,0.5469696521759033,0.17039984464645386,0.031470123678445816,0.13892972469329834,0.10141295939683914,0.090971939265728,11
results/context_evidence/v2/checkpoints\fact_squat_000101_s7.pt,fact,squat,000101,7,4,Lower back neural (1) L,0,zero,22,6,0,1.0,0.8029374480247498,-0.02124999649822712,0.08459124714136124,-0.1058412417769432,0.16411574184894562,0.4444335103034973,11
results/context_evidence/v2/checkpoints\fact_squat_000101_s7.pt,fact,squat,000101,7,4,Lower back neural (1) L,0,temporal_mean,22,6,0,1.0,0.8029374480247498,0.08140075951814651,0.015603986568748951,0.06579677015542984,0.026237526908516884,0.13251659274101257,11
results/context_evidence/v2/checkpoints\fact_squat_000101_s7.pt,fact,squat,000101,7,5,Hips are lower than knees level (1 point) L,1,zero,22,6,5,0.36363636363636365,0.4550100564956665,-0.3025283217430115,-0.05381682142615318,-0.248711496591568,0.15518389642238617,0.27357837557792664,11
results/context_evidence/v2/checkpoints\fact_squat_000101_s7.pt,fact,squat,000101,7,5,Hips are lower than knees level (1 point) L,1,temporal_mean,22,6,5,0.36363636363636365,0.4550100564956665,0.032437074929475784,0.0025444012135267258,0.02989267371594906,0.013545666821300983,0.11830446869134903,11
results/context_evidence/v2/checkpoints\fact_squat_010101_s123.pt,fact,squat,010101,123,0,Feet Out 30 F,0,zero,15,10,1,0.2,0.22923539578914642,0.19037361443042755,-0.011894873343408108,0.20226848125457764,0.19223368167877197,0.0,66
results/context_evidence/v2/checkpoints\fact_squat_010101_s123.pt,fact,squat,010101,123,0,Feet Out 30 F,0,temporal_mean,15,10,1,0.2,0.22923539578914642,0.04980585724115372,0.035676341503858566,0.01412951573729515,0.054540958255529404,0.0,66
results/context_evidence/v2/checkpoints\fact_squat_010101_s123.pt,fact,squat,010101,123,1,Whole Feet Flat On the Floor (1) L,1,zero,15,8,18,0.26666666666666666,0.27440449595451355,-0.30745649337768555,-0.0443476065993309,-0.26310887932777405,0.2665865123271942,0.28977933526039124,66
results/context_evidence/v2/checkpoints\fact_squat_010101_s123.pt,fact,squat,010101,123,1,Whole Feet Flat On the Floor (1) L,1,temporal_mean,15,8,18,0.26666666666666666,0.27440449595451355,-0.022346744313836098,0.009175440296530724,-0.03152218461036682,0.05332092195749283,0.05465656891465187,66
results/context_evidence/v2/checkpoints\fact_squat_010101_s123.pt,fact,squat,010101,123,2,Bend Hips and Knees Simultaniously (1) L,0,zero,15,8,3,1.0,0.9668629169464111,0.7498893141746521,0.274056077003479,0.4758332371711731,0.3188692629337311,0.16197769343852997,66
results/context_evidence/v2/checkpoints\fact_squat_010101_s123.pt,fact,squat,010101,123,2,Bend Hips and Knees Simultaniously (1) L,0,temporal_mean,15,8,3,1.0,0.9668629169464111,-0.015836378559470177,0.012833413667976856,-0.028669793158769608,0.027809781953692436,0.09023148566484451,66
results/context_evidence/v2/checkpoints\fact_squat_010101_s123.pt,fact,squat,010101,123,3,Hips backwards (1) L,1,zero,15,8,0,0.3333333333333333,0.37415534257888794,-0.36054134368896484,-0.20770752429962158,-0.15283381938934326,0.3662223219871521,0.2079249620437622,66
results/context_evidence/v2/checkpoints\fact_squat_010101_s123.pt,fact,squat,010101,123,3,Hips backwards (1) L,1,temporal_mean,15,8,0,0.3333333333333333,0.37415534257888794,0.15394020080566406,0.03493664041161537,0.11900356411933899,0.03713809698820114,0.06656695902347565,66
results/context_evidence/v2/checkpoints\fact_squat_010101_s123.pt,fact,squat,010101,123,4,Lower back neural (1) L,0,zero,15,6,0,1.0,0.9929807186126709,0.003012017346918583,0.0030834474600851536,-7.143011316657066e-05,0.015280969440937042,0.31178054213523865,66
results/context_evidence/v2/checkpoints\fact_squat_010101_s123.pt,fact,squat,010101,123,4,Lower back neural (1) L,0,temporal_mean,15,6,0,1.0,0.9929807186126709,0.04085274413228035,0.0007666778401471674,0.040086064487695694,0.0014484081184491515,0.05545284226536751,66
results/context_evidence/v2/checkpoints\fact_squat_010101_s123.pt,fact,squat,010101,123,5,Hips are lower than knees level (1 point) L,1,zero,15,6,10,1.0,0.9898403882980347,0.027325058355927467,0.028266148641705513,-0.0009410902857780457,0.058389127254486084,0.17893552780151367,66
results/context_evidence/v2/checkpoints\fact_squat_010101_s123.pt,fact,squat,010101,123,5,Hips are lower than knees level (1 point) L,1,temporal_mean,15,6,10,1.0,0.9898403882980347,0.10810632258653641,0.005523533094674349,0.10258278995752335,0.014602730050683022,0.06018754467368126,66
results/context_evidence/v2/checkpoints\fact_squat_010101_s42.pt,fact,squat,010101,42,0,Feet Out 30 F,0,zero,15,10,2,0.4666666666666667,0.4711628556251526,0.38871729373931885,0.021706387400627136,0.3670108914375305,0.24013252556324005,0.0,15
results/context_evidence/v2/checkpoints\fact_squat_010101_s42.pt,fact,squat,010101,42,0,Feet Out 30 F,0,temporal_mean,15,10,2,0.4666666666666667,0.4711628556251526,-0.11735184490680695,-0.024814879521727562,-0.09253696352243423,0.05183124542236328,0.0,15
results/context_evidence/v2/checkpoints\fact_squat_010101_s42.pt,fact,squat,010101,42,1,Whole Feet Flat On the Floor (1) L,1,zero,15,8,18,0.2,0.3455744683742523,0.12258739769458771,-0.005761959124356508,0.12834936380386353,0.11889313161373138,0.09403665363788605,15
results/context_evidence/v2/checkpoints\fact_squat_010101_s42.pt,fact,squat,010101,42,1,Whole Feet Flat On the Floor (1) L,1,temporal_mean,15,8,18,0.2,0.3455744683742523,0.13360819220542908,0.035730693489313126,0.09787750244140625,0.04924050346016884,0.07685934007167816,15
results/context_evidence/v2/checkpoints\fact_squat_010101_s42.pt,fact,squat,010101,42,2,Bend Hips and Knees Simultaniously (1) L,0,zero,15,8,8,1.0,0.9202187061309814,-0.028456484898924828,0.12229392677545547,-0.15075041353702545,0.18754717707633972,0.23404067754745483,15
results/context_evidence/v2/checkpoints\fact_squat_010101_s42.pt,fact,squat,010101,42,2,Bend Hips and Knees Simultaniously (1) L,0,temporal_mean,15,8,8,1.0,0.9202187061309814,0.06696886569261551,0.011059701442718506,0.055909164249897,0.012330001220107079,0.09800439327955246,15
results/context_evidence/v2/checkpoints\fact_squat_010101_s42.pt,fact,squat,010101,42,3,Hips backwards (1) L,1,zero,15,8,0,0.2,0.3318651020526886,-0.4779530465602875,-0.06879254430532455,-0.4091604948043823,0.25186529755592346,0.14414134621620178,15
results/context_evidence/v2/checkpoints\fact_squat_010101_s42.pt,fact,squat,010101,42,3,Hips backwards (1) L,1,temporal_mean,15,8,0,0.2,0.3318651020526886,0.012294307351112366,0.005709752440452576,0.00658455491065979,0.0397680439054966,0.08505063503980637,15
results/context_evidence/v2/checkpoints\fact_squat_010101_s42.pt,fact,squat,010101,42,4,Lower back neural (1) L,0,zero,15,6,0,0.7333333333333333,0.7268189191818237,-0.16633577644824982,-0.01648697443306446,-0.1498488038778305,0.11137466877698898,0.27413904666900635,15
results/context_evidence/v2/checkpoints\fact_squat_010101_s42.pt,fact,squat,010101,42,4,Lower back neural (1) L,0,temporal_mean,15,6,0,0.7333333333333333,0.7268189191818237,-0.003074256470426917,-0.003916279878467321,0.0008420234080404043,0.04605453833937645,0.0859723910689354,15
results/context_evidence/v2/checkpoints\fact_squat_010101_s42.pt,fact,squat,010101,42,5,Hips are lower than knees level (1 point) L,1,zero,15,6,0,0.7333333333333333,0.639545738697052,0.37861356139183044,0.026756789535284042,0.3518567681312561,0.1785845160484314,0.08605604618787766,15
results/context_evidence/v2/checkpoints\fact_squat_010101_s42.pt,fact,squat,010101,42,5,Hips are lower than knees level (1 point) L,1,temporal_mean,15,6,0,0.7333333333333333,0.639545738697052,-0.12318798154592514,-0.03692254796624184,-0.086265429854393,0.04055947810411453,0.07982111722230911,15
results/context_evidence/v2/checkpoints\fact_squat_010101_s7.pt,fact,squat,010101,7,0,Feet Out 30 F,0,zero,15,10,2,0.6,0.6271310448646545,0.5549468398094177,0.11745917797088623,0.4374876618385315,0.29865673184394836,0.0,12
results/context_evidence/v2/checkpoints\fact_squat_010101_s7.pt,fact,squat,010101,7,0,Feet Out 30 F,0,temporal_mean,15,10,2,0.6,0.6271310448646545,0.3281019628047943,0.1364029347896576,0.19169902801513672,0.09140783548355103,0.0,12
results/context_evidence/v2/checkpoints\fact_squat_010101_s7.pt,fact,squat,010101,7,1,Whole Feet Flat On the Floor (1) L,1,zero,15,8,10,0.0,0.09077689796686172,-0.03041882999241352,-0.038905296474695206,0.008486466482281685,0.10042571276426315,0.24299895763397217,12
results/context_evidence/v2/checkpoints\fact_squat_010101_s7.pt,fact,squat,010101,7,1,Whole Feet Flat On the Floor (1) L,1,temporal_mean,15,8,10,0.0,0.09077689796686172,0.03236297890543938,0.01811578869819641,0.014247190207242966,0.018055565655231476,0.08266226947307587,12
results/context_evidence/v2/checkpoints\fact_squat_010101_s7.pt,fact,squat,010101,7,2,Bend Hips and Knees Simultaniously (1) L,0,zero,15,8,5,0.6666666666666666,0.6332197785377502,-0.3134240508079529,0.10627923905849457,-0.41970330476760864,0.1698075383901596,0.31271108984947205,12
results/context_evidence/v2/checkpoints\fact_squat_010101_s7.pt,fact,squat,010101,7,2,Bend Hips and Knees Simultaniously (1) L,0,temporal_mean,15,8,5,0.6666666666666666,0.6332197785377502,-0.15468575060367584,-0.012665306217968464,-0.14202044904232025,0.08884330838918686,0.06296627223491669,12
results/context_evidence/v2/checkpoints\fact_squat_010101_s7.pt,fact,squat,010101,7,3,Hips backwards (1) L,1,zero,15,8,0,0.3333333333333333,0.44415414333343506,-0.28591251373291016,-0.09650962054729462,-0.18940289318561554,0.3101741671562195,0.2564791738986969,12
results/context_evidence/v2/checkpoints\fact_squat_010101_s7.pt,fact,squat,010101,7,3,Hips backwards (1) L,1,temporal_mean,15,8,0,0.3333333333333333,0.44415414333343506,0.032060880213975906,0.014451563358306885,0.01760931685566902,0.058856941759586334,0.09112033993005753,12
results/context_evidence/v2/checkpoints\fact_squat_010101_s7.pt,fact,squat,010101,7,4,Lower back neural (1) L,0,zero,15,6,0,1.0,0.7731282114982605,0.5310232043266296,0.0035431573633104563,0.5274800658226013,0.08257752656936646,0.19877676665782928,12
results/context_evidence/v2/checkpoints\fact_squat_010101_s7.pt,fact,squat,010101,7,4,Lower back neural (1) L,0,temporal_mean,15,6,0,1.0,0.7731282114982605,0.11264709383249283,0.014233428984880447,0.09841366112232208,0.04083084315061569,0.07223030924797058,12
results/context_evidence/v2/checkpoints\fact_squat_010101_s7.pt,fact,squat,010101,7,5,Hips are lower than knees level (1 point) L,1,zero,15,6,5,0.9333333333333333,0.8278494477272034,0.3443087339401245,0.06795060634613037,0.27635812759399414,0.15261951088905334,0.1540505290031433,12
results/context_evidence/v2/checkpoints\fact_squat_010101_s7.pt,fact,squat,010101,7,5,Hips are lower than knees level (1 point) L,1,temporal_mean,15,6,5,0.9333333333333333,0.8278494477272034,-0.037452582269907,-0.012681884691119194,-0.024770697578787804,0.014058025553822517,0.08697422593832016,12
results/context_evidence/v2/checkpoints\fact_squat_100001_s123.pt,fact,squat,100001,123,0,Feet Out 30 F,1,zero,52,10,43,0.6923076923076923,0.6441106796264648,-0.24648350477218628,-0.009688839316368103,-0.23679466545581818,0.10769778490066528,0.0,17
results/context_evidence/v2/checkpoints\fact_squat_100001_s123.pt,fact,squat,100001,123,0,Feet Out 30 F,1,temporal_mean,52,10,43,0.6923076923076923,0.6441106796264648,0.2504558861255646,0.05430104210972786,0.19615484774112701,0.07026925683021545,0.0,17
results/context_evidence/v2/checkpoints\fact_squat_100001_s123.pt,fact,squat,100001,123,1,Whole Feet Flat On the Floor (1) L,0,zero,52,8,0,0.8461538461538461,0.8262156844139099,-0.09638616442680359,0.14049988985061646,-0.23688605427742004,0.2607171833515167,0.18364767730236053,17
results/context_evidence/v2/checkpoints\fact_squat_100001_s123.pt,fact,squat,100001,123,1,Whole Feet Flat On the Floor (1) L,0,temporal_mean,52,8,0,0.8461538461538461,0.8262156844139099,-0.013637050054967403,0.0064375861547887325,-0.02007463574409485,0.027548421174287796,0.07933679223060608,17
results/context_evidence/v2/checkpoints\fact_squat_100001_s123.pt,fact,squat,100001,123,2,Bend Hips and Knees Simultaniously (1) L,0,zero,52,8,15,0.5384615384615384,0.57573401927948,0.4474685490131378,0.05970350280404091,0.3877650499343872,0.21964611113071442,0.15827928483486176,17
results/context_evidence/v2/checkpoints\fact_squat_100001_s123.pt,fact,squat,100001,123,2,Bend Hips and Knees Simultaniously (1) L,0,temporal_mean,52,8,15,0.5384615384615384,0.57573401927948,-0.10877414047718048,-0.03585255891084671,-0.07292158156633377,0.03254039213061333,0.08110450208187103,17
results/context_evidence/v2/checkpoints\fact_squat_100001_s123.pt,fact,squat,100001,123,3,Hips backwards (1) L,0,zero,52,8,26,0.5384615384615384,0.5509185791015625,-0.22141863405704498,0.12701629102230072,-0.3484349250793457,0.2906699478626251,0.19174213707447052,17
results/context_evidence/v2/checkpoints\fact_squat_100001_s123.pt,fact,squat,100001,123,3,Hips backwards (1) L,0,temporal_mean,52,8,26,0.5384615384615384,0.5509185791015625,-0.10827144980430603,-0.01596308872103691,-0.09230835735797882,0.023955553770065308,0.08196160942316055,17
results/context_evidence/v2/checkpoints\fact_squat_100001_s123.pt,fact,squat,100001,123,4,Lower back neural (1) L,0,zero,52,6,0,0.8653846153846154,0.7619538903236389,-0.15400226414203644,-0.003846624167636037,-0.15015563368797302,0.12254911661148071,0.22721879184246063,17
results/context_evidence/v2/checkpoints\fact_squat_100001_s123.pt,fact,squat,100001,123,4,Lower back neural (1) L,0,temporal_mean,52,6,0,0.8653846153846154,0.7619538903236389,0.09549188613891602,0.018116062507033348,0.07737582176923752,0.050580110400915146,0.050603725016117096,17
results/context_evidence/v2/checkpoints\fact_squat_100001_s123.pt,fact,squat,100001,123,5,Hips are lower than knees level (1 point) L,1,zero,52,6,1,0.6538461538461539,0.5723317861557007,-0.2427293211221695,0.033143218606710434,-0.27587252855300903,0.07190555334091187,0.21863359212875366,17
results/context_evidence/v2/checkpoints\fact_squat_100001_s123.pt,fact,squat,100001,123,5,Hips are lower than knees level (1 point) L,1,temporal_mean,52,6,1,0.6538461538461539,0.5723317861557007,-0.08258692175149918,-0.029971633106470108,-0.05261528864502907,0.03502775356173515,0.061552729457616806,17
results/context_evidence/v2/checkpoints\fact_squat_100001_s42.pt,fact,squat,100001,42,0,Feet Out 30 F,1,zero,52,10,38,0.4230769230769231,0.4401434361934662,-0.4198867082595825,-0.08816113322973251,-0.3317255675792694,0.23061153292655945,0.0,53
results/context_evidence/v2/checkpoints\fact_squat_100001_s42.pt,fact,squat,100001,42,0,Feet Out 30 F,1,temporal_mean,52,10,38,0.4230769230769231,0.4401434361934662,0.05782749503850937,0.0049448804929852486,0.052882615476846695,0.12036078423261642,0.0,53
results/context_evidence/v2/checkpoints\fact_squat_100001_s42.pt,fact,squat,100001,42,1,Whole Feet Flat On the Floor (1) L,0,zero,52,8,0,0.75,0.7538422346115112,-0.2292347103357315,0.02821199595928192,-0.2574467062950134,0.149727001786232,0.22032912075519562,53
results/context_evidence/v2/checkpoints\fact_squat_100001_s42.pt,fact,squat,100001,42,1,Whole Feet Flat On the Floor (1) L,0,temporal_mean,52,8,0,0.75,0.7538422346115112,0.08274774253368378,0.02689814381301403,0.0558495968580246,0.025124328210949898,0.12885689735412598,53
results/context_evidence/v2/checkpoints\fact_squat_100001_s42.pt,fact,squat,100001,42,2,Bend Hips and Knees Simultaniously (1) L,0,zero,52,8,20,0.7692307692307693,0.7318610548973083,0.10158883780241013,0.010582421906292439,0.09100641310214996,0.19133520126342773,0.22065551578998566,53
results/context_evidence/v2/checkpoints\fact_squat_100001_s42.pt,fact,squat,100001,42,2,Bend Hips and Knees Simultaniously (1) L,0,temporal_mean,52,8,20,0.7692307692307693,0.7318610548973083,-0.1513960212469101,-0.03938991576433182,-0.11200610548257828,0.09691549092531204,0.14867714047431946,53
results/context_evidence/v2/checkpoints\fact_squat_100001_s42.pt,fact,squat,100001,42,3,Hips backwards (1) L,0,zero,52,8,32,0.5384615384615384,0.5602012872695923,-0.3994706869125366,-0.0022888241801410913,-0.3971818685531616,0.34603622555732727,0.23041805624961853,53
results/context_evidence/v2/checkpoints\fact_squat_100001_s42.pt,fact,squat,100001,42,3,Hips backwards (1) L,0,temporal_mean,52,8,32,0.5384615384615384,0.5602012872695923,0.033687055110931396,0.027870547026395798,0.005816508084535599,0.05878434330224991,0.1569712907075882,53
results/context_evidence/v2/checkpoints\fact_squat_100001_s42.pt,fact,squat,100001,42,4,Lower back neural (1) L,0,zero,52,6,5,0.7307692307692307,0.7263405323028564,-0.13704270124435425,-0.016863571479916573,-0.12017913162708282,0.1332768201828003,0.2924202084541321,53
results/context_evidence/v2/checkpoints\fact_squat_100001_s42.pt,fact,squat,100001,42,4,Lower back neural (1) L,0,temporal_mean,52,6,5,0.7307692307692307,0.7263405323028564,0.21626728773117065,0.010710096918046474,0.2055571973323822,0.08979383111000061,0.0599978007376194,53
results/context_evidence/v2/checkpoints\fact_squat_100001_s42.pt,fact,squat,100001,42,5,Hips are lower than knees level (1 point) L,1,zero,52,6,1,0.9230769230769231,0.7886228561401367,-0.0016763565363362432,0.02352500520646572,-0.025201361626386642,0.11108700931072235,0.2605152428150177,53
results/context_evidence/v2/checkpoints\fact_squat_100001_s42.pt,fact,squat,100001,42,5,Hips are lower than knees level (1 point) L,1,temporal_mean,52,6,1,0.9230769230769231,0.7886228561401367,0.10771191120147705,0.013766028918325901,0.09394588321447372,0.03187477961182594,0.11408472806215286,53
results/context_evidence/v2/checkpoints\fact_squat_100001_s7.pt,fact,squat,100001,7,0,Feet Out 30 F,1,zero,52,10,46,0.8269230769230769,0.7724672555923462,-0.14674319326877594,0.0072410013526678085,-0.1539841890335083,0.11447462439537048,0.0,9
results/context_evidence/v2/checkpoints\fact_squat_100001_s7.pt,fact,squat,100001,7,0,Feet Out 30 F,1,temporal_mean,52,10,46,0.8269230769230769,0.7724672555923462,0.29397571086883545,0.08203372359275818,0.21194198727607727,0.0532364696264267,0.0,9
results/context_evidence/v2/checkpoints\fact_squat_100001_s7.pt,fact,squat,100001,7,1,Whole Feet Flat On the Floor (1) L,0,zero,52,8,0,0.8653846153846154,0.8762050867080688,-0.09866143763065338,0.05015230551362038,-0.14881373941898346,0.16067835688591003,0.2360391616821289,9
results/context_evidence/v2/checkpoints\fact_squat_100001_s7.pt,fact,squat,100001,7,1,Whole Feet Flat On the Floor (1) L,0,temporal_mean,52,8,0,0.8653846153846154,0.8762050867080688,-0.04448380693793297,-0.003211183473467827,-0.04127262532711029,0.01768818497657776,0.10944239050149918,9
results/context_evidence/v2/checkpoints\fact_squat_100001_s7.pt,fact,squat,100001,7,2,Bend Hips and Knees Simultaniously (1) L,0,zero,52,8,20,0.75,0.7623717188835144,0.48354223370552063,0.08711103349924088,0.39643120765686035,0.22634267807006836,0.16039901971817017,9
results/context_evidence/v2/checkpoints\fact_squat_100001_s7.pt,fact,squat,100001,7,2,Bend Hips and Knees Simultaniously (1) L,0,temporal_mean,52,8,20,0.75,0.7623717188835144,-0.1852668970823288,-0.05282608047127724,-0.13244082033634186,0.11845524609088898,0.08523954451084137,9
results/context_evidence/v2/checkpoints\fact_squat_100001_s7.pt,fact,squat,100001,7,3,Hips backwards (1) L,0,zero,52,8,31,0.6346153846153846,0.6150306463241577,-0.33889663219451904,0.09882599860429764,-0.4377226233482361,0.31182125210762024,0.20737974345684052,9
results/context_evidence/v2/checkpoints\fact_squat_100001_s7.pt,fact,squat,100001,7,3,Hips backwards (1) L,0,temporal_mean,52,8,31,0.6346153846153846,0.6150306463241577,0.08598630130290985,0.03671407327055931,0.04927222803235054,0.055035997182130814,0.08633299171924591,9
results/context_evidence/v2/checkpoints\fact_squat_100001_s7.pt,fact,squat,100001,7,4,Lower back neural (1) L,0,zero,52,6,0,1.0,0.9189290404319763,0.01319589652121067,0.08306141197681427,-0.06986551731824875,0.12927639484405518,0.20305490493774414,9
results/context_evidence/v2/checkpoints\fact_squat_100001_s7.pt,fact,squat,100001,7,4,Lower back neural (1) L,0,temporal_mean,52,6,0,1.0,0.9189290404319763,0.06187502294778824,0.011962629854679108,0.04991239309310913,0.013082567602396011,0.07799634337425232,9
results/context_evidence/v2/checkpoints\fact_squat_100001_s7.pt,fact,squat,100001,7,5,Hips are lower than knees level (1 point) L,1,zero,52,6,1,0.8846153846153846,0.7580268383026123,0.17482227087020874,0.04056575521826744,0.134256511926651,0.12409886717796326,0.23078380525112152,9
results/context_evidence/v2/checkpoints\fact_squat_100001_s7.pt,fact,squat,100001,7,5,Hips are lower than knees level (1 point) L,1,temporal_mean,52,6,1,0.8846153846153846,0.7580268383026123,0.14742854237556458,0.012022697366774082,0.13540583848953247,0.01809857226908207,0.08638574182987213,9
results/context_evidence/v2/checkpoints\fact_squat_100101_s123.pt,fact,squat,100101,123,0,Feet Out 30 F,1,zero,36,10,18,0.8333333333333334,0.7825042605400085,-0.13299483060836792,0.013929953798651695,-0.14692477881908417,0.13480526208877563,0.0,22
results/context_evidence/v2/checkpoints\fact_squat_100101_s123.pt,fact,squat,100101,123,0,Feet Out 30 F,1,temporal_mean,36,10,18,0.8333333333333334,0.7825042605400085,0.15410412847995758,0.012748923152685165,0.14135520160198212,0.05777168646454811,0.0,22
results/context_evidence/v2/checkpoints\fact_squat_100101_s123.pt,fact,squat,100101,123,1,Whole Feet Flat On the Floor (1) L,0,zero,36,8,0,0.5,0.5130860209465027,-0.40449756383895874,0.025884289294481277,-0.4303818643093109,0.29521918296813965,0.24209332466125488,22
results/context_evidence/v2/checkpoints\fact_squat_100101_s123.pt,fact,squat,100101,123,1,Whole Feet Flat On the Floor (1) L,0,temporal_mean,36,8,0,0.5,0.5130860209465027,-0.3012482523918152,-0.06239710748195648,-0.2388511449098587,0.14136561751365662,0.14467832446098328,22
results/context_evidence/v2/checkpoints\fact_squat_100101_s123.pt,fact,squat,100101,123,2,Bend Hips and Knees Simultaniously (1) L,0,zero,36,8,0,0.5277777777777778,0.576850414276123,-0.18171747028827667,-0.010762731544673443,-0.17095473408699036,0.09893406927585602,0.27268537878990173,22
results/context_evidence/v2/checkpoints\fact_squat_100101_s123.pt,fact,squat,100101,123,2,Bend Hips and Knees Simultaniously (1) L,0,temporal_mean,36,8,0,0.5277777777777778,0.576850414276123,-0.155601367354393,-0.04611934721469879,-0.10948202013969421,0.04037759453058243,0.18357142806053162,22
results/context_evidence/v2/checkpoints\fact_squat_100101_s123.pt,fact,squat,100101,123,3,Hips backwards (1) L,1,zero,36,8,42,0.6944444444444444,0.6450875997543335,0.6138765811920166,0.02367810346186161,0.5901984572410583,0.34725260734558105,0.21184442937374115,22
results/context_evidence/v2/checkpoints\fact_squat_100101_s123.pt,fact,squat,100101,123,3,Hips backwards (1) L,1,temporal_mean,36,8,42,0.6944444444444444,0.6450875997543335,0.34082546830177307,0.10974837094545364,0.23107710480690002,0.11274411529302597,0.147183358669281,22
results/context_evidence/v2/checkpoints\fact_squat_100101_s123.pt,fact,squat,100101,123,4,Lower back neural (1) L,0,zero,36,6,0,0.8611111111111112,0.7790687084197998,-0.03047941066324711,-0.010293281637132168,-0.020186129957437515,0.05862189456820488,0.36595848202705383,22
results/context_evidence/v2/checkpoints\fact_squat_100101_s123.pt,fact,squat,100101,123,4,Lower back neural (1) L,0,temporal_mean,36,6,0,0.8611111111111112,0.7790687084197998,-0.012777079828083515,-0.013174379244446754,0.0003972994163632393,0.029591692611575127,0.16940011084079742,22
results/context_evidence/v2/checkpoints\fact_squat_100101_s123.pt,fact,squat,100101,123,5,Hips are lower than knees level (1 point) L,1,zero,36,6,0,0.9166666666666666,0.7832327485084534,0.020699938759207726,0.04951439052820206,-0.02881445176899433,0.08075576275587082,0.3026030659675598,22
results/context_evidence/v2/checkpoints\fact_squat_100101_s123.pt,fact,squat,100101,123,5,Hips are lower than knees level (1 point) L,1,temporal_mean,36,6,0,0.9166666666666666,0.7832327485084534,0.12618793547153473,0.009203306399285793,0.11698462814092636,0.050407204777002335,0.16416820883750916,22
results/context_evidence/v2/checkpoints\fact_squat_100101_s42.pt,fact,squat,100101,42,0,Feet Out 30 F,1,zero,36,10,18,0.8055555555555556,0.7192889451980591,-0.10599933564662933,0.014466340653598309,-0.12046567350625992,0.11000218987464905,0.0,54
results/context_evidence/v2/checkpoints\fact_squat_100101_s42.pt,fact,squat,100101,42,0,Feet Out 30 F,1,temporal_mean,36,10,18,0.8055555555555556,0.7192889451980591,0.15939204394817352,0.0419466607272625,0.11744537949562073,0.03810325637459755,0.0,54
results/context_evidence/v2/checkpoints\fact_squat_100101_s42.pt,fact,squat,100101,42,1,Whole Feet Flat On the Floor (1) L,0,zero,36,8,0,0.6666666666666666,0.6238361597061157,-0.06452423334121704,0.08403469622135162,-0.14855892956256866,0.24466043710708618,0.194296732544899,54
results/context_evidence/v2/checkpoints\fact_squat_100101_s42.pt,fact,squat,100101,42,1,Whole Feet Flat On the Floor (1) L,0,temporal_mean,36,8,0,0.6666666666666666,0.6238361597061157,-0.0801980197429657,-0.018680306151509285,-0.06151771545410156,0.04402865096926689,0.10229231417179108,54
results/context_evidence/v2/checkpoints\fact_squat_100101_s42.pt,fact,squat,100101,42,2,Bend Hips and Knees Simultaniously (1) L,0,zero,36,8,0,0.5,0.5351290106773376,-0.3648868799209595,0.023000098764896393,-0.38788697123527527,0.18896016478538513,0.1764657199382782,54
results/context_evidence/v2/checkpoints\fact_squat_100101_s42.pt,fact,squat,100101,42,2,Bend Hips and Knees Simultaniously (1) L,0,temporal_mean,36,8,0,0.5,0.5351290106773376,-0.25767385959625244,-0.11244532465934753,-0.1452285349369049,0.12111836671829224,0.0729745551943779,54
results/context_evidence/v2/checkpoints\fact_squat_100101_s42.pt,fact,squat,100101,42,3,Hips backwards (1) L,1,zero,36,8,45,0.6111111111111112,0.547396719455719,0.10711757838726044,0.0017778057372197509,0.10533977299928665,0.27783894538879395,0.18626073002815247,54
results/context_evidence/v2/checkpoints\fact_squat_100101_s42.pt,fact,squat,100101,42,3,Hips backwards (1) L,1,temporal_mean,36,8,45,0.6111111111111112,0.547396719455719,0.12155355513095856,0.029906703159213066,0.09164685010910034,0.039679884910583496,0.09520669281482697,54
results/context_evidence/v2/checkpoints\fact_squat_100101_s42.pt,fact,squat,100101,42,4,Lower back neural (1) L,0,zero,36,6,0,1.0,0.8313696384429932,0.13533343374729156,0.04203828424215317,0.0932951495051384,0.05866774916648865,0.27942126989364624,54
results/context_evidence/v2/checkpoints\fact_squat_100101_s42.pt,fact,squat,100101,42,4,Lower back neural (1) L,0,temporal_mean,36,6,0,1.0,0.8313696384429932,0.02097889967262745,0.002135468879714608,0.018843431025743484,0.003839520737528801,0.10313141345977783,54
results/context_evidence/v2/checkpoints\fact_squat_100101_s42.pt,fact,squat,100101,42,5,Hips are lower than knees level (1 point) L,1,zero,36,6,0,0.7222222222222222,0.5738340020179749,0.036717262119054794,-0.02287904918193817,0.059596311300992966,0.168463334441185,0.1676783263683319,54
results/context_evidence/v2/checkpoints\fact_squat_100101_s42.pt,fact,squat,100101,42,5,Hips are lower than knees level (1 point) L,1,temporal_mean,36,6,0,0.7222222222222222,0.5738340020179749,0.010490451008081436,-0.0125298285856843,0.02302027866244316,0.046900004148483276,0.11129409074783325,54
results/context_evidence/v2/checkpoints\fact_squat_100101_s7.pt,fact,squat,100101,7,0,Feet Out 30 F,1,zero,36,10,15,0.8055555555555556,0.789181649684906,-0.12157133966684341,0.024234751239418983,-0.14580608904361725,0.128745436668396,0.0,11
results/context_evidence/v2/checkpoints\fact_squat_100101_s7.pt,fact,squat,100101,7,0,Feet Out 30 F,1,temporal_mean,36,10,15,0.8055555555555556,0.789181649684906,-0.06591691076755524,-0.026387201622128487,-0.0395297110080719,0.09472689032554626,0.0,11
results/context_evidence/v2/checkpoints\fact_squat_100101_s7.pt,fact,squat,100101,7,1,Whole Feet Flat On the Floor (1) L,0,zero,36,8,1,0.7777777777777778,0.696099579334259,-0.0005698170862160623,-0.019144613295793533,0.018574796617031097,0.19253014028072357,0.18274524807929993,11
results/context_evidence/v2/checkpoints\fact_squat_100101_s7.pt,fact,squat,100101,7,1,Whole Feet Flat On the Floor (1) L,0,temporal_mean,36,8,1,0.7777777777777778,0.696099579334259,-0.11527431011199951,-0.03756009414792061,-0.0777142196893692,0.05089222639799118,0.10738728940486908,11
results/context_evidence/v2/checkpoints\fact_squat_100101_s7.pt,fact,squat,100101,7,2,Bend Hips and Knees Simultaniously (1) L,0,zero,36,8,0,0.7777777777777778,0.7511534094810486,-0.22059649229049683,0.047351397573947906,-0.26794788241386414,0.23081938922405243,0.22023510932922363,11
results/context_evidence/v2/checkpoints\fact_squat_100101_s7.pt,fact,squat,100101,7,2,Bend Hips and Knees Simultaniously (1) L,0,temporal_mean,36,8,0,0.7777777777777778,0.7511534094810486,-0.08413760364055634,-0.06200777366757393,-0.022129829972982407,0.039640843868255615,0.11362487077713013,11
results/context_evidence/v2/checkpoints\fact_squat_100101_s7.pt,fact,squat,100101,7,3,Hips backwards (1) L,1,zero,36,8,47,0.4722222222222222,0.4432907700538635,0.14549964666366577,-0.06336776167154312,0.2088674008846283,0.2963651120662689,0.16302119195461273,11
results/context_evidence/v2/checkpoints\fact_squat_100101_s7.pt,fact,squat,100101,7,3,Hips backwards (1) L,1,temporal_mean,36,8,47,0.4722222222222222,0.4432907700538635,-0.1106451153755188,0.02875688672065735,-0.13940200209617615,0.11200308799743652,0.11883345991373062,11
results/context_evidence/v2/checkpoints\fact_squat_100101_s7.pt,fact,squat,100101,7,4,Lower back neural (1) L,0,zero,36,6,0,0.9722222222222222,0.8508021831512451,-9.970532119041309e-06,-0.0021164813078939915,0.002106510801240802,0.028284307569265366,0.24349333345890045,11
results/context_evidence/v2/checkpoints\fact_squat_100101_s7.pt,fact,squat,100101,7,4,Lower back neural (1) L,0,temporal_mean,36,6,0,0.9722222222222222,0.8508021831512451,0.19390226900577545,0.035450953990221024,0.15845131874084473,0.05363354831933975,0.08706159889698029,11
results/context_evidence/v2/checkpoints\fact_squat_100101_s7.pt,fact,squat,100101,7,5,Hips are lower than knees level (1 point) L,1,zero,36,6,0,0.75,0.6726612448692322,-0.18883003294467926,0.01365547627210617,-0.20248550176620483,0.1470121592283249,0.1920599639415741,11
results/context_evidence/v2/checkpoints\fact_squat_100101_s7.pt,fact,squat,100101,7,5,Hips are lower than knees level (1 point) L,1,temporal_mean,36,6,0,0.75,0.6726612448692322,0.114225834608078,0.010420502163469791,0.10380533337593079,0.028512239456176758,0.11080112308263779,11
results/context_evidence/v2/checkpoints\fact_squat_101001_s123.pt,fact,squat,101001,123,0,Feet Out 30 F,1,zero,25,10,2,0.84,0.817209005355835,-0.12987969815731049,0.03301403671503067,-0.16289374232292175,0.09021520614624023,0.0,476
results/context_evidence/v2/checkpoints\fact_squat_101001_s123.pt,fact,squat,101001,123,0,Feet Out 30 F,1,temporal_mean,25,10,2,0.84,0.817209005355835,0.458334743976593,0.0659659132361412,0.3923688232898712,0.05772711709141731,0.0,476
results/context_evidence/v2/checkpoints\fact_squat_101001_s123.pt,fact,squat,101001,123,1,Whole Feet Flat On the Floor (1) L,0,zero,25,8,0,0.64,0.6068688035011292,-0.1515762060880661,0.07552120089530945,-0.22709740698337555,0.12661539018154144,0.07680509984493256,476
results/context_evidence/v2/checkpoints\fact_squat_101001_s123.pt,fact,squat,101001,123,1,Whole Feet Flat On the Floor (1) L,0,temporal_mean,25,8,0,0.64,0.6068688035011292,0.013687662780284882,0.02211853675544262,-0.008430873975157738,0.03279634937644005,0.055693771690130234,476
results/context_evidence/v2/checkpoints\fact_squat_101001_s123.pt,fact,squat,101001,123,2,Bend Hips and Knees Simultaniously (1) L,1,zero,25,8,43,0.0,0.0788063034415245,0.0436369925737381,-0.0664067417383194,0.1100437343120575,0.14013881981372833,0.08328539878129959,476
results/context_evidence/v2/checkpoints\fact_squat_101001_s123.pt,fact,squat,101001,123,2,Bend Hips and Knees Simultaniously (1) L,1,temporal_mean,25,8,43,0.0,0.0788063034415245,0.04862414300441742,0.01801491156220436,0.03060923144221306,0.015559657476842403,0.06278697401285172,476
results/context_evidence/v2/checkpoints\fact_squat_101001_s123.pt,fact,squat,101001,123,3,Hips backwards (1) L,0,zero,25,8,0,0.84,0.7460286617279053,0.053741857409477234,0.11924026161432266,-0.06549840420484543,0.19093097746372223,0.06476803869009018,476
results/context_evidence/v2/checkpoints\fact_squat_101001_s123.pt,fact,squat,101001,123,3,Hips backwards (1) L,0,temporal_mean,25,8,0,0.84,0.7460286617279053,-0.07338981330394745,-0.029888680204749107,-0.04350113123655319,0.01781606301665306,0.05493873357772827,476
results/context_evidence/v2/checkpoints\fact_squat_101001_s123.pt,fact,squat,101001,123,4,Lower back neural (1) L,0,zero,25,6,0,1.0,0.7709856629371643,0.03128720819950104,0.00861713569611311,0.022670071572065353,0.07581691443920135,0.08025208860635757,476
results/context_evidence/v2/checkpoints\fact_squat_101001_s123.pt,fact,squat,101001,123,4,Lower back neural (1) L,0,temporal_mean,25,6,0,1.0,0.7709856629371643,0.017038114368915558,-0.006873892154544592,0.023912006989121437,0.01655053347349167,0.030391057953238487,476
results/context_evidence/v2/checkpoints\fact_squat_101001_s123.pt,fact,squat,101001,123,5,Hips are lower than knees level (1 point) L,1,zero,25,6,0,0.88,0.6987263560295105,-0.0916694924235344,0.024124616757035255,-0.1157941073179245,0.0700640082359314,0.0708240270614624,476
results/context_evidence/v2/checkpoints\fact_squat_101001_s123.pt,fact,squat,101001,123,5,Hips are lower than knees level (1 point) L,1,temporal_mean,25,6,0,0.88,0.6987263560295105,0.05174759402871132,0.0070062726736068726,0.044741321355104446,0.01621061936020851,0.04419475793838501,476
results/context_evidence/v2/checkpoints\fact_squat_101001_s42.pt,fact,squat,101001,42,0,Feet Out 30 F,1,zero,25,10,7,0.92,0.7656269669532776,-0.09112787991762161,0.029228711500763893,-0.12035658955574036,0.08779899030923843,0.0,14
results/context_evidence/v2/checkpoints\fact_squat_101001_s42.pt,fact,squat,101001,42,0,Feet Out 30 F,1,temporal_mean,25,10,7,0.92,0.7656269669532776,0.41544440388679504,0.10455232113599777,0.3108920753002167,0.07601170986890793,0.0,14
results/context_evidence/v2/checkpoints\fact_squat_101001_s42.pt,fact,squat,101001,42,1,Whole Feet Flat On the Floor (1) L,0,zero,25,8,0,0.56,0.567179262638092,-0.1811775267124176,-0.011196316219866276,-0.1699812114238739,0.03953054919838905,0.1314011663198471,14
results/context_evidence/v2/checkpoints\fact_squat_101001_s42.pt,fact,squat,101001,42,1,Whole Feet Flat On the Floor (1) L,0,temporal_mean,25,8,0,0.56,0.567179262638092,-0.03637750446796417,-0.010061338543891907,-0.026316165924072266,0.029067130759358406,0.10486994683742523,14
results/context_evidence/v2/checkpoints\fact_squat_101001_s42.pt,fact,squat,101001,42,2,Bend Hips and Knees Simultaniously (1) L,1,zero,25,8,40,0.36,0.3536361753940582,-0.09880205988883972,-0.010633401572704315,-0.0881686583161354,0.15446627140045166,0.1357884705066681,14
results/context_evidence/v2/checkpoints\fact_squat_101001_s42.pt,fact,squat,101001,42,2,Bend Hips and Knees Simultaniously (1) L,1,temporal_mean,25,8,40,0.36,0.3536361753940582,0.15032140910625458,0.07061272859573364,0.07970868051052094,0.06209990754723549,0.08629195392131805,14
results/context_evidence/v2/checkpoints\fact_squat_101001_s42.pt,fact,squat,101001,42,3,Hips backwards (1) L,0,zero,25,8,0,0.28,0.3941079080104828,-0.10901196300983429,-0.0403410904109478,-0.06867086887359619,0.1002429723739624,0.1408766508102417,14
results/context_evidence/v2/checkpoints\fact_squat_101001_s42.pt,fact,squat,101001,42,3,Hips backwards (1) L,0,temporal_mean,25,8,0,0.28,0.3941079080104828,-0.006377816200256348,0.0006294591003097594,-0.007007275242358446,0.018359355628490448,0.08853782713413239,14
results/context_evidence/v2/checkpoints\fact_squat_101001_s42.pt,fact,squat,101001,42,4,Lower back neural (1) L,0,zero,25,6,0,0.92,0.8019644021987915,0.15701156854629517,0.04451265186071396,0.11249891668558121,0.07085440307855606,0.1483699530363083,14
results/context_evidence/v2/checkpoints\fact_squat_101001_s42.pt,fact,squat,101001,42,4,Lower back neural (1) L,0,temporal_mean,25,6,0,0.92,0.8019644021987915,-0.030509324744343758,-0.013115385547280312,-0.017393939197063446,0.030956560745835304,0.04985465109348297,14
results/context_evidence/v2/checkpoints\fact_squat_101001_s42.pt,fact,squat,101001,42,5,Hips are lower than knees level (1 point) L,1,zero,25,6,0,0.76,0.6261610984802246,0.053115833550691605,-0.00429878244176507,0.057414617389440536,0.05121975764632225,0.13354535400867462,14
results/context_evidence/v2/checkpoints\fact_squat_101001_s42.pt,fact,squat,101001,42,5,Hips are lower than knees level (1 point) L,1,temporal_mean,25,6,0,0.76,0.6261610984802246,-0.13683664798736572,-0.03457384556531906,-0.10226280242204666,0.03927181288599968,0.09167724847793579,14
results/context_evidence/v2/checkpoints\fact_squat_101001_s7.pt,fact,squat,101001,7,0,Feet Out 30 F,1,zero,25,10,5,0.8,0.7987819910049438,-0.1644730120897293,0.02616000920534134,-0.19063302874565125,0.10551102459430695,0.0,25
results/context_evidence/v2/checkpoints\fact_squat_101001_s7.pt,fact,squat,101001,7,0,Feet Out 30 F,1,temporal_mean,25,10,5,0.8,0.7987819910049438,0.4514155983924866,0.08263423293828964,0.36878135800361633,0.07889676094055176,0.0,25
results/context_evidence/v2/checkpoints\fact_squat_101001_s7.pt,fact,squat,101001,7,1,Whole Feet Flat On the Floor (1) L,0,zero,25,8,0,0.64,0.6152565479278564,-0.2768341898918152,0.05223086103796959,-0.3290650546550751,0.16646255552768707,0.13442037999629974,25
results/context_evidence/v2/checkpoints\fact_squat_101001_s7.pt,fact,squat,101001,7,1,Whole Feet Flat On the Floor (1) L,0,temporal_mean,25,8,0,0.64,0.6152565479278564,-0.057740822434425354,0.003884983016178012,-0.061625804752111435,0.0505751371383667,0.07460609078407288,25
results/context_evidence/v2/checkpoints\fact_squat_101001_s7.pt,fact,squat,101001,7,2,Bend Hips and Knees Simultaniously (1) L,1,zero,25,8,47,0.24,0.2423839420080185,0.22031505405902863,-0.013117457740008831,0.23343251645565033,0.14363786578178406,0.11801944673061371,25
results/context_evidence/v2/checkpoints\fact_squat_101001_s7.pt,fact,squat,101001,7,2,Bend Hips and Knees Simultaniously (1) L,1,temporal_mean,25,8,47,0.24,0.2423839420080185,-0.001737848506309092,-0.027614908292889595,0.025877060368657112,0.05337038263678551,0.08351971954107285,25
results/context_evidence/v2/checkpoints\fact_squat_101001_s7.pt,fact,squat,101001,7,3,Hips backwards (1) L,0,zero,25,8,0,0.96,0.7710857391357422,-0.14493383467197418,0.1331956833600998,-0.278129518032074,0.18669520318508148,0.13181491196155548,25
results/context_evidence/v2/checkpoints\fact_squat_101001_s7.pt,fact,squat,101001,7,3,Hips backwards (1) L,0,temporal_mean,25,8,0,0.96,0.7710857391357422,-0.02737385220825672,0.006234274245798588,-0.033608127385377884,0.053196098655462265,0.07073796540498734,25
results/context_evidence/v2/checkpoints\fact_squat_101001_s7.pt,fact,squat,101001,7,4,Lower back neural (1) L,0,zero,25,6,0,0.92,0.8166962265968323,-0.09670104831457138,0.0314762219786644,-0.12817727029323578,0.0905013456940651,0.12083274126052856,25
results/context_evidence/v2/checkpoints\fact_squat_101001_s7.pt,fact,squat,101001,7,4,Lower back neural (1) L,0,temporal_mean,25,6,0,0.92,0.8166962265968323,-0.01885683462023735,-0.018667135387659073,-0.0001896992325782776,0.018754735589027405,0.06551185250282288,25
results/context_evidence/v2/checkpoints\fact_squat_101001_s7.pt,fact,squat,101001,7,5,Hips are lower than knees level (1 point) L,1,zero,25,6,0,0.72,0.6836992502212524,-0.14636516571044922,0.030153794214129448,-0.17651896178722382,0.10954007506370544,0.12752583622932434,25
results/context_evidence/v2/checkpoints\fact_squat_101001_s7.pt,fact,squat,101001,7,5,Hips are lower than knees level (1 point) L,1,temporal_mean,25,6,0,0.72,0.6836992502212524,-0.03492847830057144,-0.02825663983821869,-0.006671838462352753,0.027216829359531403,0.0620819628238678,25
results/context_evidence/v2/checkpoints\tcn_deadlift_00000_s123.pt,tcn,deadlift,00000,123,0,Balance (0.5 point) F,0,zero,69,12,0,0.6231884057971014,0.6330798864364624,-0.06493017077445984,-0.05989401042461395,-0.005036160349845886,0.1039186641573906,0.1557256579399109,80
results/context_evidence/v2/checkpoints\tcn_deadlift_00000_s123.pt,tcn,deadlift,00000,123,0,Balance (0.5 point) F,0,temporal_mean,69,12,0,0.6231884057971014,0.6330798864364624,0.1200491189956665,0.08990085870027542,0.030148260295391083,0.020945638418197632,0.12423964589834213,80
results/context_evidence/v2/checkpoints\tcn_deadlift_00000_s123.pt,tcn,deadlift,00000,123,1,Straight back (0.5) L,0,zero,69,6,0,0.5797101449275363,0.5992923378944397,0.013024047017097473,0.013449245132505894,-0.00042519811540842056,0.025462845340371132,0.013354841619729996,80
results/context_evidence/v2/checkpoints\tcn_deadlift_00000_s123.pt,tcn,deadlift,00000,123,1,Straight back (0.5) L,0,temporal_mean,69,6,0,0.5797101449275363,0.5992923378944397,-0.003821038641035557,0.001845838618464768,-0.005666877143085003,0.004436776507645845,0.0055754296481609344,80
results/context_evidence/v2/checkpoints\tcn_deadlift_00000_s123.pt,tcn,deadlift,00000,123,2,Full back leg extended (0.5 point) L,0,zero,69,6,15,0.37681159420289856,0.4231160879135132,0.0059420205652713776,-0.01116341631859541,0.01710543781518936,0.02007453888654709,0.02271842211484909,80
results/context_evidence/v2/checkpoints\tcn_deadlift_00000_s123.pt,tcn,deadlift,00000,123,2,Full back leg extended (0.5 point) L,0,temporal_mean,69,6,15,0.37681159420289856,0.4231160879135132,0.003173925681039691,-0.0004877584578935057,0.003661684226244688,0.0026509335730224848,0.009380370378494263,80
results/context_evidence/v2/checkpoints\tcn_deadlift_00000_s123.pt,tcn,deadlift,00000,123,3,Slow reverse movement (0.5 point) L,0,zero,69,8,45,0.4782608695652174,0.4734380841255188,-0.021708136424422264,-0.0073125832714140415,-0.01439555361866951,0.021492885425686836,0.02252030372619629,80
results/context_evidence/v2/checkpoints\tcn_deadlift_00000_s123.pt,tcn,deadlift,00000,123,3,Slow reverse movement (0.5 point) L,0,temporal_mean,69,8,45,0.4782608695652174,0.4734380841255188,-0.007712220773100853,-0.00525070121511817,-0.002461519557982683,0.0033147516660392284,0.009600178338587284,80
results/context_evidence/v2/checkpoints\tcn_deadlift_00000_s123.pt,tcn,deadlift,00000,123,4,Support knee bend 15-20° (0.5 point) L,0,zero,69,6,0,0.6811594202898551,0.6603720784187317,0.023813065141439438,0.005533663555979729,0.01827940158545971,0.036971576511859894,0.018867406994104385,80
results/context_evidence/v2/checkpoints\tcn_deadlift_00000_s123.pt,tcn,deadlift,00000,123,4,Support knee bend 15-20° (0.5 point) L,0,temporal_mean,69,6,0,0.6811594202898551,0.6603720784187317,0.010509921237826347,0.0033970982767641544,0.007112822961062193,0.004878641571849585,0.007950806990265846,80
results/context_evidence/v2/checkpoints\tcn_deadlift_00000_s42.pt,tcn,deadlift,00000,42,0,Balance (0.5 point) F,0,zero,69,12,0,0.5507246376811594,0.5715441107749939,-0.1458606719970703,-0.03534654527902603,-0.11051412671804428,0.08103489130735397,0.18294161558151245,161
results/context_evidence/v2/checkpoints\tcn_deadlift_00000_s42.pt,tcn,deadlift,00000,42,0,Balance (0.5 point) F,0,temporal_mean,69,12,0,0.5507246376811594,0.5715441107749939,0.15812334418296814,0.10892479121685028,0.04919855296611786,0.021360337734222412,0.13503426313400269,161
results/context_evidence/v2/checkpoints\tcn_deadlift_00000_s42.pt,tcn,deadlift,00000,42,1,Straight back (0.5) L,0,zero,69,6,0,0.6231884057971014,0.6125175356864929,0.028284521773457527,0.03901752084493637,-0.010732999071478844,0.019762596115469933,0.010186618193984032,161
results/context_evidence/v2/checkpoints\tcn_deadlift_00000_s42.pt,tcn,deadlift,00000,42,1,Straight back (0.5) L,0,temporal_mean,69,6,0,0.6231884057971014,0.6125175356864929,0.007704411633312702,0.009790349751710892,-0.0020859381183981895,0.006304268259555101,0.004292680416256189,161
results/context_evidence/v2/checkpoints\tcn_deadlift_00000_s42.pt,tcn,deadlift,00000,42,2,Full back leg extended (0.5 point) L,0,zero,69,6,15,0.4782608695652174,0.5602680444717407,-0.03423208370804787,-0.025696875527501106,-0.00853520818054676,0.013679428957402706,0.02484351024031639,161
results/context_evidence/v2/checkpoints\tcn_deadlift_00000_s42.pt,tcn,deadlift,00000,42,2,Full back leg extended (0.5 point) L,0,temporal_mean,69,6,15,0.4782608695652174,0.5602680444717407,-0.011724223382771015,-0.007408494129776955,-0.0043157292529940605,0.004643910098820925,0.010164513252675533,161
results/context_evidence/v2/checkpoints\tcn_deadlift_00000_s42.pt,tcn,deadlift,00000,42,3,Slow reverse movement (0.5 point) L,0,zero,69,8,45,0.4927536231884058,0.46640744805336,0.016154013574123383,0.00964791513979435,0.006506098434329033,0.017019089311361313,0.03732655197381973,161
results/context_evidence/v2/checkpoints\tcn_deadlift_00000_s42.pt,tcn,deadlift,00000,42,3,Slow reverse movement (0.5 point) L,0,temporal_mean,69,8,45,0.4927536231884058,0.46640744805336,0.0010847517987713218,-0.0005017921212129295,0.0015865438617765903,0.0035786484368145466,0.013034718111157417,161
results/context_evidence/v2/checkpoints\tcn_deadlift_00000_s42.pt,tcn,deadlift,00000,42,4,Support knee bend 15-20° (0.5 point) L,0,zero,69,6,0,0.7971014492753623,0.7114369869232178,-0.007245111279189587,-0.0025672486517578363,-0.004677862860262394,0.020474325865507126,0.03033030591905117,161
results/context_evidence/v2/checkpoints\tcn_deadlift_00000_s42.pt,tcn,deadlift,00000,42,4,Support knee bend 15-20° (0.5 point) L,0,temporal_mean,69,6,0,0.7971014492753623,0.7114369869232178,0.003769876202568412,0.0038140416145324707,-4.4165411964058876e-05,0.00397798465564847,0.011840171180665493,161
results/context_evidence/v2/checkpoints\tcn_deadlift_00000_s7.pt,tcn,deadlift,00000,7,0,Balance (0.5 point) F,0,zero,69,12,0,0.5652173913043478,0.563651978969574,-0.3095817565917969,-0.12809763848781586,-0.18148411810398102,0.0943535640835762,0.2004169076681137,196
results/context_evidence/v2/checkpoints\tcn_deadlift_00000_s7.pt,tcn,deadlift,00000,7,0,Balance (0.5 point) F,0,temporal_mean,69,12,0,0.5652173913043478,0.563651978969574,0.08839524537324905,0.042000364512205124,0.04639488086104393,0.024440571665763855,0.12386955320835114,196
results/context_evidence/v2/checkpoints\tcn_deadlift_00000_s7.pt,tcn,deadlift,00000,7,1,Straight back (0.5) L,0,zero,69,6,0,0.5072463768115942,0.5309926271438599,0.010520007461309433,0.04408850893378258,-0.033568501472473145,0.03335486352443695,0.019465826451778412,196
results/context_evidence/v2/checkpoints\tcn_deadlift_00000_s7.pt,tcn,deadlift,00000,7,1,Straight back (0.5) L,0,temporal_mean,69,6,0,0.5072463768115942,0.5309926271438599,0.005254912190139294,0.021707365289330482,-0.016452454030513763,0.007152310572564602,0.00907821673899889,196
results/context_evidence/v2/checkpoints\tcn_deadlift_00000_s7.pt,tcn,deadlift,00000,7,2,Full back leg extended (0.5 point) L,0,zero,69,6,15,0.4057971014492754,0.39822331070899963,-0.01954900659620762,-0.026382632553577423,0.006833625957369804,0.018084796145558357,0.03169218823313713,196
results/context_evidence/v2/checkpoints\tcn_deadlift_00000_s7.pt,tcn,deadlift,00000,7,2,Full back leg extended (0.5 point) L,0,temporal_mean,69,6,15,0.4057971014492754,0.39822331070899963,0.006616479251533747,-0.0007178699015639722,0.00733434921130538,0.0035688355565071106,0.01592693291604519,196
results/context_evidence/v2/checkpoints\tcn_deadlift_00000_s7.pt,tcn,deadlift,00000,7,3,Slow reverse movement (0.5 point) L,0,zero,69,8,45,0.4492753623188406,0.47768861055374146,-0.015741907060146332,0.004996722098439932,-0.02073862962424755,0.024916943162679672,0.03988108038902283,196
results/context_evidence/v2/checkpoints\tcn_deadlift_00000_s7.pt,tcn,deadlift,00000,7,3,Slow reverse movement (0.5 point) L,0,temporal_mean,69,8,45,0.4492753623188406,0.47768861055374146,0.003156657563522458,0.011153069324791431,-0.007996411994099617,0.007082702126353979,0.019528239965438843,196
results/context_evidence/v2/checkpoints\tcn_deadlift_00000_s7.pt,tcn,deadlift,00000,7,4,Support knee bend 15-20° (0.5 point) L,0,zero,69,6,0,0.782608695652174,0.7609350085258484,-0.03331468254327774,-0.049250002950429916,0.015935320407152176,0.030957896262407303,0.031436339020729065,196
results/context_evidence/v2/checkpoints\tcn_deadlift_00000_s7.pt,tcn,deadlift,00000,7,4,Support knee bend 15-20° (0.5 point) L,0,temporal_mean,69,6,0,0.782608695652174,0.7609350085258484,0.012648846954107285,0.0073224445804953575,0.005326402373611927,0.004483549855649471,0.016696086153388023,196
results/context_evidence/v2/checkpoints\tcn_deadlift_00010_s123.pt,tcn,deadlift,00010,123,0,Balance (0.5 point) F,0,zero,66,12,2,0.0,0.47832635045051575,-0.0013697012327611446,-0.001372155616991222,2.4543842300772667e-06,0.0013324599713087082,0.0016658274689689279,241
results/context_evidence/v2/checkpoints\tcn_deadlift_00010_s123.pt,tcn,deadlift,00010,123,0,Balance (0.5 point) F,0,temporal_mean,66,12,2,0.0,0.47832635045051575,0.00048031320329755545,0.0005567289190366864,-7.641571573913097e-05,6.644764653174207e-05,0.0005267180968075991,241
results/context_evidence/v2/checkpoints\tcn_deadlift_00010_s123.pt,tcn,deadlift,00010,123,1,Straight back (0.5) L,0,zero,66,6,6,0.6060606060606061,0.5006687641143799,0.0002893119235523045,0.0001111034580389969,0.00017820845823735,0.0002233829873148352,0.0002308791590621695,241
results/context_evidence/v2/checkpoints\tcn_deadlift_00010_s123.pt,tcn,deadlift,00010,123,1,Straight back (0.5) L,0,temporal_mean,66,6,6,0.6060606060606061,0.5006687641143799,1.847202111093793e-05,-1.3073808986518998e-05,3.154583100695163e-05,2.257309461128898e-05,5.343771044863388e-05,241
results/context_evidence/v2/checkpoints\tcn_deadlift_00010_s123.pt,tcn,deadlift,00010,123,2,Full back leg extended (0.5 point) L,0,zero,66,6,30,0.0,0.4901214838027954,-8.502692799083889e-05,-0.00013439157919492573,4.936465120408684e-05,0.00016417694860138,0.00035947596188634634,241
results/context_evidence/v2/checkpoints\tcn_deadlift_00010_s123.pt,tcn,deadlift,00010,123,2,Full back leg extended (0.5 point) L,0,temporal_mean,66,6,30,0.0,0.4901214838027954,-4.851456651522312e-06,7.016785275482107e-06,-1.186824192700442e-05,2.4325308913830668e-05,8.431246533291414e-05,241
results/context_evidence/v2/checkpoints\tcn_deadlift_00010_s123.pt,tcn,deadlift,00010,123,3,Slow reverse movement (0.5 point) L,1,zero,66,8,47,1.0,0.5178288221359253,0.000470610277261585,0.00024288932036142796,0.00022772095690015703,0.0001645313313929364,0.00024791943724267185,241
results/context_evidence/v2/checkpoints\tcn_deadlift_00010_s123.pt,tcn,deadlift,00010,123,3,Slow reverse movement (0.5 point) L,1,temporal_mean,66,8,47,1.0,0.5178288221359253,3.909071165253408e-05,-2.3926027097331826e-06,4.148331572650932e-05,2.3918712031445466e-05,8.326870738528669e-05,241
results/context_evidence/v2/checkpoints\tcn_deadlift_00010_s123.pt,tcn,deadlift,00010,123,4,Support knee bend 15-20° (0.5 point) L,0,zero,66,6,0,1.0,0.5524414777755737,-0.0006791877094656229,8.668680675327778e-05,-0.0007658745162189007,0.000699478667229414,0.0002213244588347152,241
results/context_evidence/v2/checkpoints\tcn_deadlift_00010_s123.pt,tcn,deadlift,00010,123,4,Support knee bend 15-20° (0.5 point) L,0,temporal_mean,66,6,0,1.0,0.5524414777755737,-3.307425504317507e-05,-1.4335043488244992e-05,-1.8739210645435378e-05,6.297150684986264e-05,5.808179048472084e-05,241
results/context_evidence/v2/checkpoints\tcn_deadlift_00010_s42.pt,tcn,deadlift,00010,42,0,Balance (0.5 point) F,0,zero,66,12,2,0.4696969696969697,0.4836660921573639,-0.028981182724237442,-0.044255129992961884,0.015273947268724442,0.038779646158218384,0.10193879902362823,322
results/context_evidence/v2/checkpoints\tcn_deadlift_00010_s42.pt,tcn,deadlift,00010,42,0,Balance (0.5 point) F,0,temporal_mean,66,12,2,0.4696969696969697,0.4836660921573639,0.047871220856904984,0.051545169204473495,-0.003673948347568512,0.01015788409858942,0.04376938194036484,322
results/context_evidence/v2/checkpoints\tcn_deadlift_00010_s42.pt,tcn,deadlift,00010,42,1,Straight back (0.5) L,0,zero,66,6,6,0.6666666666666666,0.5805957317352295,0.038384947925806046,0.03725104406476021,0.0011339038610458374,0.013669786974787712,0.017470164224505424,322
results/context_evidence/v2/checkpoints\tcn_deadlift_00010_s42.pt,tcn,deadlift,00010,42,1,Straight back (0.5) L,0,temporal_mean,66,6,6,0.6666666666666666,0.5805957317352295,0.0032802559435367584,0.003918134141713381,-0.0006378781981766224,0.0041719116270542145,0.0034790108911693096,322
results/context_evidence/v2/checkpoints\tcn_deadlift_00010_s42.pt,tcn,deadlift,00010,42,2,Full back leg extended (0.5 point) L,0,zero,66,6,30,0.5454545454545454,0.5052692294120789,-0.02271376922726631,-0.0256599523127079,0.0029461830854415894,0.007944961078464985,0.02710517682135105,322
results/context_evidence/v2/checkpoints\tcn_deadlift_00010_s42.pt,tcn,deadlift,00010,42,2,Full back leg extended (0.5 point) L,0,temporal_mean,66,6,30,0.5454545454545454,0.5052692294120789,-4.791581159224734e-05,-0.000847366638481617,0.0007994508487172425,0.0015422574942931533,0.0063492655754089355,322
results/context_evidence/v2/checkpoints\tcn_deadlift_00010_s42.pt,tcn,deadlift,00010,42,3,Slow reverse movement (0.5 point) L,1,zero,66,8,47,0.5606060606060606,0.5238840579986572,0.02331704832613468,0.02007398195564747,0.003243066370487213,0.006789851933717728,0.0407584086060524,322
results/context_evidence/v2/checkpoints\tcn_deadlift_00010_s42.pt,tcn,deadlift,00010,42,3,Slow reverse movement (0.5 point) L,1,temporal_mean,66,8,47,0.5606060606060606,0.5238840579986572,-0.000834697566460818,-0.0019789766520261765,0.0011442790273576975,0.0011231371900066733,0.008499743416905403,322
results/context_evidence/v2/checkpoints\tcn_deadlift_00010_s42.pt,tcn,deadlift,00010,42,4,Support knee bend 15-20° (0.5 point) L,0,zero,66,6,0,0.803030303030303,0.7118616700172424,-0.03106287121772766,-0.03238259628415108,0.0013197250664234161,0.014414743520319462,0.025142043828964233,322
results/context_evidence/v2/checkpoints\tcn_deadlift_00010_s42.pt,tcn,deadlift,00010,42,4,Support knee bend 15-20° (0.5 point) L,0,temporal_mean,66,6,0,0.803030303030303,0.7118616700172424,0.0008594312239438295,0.001309415907599032,-0.0004499846836552024,0.002301298314705491,0.005952797364443541,322
results/context_evidence/v2/checkpoints\tcn_deadlift_00010_s7.pt,tcn,deadlift,00010,7,0,Balance (0.5 point) F,0,zero,66,12,2,0.7878787878787878,0.6200763583183289,-0.015932463109493256,-0.07008058577775955,0.054148122668266296,0.03876680135726929,0.06483788788318634,357
results/context_evidence/v2/checkpoints\tcn_deadlift_00010_s7.pt,tcn,deadlift,00010,7,0,Balance (0.5 point) F,0,temporal_mean,66,12,2,0.7878787878787878,0.6200763583183289,0.03357375040650368,0.031060846522450447,0.0025129038840532303,0.00785253755748272,0.03926416486501694,357
results/context_evidence/v2/checkpoints\tcn_deadlift_00010_s7.pt,tcn,deadlift,00010,7,1,Straight back (0.5) L,0,zero,66,6,6,0.24242424242424243,0.4487767219543457,0.014095902442932129,0.02941819094121456,-0.015322288498282433,0.005694728810340166,0.014053909108042717,357
results/context_evidence/v2/checkpoints\tcn_deadlift_00010_s7.pt,tcn,deadlift,00010,7,1,Straight back (0.5) L,0,temporal_mean,66,6,6,0.24242424242424243,0.4487767219543457,0.004025356378406286,0.01010207924991846,-0.006076722871512175,0.003054759930819273,0.002989646513015032,357
results/context_evidence/v2/checkpoints\tcn_deadlift_00010_s7.pt,tcn,deadlift,00010,7,2,Full back leg extended (0.5 point) L,0,zero,66,6,30,0.3787878787878788,0.44669243693351746,-0.01555604301393032,-0.018987474963068962,0.0034314319491386414,0.004292552825063467,0.021523579955101013,357
results/context_evidence/v2/checkpoints\tcn_deadlift_00010_s7.pt,tcn,deadlift,00010,7,2,Full back leg extended (0.5 point) L,0,temporal_mean,66,6,30,0.3787878787878788,0.44669243693351746,-0.003251147922128439,-0.0045180791057646275,0.0012669311836361885,0.001656683161854744,0.008104854263365269,357
results/context_evidence/v2/checkpoints\tcn_deadlift_00010_s7.pt,tcn,deadlift,00010,7,3,Slow reverse movement (0.5 point) L,1,zero,66,8,47,0.9545454545454546,0.6002999544143677,0.009394770488142967,0.013031859882175922,-0.003637089394032955,0.00593684334307909,0.029868127778172493,357
results/context_evidence/v2/checkpoints\tcn_deadlift_00010_s7.pt,tcn,deadlift,00010,7,3,Slow reverse movement (0.5 point) L,1,temporal_mean,66,8,47,0.9545454545454546,0.6002999544143677,-0.006161901634186506,-0.007433658000081778,0.0012717563658952713,0.002011118223890662,0.008584368042647839,357
results/context_evidence/v2/checkpoints\tcn_deadlift_00010_s7.pt,tcn,deadlift,00010,7,4,Support knee bend 15-20° (0.5 point) L,0,zero,66,6,0,0.8333333333333334,0.6764898300170898,-0.024848096072673798,-0.03415249288082123,0.00930439680814743,0.010941846296191216,0.01844828575849533,357
results/context_evidence/v2/checkpoints\tcn_deadlift_00010_s7.pt,tcn,deadlift,00010,7,4,Support knee bend 15-20° (0.5 point) L,0,temporal_mean,66,6,0,0.8333333333333334,0.6764898300170898,0.006931955926120281,0.00641173031181097,0.0005202256143093109,0.002397196600213647,0.006553868297487497,357
results/context_evidence/v2/checkpoints\tcn_deadlift_00100_s123.pt,tcn,deadlift,00100,123,0,Balance (0.5 point) F,0,zero,22,12,0,0.8181818181818182,0.6781708598136902,-0.12849269807338715,-0.04804353788495064,-0.0804491639137268,0.06189790368080139,0.07395894080400467,227
results/context_evidence/v2/checkpoints\tcn_deadlift_00100_s123.pt,tcn,deadlift,00100,123,0,Balance (0.5 point) F,0,temporal_mean,22,12,0,0.8181818181818182,0.6781708598136902,0.025583773851394653,0.028902452439069748,-0.0033186785876750946,0.005365314427763224,0.026751287281513214,227
results/context_evidence/v2/checkpoints\tcn_deadlift_00100_s123.pt,tcn,deadlift,00100,123,1,Straight back (0.5) L,0,zero,22,6,0,0.5,0.5219702124595642,0.02896011993288994,0.0451577827334404,-0.01619766280055046,0.014054493978619576,0.015253114514052868,227
results/context_evidence/v2/checkpoints\tcn_deadlift_00100_s123.pt,tcn,deadlift,00100,123,1,Straight back (0.5) L,0,temporal_mean,22,6,0,0.5,0.5219702124595642,0.0003049210936296731,0.0044669462367892265,-0.004162025172263384,0.003290686057880521,0.001617733738385141,227
results/context_evidence/v2/checkpoints\tcn_deadlift_00100_s123.pt,tcn,deadlift,00100,123,2,Full back leg extended (0.5 point) L,1,zero,22,6,54,0.09090909090909091,0.3960990607738495,0.011156813241541386,0.02178371697664261,-0.010626903735101223,0.0070325033739209175,0.012423822656273842,227
results/context_evidence/v2/checkpoints\tcn_deadlift_00100_s123.pt,tcn,deadlift,00100,123,2,Full back leg extended (0.5 point) L,1,temporal_mean,22,6,54,0.09090909090909091,0.3960990607738495,-0.0014447096036747098,-0.0008833159226924181,-0.0005613936809822917,0.0008976445533335209,0.0031765394378453493,227
results/context_evidence/v2/checkpoints\tcn_deadlift_00100_s123.pt,tcn,deadlift,00100,123,3,Slow reverse movement (0.5 point) L,0,zero,22,8,33,0.5909090909090909,0.5102552771568298,-0.007129642181098461,-0.009350989013910294,0.0022213468328118324,0.0030561445746570826,0.023678695783019066,227
results/context_evidence/v2/checkpoints\tcn_deadlift_00100_s123.pt,tcn,deadlift,00100,123,3,Slow reverse movement (0.5 point) L,0,temporal_mean,22,8,33,0.5909090909090909,0.5102552771568298,0.000625897548161447,0.0012618281180039048,-0.0006359305698424578,0.0005512270727194846,0.003988530021160841,227
results/context_evidence/v2/checkpoints\tcn_deadlift_00100_s123.pt,tcn,deadlift,00100,123,4,Support knee bend 15-20° (0.5 point) L,0,zero,22,6,5,0.9545454545454546,0.6331930756568909,-0.008233032189309597,-0.014340988360345364,0.006107956171035767,0.0065498314797878265,0.013091817498207092,227
results/context_evidence/v2/checkpoints\tcn_deadlift_00100_s123.pt,tcn,deadlift,00100,123,4,Support knee bend 15-20° (0.5 point) L,0,temporal_mean,22,6,5,0.9545454545454546,0.6331930756568909,0.0016608021687716246,0.0020541204139590263,-0.00039331824518740177,0.0009012141963467002,0.003052566898986697,227
results/context_evidence/v2/checkpoints\tcn_deadlift_00100_s42.pt,tcn,deadlift,00100,42,0,Balance (0.5 point) F,0,zero,22,12,0,0.4090909090909091,0.4543946385383606,-0.19149841368198395,-0.012290523387491703,-0.17920789122581482,0.07060430943965912,0.11948204040527344,308
results/context_evidence/v2/checkpoints\tcn_deadlift_00100_s42.pt,tcn,deadlift,00100,42,0,Balance (0.5 point) F,0,temporal_mean,22,12,0,0.4090909090909091,0.4543946385383606,0.02529347687959671,0.018556175753474236,0.006737301126122475,0.005375073757022619,0.02736685425043106,308
results/context_evidence/v2/checkpoints\tcn_deadlift_00100_s42.pt,tcn,deadlift,00100,42,1,Straight back (0.5) L,0,zero,22,6,0,0.8181818181818182,0.7350615859031677,0.03977261483669281,0.026727674528956413,0.013044940307736397,0.02022269368171692,0.015376410447061062,308
results/context_evidence/v2/checkpoints\tcn_deadlift_00100_s42.pt,tcn,deadlift,00100,42,1,Straight back (0.5) L,0,temporal_mean,22,6,0,0.8181818181818182,0.7350615859031677,0.0007280111312866211,-0.0002124800521414727,0.0009404912125319242,0.0021435872185975313,0.002539977664127946,308
results/context_evidence/v2/checkpoints\tcn_deadlift_00100_s42.pt,tcn,deadlift,00100,42,2,Full back leg extended (0.5 point) L,1,zero,22,6,54,0.36363636363636365,0.47871315479278564,0.012874376960098743,0.017983857542276382,-0.005109480582177639,0.010860808193683624,0.01269746758043766,308
results/context_evidence/v2/checkpoints\tcn_deadlift_00100_s42.pt,tcn,deadlift,00100,42,2,Full back leg extended (0.5 point) L,1,temporal_mean,22,6,54,0.36363636363636365,0.47871315479278564,-0.0035594620276242495,-0.002716642338782549,-0.0008428196888417006,0.0014616962289437652,0.0031760679557919502,308
results/context_evidence/v2/checkpoints\tcn_deadlift_00100_s42.pt,tcn,deadlift,00100,42,3,Slow reverse movement (0.5 point) L,0,zero,22,8,33,0.6363636363636364,0.5142903923988342,-0.009600945748388767,-0.005643469747155905,-0.0039574760012328625,0.003955511376261711,0.023391015827655792,308
results/context_evidence/v2/checkpoints\tcn_deadlift_00100_s42.pt,tcn,deadlift,00100,42,3,Slow reverse movement (0.5 point) L,0,temporal_mean,22,8,33,0.6363636363636364,0.5142903923988342,0.0027409682516008615,0.002620438579469919,0.00012052967213094234,0.0010359369916841388,0.0045144702307879925,308
results/context_evidence/v2/checkpoints\tcn_deadlift_00100_s42.pt,tcn,deadlift,00100,42,4,Support knee bend 15-20° (0.5 point) L,0,zero,22,6,5,0.9090909090909091,0.6317034363746643,0.0016178949736058712,0.0023678129073232412,-0.00074991793371737,0.005664755590260029,0.013893562369048595,308
results/context_evidence/v2/checkpoints\tcn_deadlift_00100_s42.pt,tcn,deadlift,00100,42,4,Support knee bend 15-20° (0.5 point) L,0,temporal_mean,22,6,5,0.9090909090909091,0.6317034363746643,0.00041671504732221365,0.00032517086947336793,9.154417784884572e-05,0.00082959741121158,0.003915045876055956,308
results/context_evidence/v2/checkpoints\tcn_deadlift_00100_s7.pt,tcn,deadlift,00100,7,0,Balance (0.5 point) F,0,zero,22,12,0,0.9545454545454546,0.8842653036117554,-0.07991020381450653,-0.00863325223326683,-0.0712769478559494,0.046154964715242386,0.1515509933233261,343
results/context_evidence/v2/checkpoints\tcn_deadlift_00100_s7.pt,tcn,deadlift,00100,7,0,Balance (0.5 point) F,0,temporal_mean,22,12,0,0.9545454545454546,0.8842653036117554,0.005135454703122377,0.0055680484510958195,-0.0004325937479734421,0.00226773414760828,0.050755955278873444,343
results/context_evidence/v2/checkpoints\tcn_deadlift_00100_s7.pt,tcn,deadlift,00100,7,1,Straight back (0.5) L,0,zero,22,6,0,0.18181818181818182,0.29798176884651184,-0.0001725798356346786,0.035374194383621216,-0.03554677590727806,0.01966123841702938,0.03378812223672867,343
results/context_evidence/v2/checkpoints\tcn_deadlift_00100_s7.pt,tcn,deadlift,00100,7,1,Straight back (0.5) L,0,temporal_mean,22,6,0,0.18181818181818182,0.29798176884651184,0.002087609376758337,0.008186145685613155,-0.006098536308854818,0.0031591556034982204,0.004863965790718794,343
results/context_evidence/v2/checkpoints\tcn_deadlift_00100_s7.pt,tcn,deadlift,00100,7,2,Full back leg extended (0.5 point) L,1,zero,22,6,54,0.5454545454545454,0.47250890731811523,0.03164980188012123,0.0297740176320076,0.0018757842481136322,0.014668906107544899,0.028031742200255394,343
results/context_evidence/v2/checkpoints\tcn_deadlift_00100_s7.pt,tcn,deadlift,00100,7,2,Full back leg extended (0.5 point) L,1,temporal_mean,22,6,54,0.5454545454545454,0.47250890731811523,-0.0060805571265518665,-0.009824331849813461,0.0037437747232615948,0.003986822906881571,0.0092996247112751,343
results/context_evidence/v2/checkpoints\tcn_deadlift_00100_s7.pt,tcn,deadlift,00100,7,3,Slow reverse movement (0.5 point) L,0,zero,22,8,33,0.09090909090909091,0.29117831587791443,-0.03152860701084137,-0.021977463737130165,-0.009551143273711205,0.01742219366133213,0.04126298800110817,343
results/context_evidence/v2/checkpoints\tcn_deadlift_00100_s7.pt,tcn,deadlift,00100,7,3,Slow reverse movement (0.5 point) L,0,temporal_mean,22,8,33,0.09090909090909091,0.29117831587791443,0.0036266527604311705,0.008174257352948189,-0.004547604359686375,0.0031446143984794617,0.011129935272037983,343
results/context_evidence/v2/checkpoints\tcn_deadlift_00100_s7.pt,tcn,deadlift,00100,7,4,Support knee bend 15-20° (0.5 point) L,0,zero,22,6,5,0.7272727272727273,0.6018162369728088,-0.033446140587329865,-0.03309949114918709,-0.0003466494381427765,0.01588384248316288,0.026565348729491234,343
results/context_evidence/v2/checkpoints\tcn_deadlift_00100_s7.pt,tcn,deadlift,00100,7,4,Support knee bend 15-20° (0.5 point) L,0,temporal_mean,22,6,5,0.7272727272727273,0.6018162369728088,0.010054889135062695,0.01470101810991764,-0.004646128974854946,0.00547264376655221,0.008172502741217613,343
results/context_evidence/v2/checkpoints\tcn_deadlift_00110_s123.pt,tcn,deadlift,00110,123,0,Balance (0.5 point) F,0,zero,33,12,0,0.7272727272727273,0.6573179960250854,0.05062391608953476,-0.017832016572356224,0.06845593452453613,0.046570129692554474,0.09540057927370071,159
results/context_evidence/v2/checkpoints\tcn_deadlift_00110_s123.pt,tcn,deadlift,00110,123,0,Balance (0.5 point) F,0,temporal_mean,33,12,0,0.7272727272727273,0.6573179960250854,0.03895095735788345,0.05774625763297081,-0.018795300275087357,0.01032985094934702,0.03661537915468216,159
results/context_evidence/v2/checkpoints\tcn_deadlift_00110_s123.pt,tcn,deadlift,00110,123,1,Straight back (0.5) L,0,zero,33,6,7,0.9696969696969697,0.9397389888763428,0.011955484747886658,0.028545666486024857,-0.0165901817381382,0.011151505634188652,0.026148822158575058,159
results/context_evidence/v2/checkpoints\tcn_deadlift_00110_s123.pt,tcn,deadlift,00110,123,1,Straight back (0.5) L,0,temporal_mean,33,6,7,0.9696969696969697,0.9397389888763428,0.0008549618069082499,0.00469347694888711,-0.00383851514197886,0.002695871517062187,0.006480478681623936,159
results/context_evidence/v2/checkpoints\tcn_deadlift_00110_s123.pt,tcn,deadlift,00110,123,2,Full back leg extended (0.5 point) L,1,zero,33,6,53,0.8181818181818182,0.7368059158325195,0.017664365470409393,0.06069163978099823,-0.04302727431058884,0.017684848979115486,0.016023313626646996,159
results/context_evidence/v2/checkpoints\tcn_deadlift_00110_s123.pt,tcn,deadlift,00110,123,2,Full back leg extended (0.5 point) L,1,temporal_mean,33,6,53,0.8181818181818182,0.7368059158325195,-0.0051157064735889435,0.008454728871583939,-0.013570435345172882,0.004291088320314884,0.008505375124514103,159
results/context_evidence/v2/checkpoints\tcn_deadlift_00110_s123.pt,tcn,deadlift,00110,123,3,Slow reverse movement (0.5 point) L,1,zero,33,8,22,0.5757575757575758,0.6165531873703003,0.022335326299071312,0.048489078879356384,-0.026153752580285072,0.01113874651491642,0.037295226007699966,159
results/context_evidence/v2/checkpoints\tcn_deadlift_00110_s123.pt,tcn,deadlift,00110,123,3,Slow reverse movement (0.5 point) L,1,temporal_mean,33,8,22,0.5757575757575758,0.6165531873703003,-0.00856971275061369,-0.006990480236709118,-0.0015792325139045715,0.002016071230173111,0.010748887434601784,159
results/context_evidence/v2/checkpoints\tcn_deadlift_00110_s123.pt,tcn,deadlift,00110,123,4,Support knee bend 15-20° (0.5 point) L,0,zero,33,6,9,0.48484848484848486,0.5124971866607666,-0.02045534737408161,-0.07584498822689056,0.0553896427154541,0.019400862976908684,0.01864537224173546,159
results/context_evidence/v2/checkpoints\tcn_deadlift_00110_s123.pt,tcn,deadlift,00110,123,4,Support knee bend 15-20° (0.5 point) L,0,temporal_mean,33,6,9,0.48484848484848486,0.5124971866607666,0.010962853208184242,0.0019284456502646208,0.009034407325088978,0.0032828194089233875,0.009884373284876347,159
results/context_evidence/v2/checkpoints\tcn_deadlift_00110_s42.pt,tcn,deadlift,00110,42,0,Balance (0.5 point) F,0,zero,33,12,0,0.7272727272727273,0.6657884120941162,-0.03548826649785042,-0.013221807777881622,-0.022266458719968796,0.040318895131349564,0.0939590260386467,240
results/context_evidence/v2/checkpoints\tcn_deadlift_00110_s42.pt,tcn,deadlift,00110,42,0,Balance (0.5 point) F,0,temporal_mean,33,12,0,0.7272727272727273,0.6657884120941162,0.026321865618228912,0.07210619747638702,-0.04578433185815811,0.017181193456053734,0.04155435413122177,240
results/context_evidence/v2/checkpoints\tcn_deadlift_00110_s42.pt,tcn,deadlift,00110,42,1,Straight back (0.5) L,0,zero,33,6,7,0.9393939393939394,0.9383756518363953,0.017413867637515068,0.027997829020023346,-0.010583961382508278,0.01194344274699688,0.023222696036100388,240
results/context_evidence/v2/checkpoints\tcn_deadlift_00110_s42.pt,tcn,deadlift,00110,42,1,Straight back (0.5) L,0,temporal_mean,33,6,7,0.9393939393939394,0.9383756518363953,0.0005504163564182818,0.001310936058871448,-0.0007605197024531662,0.0018095290288329124,0.0042823730036616325,240
results/context_evidence/v2/checkpoints\tcn_deadlift_00110_s42.pt,tcn,deadlift,00110,42,2,Full back leg extended (0.5 point) L,1,zero,33,6,53,0.8181818181818182,0.7103565335273743,0.019267886877059937,0.03378508239984512,-0.014517195522785187,0.014958249405026436,0.03445462882518768,240
results/context_evidence/v2/checkpoints\tcn_deadlift_00110_s42.pt,tcn,deadlift,00110,42,2,Full back leg extended (0.5 point) L,1,temporal_mean,33,6,53,0.8181818181818182,0.7103565335273743,-0.0005636161076836288,0.00539392651990056,-0.0059575424529612064,0.00185967527795583,0.006857153028249741,240
results/context_evidence/v2/checkpoints\tcn_deadlift_00110_s42.pt,tcn,deadlift,00110,42,3,Slow reverse movement (0.5 point) L,1,zero,33,8,22,0.6363636363636364,0.5905324816703796,0.022831209003925323,0.03272219002246857,-0.009890981018543243,0.016021233052015305,0.06024530157446861,240
results/context_evidence/v2/checkpoints\tcn_deadlift_00110_s42.pt,tcn,deadlift,00110,42,3,Slow reverse movement (0.5 point) L,1,temporal_mean,33,8,22,0.6363636363636364,0.5905324816703796,-0.005396407563239336,-0.006537634879350662,0.0011412273161113262,0.0019030775874853134,0.007548987399786711,240
results/context_evidence/v2/checkpoints\tcn_deadlift_00110_s42.pt,tcn,deadlift,00110,42,4,Support knee bend 15-20° (0.5 point) L,0,zero,33,6,9,0.48484848484848486,0.49662238359451294,-0.05336505174636841,-0.07447091490030289,0.02110586315393448,0.03042321838438511,0.03622907027602196,240
results/context_evidence/v2/checkpoints\tcn_deadlift_00110_s42.pt,tcn,deadlift,00110,42,4,Support knee bend 15-20° (0.5 point) L,0,temporal_mean,33,6,9,0.48484848484848486,0.49662238359451294,0.00580446096137166,0.0017580147832632065,0.004046446178108454,0.002231601160019636,0.007843246683478355,240
results/context_evidence/v2/checkpoints\tcn_deadlift_00110_s7.pt,tcn,deadlift,00110,7,0,Balance (0.5 point) F,0,zero,33,12,0,0.9696969696969697,0.5828002691268921,-0.008017191663384438,-0.03530757874250412,0.027290387079119682,0.021967269480228424,0.03068319894373417,275
results/context_evidence/v2/checkpoints\tcn_deadlift_00110_s7.pt,tcn,deadlift,00110,7,0,Balance (0.5 point) F,0,temporal_mean,33,12,0,0.9696969696969697,0.5828002691268921,0.02051781676709652,0.03322513774037361,-0.012707320973277092,0.00443418649956584,0.031146638095378876,275
results/context_evidence/v2/checkpoints\tcn_deadlift_00110_s7.pt,tcn,deadlift,00110,7,1,Straight back (0.5) L,0,zero,33,6,7,0.6363636363636364,0.5875324010848999,0.023756347596645355,0.046573422849178314,-0.02281707525253296,0.009840387850999832,0.01503875944763422,275
results/context_evidence/v2/checkpoints\tcn_deadlift_00110_s7.pt,tcn,deadlift,00110,7,1,Straight back (0.5) L,0,temporal_mean,33,6,7,0.6363636363636364,0.5875324010848999,0.0005156433908268809,0.0046281698159873486,-0.004112526308745146,0.0022243198473006487,0.0006715840427204967,275
results/context_evidence/v2/checkpoints\tcn_deadlift_00110_s7.pt,tcn,deadlift,00110,7,2,Full back leg extended (0.5 point) L,1,zero,33,6,53,0.2727272727272727,0.46980175375938416,-0.0040821656584739685,-0.010492784902453423,0.006410619243979454,0.0024621279444545507,0.01683400571346283,275
results/context_evidence/v2/checkpoints\tcn_deadlift_00110_s7.pt,tcn,deadlift,00110,7,2,Full back leg extended (0.5 point) L,1,temporal_mean,33,6,53,0.2727272727272727,0.46980175375938416,-0.000536171777639538,-0.0017641865415498614,0.0012280147057026625,0.0007097449852153659,0.002058330923318863,275
results/context_evidence/v2/checkpoints\tcn_deadlift_00110_s7.pt,tcn,deadlift,00110,7,3,Slow reverse movement (0.5 point) L,1,zero,33,8,22,0.9090909090909091,0.5655492544174194,0.015880608931183815,0.023208821192383766,-0.007328212261199951,0.0036498853005468845,0.03207772597670555,275
results/context_evidence/v2/checkpoints\tcn_deadlift_00110_s7.pt,tcn,deadlift,00110,7,3,Slow reverse movement (0.5 point) L,1,temporal_mean,33,8,22,0.9090909090909091,0.5655492544174194,0.0008242338080890477,0.0029681685846298933,-0.0021439348347485065,0.001274416339583695,0.0028164926916360855,275
results/context_evidence/v2/checkpoints\tcn_deadlift_00110_s7.pt,tcn,deadlift,00110,7,4,Support knee bend 15-20° (0.5 point) L,0,zero,33,6,9,0.5151515151515151,0.4886917471885681,-0.030881419777870178,-0.06728693097829819,0.03640551120042801,0.015601678751409054,0.010222062468528748,275
results/context_evidence/v2/checkpoints\tcn_deadlift_00110_s7.pt,tcn,deadlift,00110,7,4,Support knee bend 15-20° (0.5 point) L,0,temporal_mean,33,6,9,0.5151515151515151,0.4886917471885681,-3.836371615761891e-05,-0.005692760460078716,0.005654396954923868,0.0032146298326551914,0.0013595038326457143,275
results/context_evidence/v2/checkpoints\tcn_deadlift_11110_s123.pt,tcn,deadlift,11110,123,0,Balance (0.5 point) F,1,zero,10,12,1,0.3,0.40363460779190063,0.14120453596115112,0.06474082916975021,0.07646370679140091,0.08228734135627747,0.08830063790082932,161
results/context_evidence/v2/checkpoints\tcn_deadlift_11110_s123.pt,tcn,deadlift,11110,123,0,Balance (0.5 point) F,1,temporal_mean,10,12,1,0.3,0.40363460779190063,-0.06740520894527435,-0.08188371360301971,0.014478504657745361,0.012614728882908821,0.02962847426533699,161
results/context_evidence/v2/checkpoints\tcn_deadlift_11110_s123.pt,tcn,deadlift,11110,123,1,Straight back (0.5) L,1,zero,10,6,1,0.0,0.0246727354824543,0.004383287858217955,-0.011138482950627804,0.015521770343184471,0.014728785492479801,0.026575809344649315,161
results/context_evidence/v2/checkpoints\tcn_deadlift_11110_s123.pt,tcn,deadlift,11110,123,1,Straight back (0.5) L,1,temporal_mean,10,6,1,0.0,0.0246727354824543,-0.00021962178288958967,-0.003883466823026538,0.0036638451274484396,0.0025785628240555525,0.003633436979725957,161
results/context_evidence/v2/checkpoints\tcn_deadlift_11110_s123.pt,tcn,deadlift,11110,123,2,Full back leg extended (0.5 point) L,1,zero,10,6,0,0.4,0.3943149745464325,0.004344090819358826,0.0354367233812809,-0.031092632561922073,0.009260947816073895,0.028485357761383057,161
results/context_evidence/v2/checkpoints\tcn_deadlift_11110_s123.pt,tcn,deadlift,11110,123,2,Full back leg extended (0.5 point) L,1,temporal_mean,10,6,0,0.4,0.3943149745464325,0.005561930127441883,0.014317062683403492,-0.008755132555961609,0.008547508157789707,0.00568985054269433,161
results/context_evidence/v2/checkpoints\tcn_deadlift_11110_s123.pt,tcn,deadlift,11110,123,3,Slow reverse movement (0.5 point) L,1,zero,10,8,0,0.7,0.5371299982070923,-0.06702302396297455,-0.023617777973413467,-0.04340524598956108,0.021104352548718452,0.02952003851532936,161
results/context_evidence/v2/checkpoints\tcn_deadlift_11110_s123.pt,tcn,deadlift,11110,123,3,Slow reverse movement (0.5 point) L,1,temporal_mean,10,8,0,0.7,0.5371299982070923,-0.0018043816089630127,0.005423424765467644,-0.007227806374430656,0.004318859428167343,0.00749679422006011,161
results/context_evidence/v2/checkpoints\tcn_deadlift_11110_s123.pt,tcn,deadlift,11110,123,4,Support knee bend 15-20° (0.5 point) L,0,zero,10,6,0,1.0,0.9724963903427124,-0.021777421236038208,-0.012313427403569221,-0.009463993832468987,0.007826005108654499,0.0291229747235775,161
results/context_evidence/v2/checkpoints\tcn_deadlift_11110_s123.pt,tcn,deadlift,11110,123,4,Support knee bend 15-20° (0.5 point) L,0,temporal_mean,10,6,0,1.0,0.9724963903427124,-0.004805457778275013,-0.003640564391389489,-0.0011648933868855238,0.0016236016526818275,0.007205001078546047,161
results/context_evidence/v2/checkpoints\tcn_deadlift_11110_s42.pt,tcn,deadlift,11110,42,0,Balance (0.5 point) F,1,zero,10,12,1,0.2,0.26952943205833435,0.16768991947174072,0.06714167445898056,0.10054824501276016,0.08917509764432907,0.08931414037942886,242
results/context_evidence/v2/checkpoints\tcn_deadlift_11110_s42.pt,tcn,deadlift,11110,42,0,Balance (0.5 point) F,1,temporal_mean,10,12,1,0.2,0.26952943205833435,-0.05470481514930725,-0.0631161481142044,0.008411332964897156,0.018900113180279732,0.02697167359292507,242
results/context_evidence/v2/checkpoints\tcn_deadlift_11110_s42.pt,tcn,deadlift,11110,42,1,Straight back (0.5) L,1,zero,10,6,1,0.0,0.008651090785861015,0.001752906129695475,-0.0001495115429861471,0.0019024176290258765,0.004513665568083525,0.019905943423509598,242
results/context_evidence/v2/checkpoints\tcn_deadlift_11110_s42.pt,tcn,deadlift,11110,42,1,Straight back (0.5) L,1,temporal_mean,10,6,1,0.0,0.008651090785861015,-0.0008108826586976647,-3.337288580951281e-05,-0.0007775097619742155,0.00041754465200938284,0.007499866187572479,242
results/context_evidence/v2/checkpoints\tcn_deadlift_11110_s42.pt,tcn,deadlift,11110,42,2,Full back leg extended (0.5 point) L,1,zero,10,6,0,0.2,0.3730832040309906,0.02332465723156929,0.045914310961961746,-0.022589653730392456,0.017402272671461105,0.022453773766756058,242
results/context_evidence/v2/checkpoints\tcn_deadlift_11110_s42.pt,tcn,deadlift,11110,42,2,Full back leg extended (0.5 point) L,1,temporal_mean,10,6,0,0.2,0.3730832040309906,-0.010330152697861195,0.010437733493745327,-0.02076788619160652,0.01101682335138321,0.006752555724233389,242
results/context_evidence/v2/checkpoints\tcn_deadlift_11110_s42.pt,tcn,deadlift,11110,42,3,Slow reverse movement (0.5 point) L,1,zero,10,8,0,0.9,0.7824195623397827,-0.05482427030801773,-0.019555676728487015,-0.035268593579530716,0.02493995428085327,0.025211060419678688,242
results/context_evidence/v2/checkpoints\tcn_deadlift_11110_s42.pt,tcn,deadlift,11110,42,3,Slow reverse movement (0.5 point) L,1,temporal_mean,10,8,0,0.9,0.7824195623397827,-0.014252287335693836,-0.004392686765640974,-0.00985960103571415,0.005283171311020851,0.009842326864600182,242
results/context_evidence/v2/checkpoints\tcn_deadlift_11110_s42.pt,tcn,deadlift,11110,42,4,Support knee bend 15-20° (0.5 point) L,0,zero,10,6,0,1.0,0.9981454014778137,-0.0012289226287975907,-0.00038826881791464984,-0.0008406537817791104,0.0008195676491595805,0.0317426472902298,242
results/context_evidence/v2/checkpoints\tcn_deadlift_11110_s42.pt,tcn,deadlift,11110,42,4,Support knee bend 15-20° (0.5 point) L,0,temporal_mean,10,6,0,1.0,0.9981454014778137,0.00021678805933333933,4.626798545359634e-05,0.0001705200702417642,8.451235044049099e-05,0.011528265662491322,242
results/context_evidence/v2/checkpoints\tcn_deadlift_11110_s7.pt,tcn,deadlift,11110,7,0,Balance (0.5 point) F,1,zero,10,12,1,0.6,0.5585299134254456,0.29748255014419556,0.2265869379043579,0.07089561223983765,0.11069028824567795,0.05669477581977844,277
results/context_evidence/v2/checkpoints\tcn_deadlift_11110_s7.pt,tcn,deadlift,11110,7,0,Balance (0.5 point) F,1,temporal_mean,10,12,1,0.6,0.5585299134254456,0.015222412534058094,0.050621870905160904,-0.035399459302425385,0.012679154053330421,0.02804175391793251,277
results/context_evidence/v2/checkpoints\tcn_deadlift_11110_s7.pt,tcn,deadlift,11110,7,1,Straight back (0.5) L,1,zero,10,6,1,0.0,0.10555128008127213,0.048171576112508774,-0.033050600439310074,0.08122217655181885,0.0710671991109848,0.024151336401700974,277
results/context_evidence/v2/checkpoints\tcn_deadlift_11110_s7.pt,tcn,deadlift,11110,7,1,Straight back (0.5) L,1,temporal_mean,10,6,1,0.0,0.10555128008127213,-0.0062087117694318295,-0.014717692509293556,0.00850898027420044,0.004990645218640566,0.003788225818425417,277
results/context_evidence/v2/checkpoints\tcn_deadlift_11110_s7.pt,tcn,deadlift,11110,7,2,Full back leg extended (0.5 point) L,1,zero,10,6,0,0.0,0.15343375504016876,0.05407111719250679,0.03245635703206062,0.021614760160446167,0.020688077434897423,0.03938824683427811,277
results/context_evidence/v2/checkpoints\tcn_deadlift_11110_s7.pt,tcn,deadlift,11110,7,2,Full back leg extended (0.5 point) L,1,temporal_mean,10,6,0,0.0,0.15343375504016876,-0.004016235936433077,0.0029674582183361053,-0.006983694154769182,0.006968586705625057,0.00993862934410572,277
results/context_evidence/v2/checkpoints\tcn_deadlift_11110_s7.pt,tcn,deadlift,11110,7,3,Slow reverse movement (0.5 point) L,1,zero,10,8,0,0.5,0.4943482279777527,-0.06560519337654114,-0.061434514820575714,-0.004170678555965424,0.013722247444093227,0.05088559538125992,277
results/context_evidence/v2/checkpoints\tcn_deadlift_11110_s7.pt,tcn,deadlift,11110,7,3,Slow reverse movement (0.5 point) L,1,temporal_mean,10,8,0,0.5,0.4943482279777527,-0.011466806754469872,-0.019919278100132942,0.00845247134566307,0.005245639942586422,0.011184961535036564,277
results/context_evidence/v2/checkpoints\tcn_deadlift_11110_s7.pt,tcn,deadlift,11110,7,4,Support knee bend 15-20° (0.5 point) L,0,zero,10,6,0,1.0,0.9988276362419128,-0.0007100820657797158,8.533549407729879e-05,-0.0007954175816848874,0.0005129361525177956,0.052728503942489624,277
results/context_evidence/v2/checkpoints\tcn_deadlift_11110_s7.pt,tcn,deadlift,11110,7,4,Support knee bend 15-20° (0.5 point) L,0,temporal_mean,10,6,0,1.0,0.9988276362419128,0.00023484230041503906,7.197057857410982e-05,0.00016287172911688685,7.030327105894685e-05,0.012629215605556965,277
results/context_evidence/v2/checkpoints\tcn_squat_000000_s123.pt,tcn,squat,000000,123,0,Feet Out 30 F,0,zero,17,10,1,0.0,0.2842424213886261,-0.17358028888702393,-0.09156663715839386,-0.08201365172863007,0.10300039499998093,0.2485712617635727,274
results/context_evidence/v2/checkpoints\tcn_squat_000000_s123.pt,tcn,squat,000000,123,0,Feet Out 30 F,0,temporal_mean,17,10,1,0.0,0.2842424213886261,-0.04614116623997688,-0.009644192643463612,-0.036496974527835846,0.01207113265991211,0.044164881110191345,274
results/context_evidence/v2/checkpoints\tcn_squat_000000_s123.pt,tcn,squat,000000,123,1,Whole Feet Flat On the Floor (1) L,0,zero,17,8,0,0.9411764705882353,0.7269279956817627,-0.05875541269779205,-0.03168930485844612,-0.027066107839345932,0.01884542591869831,0.05169282853603363,274
results/context_evidence/v2/checkpoints\tcn_squat_000000_s123.pt,tcn,squat,000000,123,1,Whole Feet Flat On the Floor (1) L,0,temporal_mean,17,8,0,0.9411764705882353,0.7269279956817627,-0.005812855437397957,-0.0006636990583501756,-0.00514915632084012,0.0025141725782305002,0.006808991078287363,274
results/context_evidence/v2/checkpoints\tcn_squat_000000_s123.pt,tcn,squat,000000,123,2,Bend Hips and Knees Simultaniously (1) L,0,zero,17,8,3,0.7058823529411765,0.5904672145843506,0.062487728893756866,0.07200294733047485,-0.009515218436717987,0.029948905110359192,0.039492569863796234,274
results/context_evidence/v2/checkpoints\tcn_squat_000000_s123.pt,tcn,squat,000000,123,2,Bend Hips and Knees Simultaniously (1) L,0,temporal_mean,17,8,3,0.7058823529411765,0.5904672145843506,-0.0076858471147716045,-0.004838980734348297,-0.0028468663804233074,0.0013371650129556656,0.0036580360028892756,274
results/context_evidence/v2/checkpoints\tcn_squat_000000_s123.pt,tcn,squat,000000,123,3,Hips backwards (1) L,0,zero,17,8,5,0.8823529411764706,0.6592179536819458,-0.06400122493505478,-0.0571664422750473,-0.006834782660007477,0.022384753450751305,0.03918986767530441,274
results/context_evidence/v2/checkpoints\tcn_squat_000000_s123.pt,tcn,squat,000000,123,3,Hips backwards (1) L,0,temporal_mean,17,8,5,0.8823529411764706,0.6592179536819458,0.00042398186633363366,0.005853423848748207,-0.005429442040622234,0.0014946400187909603,0.004537512548267841,274
results/context_evidence/v2/checkpoints\tcn_squat_000000_s123.pt,tcn,squat,000000,123,4,Lower back neural (1) L,0,zero,17,6,5,1.0,0.9496688842773438,0.017411915585398674,0.01699046418070793,0.0004214514046907425,0.010350662283599377,0.02690226398408413,274
results/context_evidence/v2/checkpoints\tcn_squat_000000_s123.pt,tcn,squat,000000,123,4,Lower back neural (1) L,0,temporal_mean,17,6,5,1.0,0.9496688842773438,-0.00023482476535718888,0.0011815499747171998,-0.001416374696418643,0.0006324455025605857,0.00303084054030478,274
results/context_evidence/v2/checkpoints\tcn_squat_000000_s123.pt,tcn,squat,000000,123,5,Hips are lower than knees level (1 point) L,0,zero,17,6,42,0.0,0.16866353154182434,-0.005194537807255983,-0.005358836613595486,0.00016429880633950233,0.008336073718965054,0.029900357127189636,274
results/context_evidence/v2/checkpoints\tcn_squat_000000_s123.pt,tcn,squat,000000,123,5,Hips are lower than knees level (1 point) L,0,temporal_mean,17,6,42,0.0,0.16866353154182434,-0.0010618147207424045,-0.0037792508956044912,0.0027174362912774086,0.0010366576025262475,0.004126858897507191,274
results/context_evidence/v2/checkpoints\tcn_squat_000000_s42.pt,tcn,squat,000000,42,0,Feet Out 30 F,0,zero,17,10,0,0.8823529411764706,0.5920674800872803,-0.041351139545440674,-0.04481778293848038,0.0034666433930397034,0.07587514817714691,0.09150183200836182,28
results/context_evidence/v2/checkpoints\tcn_squat_000000_s42.pt,tcn,squat,000000,42,0,Feet Out 30 F,0,temporal_mean,17,10,0,0.8823529411764706,0.5920674800872803,-0.05560842156410217,-0.03219195827841759,-0.023416463285684586,0.01742977648973465,0.02682909183204174,28
results/context_evidence/v2/checkpoints\tcn_squat_000000_s42.pt,tcn,squat,000000,42,1,Whole Feet Flat On the Floor (1) L,0,zero,17,8,0,1.0,0.8638428449630737,-0.03195739910006523,-0.02119283378124237,-0.01076456531882286,0.013020278885960579,0.0219777412712574,28
results/context_evidence/v2/checkpoints\tcn_squat_000000_s42.pt,tcn,squat,000000,42,1,Whole Feet Flat On the Floor (1) L,0,temporal_mean,17,8,0,1.0,0.8638428449630737,-0.0017060217214748263,0.0041223932057619095,-0.005828415043652058,0.001580711337737739,0.0030185214709490538,28
results/context_evidence/v2/checkpoints\tcn_squat_000000_s42.pt,tcn,squat,000000,42,2,Bend Hips and Knees Simultaniously (1) L,0,zero,17,8,3,0.8235294117647058,0.6476688385009766,-0.02664281614124775,0.006583542563021183,-0.03322635963559151,0.02828851342201233,0.013458212837576866,28
results/context_evidence/v2/checkpoints\tcn_squat_000000_s42.pt,tcn,squat,000000,42,2,Bend Hips and Knees Simultaniously (1) L,0,temporal_mean,17,8,3,0.8235294117647058,0.6476688385009766,-0.0003860908327624202,0.0013040753547102213,-0.0016901661874726415,0.0013669831678271294,0.0015271303709596395,28
results/context_evidence/v2/checkpoints\tcn_squat_000000_s42.pt,tcn,squat,000000,42,3,Hips backwards (1) L,0,zero,17,8,5,1.0,0.6400376558303833,0.0007210233598016202,-0.0094475531950593,0.01016857661306858,0.012245380319654942,0.01755412295460701,28
results/context_evidence/v2/checkpoints\tcn_squat_000000_s42.pt,tcn,squat,000000,42,3,Hips backwards (1) L,0,temporal_mean,17,8,5,1.0,0.6400376558303833,0.00047485617687925696,0.0029755360446870327,-0.002500679809600115,0.0008214310510084033,0.001659955712966621,28
results/context_evidence/v2/checkpoints\tcn_squat_000000_s42.pt,tcn,squat,000000,42,4,Lower back neural (1) L,0,zero,17,6,5,1.0,0.9967995882034302,-0.0011010661255568266,-1.8013575754594058e-05,-0.0010830526007339358,0.0006486575002782047,0.01720309630036354,28
results/context_evidence/v2/checkpoints\tcn_squat_000000_s42.pt,tcn,squat,000000,42,4,Lower back neural (1) L,0,temporal_mean,17,6,5,1.0,0.9967995882034302,7.707231270615011e-05,0.00029090026509948075,-0.00021382795239333063,8.873503975337371e-05,0.0013561038067564368,28
results/context_evidence/v2/checkpoints\tcn_squat_000000_s42.pt,tcn,squat,000000,42,5,Hips are lower than knees level (1 point) L,0,zero,17,6,37,0.0,0.1831769049167633,0.014847471378743649,0.024349385872483253,-0.009501914493739605,0.009933792054653168,0.008716327138245106,28
results/context_evidence/v2/checkpoints\tcn_squat_000000_s42.pt,tcn,squat,000000,42,5,Hips are lower than knees level (1 point) L,0,temporal_mean,17,6,37,0.0,0.1831769049167633,0.0005860714591108263,-0.0035601183772087097,0.004146189894527197,0.0010702406289055943,0.0015175838489085436,28
results/context_evidence/v2/checkpoints\tcn_squat_000000_s7.pt,tcn,squat,000000,7,0,Feet Out 30 F,0,zero,17,10,0,0.0,0.3324497938156128,-0.04403506964445114,-0.02331761084496975,-0.020717458799481392,0.022158551961183548,0.15027713775634766,63
results/context_evidence/v2/checkpoints\tcn_squat_000000_s7.pt,tcn,squat,000000,7,0,Feet Out 30 F,0,temporal_mean,17,10,0,0.0,0.3324497938156128,-0.0180850587785244,-0.03101876936852932,0.012933710590004921,0.010419808328151703,0.014947921968996525,63
results/context_evidence/v2/checkpoints\tcn_squat_000000_s7.pt,tcn,squat,000000,7,1,Whole Feet Flat On the Floor (1) L,0,zero,17,8,0,0.4117647058823529,0.451699823141098,-0.010598508641123772,-0.012841954827308655,0.002243446186184883,0.006547017488628626,0.008597344160079956,63
results/context_evidence/v2/checkpoints\tcn_squat_000000_s7.pt,tcn,squat,000000,7,1,Whole Feet Flat On the Floor (1) L,0,temporal_mean,17,8,0,0.4117647058823529,0.451699823141098,0.0022110517602413893,0.002082351129502058,0.00012870063073933125,0.000690351880621165,0.001370240468531847,63
results/context_evidence/v2/checkpoints\tcn_squat_000000_s7.pt,tcn,squat,000000,7,2,Bend Hips and Knees Simultaniously (1) L,0,zero,17,8,3,0.23529411764705882,0.41131457686424255,-0.02348635159432888,-0.022807907313108444,-0.0006784442812204361,0.012514331378042698,0.007876744493842125,63
results/context_evidence/v2/checkpoints\tcn_squat_000000_s7.pt,tcn,squat,000000,7,2,Bend Hips and Knees Simultaniously (1) L,0,temporal_mean,17,8,3,0.23529411764705882,0.41131457686424255,-0.0005161797162145376,-0.0013135266490280628,0.0007973469328135252,0.0011257147416472435,0.0010481151985004544,63
results/context_evidence/v2/checkpoints\tcn_squat_000000_s7.pt,tcn,squat,000000,7,3,Hips backwards (1) L,0,zero,17,8,5,0.35294117647058826,0.4412003457546234,-0.0011686647776514292,-0.008595149964094162,0.0074264854192733765,0.008848908357322216,0.012061980552971363,63
results/context_evidence/v2/checkpoints\tcn_squat_000000_s7.pt,tcn,squat,000000,7,3,Hips backwards (1) L,0,temporal_mean,17,8,5,0.35294117647058826,0.4412003457546234,0.0008375784964300692,0.0006890337099321187,0.00014854478649795055,0.000537557527422905,0.00104914465919137,63
results/context_evidence/v2/checkpoints\tcn_squat_000000_s7.pt,tcn,squat,000000,7,4,Lower back neural (1) L,0,zero,17,6,5,1.0,0.8948397040367126,-0.012105836533010006,-0.004231082741171122,-0.007874753326177597,0.012663081288337708,0.00947501976042986,63
results/context_evidence/v2/checkpoints\tcn_squat_000000_s7.pt,tcn,squat,000000,7,4,Lower back neural (1) L,0,temporal_mean,17,6,5,1.0,0.8948397040367126,0.0008197391871362925,0.0015001173596829176,-0.0006803781725466251,0.0007554212934337556,0.0006713716429658234,63
results/context_evidence/v2/checkpoints\tcn_squat_000000_s7.pt,tcn,squat,000000,7,5,Hips are lower than knees level (1 point) L,0,zero,17,6,37,0.0,0.2983407974243164,0.0008063070708885789,0.004632776603102684,-0.003826469648629427,0.008045249618589878,0.004406405612826347,63
results/context_evidence/v2/checkpoints\tcn_squat_000000_s7.pt,tcn,squat,000000,7,5,Hips are lower than knees level (1 point) L,0,temporal_mean,17,6,37,0.0,0.2983407974243164,0.00012063980102539062,-0.0008101405692286789,0.0009307803702540696,0.0005159384454600513,0.0009212009026668966,63
results/context_evidence/v2/checkpoints\tcn_squat_000001_s123.pt,tcn,squat,000001,123,0,Feet Out 30 F,0,zero,55,10,45,0.38181818181818183,0.43607097864151,-0.22170904278755188,-0.05913003161549568,-0.1625790148973465,0.110289067029953,0.2482794225215912,145
results/context_evidence/v2/checkpoints\tcn_squat_000001_s123.pt,tcn,squat,000001,123,0,Feet Out 30 F,0,temporal_mean,55,10,45,0.38181818181818183,0.43607097864151,-0.18583613634109497,-0.029658019542694092,-0.15617811679840088,0.035690560936927795,0.12640753388404846,145
results/context_evidence/v2/checkpoints\tcn_squat_000001_s123.pt,tcn,squat,000001,123,1,Whole Feet Flat On the Floor (1) L,0,zero,55,8,0,0.7818181818181819,0.6823282241821289,-0.046823397278785706,-0.01926303841173649,-0.027560358867049217,0.019322333857417107,0.04483102262020111,145
results/context_evidence/v2/checkpoints\tcn_squat_000001_s123.pt,tcn,squat,000001,123,1,Whole Feet Flat On the Floor (1) L,0,temporal_mean,55,8,0,0.7818181818181819,0.6823282241821289,0.006757937837392092,0.0064474777318537235,0.0003104601055383682,0.0028358434792608023,0.005934399086982012,145
results/context_evidence/v2/checkpoints\tcn_squat_000001_s123.pt,tcn,squat,000001,123,2,Bend Hips and Knees Simultaniously (1) L,0,zero,55,8,7,0.38181818181818183,0.45411792397499084,0.0017317045712843537,0.003043488133698702,-0.0013117835624143481,0.020692940801382065,0.04519571363925934,145
results/context_evidence/v2/checkpoints\tcn_squat_000001_s123.pt,tcn,squat,000001,123,2,Bend Hips and Knees Simultaniously (1) L,0,temporal_mean,55,8,7,0.38181818181818183,0.45411792397499084,-0.0016831300454214215,-0.002316876081749797,0.0006337460363283753,0.0019157612696290016,0.0028739890549331903,145
results/context_evidence/v2/checkpoints\tcn_squat_000001_s123.pt,tcn,squat,000001,123,3,Hips backwards (1) L,0,zero,55,8,22,0.8181818181818182,0.6033459901809692,-0.05560089275240898,-0.021311813965439796,-0.034289076924324036,0.01792077347636223,0.035852208733558655,145
results/context_evidence/v2/checkpoints\tcn_squat_000001_s123.pt,tcn,squat,000001,123,3,Hips backwards (1) L,0,temporal_mean,55,8,22,0.8181818181818182,0.6033459901809692,0.001432389602996409,0.006007504649460316,-0.004575115162879229,0.002644213614985347,0.002889069728553295,145
results/context_evidence/v2/checkpoints\tcn_squat_000001_s123.pt,tcn,squat,000001,123,4,Lower back neural (1) L,0,zero,55,6,0,0.7636363636363637,0.7177883386611938,0.042166147381067276,0.03372327610850334,0.008442871272563934,0.02357669174671173,0.025641731917858124,145
results/context_evidence/v2/checkpoints\tcn_squat_000001_s123.pt,tcn,squat,000001,123,4,Lower back neural (1) L,0,temporal_mean,55,6,0,0.7636363636363637,0.7177883386611938,0.0009191014687530696,0.0017619384452700615,-0.0008428369765169919,0.0011848189169541001,0.0019974184688180685,145
results/context_evidence/v2/checkpoints\tcn_squat_000001_s123.pt,tcn,squat,000001,123,5,Hips are lower than knees level (1 point) L,1,zero,55,6,5,0.9272727272727272,0.701511561870575,0.008355926722288132,0.015625663101673126,-0.0072697363793849945,0.006816978100687265,0.030995775014162064,145
results/context_evidence/v2/checkpoints\tcn_squat_000001_s123.pt,tcn,squat,000001,123,5,Hips are lower than knees level (1 point) L,1,temporal_mean,55,6,5,0.9272727272727272,0.701511561870575,0.0010095671750605106,0.0021795842330902815,-0.0011700170580297709,0.0010872477432712913,0.0032354637514799833,145
results/context_evidence/v2/checkpoints\tcn_squat_000001_s42.pt,tcn,squat,000001,42,0,Feet Out 30 F,0,zero,55,10,45,0.4,0.4488889276981354,-0.07920131832361221,-0.05862490087747574,-0.020576417446136475,0.08169109374284744,0.18172988295555115,226
results/context_evidence/v2/checkpoints\tcn_squat_000001_s42.pt,tcn,squat,000001,42,0,Feet Out 30 F,0,temporal_mean,55,10,45,0.4,0.4488889276981354,-0.12679198384284973,-0.027106361463665962,-0.09968562424182892,0.027412835508584976,0.07412063330411911,226
results/context_evidence/v2/checkpoints\tcn_squat_000001_s42.pt,tcn,squat,000001,42,1,Whole Feet Flat On the Floor (1) L,0,zero,55,8,0,0.8545454545454545,0.6586989164352417,-0.027013704180717468,-0.014911201782524586,-0.012102502398192883,0.0182635635137558,0.027686767280101776,226
results/context_evidence/v2/checkpoints\tcn_squat_000001_s42.pt,tcn,squat,000001,42,1,Whole Feet Flat On the Floor (1) L,0,temporal_mean,55,8,0,0.8545454545454545,0.6586989164352417,0.0040176380425691605,0.007267978973686695,-0.0032503409311175346,0.0019428259693086147,0.003438930492848158,226
results/context_evidence/v2/checkpoints\tcn_squat_000001_s42.pt,tcn,squat,000001,42,2,Bend Hips and Knees Simultaniously (1) L,0,zero,55,8,7,0.34545454545454546,0.46321120858192444,-0.02374442107975483,-0.04556010290980339,0.02181568183004856,0.013606976717710495,0.025148730725049973,226
results/context_evidence/v2/checkpoints\tcn_squat_000001_s42.pt,tcn,squat,000001,42,2,Bend Hips and Knees Simultaniously (1) L,0,temporal_mean,55,8,7,0.34545454545454546,0.46321120858192444,-0.0018948402721434832,-0.0016164054395630956,-0.0002784348325803876,0.000687245512381196,0.0035082248505204916,226
results/context_evidence/v2/checkpoints\tcn_squat_000001_s42.pt,tcn,squat,000001,42,3,Hips backwards (1) L,0,zero,55,8,22,0.7272727272727273,0.5236924886703491,-0.015670040622353554,0.0020615914836525917,-0.01773163303732872,0.015275993384420872,0.026608502492308617,226
results/context_evidence/v2/checkpoints\tcn_squat_000001_s42.pt,tcn,squat,000001,42,3,Hips backwards (1) L,0,temporal_mean,55,8,22,0.7272727272727273,0.5236924886703491,0.002163139171898365,0.004287354182451963,-0.0021242150105535984,0.001168969552963972,0.003445344278588891,226
results/context_evidence/v2/checkpoints\tcn_squat_000001_s42.pt,tcn,squat,000001,42,4,Lower back neural (1) L,0,zero,55,6,0,0.8545454545454545,0.7795037627220154,0.011247306130826473,0.007127454038709402,0.004119852092117071,0.013526936061680317,0.014254606328904629,226
results/context_evidence/v2/checkpoints\tcn_squat_000001_s42.pt,tcn,squat,000001,42,4,Lower back neural (1) L,0,temporal_mean,55,6,0,0.8545454545454545,0.7795037627220154,0.0013494046870619059,0.003158038482069969,-0.0018086337950080633,0.0009651229484006763,0.001791617600247264,226
results/context_evidence/v2/checkpoints\tcn_squat_000001_s42.pt,tcn,squat,000001,42,5,Hips are lower than knees level (1 point) L,1,zero,55,6,5,0.9636363636363636,0.7553003430366516,0.009182848036289215,0.002606928814202547,0.006575919222086668,0.004258573055267334,0.017617888748645782,226
results/context_evidence/v2/checkpoints\tcn_squat_000001_s42.pt,tcn,squat,000001,42,5,Hips are lower than knees level (1 point) L,1,temporal_mean,55,6,5,0.9636363636363636,0.7553003430366516,0.0012580313486978412,0.00389659870415926,-0.002638567239046097,0.0011862913379445672,0.00211581913754344,226
results/context_evidence/v2/checkpoints\tcn_squat_000001_s7.pt,tcn,squat,000001,7,0,Feet Out 30 F,0,zero,55,10,40,0.3090909090909091,0.4258134067058563,0.06569482386112213,-0.1666635125875473,0.23235833644866943,0.11192593723535538,0.13744980096817017,5
results/context_evidence/v2/checkpoints\tcn_squat_000001_s7.pt,tcn,squat,000001,7,0,Feet Out 30 F,0,temporal_mean,55,10,40,0.3090909090909091,0.4258134067058563,-0.09982138872146606,-0.007026528008282185,-0.09279485791921616,0.026672804728150368,0.0567963644862175,5
results/context_evidence/v2/checkpoints\tcn_squat_000001_s7.pt,tcn,squat,000001,7,1,Whole Feet Flat On the Floor (1) L,0,zero,55,8,0,0.6909090909090909,0.595052182674408,-0.04023437201976776,-0.07077407836914062,0.030539706349372864,0.020742082968354225,0.04706087335944176,5
results/context_evidence/v2/checkpoints\tcn_squat_000001_s7.pt,tcn,squat,000001,7,1,Whole Feet Flat On the Floor (1) L,0,temporal_mean,55,8,0,0.6909090909090909,0.595052182674408,0.00012065605551470071,0.0023053463082760572,-0.002184690209105611,0.0015520780580118299,0.002032030373811722,5
results/context_evidence/v2/checkpoints\tcn_squat_000001_s7.pt,tcn,squat,000001,7,2,Bend Hips and Knees Simultaniously (1) L,0,zero,55,8,7,0.6,0.5782680511474609,-0.012419281527400017,0.02714347653090954,-0.039562758058309555,0.03711409866809845,0.037589576095342636,5
results/context_evidence/v2/checkpoints\tcn_squat_000001_s7.pt,tcn,squat,000001,7,2,Bend Hips and Knees Simultaniously (1) L,0,temporal_mean,55,8,7,0.6,0.5782680511474609,-0.0011537378886714578,0.0021920737344771624,-0.003345811739563942,0.0026321248151361942,0.0015867024194449186,5
results/context_evidence/v2/checkpoints\tcn_squat_000001_s7.pt,tcn,squat,000001,7,3,Hips backwards (1) L,0,zero,55,8,19,0.5454545454545454,0.4889795184135437,-0.03516172617673874,-0.06051336228847504,0.025351636111736298,0.013772024773061275,0.03246230259537697,5
results/context_evidence/v2/checkpoints\tcn_squat_000001_s7.pt,tcn,squat,000001,7,3,Hips backwards (1) L,0,temporal_mean,55,8,19,0.5454545454545454,0.4889795184135437,0.0007431312114931643,0.0003178893821313977,0.0004252418293617666,0.0008736486779525876,0.0016916368622332811,5
results/context_evidence/v2/checkpoints\tcn_squat_000001_s7.pt,tcn,squat,000001,7,4,Lower back neural (1) L,0,zero,55,6,0,0.9272727272727272,0.9026301503181458,0.003293936839327216,0.029003160074353218,-0.02570922300219536,0.0185101255774498,0.0274349357932806,5
results/context_evidence/v2/checkpoints\tcn_squat_000001_s7.pt,tcn,squat,000001,7,4,Lower back neural (1) L,0,temporal_mean,55,6,0,0.9272727272727272,0.9026301503181458,0.0001892490836326033,0.0005029910826124251,-0.0003137419989798218,0.00034298942773602903,0.0013104163808748126,5
results/context_evidence/v2/checkpoints\tcn_squat_000001_s7.pt,tcn,squat,000001,7,5,Hips are lower than knees level (1 point) L,1,zero,55,6,10,0.7272727272727273,0.5656735301017761,-0.013223904184997082,-0.03512495383620262,0.021901048719882965,0.012137766927480698,0.020373526960611343,5
results/context_evidence/v2/checkpoints\tcn_squat_000001_s7.pt,tcn,squat,000001,7,5,Hips are lower than knees level (1 point) L,1,temporal_mean,55,6,10,0.7272727272727273,0.5656735301017761,-0.0003434701357036829,0.0003054737753700465,-0.0006489439401775599,0.0004450006817933172,0.0014391345903277397,5
results/context_evidence/v2/checkpoints\tcn_squat_000101_s123.pt,tcn,squat,000101,123,0,Feet Out 30 F,0,zero,22,10,29,0.45454545454545453,0.501606822013855,0.022823907434940338,-0.18861950933933258,0.21144342422485352,0.1001744344830513,0.16128794848918915,164
results/context_evidence/v2/checkpoints\tcn_squat_000101_s123.pt,tcn,squat,000101,123,0,Feet Out 30 F,0,temporal_mean,22,10,29,0.45454545454545453,0.501606822013855,-0.061472535133361816,-0.010816534049808979,-0.05065600201487541,0.0188258308917284,0.05908910557627678,164
results/context_evidence/v2/checkpoints\tcn_squat_000101_s123.pt,tcn,squat,000101,123,1,Whole Feet Flat On the Floor (1) L,0,zero,22,8,10,0.5454545454545454,0.5057018399238586,-0.006503007840365171,0.03345507010817528,-0.039958078414201736,0.05260946601629257,0.03717567399144173,164
results/context_evidence/v2/checkpoints\tcn_squat_000101_s123.pt,tcn,squat,000101,123,1,Whole Feet Flat On the Floor (1) L,0,temporal_mean,22,8,10,0.5454545454545454,0.5057018399238586,0.005558840464800596,0.01047378871589899,-0.004914948251098394,0.0027317870408296585,0.007187268231064081,164
results/context_evidence/v2/checkpoints\tcn_squat_000101_s123.pt,tcn,squat,000101,123,2,Bend Hips and Knees Simultaniously (1) L,0,zero,22,8,0,0.7272727272727273,0.6002756357192993,-0.023788662627339363,0.018112869933247566,-0.04190153256058693,0.03936183080077171,0.03839858993887901,164
results/context_evidence/v2/checkpoints\tcn_squat_000101_s123.pt,tcn,squat,000101,123,2,Bend Hips and Knees Simultaniously (1) L,0,temporal_mean,22,8,0,0.7272727272727273,0.6002756357192993,0.00037895821151323617,0.003168280702084303,-0.002789322519674897,0.002934069139882922,0.003860390279442072,164
results/context_evidence/v2/checkpoints\tcn_squat_000101_s123.pt,tcn,squat,000101,123,3,Hips backwards (1) L,1,zero,22,8,36,0.45454545454545453,0.5297761559486389,-0.001995745813474059,-0.049259353429079056,0.04726360738277435,0.04263968765735626,0.03916987031698227,164
results/context_evidence/v2/checkpoints\tcn_squat_000101_s123.pt,tcn,squat,000101,123,3,Hips backwards (1) L,1,temporal_mean,22,8,36,0.45454545454545453,0.5297761559486389,-0.005690807476639748,-0.015279769897460938,0.00958896242082119,0.004285844508558512,0.0032515369821339846,164
results/context_evidence/v2/checkpoints\tcn_squat_000101_s123.pt,tcn,squat,000101,123,4,Lower back neural (1) L,0,zero,22,6,0,0.9090909090909091,0.9003790020942688,0.019535213708877563,0.0450153723359108,-0.025480158627033234,0.023285940289497375,0.029655365273356438,164
results/context_evidence/v2/checkpoints\tcn_squat_000101_s123.pt,tcn,squat,000101,123,4,Lower back neural (1) L,0,temporal_mean,22,6,0,0.9090909090909091,0.9003790020942688,0.0011990611674264073,0.0023119361139833927,-0.0011128749465569854,0.001429002732038498,0.001861809054389596,164
results/context_evidence/v2/checkpoints\tcn_squat_000101_s123.pt,tcn,squat,000101,123,5,Hips are lower than knees level (1 point) L,1,zero,22,6,5,0.7727272727272727,0.6093741655349731,-0.0325622633099556,-0.08170192688703537,0.04913966357707977,0.021764414384961128,0.018179845064878464,164
results/context_evidence/v2/checkpoints\tcn_squat_000101_s123.pt,tcn,squat,000101,123,5,Hips are lower than knees level (1 point) L,1,temporal_mean,22,6,5,0.7727272727272727,0.6093741655349731,-0.0031018881127238274,-0.00046351822675205767,-0.0026383697986602783,0.0017013042233884335,0.004320248495787382,164
results/context_evidence/v2/checkpoints\tcn_squat_000101_s42.pt,tcn,squat,000101,42,0,Feet Out 30 F,0,zero,22,10,29,0.5909090909090909,0.5859395265579224,0.011032719165086746,-0.08821208775043488,0.09924480319023132,0.05030146241188049,0.1141052097082138,245
results/context_evidence/v2/checkpoints\tcn_squat_000101_s42.pt,tcn,squat,000101,42,0,Feet Out 30 F,0,temporal_mean,22,10,29,0.5909090909090909,0.5859395265579224,-0.04880465567111969,-0.006252249237149954,-0.0425524078309536,0.01643512398004532,0.028860341757535934,245
results/context_evidence/v2/checkpoints\tcn_squat_000101_s42.pt,tcn,squat,000101,42,1,Whole Feet Flat On the Floor (1) L,0,zero,22,8,10,0.2727272727272727,0.3117617964744568,-0.026706336066126823,0.004811697173863649,-0.031518034636974335,0.03182678297162056,0.023639921098947525,245
results/context_evidence/v2/checkpoints\tcn_squat_000101_s42.pt,tcn,squat,000101,42,1,Whole Feet Flat On the Floor (1) L,0,temporal_mean,22,8,10,0.2727272727272727,0.3117617964744568,0.0010553733445703983,0.00552086066454649,-0.004465487319976091,0.001728873117826879,0.0021407923195511103,245
results/context_evidence/v2/checkpoints\tcn_squat_000101_s42.pt,tcn,squat,000101,42,2,Bend Hips and Knees Simultaniously (1) L,0,zero,22,8,0,0.7272727272727273,0.6339074373245239,-0.01465836726129055,0.0027833161875605583,-0.017441682517528534,0.018414173275232315,0.019306594505906105,245
results/context_evidence/v2/checkpoints\tcn_squat_000101_s42.pt,tcn,squat,000101,42,2,Bend Hips and Knees Simultaniously (1) L,0,temporal_mean,22,8,0,0.7272727272727273,0.6339074373245239,-0.0005062872660346329,0.002346447901800275,-0.002852735109627247,0.0012662349035963416,0.0019317921251058578,245
results/context_evidence/v2/checkpoints\tcn_squat_000101_s42.pt,tcn,squat,000101,42,3,Hips backwards (1) L,1,zero,22,8,36,0.9090909090909091,0.7485714554786682,-0.00925135612487793,-0.040566153824329376,0.03131479769945145,0.022303564473986626,0.019593913108110428,245
results/context_evidence/v2/checkpoints\tcn_squat_000101_s42.pt,tcn,squat,000101,42,3,Hips backwards (1) L,1,temporal_mean,22,8,36,0.9090909090909091,0.7485714554786682,0.00013116950867697597,-0.001862817443907261,0.0019939870107918978,0.0012605668744072318,0.001789305591955781,245
results/context_evidence/v2/checkpoints\tcn_squat_000101_s42.pt,tcn,squat,000101,42,4,Lower back neural (1) L,0,zero,22,6,0,1.0,0.9010143876075745,-0.003288661828264594,0.011675595305860043,-0.01496425736695528,0.010763198137283325,0.020544126629829407,245
results/context_evidence/v2/checkpoints\tcn_squat_000101_s42.pt,tcn,squat,000101,42,4,Lower back neural (1) L,0,temporal_mean,22,6,0,1.0,0.9010143876075745,0.0007606094586662948,0.0016393191181123257,-0.0008787096594460309,0.0006143465870991349,0.0013875521253794432,245
results/context_evidence/v2/checkpoints\tcn_squat_000101_s42.pt,tcn,squat,000101,42,5,Hips are lower than knees level (1 point) L,1,zero,22,6,5,0.7727272727272727,0.5931174755096436,-0.012794426642358303,-0.04477497562766075,0.031980548053979874,0.015088505111634731,0.012788253836333752,245
results/context_evidence/v2/checkpoints\tcn_squat_000101_s42.pt,tcn,squat,000101,42,5,Hips are lower than knees level (1 point) L,1,temporal_mean,22,6,5,0.7727272727272727,0.5931174755096436,0.0002551552897784859,0.004884820897132158,-0.004629665520042181,0.0011633757967501879,0.0013449840480461717,245
results/context_evidence/v2/checkpoints\tcn_squat_000101_s7.pt,tcn,squat,000101,7,0,Feet Out 30 F,0,zero,22,10,28,0.7727272727272727,0.7287989258766174,0.15349198877811432,-0.11117158085107803,0.26466357707977295,0.09927282482385635,0.12068457156419754,11
results/context_evidence/v2/checkpoints\tcn_squat_000101_s7.pt,tcn,squat,000101,7,0,Feet Out 30 F,0,temporal_mean,22,10,28,0.7727272727272727,0.7287989258766174,-0.06066511943936348,-0.008625802583992481,-0.05203931778669357,0.01906341314315796,0.06532683223485947,11
results/context_evidence/v2/checkpoints\tcn_squat_000101_s7.pt,tcn,squat,000101,7,1,Whole Feet Flat On the Floor (1) L,0,zero,22,8,10,0.5,0.5062519311904907,0.007580827455967665,0.020176075398921967,-0.012595247477293015,0.04036590829491615,0.05640215426683426,11
results/context_evidence/v2/checkpoints\tcn_squat_000101_s7.pt,tcn,squat,000101,7,1,Whole Feet Flat On the Floor (1) L,0,temporal_mean,22,8,10,0.5,0.5062519311904907,-0.004098978824913502,0.00047682973672635853,-0.00457580853253603,0.0014622241724282503,0.006330092437565327,11
results/context_evidence/v2/checkpoints\tcn_squat_000101_s7.pt,tcn,squat,000101,7,2,Bend Hips and Knees Simultaniously (1) L,0,zero,22,8,0,0.8636363636363636,0.8411874771118164,-0.04487081989645958,-0.07791239768266678,0.0330415777862072,0.01312287524342537,0.033788878470659256,11
results/context_evidence/v2/checkpoints\tcn_squat_000101_s7.pt,tcn,squat,000101,7,2,Bend Hips and Knees Simultaniously (1) L,0,temporal_mean,22,8,0,0.8636363636363636,0.8411874771118164,0.0027483918238431215,0.009364536963403225,-0.006616145372390747,0.0030437821988016367,0.0026274370029568672,11
results/context_evidence/v2/checkpoints\tcn_squat_000101_s7.pt,tcn,squat,000101,7,3,Hips backwards (1) L,1,zero,22,8,48,0.45454545454545453,0.508243978023529,-0.040918152779340744,-0.12930244207382202,0.08838428556919098,0.04024278745055199,0.03457115590572357,11
results/context_evidence/v2/checkpoints\tcn_squat_000101_s7.pt,tcn,squat,000101,7,3,Hips backwards (1) L,1,temporal_mean,22,8,48,0.45454545454545453,0.508243978023529,0.00013080061762593687,0.001960951602086425,-0.0018301509553566575,0.002614022931084037,0.003017859300598502,11
results/context_evidence/v2/checkpoints\tcn_squat_000101_s7.pt,tcn,squat,000101,7,4,Lower back neural (1) L,0,zero,22,6,0,1.0,0.9434597492218018,-0.00024186480732169002,0.037611499428749084,-0.037853363901376724,0.03355078771710396,0.03360839933156967,11
results/context_evidence/v2/checkpoints\tcn_squat_000101_s7.pt,tcn,squat,000101,7,4,Lower back neural (1) L,0,temporal_mean,22,6,0,1.0,0.9434597492218018,0.0015236031031236053,0.0004454995214473456,0.0010781035525724292,0.0007435374427586794,0.002504789736121893,11
results/context_evidence/v2/checkpoints\tcn_squat_000101_s7.pt,tcn,squat,000101,7,5,Hips are lower than knees level (1 point) L,1,zero,22,6,5,0.5,0.5363244414329529,-0.01249444205313921,-0.08395852148532867,0.07146407663822174,0.032004959881305695,0.014340461231768131,11
results/context_evidence/v2/checkpoints\tcn_squat_000101_s7.pt,tcn,squat,000101,7,5,Hips are lower than knees level (1 point) L,1,temporal_mean,22,6,5,0.5,0.5363244414329529,-0.0010294447420164943,0.0013554655015468597,-0.002384910359978676,0.002014654455706477,0.0028178708162158728,11
results/context_evidence/v2/checkpoints\tcn_squat_010101_s123.pt,tcn,squat,010101,123,0,Feet Out 30 F,0,zero,15,10,1,0.26666666666666666,0.45157143473625183,0.2940666079521179,-0.2741554081439972,0.5682220458984375,0.1878858208656311,0.23586700856685638,66
results/context_evidence/v2/checkpoints\tcn_squat_010101_s123.pt,tcn,squat,010101,123,0,Feet Out 30 F,0,temporal_mean,15,10,1,0.26666666666666666,0.45157143473625183,-0.042269039899110794,0.10110913962125778,-0.14337818324565887,0.028738386929035187,0.04045853763818741,66
results/context_evidence/v2/checkpoints\tcn_squat_010101_s123.pt,tcn,squat,010101,123,1,Whole Feet Flat On the Floor (1) L,1,zero,15,8,18,0.3333333333333333,0.3590562641620636,-0.018831754103302956,-0.0251359473913908,0.006304193288087845,0.03332715854048729,0.07565082609653473,66
results/context_evidence/v2/checkpoints\tcn_squat_010101_s123.pt,tcn,squat,010101,123,1,Whole Feet Flat On the Floor (1) L,1,temporal_mean,15,8,18,0.3333333333333333,0.3590562641620636,-0.005552832502871752,-0.002414852846413851,-0.003137979656457901,0.0010826512007042766,0.01902664266526699,66
results/context_evidence/v2/checkpoints\tcn_squat_010101_s123.pt,tcn,squat,010101,123,2,Bend Hips and Knees Simultaniously (1) L,0,zero,15,8,3,1.0,0.9046363234519958,-0.005023101810365915,0.02993193082511425,-0.03495503216981888,0.01893923431634903,0.07434865832328796,66
results/context_evidence/v2/checkpoints\tcn_squat_010101_s123.pt,tcn,squat,010101,123,2,Bend Hips and Knees Simultaniously (1) L,0,temporal_mean,15,8,3,1.0,0.9046363234519958,-0.0131854098290205,0.00043687899596989155,-0.013622288592159748,0.006181653589010239,0.011055759154260159,66
results/context_evidence/v2/checkpoints\tcn_squat_010101_s123.pt,tcn,squat,010101,123,3,Hips backwards (1) L,1,zero,15,8,0,0.7333333333333333,0.6765581369400024,-0.10351653397083282,-0.13804171979427338,0.03452518582344055,0.024523792788386345,0.05127353221178055,66
results/context_evidence/v2/checkpoints\tcn_squat_010101_s123.pt,tcn,squat,010101,123,3,Hips backwards (1) L,1,temporal_mean,15,8,0,0.7333333333333333,0.6765581369400024,-0.01963011734187603,-0.011068264953792095,-0.008561852388083935,0.0066308253444731236,0.0097446758300066,66
results/context_evidence/v2/checkpoints\tcn_squat_010101_s123.pt,tcn,squat,010101,123,4,Lower back neural (1) L,0,zero,15,6,0,1.0,0.9565584063529968,0.006027507595717907,0.04822436347603798,-0.0421968549489975,0.01991346664726734,0.04835132136940956,66
results/context_evidence/v2/checkpoints\tcn_squat_010101_s123.pt,tcn,squat,010101,123,4,Lower back neural (1) L,0,temporal_mean,15,6,0,1.0,0.9565584063529968,0.0021000185515731573,0.005034280009567738,-0.0029342614579945803,0.0012150825932621956,0.007570694200694561,66
results/context_evidence/v2/checkpoints\tcn_squat_010101_s123.pt,tcn,squat,010101,123,5,Hips are lower than knees level (1 point) L,1,zero,15,6,10,0.7333333333333333,0.5999300479888916,-0.04433654621243477,-0.05426575616002083,0.00992920994758606,0.02577868290245533,0.041422389447689056,66
results/context_evidence/v2/checkpoints\tcn_squat_010101_s123.pt,tcn,squat,010101,123,5,Hips are lower than knees level (1 point) L,1,temporal_mean,15,6,10,0.7333333333333333,0.5999300479888916,0.009627175517380238,0.006251422222703695,0.0033757532946765423,0.0026844986714422703,0.01122195739299059,66
results/context_evidence/v2/checkpoints\tcn_squat_010101_s42.pt,tcn,squat,010101,42,0,Feet Out 30 F,0,zero,15,10,2,0.6,0.6072794795036316,0.036257945001125336,-0.0422990620136261,0.07855700701475143,0.22775661945343018,0.23223134875297546,15
results/context_evidence/v2/checkpoints\tcn_squat_010101_s42.pt,tcn,squat,010101,42,0,Feet Out 30 F,0,temporal_mean,15,10,2,0.6,0.6072794795036316,0.06587633490562439,-0.0306156687438488,0.09649200737476349,0.039250727742910385,0.04706697538495064,15
results/context_evidence/v2/checkpoints\tcn_squat_010101_s42.pt,tcn,squat,010101,42,1,Whole Feet Flat On the Floor (1) L,1,zero,15,8,18,0.13333333333333333,0.207657128572464,-0.04955355077981949,-0.03351866081357002,-0.016034889966249466,0.03423681855201721,0.10815030336380005,15
results/context_evidence/v2/checkpoints\tcn_squat_010101_s42.pt,tcn,squat,010101,42,1,Whole Feet Flat On the Floor (1) L,1,temporal_mean,15,8,18,0.13333333333333333,0.207657128572464,-0.005044236779212952,0.010157467797398567,-0.015201704576611519,0.004452401772141457,0.018558096140623093,15
results/context_evidence/v2/checkpoints\tcn_squat_010101_s42.pt,tcn,squat,010101,42,2,Bend Hips and Knees Simultaniously (1) L,0,zero,15,8,8,1.0,0.9974365234375,0.00012211402645334601,0.0008003242546692491,-0.000678210228215903,0.0009766119765117764,0.05741283297538757,15
results/context_evidence/v2/checkpoints\tcn_squat_010101_s42.pt,tcn,squat,010101,42,2,Bend Hips and Knees Simultaniously (1) L,0,temporal_mean,15,8,8,1.0,0.9974365234375,-0.00012986660294700414,-9.459177817916498e-05,-3.5274824767839164e-05,0.00018873873341362923,0.01172291673719883,15
results/context_evidence/v2/checkpoints\tcn_squat_010101_s42.pt,tcn,squat,010101,42,3,Hips backwards (1) L,1,zero,15,8,0,0.4666666666666667,0.44697698950767517,-0.006003433372825384,0.17504526674747467,-0.1810487061738968,0.06480102986097336,0.04510331153869629,15
results/context_evidence/v2/checkpoints\tcn_squat_010101_s42.pt,tcn,squat,010101,42,3,Hips backwards (1) L,1,temporal_mean,15,8,0,0.4666666666666667,0.44697698950767517,-0.002373486291617155,-0.020764518529176712,0.01839103177189827,0.00838443823158741,0.00879852008074522,15
results/context_evidence/v2/checkpoints\tcn_squat_010101_s42.pt,tcn,squat,010101,42,4,Lower back neural (1) L,0,zero,15,6,0,0.5333333333333333,0.5267246961593628,-0.006280950736254454,0.14585457742214203,-0.15213552117347717,0.05945354700088501,0.02757442556321621,15
results/context_evidence/v2/checkpoints\tcn_squat_010101_s42.pt,tcn,squat,010101,42,4,Lower back neural (1) L,0,temporal_mean,15,6,0,0.5333333333333333,0.5267246961593628,-0.003921485040336847,0.0024202330969274044,-0.006341718137264252,0.005123157519847155,0.006937035825103521,15
results/context_evidence/v2/checkpoints\tcn_squat_010101_s42.pt,tcn,squat,010101,42,5,Hips are lower than knees level (1 point) L,1,zero,15,6,0,0.3333333333333333,0.4088950455188751,-0.04827763885259628,0.07241100072860718,-0.12068863958120346,0.03814055398106575,0.038502734154462814,15
results/context_evidence/v2/checkpoints\tcn_squat_010101_s42.pt,tcn,squat,010101,42,5,Hips are lower than knees level (1 point) L,1,temporal_mean,15,6,0,0.3333333333333333,0.4088950455188751,-0.0021520256996154785,-0.006074707023799419,0.003922681324183941,0.006039130967110395,0.00823746807873249,15
results/context_evidence/v2/checkpoints\tcn_squat_010101_s7.pt,tcn,squat,010101,7,0,Feet Out 30 F,0,zero,15,10,2,0.7333333333333333,0.5709689855575562,0.010235877707600594,0.006479670759290457,0.003756206948310137,0.027085786685347557,0.17502997815608978,12
results/context_evidence/v2/checkpoints\tcn_squat_010101_s7.pt,tcn,squat,010101,7,0,Feet Out 30 F,0,temporal_mean,15,10,2,0.7333333333333333,0.5709689855575562,-0.0034666697029024363,0.014726475812494755,-0.018193146213889122,0.006036305334419012,0.009901829995214939,12
results/context_evidence/v2/checkpoints\tcn_squat_010101_s7.pt,tcn,squat,010101,7,1,Whole Feet Flat On the Floor (1) L,1,zero,15,8,10,0.8666666666666667,0.6576136350631714,-0.015185614116489887,-0.01223720796406269,-0.0029484061524271965,0.0173669271171093,0.01141438540071249,12
results/context_evidence/v2/checkpoints\tcn_squat_010101_s7.pt,tcn,squat,010101,7,1,Whole Feet Flat On the Floor (1) L,1,temporal_mean,15,8,10,0.8666666666666667,0.6576136350631714,-0.003726996947079897,-0.0009261996601708233,-0.0028007973451167345,0.0014516939409077168,0.0029752980917692184,12
results/context_evidence/v2/checkpoints\tcn_squat_010101_s7.pt,tcn,squat,010101,7,2,Bend Hips and Knees Simultaniously (1) L,0,zero,15,8,5,0.7333333333333333,0.5363595485687256,-0.026008760556578636,-0.014103764668107033,-0.011904995888471603,0.013305986300110817,0.013398119248449802,12
results/context_evidence/v2/checkpoints\tcn_squat_010101_s7.pt,tcn,squat,010101,7,2,Bend Hips and Knees Simultaniously (1) L,0,temporal_mean,15,8,5,0.7333333333333333,0.5363595485687256,-0.0012604236835613847,-0.0016876767622306943,0.0004272530786693096,0.0009839734993875027,0.0024624522775411606,12
results/context_evidence/v2/checkpoints\tcn_squat_010101_s7.pt,tcn,squat,010101,7,3,Hips backwards (1) L,1,zero,15,8,0,0.9333333333333333,0.7309092283248901,0.009049203246831894,-0.012412144802510738,0.021461348980665207,0.012512000277638435,0.015901893377304077,12
results/context_evidence/v2/checkpoints\tcn_squat_010101_s7.pt,tcn,squat,010101,7,3,Hips backwards (1) L,1,temporal_mean,15,8,0,0.9333333333333333,0.7309092283248901,-0.0021591843105852604,-0.0015202452195808291,-0.0006389390910044312,0.0014826689148321748,0.0019525981042534113,12
results/context_evidence/v2/checkpoints\tcn_squat_010101_s7.pt,tcn,squat,010101,7,4,Lower back neural (1) L,0,zero,15,6,0,1.0,0.9578110575675964,0.009832394309341908,0.006026563234627247,0.0038058310747146606,0.005922365002334118,0.0138070834800601,12
results/context_evidence/v2/checkpoints\tcn_squat_010101_s7.pt,tcn,squat,010101,7,4,Lower back neural (1) L,0,temporal_mean,15,6,0,1.0,0.9578110575675964,7.474422454833984e-05,0.0004296278057154268,-0.00035488358116708696,0.0006111910915933549,0.0014075321378186345,12
results/context_evidence/v2/checkpoints\tcn_squat_010101_s7.pt,tcn,squat,010101,7,5,Hips are lower than knees level (1 point) L,1,zero,15,6,5,1.0,0.6544907689094543,0.0044215163215994835,-0.0009829215705394745,0.005404437892138958,0.004627804737538099,0.01079599466174841,12
results/context_evidence/v2/checkpoints\tcn_squat_010101_s7.pt,tcn,squat,010101,7,5,Hips are lower than knees level (1 point) L,1,temporal_mean,15,6,5,1.0,0.6544907689094543,-0.00039161444874480367,-0.0001073033781722188,-0.00028431107057258487,0.00042679812759160995,0.0026784464716911316,12
results/context_evidence/v2/checkpoints\tcn_squat_100001_s123.pt,tcn,squat,100001,123,0,Feet Out 30 F,1,zero,52,10,43,0.6538461538461539,0.5011891722679138,-0.025477509945631027,0.008226311765611172,-0.033703822642564774,0.09146789461374283,0.07835101336240768,17
results/context_evidence/v2/checkpoints\tcn_squat_100001_s123.pt,tcn,squat,100001,123,0,Feet Out 30 F,1,temporal_mean,52,10,43,0.6538461538461539,0.5011891722679138,0.021337267011404037,0.000344789179507643,0.020992478355765343,0.008644502609968185,0.020410791039466858,17
results/context_evidence/v2/checkpoints\tcn_squat_100001_s123.pt,tcn,squat,100001,123,1,Whole Feet Flat On the Floor (1) L,0,zero,52,8,0,0.6153846153846154,0.4867422878742218,-0.028186645358800888,-0.01696515642106533,-0.011221488937735558,0.013737545348703861,0.021069644019007683,17
results/context_evidence/v2/checkpoints\tcn_squat_100001_s123.pt,tcn,squat,100001,123,1,Whole Feet Flat On the Floor (1) L,0,temporal_mean,52,8,0,0.6153846153846154,0.4867422878742218,-0.0017133182846009731,0.0005847600987181067,-0.0022980784997344017,0.001132583012804389,0.0022928910329937935,17
results/context_evidence/v2/checkpoints\tcn_squat_100001_s123.pt,tcn,squat,100001,123,2,Bend Hips and Knees Simultaniously (1) L,0,zero,52,8,15,0.3076923076923077,0.42430031299591064,-0.0027163533959537745,-0.0019116695038974285,-0.0008046838920563459,0.00859818235039711,0.021068913862109184,17
results/context_evidence/v2/checkpoints\tcn_squat_100001_s123.pt,tcn,squat,100001,123,2,Bend Hips and Knees Simultaniously (1) L,0,temporal_mean,52,8,15,0.3076923076923077,0.42430031299591064,0.0004508094280026853,0.0009504162590019405,-0.0004996068309992552,0.0003927671059500426,0.002027843613177538,17
results/context_evidence/v2/checkpoints\tcn_squat_100001_s123.pt,tcn,squat,100001,123,3,Hips backwards (1) L,0,zero,52,8,26,0.5769230769230769,0.46420207619667053,-0.026073630899190903,-0.01605314016342163,-0.010020490735769272,0.007774425204843283,0.01713568903505802,17
results/context_evidence/v2/checkpoints\tcn_squat_100001_s123.pt,tcn,squat,100001,123,3,Hips backwards (1) L,0,temporal_mean,52,8,26,0.5769230769230769,0.46420207619667053,-0.00046395108802244067,9.734922059578821e-05,-0.0005613003158941865,0.0008449762244708836,0.0019541459623724222,17
results/context_evidence/v2/checkpoints\tcn_squat_100001_s123.pt,tcn,squat,100001,123,4,Lower back neural (1) L,0,zero,52,6,0,0.7307692307692307,0.6665509343147278,0.003589583095163107,0.01058928668498993,-0.006999703589826822,0.020617322996258736,0.012883157469332218,17
results/context_evidence/v2/checkpoints\tcn_squat_100001_s123.pt,tcn,squat,100001,123,4,Lower back neural (1) L,0,temporal_mean,52,6,0,0.7307692307692307,0.6665509343147278,-0.0005510839400812984,0.0015479843132197857,-0.002099068369716406,0.0008530845516361296,0.001188698224723339,17
results/context_evidence/v2/checkpoints\tcn_squat_100001_s123.pt,tcn,squat,100001,123,5,Hips are lower than knees level (1 point) L,1,zero,52,6,1,0.6346153846153846,0.5325669050216675,0.003941642120480537,0.0029696484562009573,0.0009719936642795801,0.002500679809600115,0.01451201643794775,17
results/context_evidence/v2/checkpoints\tcn_squat_100001_s123.pt,tcn,squat,100001,123,5,Hips are lower than knees level (1 point) L,1,temporal_mean,52,6,1,0.6346153846153846,0.5325669050216675,-0.00038588448660448194,-0.000887014321051538,0.0005011298344470561,0.00021176798327360302,0.0017290555406361818,17
results/context_evidence/v2/checkpoints\tcn_squat_100001_s42.pt,tcn,squat,100001,42,0,Feet Out 30 F,1,zero,52,10,38,0.6346153846153846,0.573887825012207,0.0990193784236908,0.2530290484428406,-0.15400967001914978,0.1512964963912964,0.2953685224056244,53
results/context_evidence/v2/checkpoints\tcn_squat_100001_s42.pt,tcn,squat,100001,42,0,Feet Out 30 F,1,temporal_mean,52,10,38,0.6346153846153846,0.573887825012207,0.18445515632629395,-0.07644850760698318,0.26090365648269653,0.05827995017170906,0.07785703986883163,53
results/context_evidence/v2/checkpoints\tcn_squat_100001_s42.pt,tcn,squat,100001,42,1,Whole Feet Flat On the Floor (1) L,0,zero,52,8,0,0.75,0.768788754940033,-0.009651564992964268,0.008556169457733631,-0.0182077344506979,0.012591103091835976,0.03464894741773605,53
results/context_evidence/v2/checkpoints\tcn_squat_100001_s42.pt,tcn,squat,100001,42,1,Whole Feet Flat On the Floor (1) L,0,temporal_mean,52,8,0,0.75,0.768788754940033,0.00019370362861081958,0.001512426300905645,-0.0013187227305024862,0.0007342708413489163,0.005544661544263363,53
results/context_evidence/v2/checkpoints\tcn_squat_100001_s42.pt,tcn,squat,100001,42,2,Bend Hips and Knees Simultaniously (1) L,0,zero,52,8,20,0.7884615384615384,0.7441031336784363,-0.00863775983452797,-0.018378151580691338,0.009740391746163368,0.007346552796661854,0.04903608188033104,53
results/context_evidence/v2/checkpoints\tcn_squat_100001_s42.pt,tcn,squat,100001,42,2,Bend Hips and Knees Simultaniously (1) L,0,temporal_mean,52,8,20,0.7884615384615384,0.7441031336784363,0.0017773050349205732,0.0013070757267996669,0.00047022930812090635,0.0019890342373400927,0.004088244400918484,53
results/context_evidence/v2/checkpoints\tcn_squat_100001_s42.pt,tcn,squat,100001,42,3,Hips backwards (1) L,0,zero,52,8,32,0.25,0.31477683782577515,0.06890933960676193,0.11758990585803986,-0.048680566251277924,0.020390955731272697,0.03740209341049194,53
results/context_evidence/v2/checkpoints\tcn_squat_100001_s42.pt,tcn,squat,100001,42,3,Hips backwards (1) L,0,temporal_mean,52,8,32,0.25,0.31477683782577515,-0.000227909826207906,0.006638043560087681,-0.0068659535609185696,0.004489536862820387,0.003400330664590001,53
results/context_evidence/v2/checkpoints\tcn_squat_100001_s42.pt,tcn,squat,100001,42,4,Lower back neural (1) L,0,zero,52,6,5,0.9807692307692307,0.9656496047973633,0.005660160444676876,0.021912826225161552,-0.01625266671180725,0.009051745757460594,0.0370749831199646,53
results/context_evidence/v2/checkpoints\tcn_squat_100001_s42.pt,tcn,squat,100001,42,4,Lower back neural (1) L,0,temporal_mean,52,6,5,0.9807692307692307,0.9656496047973633,0.0002990319044329226,-2.718102405196987e-05,0.0003262129321228713,0.001277764094993472,0.00335695780813694,53
results/context_evidence/v2/checkpoints\tcn_squat_100001_s42.pt,tcn,squat,100001,42,5,Hips are lower than knees level (1 point) L,1,zero,52,6,1,0.8269230769230769,0.7301210165023804,-0.02609357424080372,-0.057378869503736496,0.03128529340028763,0.013900290243327618,0.02435021661221981,53
results/context_evidence/v2/checkpoints\tcn_squat_100001_s42.pt,tcn,squat,100001,42,5,Hips are lower than knees level (1 point) L,1,temporal_mean,52,6,1,0.8269230769230769,0.7301210165023804,0.0024529530201107264,0.005750451702624559,-0.003297498682513833,0.0031808591447770596,0.0030549843795597553,53
results/context_evidence/v2/checkpoints\tcn_squat_100001_s7.pt,tcn,squat,100001,7,0,Feet Out 30 F,1,zero,52,10,46,0.8653846153846154,0.7814150452613831,0.050198957324028015,0.11288195103406906,-0.06268299371004105,0.07840298116207123,0.2338583767414093,9
results/context_evidence/v2/checkpoints\tcn_squat_100001_s7.pt,tcn,squat,100001,7,0,Feet Out 30 F,1,temporal_mean,52,10,46,0.8653846153846154,0.7814150452613831,0.07732003182172775,0.009211638942360878,0.06810839474201202,0.014818767085671425,0.057908330112695694,9
results/context_evidence/v2/checkpoints\tcn_squat_100001_s7.pt,tcn,squat,100001,7,1,Whole Feet Flat On the Floor (1) L,0,zero,52,8,0,0.6346153846153846,0.6296367049217224,-0.017051927745342255,0.006612748373299837,-0.023664675652980804,0.023944208398461342,0.014793472364544868,9
results/context_evidence/v2/checkpoints\tcn_squat_100001_s7.pt,tcn,squat,100001,7,1,Whole Feet Flat On the Floor (1) L,0,temporal_mean,52,8,0,0.6346153846153846,0.6296367049217224,0.003987102769315243,0.009340931661427021,-0.005353828892111778,0.002456848742440343,0.0035423387307673693,9
results/context_evidence/v2/checkpoints\tcn_squat_100001_s7.pt,tcn,squat,100001,7,2,Bend Hips and Knees Simultaniously (1) L,0,zero,52,8,20,0.7884615384615384,0.6743566989898682,-0.01947122812271118,-0.027823513373732567,0.008352285251021385,0.021734017878770828,0.01637853868305683,9
results/context_evidence/v2/checkpoints\tcn_squat_100001_s7.pt,tcn,squat,100001,7,2,Bend Hips and Knees Simultaniously (1) L,0,temporal_mean,52,8,20,0.7884615384615384,0.6743566989898682,-0.0018049008212983608,0.000864263332914561,-0.0026691642124205828,0.0019420464523136616,0.002818448469042778,9
results/context_evidence/v2/checkpoints\tcn_squat_100001_s7.pt,tcn,squat,100001,7,3,Hips backwards (1) L,0,zero,52,8,31,0.11538461538461539,0.26542726159095764,0.020195256918668747,0.044971905648708344,-0.024776648730039597,0.010209866799414158,0.016236161813139915,9
results/context_evidence/v2/checkpoints\tcn_squat_100001_s7.pt,tcn,squat,100001,7,3,Hips backwards (1) L,0,temporal_mean,52,8,31,0.11538461538461539,0.26542726159095764,0.002973391441628337,0.0032837612088769674,-0.0003103697672486305,0.0018795790383592248,0.00250250450335443,9
results/context_evidence/v2/checkpoints\tcn_squat_100001_s7.pt,tcn,squat,100001,7,4,Lower back neural (1) L,0,zero,52,6,0,1.0,0.9799308776855469,-0.0008599517168477178,0.0006163789657875896,-0.0014763306826353073,0.0035842659417539835,0.017953021451830864,9
results/context_evidence/v2/checkpoints\tcn_squat_100001_s7.pt,tcn,squat,100001,7,4,Lower back neural (1) L,0,temporal_mean,52,6,0,1.0,0.9799308776855469,0.000492789433337748,0.001748015289194882,-0.0012552258558571339,0.0006683819810859859,0.0012020518770441413,9
results/context_evidence/v2/checkpoints\tcn_squat_100001_s7.pt,tcn,squat,100001,7,5,Hips are lower than knees level (1 point) L,1,zero,52,6,1,0.9615384615384616,0.7313082218170166,-0.005539080128073692,-0.015516222454607487,0.009977142326533794,0.009094984270632267,0.009023889899253845,9
results/context_evidence/v2/checkpoints\tcn_squat_100001_s7.pt,tcn,squat,100001,7,5,Hips are lower than knees level (1 point) L,1,temporal_mean,52,6,1,0.9615384615384616,0.7313082218170166,-0.0003931584069505334,0.001561000943183899,-0.0019541592337191105,0.000997677561827004,0.002253939863294363,9
results/context_evidence/v2/checkpoints\tcn_squat_100101_s123.pt,tcn,squat,100101,123,0,Feet Out 30 F,1,zero,36,10,18,0.8333333333333334,0.7616825699806213,0.029481831938028336,0.034475646913051605,-0.00499381497502327,0.11780758202075958,0.22143377363681793,22
results/context_evidence/v2/checkpoints\tcn_squat_100101_s123.pt,tcn,squat,100101,123,0,Feet Out 30 F,1,temporal_mean,36,10,18,0.8333333333333334,0.7616825699806213,0.028885576874017715,0.015137557871639729,0.013748019002377987,0.011923429556190968,0.09836597740650177,22
results/context_evidence/v2/checkpoints\tcn_squat_100101_s123.pt,tcn,squat,100101,123,1,Whole Feet Flat On the Floor (1) L,0,zero,36,8,0,0.9722222222222222,0.875251293182373,-0.01238388940691948,0.03384226933121681,-0.04622615873813629,0.022506549954414368,0.023964745923876762,22
results/context_evidence/v2/checkpoints\tcn_squat_100101_s123.pt,tcn,squat,100101,123,1,Whole Feet Flat On the Floor (1) L,0,temporal_mean,36,8,0,0.9722222222222222,0.875251293182373,-0.0016120804939419031,0.00667934212833643,-0.008291422389447689,0.0029403616208583117,0.007496758364140987,22
results/context_evidence/v2/checkpoints\tcn_squat_100101_s123.pt,tcn,squat,100101,123,2,Bend Hips and Knees Simultaniously (1) L,0,zero,36,8,0,0.8611111111111112,0.7312062382698059,-0.006630962248891592,0.01802155189216137,-0.02465251460671425,0.018713530153036118,0.019869236275553703,22
results/context_evidence/v2/checkpoints\tcn_squat_100101_s123.pt,tcn,squat,100101,123,2,Bend Hips and Knees Simultaniously (1) L,0,temporal_mean,36,8,0,0.8611111111111112,0.7312062382698059,-0.010870901867747307,-0.0032571214251220226,-0.007613780442625284,0.003288732608780265,0.0030522022861987352,22
results/context_evidence/v2/checkpoints\tcn_squat_100101_s123.pt,tcn,squat,100101,123,3,Hips backwards (1) L,1,zero,36,8,42,0.05555555555555555,0.10821785777807236,0.015625711530447006,-0.008781177923083305,0.02440688945353031,0.015112300403416157,0.020418789237737656,22
results/context_evidence/v2/checkpoints\tcn_squat_100101_s123.pt,tcn,squat,100101,123,3,Hips backwards (1) L,1,temporal_mean,36,8,42,0.05555555555555555,0.10821785777807236,0.0022298928815871477,-0.008080136962234974,0.010310029610991478,0.003389978315681219,0.004714216571301222,22
results/context_evidence/v2/checkpoints\tcn_squat_100101_s123.pt,tcn,squat,100101,123,4,Lower back neural (1) L,0,zero,36,6,0,0.8333333333333334,0.7982304692268372,0.03471577167510986,0.02712208218872547,0.007593689486384392,0.011239240877330303,0.014510178938508034,22
results/context_evidence/v2/checkpoints\tcn_squat_100101_s123.pt,tcn,squat,100101,123,4,Lower back neural (1) L,0,temporal_mean,36,6,0,0.8333333333333334,0.7982304692268372,-0.0004520548682194203,0.00047232554061338305,-0.0009243803797289729,0.001415724866092205,0.0021019859705120325,22
results/context_evidence/v2/checkpoints\tcn_squat_100101_s123.pt,tcn,squat,100101,123,5,Hips are lower than knees level (1 point) L,1,zero,36,6,0,0.9444444444444444,0.7625890970230103,0.006982527673244476,-0.0013243391877040267,0.008306866511702538,0.01537939254194498,0.01594410091638565,22
results/context_evidence/v2/checkpoints\tcn_squat_100101_s123.pt,tcn,squat,100101,123,5,Hips are lower than knees level (1 point) L,1,temporal_mean,36,6,0,0.9444444444444444,0.7625890970230103,0.003860050579532981,0.002737637609243393,0.001122412970289588,0.001143593923188746,0.0037985655944794416,22
results/context_evidence/v2/checkpoints\tcn_squat_100101_s42.pt,tcn,squat,100101,42,0,Feet Out 30 F,1,zero,36,10,18,0.6388888888888888,0.6274058222770691,0.10524388402700424,0.032947637140750885,0.07229624688625336,0.10404101014137268,0.15345223248004913,54
results/context_evidence/v2/checkpoints\tcn_squat_100101_s42.pt,tcn,squat,100101,42,0,Feet Out 30 F,1,temporal_mean,36,10,18,0.6388888888888888,0.6274058222770691,0.07463034242391586,0.05222483351826668,0.022405508905649185,0.019403379410505295,0.12314779311418533,54
results/context_evidence/v2/checkpoints\tcn_squat_100101_s42.pt,tcn,squat,100101,42,1,Whole Feet Flat On the Floor (1) L,0,zero,36,8,0,0.9444444444444444,0.8253926038742065,-0.015184630639851093,0.018744518980383873,-0.03392915055155754,0.02125352807343006,0.03887087479233742,54
results/context_evidence/v2/checkpoints\tcn_squat_100101_s42.pt,tcn,squat,100101,42,1,Whole Feet Flat On the Floor (1) L,0,temporal_mean,36,8,0,0.9444444444444444,0.8253926038742065,0.0030471880454570055,0.005651309620589018,-0.0026041215751320124,0.002098586643114686,0.007513220887631178,54
results/context_evidence/v2/checkpoints\tcn_squat_100101_s42.pt,tcn,squat,100101,42,2,Bend Hips and Knees Simultaniously (1) L,0,zero,36,8,0,0.6666666666666666,0.5842487812042236,-0.017261944711208344,-0.021975191310048103,0.00471324659883976,0.012570465914905071,0.017310846596956253,54
results/context_evidence/v2/checkpoints\tcn_squat_100101_s42.pt,tcn,squat,100101,42,2,Bend Hips and Knees Simultaniously (1) L,0,temporal_mean,36,8,0,0.6666666666666666,0.5842487812042236,-0.009705103002488613,-0.006170718930661678,-0.003534384071826935,0.0036052577197551727,0.002477856120094657,54
results/context_evidence/v2/checkpoints\tcn_squat_100101_s42.pt,tcn,squat,100101,42,3,Hips backwards (1) L,1,zero,36,8,45,0.16666666666666666,0.20842818915843964,0.022813625633716583,0.00377132766880095,0.019042298197746277,0.03270125016570091,0.017522631213068962,54
results/context_evidence/v2/checkpoints\tcn_squat_100101_s42.pt,tcn,squat,100101,42,3,Hips backwards (1) L,1,temporal_mean,36,8,45,0.16666666666666666,0.20842818915843964,-0.0004006893723271787,-0.00801767036318779,0.00761698093265295,0.003009092528373003,0.004184745252132416,54
results/context_evidence/v2/checkpoints\tcn_squat_100101_s42.pt,tcn,squat,100101,42,4,Lower back neural (1) L,0,zero,36,6,0,0.6666666666666666,0.6623783707618713,0.006708413362503052,0.029545079916715622,-0.02283666655421257,0.014843198470771313,0.010694649070501328,54
results/context_evidence/v2/checkpoints\tcn_squat_100101_s42.pt,tcn,squat,100101,42,4,Lower back neural (1) L,0,temporal_mean,36,6,0,0.6666666666666666,0.6623783707618713,-6.84062615619041e-05,-0.0002456828660797328,0.0001772766117937863,0.0005457629449665546,0.0019046659581363201,54
results/context_evidence/v2/checkpoints\tcn_squat_100101_s42.pt,tcn,squat,100101,42,5,Hips are lower than knees level (1 point) L,1,zero,36,6,0,0.8611111111111112,0.677683413028717,-0.003928567748516798,0.02054443769156933,-0.024473005905747414,0.009815474972128868,0.01606300100684166,54
results/context_evidence/v2/checkpoints\tcn_squat_100101_s42.pt,tcn,squat,100101,42,5,Hips are lower than knees level (1 point) L,1,temporal_mean,36,6,0,0.8611111111111112,0.677683413028717,0.0034967618994414806,0.0026272302493453026,0.0008695316500961781,0.0018003685399889946,0.003041412215679884,54
results/context_evidence/v2/checkpoints\tcn_squat_100101_s7.pt,tcn,squat,100101,7,0,Feet Out 30 F,1,zero,36,10,15,0.75,0.7119932770729065,-0.028640104457736015,0.08096440136432648,-0.10960450768470764,0.1455223709344864,0.18175296485424042,11
results/context_evidence/v2/checkpoints\tcn_squat_100101_s7.pt,tcn,squat,100101,7,0,Feet Out 30 F,1,temporal_mean,36,10,15,0.75,0.7119932770729065,0.07084130495786667,0.04017803072929382,0.030663274228572845,0.04091045632958412,0.13042017817497253,11
results/context_evidence/v2/checkpoints\tcn_squat_100101_s7.pt,tcn,squat,100101,7,1,Whole Feet Flat On the Floor (1) L,0,zero,36,8,1,0.9444444444444444,0.9413411617279053,0.0038901253137737513,0.010791073553264141,-0.0069009484723210335,0.01110024843364954,0.04311339557170868,11
results/context_evidence/v2/checkpoints\tcn_squat_100101_s7.pt,tcn,squat,100101,7,1,Whole Feet Flat On the Floor (1) L,0,temporal_mean,36,8,1,0.9444444444444444,0.9413411617279053,-0.003029871266335249,0.00037570606218650937,-0.0034055772703140974,0.0013228377792984247,0.01226805429905653,11
results/context_evidence/v2/checkpoints\tcn_squat_100101_s7.pt,tcn,squat,100101,7,2,Bend Hips and Knees Simultaniously (1) L,0,zero,36,8,0,0.8333333333333334,0.7475147247314453,-0.02956794947385788,-0.038995929062366486,0.009427979588508606,0.02710007131099701,0.013177458196878433,11
results/context_evidence/v2/checkpoints\tcn_squat_100101_s7.pt,tcn,squat,100101,7,2,Bend Hips and Knees Simultaniously (1) L,0,temporal_mean,36,8,0,0.8333333333333334,0.7475147247314453,-0.013093946501612663,-0.01899411529302597,0.005900168791413307,0.0051053594797849655,0.004584803245961666,11
results/context_evidence/v2/checkpoints\tcn_squat_100101_s7.pt,tcn,squat,100101,7,3,Hips backwards (1) L,1,zero,36,8,47,0.05555555555555555,0.06960366666316986,0.006255647633224726,-0.001768315676599741,0.008023963309824467,0.0075802854262292385,0.019678514450788498,11
results/context_evidence/v2/checkpoints\tcn_squat_100101_s7.pt,tcn,squat,100101,7,3,Hips backwards (1) L,1,temporal_mean,36,8,47,0.05555555555555555,0.06960366666316986,0.0018698014318943024,-0.0030223820358514786,0.004892183467745781,0.0020412164740264416,0.007247000467032194,11
results/context_evidence/v2/checkpoints\tcn_squat_100101_s7.pt,tcn,squat,100101,7,4,Lower back neural (1) L,0,zero,36,6,0,0.9444444444444444,0.903152346611023,0.012950058095157146,0.019938940182328224,-0.006988882087171078,0.011891193687915802,0.01264434214681387,11
results/context_evidence/v2/checkpoints\tcn_squat_100101_s7.pt,tcn,squat,100101,7,4,Lower back neural (1) L,0,temporal_mean,36,6,0,0.9444444444444444,0.903152346611023,0.0035749590024352074,0.006889167707413435,-0.0033142087049782276,0.0019426351645961404,0.003468515817075968,11
results/context_evidence/v2/checkpoints\tcn_squat_100101_s7.pt,tcn,squat,100101,7,5,Hips are lower than knees level (1 point) L,1,zero,36,6,0,0.9166666666666666,0.8473348021507263,0.00408555381000042,-0.007378381676971912,0.011463935486972332,0.015067271888256073,0.019387470558285713,11
results/context_evidence/v2/checkpoints\tcn_squat_100101_s7.pt,tcn,squat,100101,7,5,Hips are lower than knees level (1 point) L,1,temporal_mean,36,6,0,0.9166666666666666,0.8473348021507263,-0.0024666322860866785,0.004796846304088831,-0.007263478823006153,0.0025303256697952747,0.00670767342671752,11
results/context_evidence/v2/checkpoints\tcn_squat_101001_s123.pt,tcn,squat,101001,123,0,Feet Out 30 F,1,zero,25,10,2,0.76,0.6697842478752136,0.24132747948169708,0.15422391891479492,0.08710356056690216,0.0815105065703392,0.2862207293510437,476
results/context_evidence/v2/checkpoints\tcn_squat_101001_s123.pt,tcn,squat,101001,123,0,Feet Out 30 F,1,temporal_mean,25,10,2,0.76,0.6697842478752136,0.2235475331544876,0.05115174502134323,0.17239579558372498,0.03303632140159607,0.124264195561409,476
results/context_evidence/v2/checkpoints\tcn_squat_101001_s123.pt,tcn,squat,101001,123,1,Whole Feet Flat On the Floor (1) L,0,zero,25,8,0,0.8,0.7654964327812195,-0.007896249182522297,-0.019672846421599388,0.011776597239077091,0.00938519649207592,0.043942175805568695,476
results/context_evidence/v2/checkpoints\tcn_squat_101001_s123.pt,tcn,squat,101001,123,1,Whole Feet Flat On the Floor (1) L,0,temporal_mean,25,8,0,0.8,0.7654964327812195,-0.0029315089341253042,0.000544814218301326,-0.0034763230942189693,0.0010294051608070731,0.016296658664941788,476
results/context_evidence/v2/checkpoints\tcn_squat_101001_s123.pt,tcn,squat,101001,123,2,Bend Hips and Knees Simultaniously (1) L,1,zero,25,8,43,0.24,0.21912595629692078,-0.013934812508523464,-0.008340969681739807,-0.005593842826783657,0.010958950966596603,0.032676782459020615,476
results/context_evidence/v2/checkpoints\tcn_squat_101001_s123.pt,tcn,squat,101001,123,2,Bend Hips and Knees Simultaniously (1) L,1,temporal_mean,25,8,43,0.24,0.21912595629692078,-0.006921169348061085,-0.006596340332180262,-0.00032482901588082314,0.0018007851904258132,0.008333835750818253,476
results/context_evidence/v2/checkpoints\tcn_squat_101001_s123.pt,tcn,squat,101001,123,3,Hips backwards (1) L,0,zero,25,8,0,0.96,0.6836345791816711,-0.018915271386504173,-0.017118804156780243,-0.0017964672297239304,0.003972562961280346,0.03271586447954178,476
results/context_evidence/v2/checkpoints\tcn_squat_101001_s123.pt,tcn,squat,101001,123,3,Hips backwards (1) L,0,temporal_mean,25,8,0,0.96,0.6836345791816711,0.0010233473731204867,0.0013662083074450493,-0.00034286093432456255,0.0005223897169344127,0.009423408657312393,476
results/context_evidence/v2/checkpoints\tcn_squat_101001_s123.pt,tcn,squat,101001,123,4,Lower back neural (1) L,0,zero,25,6,0,0.72,0.7050806283950806,0.027778657153248787,0.03412225842475891,-0.006343601271510124,0.012971493415534496,0.0173169057816267,476
results/context_evidence/v2/checkpoints\tcn_squat_101001_s123.pt,tcn,squat,101001,123,4,Lower back neural (1) L,0,temporal_mean,25,6,0,0.72,0.7050806283950806,0.0018271184526383877,0.005418063141405582,-0.0035909446887671947,0.0017302402993664145,0.0037352722138166428,476
results/context_evidence/v2/checkpoints\tcn_squat_101001_s123.pt,tcn,squat,101001,123,5,Hips are lower than knees level (1 point) L,1,zero,25,6,0,0.84,0.6297265887260437,-0.01742086373269558,-0.016761088743805885,-0.0006597749888896942,0.007252981420606375,0.02166331186890602,476
results/context_evidence/v2/checkpoints\tcn_squat_101001_s123.pt,tcn,squat,101001,123,5,Hips are lower than knees level (1 point) L,1,temporal_mean,25,6,0,0.84,0.6297265887260437,-0.0037317215465009212,-0.0016695865197107196,-0.00206213491037488,0.0013136924244463444,0.007746015675365925,476
results/context_evidence/v2/checkpoints\tcn_squat_101001_s42.pt,tcn,squat,101001,42,0,Feet Out 30 F,1,zero,25,10,7,0.64,0.5952733755111694,0.2629409432411194,0.11847160756587982,0.14446933567523956,0.09301386028528214,0.2466587871313095,14
results/context_evidence/v2/checkpoints\tcn_squat_101001_s42.pt,tcn,squat,101001,42,0,Feet Out 30 F,1,temporal_mean,25,10,7,0.64,0.5952733755111694,0.22592982649803162,0.06736744195222855,0.15856239199638367,0.048318374902009964,0.09240160137414932,14
results/context_evidence/v2/checkpoints\tcn_squat_101001_s42.pt,tcn,squat,101001,42,1,Whole Feet Flat On the Floor (1) L,0,zero,25,8,0,0.72,0.7130596041679382,-0.07177980244159698,-0.005154875107109547,-0.06662492454051971,0.0405762679874897,0.05844105780124664,14
results/context_evidence/v2/checkpoints\tcn_squat_101001_s42.pt,tcn,squat,101001,42,1,Whole Feet Flat On the Floor (1) L,0,temporal_mean,25,8,0,0.72,0.7130596041679382,-0.006728222593665123,0.001253244816325605,-0.007981467060744762,0.0024037787225097418,0.015611618757247925,14
results/context_evidence/v2/checkpoints\tcn_squat_101001_s42.pt,tcn,squat,101001,42,2,Bend Hips and Knees Simultaniously (1) L,1,zero,25,8,40,0.12,0.2085992693901062,-0.009748904965817928,-0.014825304970145226,0.005076400004327297,0.014527750201523304,0.039323899894952774,14
results/context_evidence/v2/checkpoints\tcn_squat_101001_s42.pt,tcn,squat,101001,42,2,Bend Hips and Knees Simultaniously (1) L,1,temporal_mean,25,8,40,0.12,0.2085992693901062,-0.0037066929508000612,-0.0020720832981169224,-0.0016346096526831388,0.0022038319148123264,0.006353555712848902,14
results/context_evidence/v2/checkpoints\tcn_squat_101001_s42.pt,tcn,squat,101001,42,3,Hips backwards (1) L,0,zero,25,8,0,0.76,0.6572210192680359,-0.031184010207653046,-0.004813411273062229,-0.02637059986591339,0.027238406240940094,0.03612289950251579,14
results/context_evidence/v2/checkpoints\tcn_squat_101001_s42.pt,tcn,squat,101001,42,3,Hips backwards (1) L,0,temporal_mean,25,8,0,0.76,0.6572210192680359,0.0028647971339523792,0.006497393827885389,-0.00363259669393301,0.0011483082780614495,0.006548612378537655,14
results/context_evidence/v2/checkpoints\tcn_squat_101001_s42.pt,tcn,squat,101001,42,4,Lower back neural (1) L,0,zero,25,6,0,0.92,0.8832590579986572,0.010892736725509167,0.016855575144290924,-0.005962838418781757,0.014148840680718422,0.017198067158460617,14
results/context_evidence/v2/checkpoints\tcn_squat_101001_s42.pt,tcn,squat,101001,42,4,Lower back neural (1) L,0,temporal_mean,25,6,0,0.92,0.8832590579986572,0.0017347026150673628,0.0018911096267402172,-0.00015640701167285442,0.0013469518162310123,0.0037633911706507206,14
results/context_evidence/v2/checkpoints\tcn_squat_101001_s42.pt,tcn,squat,101001,42,5,Hips are lower than knees level (1 point) L,1,zero,25,6,0,0.92,0.6547491550445557,-0.011678392067551613,-0.027290483936667442,0.01561209186911583,0.008896113373339176,0.027957327663898468,14
results/context_evidence/v2/checkpoints\tcn_squat_101001_s42.pt,tcn,squat,101001,42,5,Hips are lower than knees level (1 point) L,1,temporal_mean,25,6,0,0.92,0.6547491550445557,-0.0015213203150779009,0.0025887603405863047,-0.0041100806556642056,0.002051830990239978,0.006359798368066549,14
results/context_evidence/v2/checkpoints\tcn_squat_101001_s7.pt,tcn,squat,101001,7,0,Feet Out 30 F,1,zero,25,10,5,0.6,0.6196389198303223,0.09559521079063416,0.23071110248565674,-0.13511589169502258,0.13127459585666656,0.4234166741371155,25
results/context_evidence/v2/checkpoints\tcn_squat_101001_s7.pt,tcn,squat,101001,7,0,Feet Out 30 F,1,temporal_mean,25,10,5,0.6,0.6196389198303223,0.2556641697883606,0.06019769236445427,0.19546647369861603,0.03833061456680298,0.21359845995903015,25
results/context_evidence/v2/checkpoints\tcn_squat_101001_s7.pt,tcn,squat,101001,7,1,Whole Feet Flat On the Floor (1) L,0,zero,25,8,0,0.92,0.8946495056152344,-0.00910253543406725,-0.0015391657361760736,-0.007563369814306498,0.01485479436814785,0.02906973287463188,25
results/context_evidence/v2/checkpoints\tcn_squat_101001_s7.pt,tcn,squat,101001,7,1,Whole Feet Flat On the Floor (1) L,0,temporal_mean,25,8,0,0.92,0.8946495056152344,-0.002152225933969021,-0.0001231008063768968,-0.002029125113040209,0.0023676163982599974,0.006771870423108339,25
results/context_evidence/v2/checkpoints\tcn_squat_101001_s7.pt,tcn,squat,101001,7,2,Bend Hips and Knees Simultaniously (1) L,1,zero,25,8,47,0.0,0.026607871055603027,0.0027102655731141567,0.010656500235199928,-0.007946234196424484,0.004151457920670509,0.021345578134059906,25
results/context_evidence/v2/checkpoints\tcn_squat_101001_s7.pt,tcn,squat,101001,7,2,Bend Hips and Knees Simultaniously (1) L,1,temporal_mean,25,8,47,0.0,0.026607871055603027,-0.0008533424115739763,-0.0006099472520872951,-0.00024339515948668122,0.0007158606895245612,0.0037957029417157173,25
results/context_evidence/v2/checkpoints\tcn_squat_101001_s7.pt,tcn,squat,101001,7,3,Hips backwards (1) L,0,zero,25,8,0,0.84,0.71564781665802,0.019177887588739395,0.06491295248270035,-0.04573506489396095,0.033547330647706985,0.017348002642393112,25
results/context_evidence/v2/checkpoints\tcn_squat_101001_s7.pt,tcn,squat,101001,7,3,Hips backwards (1) L,0,temporal_mean,25,8,0,0.84,0.71564781665802,0.0016906213713809848,0.0017775970045477152,-8.69756331667304e-05,0.001532333088107407,0.0034336766693741083,25
results/context_evidence/v2/checkpoints\tcn_squat_101001_s7.pt,tcn,squat,101001,7,4,Lower back neural (1) L,0,zero,25,6,0,0.96,0.9168729186058044,-0.008899372071027756,0.022443171590566635,-0.03134254366159439,0.025029662996530533,0.018383322283625603,25
results/context_evidence/v2/checkpoints\tcn_squat_101001_s7.pt,tcn,squat,101001,7,4,Lower back neural (1) L,0,temporal_mean,25,6,0,0.96,0.9168729186058044,-0.0002133321831934154,0.004647465422749519,-0.004860797431319952,0.004717130213975906,0.0024250985588878393,25
results/context_evidence/v2/checkpoints\tcn_squat_101001_s7.pt,tcn,squat,101001,7,5,Hips are lower than knees level (1 point) L,1,zero,25,6,0,0.84,0.7989373207092285,-0.004789251834154129,-0.0247005857527256,0.019911333918571472,0.012849345803260803,0.009388566017150879,25
results/context_evidence/v2/checkpoints\tcn_squat_101001_s7.pt,tcn,squat,101001,7,5,Hips are lower than knees level (1 point) L,1,temporal_mean,25,6,0,0.84,0.7989373207092285,-0.0052757482044398785,0.00020579120609909296,-0.00548153929412365,0.003191124415025115,0.002745351754128933,25
