model,exercise,target,seed,condition,metric,value
gru,cpr,0000000000001,123,seen,macro_f1,0.0728744939271255
gru,cpr,0000000000001,123,seen,micro_f1,0.5
gru,cpr,0000000000001,123,seen,bit_accuracy,0.8615384615384616
gru,cpr,0000000000001,123,seen,exact_match,0.1
gru,cpr,0000000000001,123,unseen,macro_f1,0.020066889632107024
gru,cpr,0000000000001,123,unseen,micro_f1,0.09230769230769231
gru,cpr,0000000000001,123,unseen,bit_accuracy,0.7730769230769231
gru,cpr,0000000000001,123,unseen,exact_match,0.05
gru,cpr,0000000000001,42,seen,macro_f1,0.0
gru,cpr,0000000000001,42,seen,micro_f1,0.0
gru,cpr,0000000000001,42,seen,bit_accuracy,0.7307692307692307
gru,cpr,0000000000001,42,seen,exact_match,0.0
gru,cpr,0000000000001,42,unseen,macro_f1,0.0
gru,cpr,0000000000001,42,unseen,micro_f1,0.0
gru,cpr,0000000000001,42,unseen,bit_accuracy,0.7692307692307693
gru,cpr,0000000000001,42,unseen,exact_match,0.0
gru,cpr,0000000000001,7,seen,macro_f1,0.03076923076923077
gru,cpr,0000000000001,7,seen,micro_f1,0.19230769230769232
gru,cpr,0000000000001,7,seen,bit_accuracy,0.8384615384615385
gru,cpr,0000000000001,7,seen,exact_match,0.15
gru,cpr,0000000000001,7,unseen,macro_f1,0.007326007326007326
gru,cpr,0000000000001,7,unseen,micro_f1,0.037037037037037035
gru,cpr,0000000000001,7,unseen,bit_accuracy,0.8
gru,cpr,0000000000001,7,unseen,exact_match,0.0
gru,cpr,0000000000010,123,seen,macro_f1,0.06837606837606837
gru,cpr,0000000000010,123,seen,micro_f1,0.48484848484848486
gru,cpr,0000000000010,123,seen,bit_accuracy,0.8692307692307693
gru,cpr,0000000000010,123,seen,exact_match,0.0
gru,cpr,0000000000010,123,unseen,macro_f1,0.0
gru,cpr,0000000000010,123,unseen,micro_f1,0.0
gru,cpr,0000000000010,123,unseen,bit_accuracy,0.85
gru,cpr,0000000000010,123,unseen,exact_match,0.0
gru,cpr,0000000000010,42,seen,macro_f1,0.02564102564102564
gru,cpr,0000000000010,42,seen,micro_f1,0.20512820512820512
gru,cpr,0000000000010,42,seen,bit_accuracy,0.8807692307692307
gru,cpr,0000000000010,42,seen,exact_match,0.2
gru,cpr,0000000000010,42,unseen,macro_f1,0.007326007326007326
gru,cpr,0000000000010,42,unseen,micro_f1,0.05128205128205128
gru,cpr,0000000000010,42,unseen,bit_accuracy,0.8576923076923076
gru,cpr,0000000000010,42,unseen,exact_match,0.0
gru,cpr,0000000000010,7,seen,macro_f1,0.07692307692307693
gru,cpr,0000000000010,7,seen,micro_f1,0.6666666666666666
gru,cpr,0000000000010,7,seen,bit_accuracy,0.9230769230769231
gru,cpr,0000000000010,7,seen,exact_match,0.0
gru,cpr,0000000000010,7,unseen,macro_f1,0.07692307692307693
gru,cpr,0000000000010,7,unseen,micro_f1,0.5
gru,cpr,0000000000010,7,unseen,bit_accuracy,0.8461538461538461
gru,cpr,0000000000010,7,unseen,exact_match,0.0
gru,cpr,0000000000100,123,seen,macro_f1,0.05459057071960298
gru,cpr,0000000000100,123,seen,micro_f1,0.4583333333333333
gru,cpr,0000000000100,123,seen,bit_accuracy,0.9
gru,cpr,0000000000100,123,seen,exact_match,0.15
gru,cpr,0000000000100,123,unseen,macro_f1,0.02564102564102564
gru,cpr,0000000000100,123,unseen,micro_f1,0.18181818181818182
gru,cpr,0000000000100,123,unseen,bit_accuracy,0.8615384615384616
gru,cpr,0000000000100,123,unseen,exact_match,0.0
gru,cpr,0000000000100,42,seen,macro_f1,0.0
gru,cpr,0000000000100,42,seen,micro_f1,0.0
gru,cpr,0000000000100,42,seen,bit_accuracy,0.8461538461538461
gru,cpr,0000000000100,42,seen,exact_match,0.0
gru,cpr,0000000000100,42,unseen,macro_f1,0.05128205128205128
gru,cpr,0000000000100,42,unseen,micro_f1,0.2857142857142857
gru,cpr,0000000000100,42,unseen,bit_accuracy,0.8076923076923077
gru,cpr,0000000000100,42,unseen,exact_match,0.0
gru,cpr,0000000000100,7,seen,macro_f1,0.05128205128205128
gru,cpr,0000000000100,7,seen,micro_f1,0.47619047619047616
gru,cpr,0000000000100,7,seen,bit_accuracy,0.9153846153846154
gru,cpr,0000000000100,7,seen,exact_match,0.35
gru,cpr,0000000000100,7,unseen,macro_f1,0.020066889632107024
gru,cpr,0000000000100,7,unseen,micro_f1,0.0967741935483871
gru,cpr,0000000000100,7,unseen,bit_accuracy,0.7846153846153846
gru,cpr,0000000000100,7,unseen,exact_match,0.0
gru,cpr,0000000001000,123,seen,macro_f1,0.05128205128205128
gru,cpr,0000000001000,123,seen,micro_f1,0.425531914893617
gru,cpr,0000000001000,123,seen,bit_accuracy,0.8961538461538462
gru,cpr,0000000001000,123,seen,exact_match,0.15
gru,cpr,0000000001000,123,unseen,macro_f1,0.007326007326007326
gru,cpr,0000000001000,123,unseen,micro_f1,0.047619047619047616
gru,cpr,0000000001000,123,unseen,bit_accuracy,0.8461538461538461
gru,cpr,0000000001000,123,unseen,exact_match,0.0
gru,cpr,0000000001000,42,seen,macro_f1,0.007326007326007326
gru,cpr,0000000001000,42,seen,micro_f1,0.05263157894736842
gru,cpr,0000000001000,42,seen,bit_accuracy,0.8615384615384616
gru,cpr,0000000001000,42,seen,exact_match,0.05
gru,cpr,0000000001000,42,unseen,macro_f1,0.0
gru,cpr,0000000001000,42,unseen,micro_f1,0.0
gru,cpr,0000000001000,42,unseen,bit_accuracy,0.8423076923076923
gru,cpr,0000000001000,42,unseen,exact_match,0.0
gru,cpr,0000000001000,7,seen,macro_f1,0.0
gru,cpr,0000000001000,7,seen,micro_f1,0.0
gru,cpr,0000000001000,7,seen,bit_accuracy,0.8846153846153846
gru,cpr,0000000001000,7,seen,exact_match,0.0
gru,cpr,0000000001000,7,unseen,macro_f1,0.0
gru,cpr,0000000001000,7,unseen,micro_f1,0.0
gru,cpr,0000000001000,7,unseen,bit_accuracy,0.8076923076923077
gru,cpr,0000000001000,7,unseen,exact_match,0.0
gru,cpr,0000000001001,123,seen,macro_f1,0.07692307692307693
gru,cpr,0000000001001,123,seen,micro_f1,0.4444444444444444
gru,cpr,0000000001001,123,seen,bit_accuracy,0.8076923076923077
gru,cpr,0000000001001,123,seen,exact_match,0.0
gru,cpr,0000000001001,123,unseen,macro_f1,0.07692307692307693
gru,cpr,0000000001001,123,unseen,micro_f1,0.4
gru,cpr,0000000001001,123,unseen,bit_accuracy,0.7692307692307693
gru,cpr,0000000001001,123,unseen,exact_match,0.0
gru,cpr,0000000001001,42,seen,macro_f1,0.11538461538461539
gru,cpr,0000000001001,42,seen,micro_f1,0.5
gru,cpr,0000000001001,42,seen,bit_accuracy,0.8153846153846154
gru,cpr,0000000001001,42,seen,exact_match,0.0
gru,cpr,0000000001001,42,unseen,macro_f1,0.06959706959706959
gru,cpr,0000000001001,42,unseen,micro_f1,0.3157894736842105
gru,cpr,0000000001001,42,unseen,bit_accuracy,0.8
gru,cpr,0000000001001,42,unseen,exact_match,0.0
gru,cpr,0000000001001,7,seen,macro_f1,0.12606837606837606
gru,cpr,0000000001001,7,seen,micro_f1,0.7
gru,cpr,0000000001001,7,seen,bit_accuracy,0.9076923076923077
gru,cpr,0000000001001,7,seen,exact_match,0.2
gru,cpr,0000000001001,7,unseen,macro_f1,0.07692307692307693
gru,cpr,0000000001001,7,unseen,micro_f1,0.5882352941176471
gru,cpr,0000000001001,7,unseen,bit_accuracy,0.8923076923076924
gru,cpr,0000000001001,7,unseen,exact_match,0.0
gru,cpr,0000000001010,123,seen,macro_f1,0.11538461538461539
gru,cpr,0000000001010,123,seen,micro_f1,0.6
gru,cpr,0000000001010,123,seen,bit_accuracy,0.8769230769230769
gru,cpr,0000000001010,123,seen,exact_match,0.2
gru,cpr,0000000001010,123,unseen,macro_f1,0.15384615384615385
gru,cpr,0000000001010,123,unseen,micro_f1,0.8333333333333334
gru,cpr,0000000001010,123,unseen,bit_accuracy,0.9384615384615385
gru,cpr,0000000001010,123,unseen,exact_match,0.4
gru,cpr,0000000001010,42,seen,macro_f1,0.07692307692307693
gru,cpr,0000000001010,42,seen,micro_f1,0.36363636363636365
gru,cpr,0000000001010,42,seen,bit_accuracy,0.7307692307692307
gru,cpr,0000000001010,42,seen,exact_match,0.0
gru,cpr,0000000001010,42,unseen,macro_f1,0.07692307692307693
gru,cpr,0000000001010,42,unseen,micro_f1,0.3333333333333333
gru,cpr,0000000001010,42,unseen,bit_accuracy,0.6923076923076923
gru,cpr,0000000001010,42,unseen,exact_match,0.0
gru,cpr,0000000001010,7,seen,macro_f1,0.0879120879120879
gru,cpr,0000000001010,7,seen,micro_f1,0.34782608695652173
gru,cpr,0000000001010,7,seen,bit_accuracy,0.7692307692307693
gru,cpr,0000000001010,7,seen,exact_match,0.0
gru,cpr,0000000001010,7,unseen,macro_f1,0.12087912087912088
gru,cpr,0000000001010,7,unseen,micro_f1,0.5384615384615384
gru,cpr,0000000001010,7,unseen,bit_accuracy,0.8153846153846154
gru,cpr,0000000001010,7,unseen,exact_match,0.0
gru,cpr,0000000001100,123,seen,macro_f1,0.10256410256410256
gru,cpr,0000000001100,123,seen,micro_f1,0.5
gru,cpr,0000000001100,123,seen,bit_accuracy,0.8461538461538461
gru,cpr,0000000001100,123,seen,exact_match,0.5
gru,cpr,0000000001100,123,unseen,macro_f1,0.10256410256410256
gru,cpr,0000000001100,123,unseen,micro_f1,0.4444444444444444
gru,cpr,0000000001100,123,unseen,bit_accuracy,0.8076923076923077
gru,cpr,0000000001100,123,unseen,exact_match,0.0
gru,cpr,0000000001100,42,seen,macro_f1,0.14529914529914528
gru,cpr,0000000001100,42,seen,micro_f1,0.72
gru,cpr,0000000001100,42,seen,bit_accuracy,0.8923076923076924
gru,cpr,0000000001100,42,seen,exact_match,0.0
gru,cpr,0000000001100,42,unseen,macro_f1,0.12606837606837606
gru,cpr,0000000001100,42,unseen,micro_f1,0.5833333333333334
gru,cpr,0000000001100,42,unseen,bit_accuracy,0.8461538461538461
gru,cpr,0000000001100,42,unseen,exact_match,0.0
gru,cpr,0000000001100,7,seen,macro_f1,0.15384615384615385
gru,cpr,0000000001100,7,seen,micro_f1,0.7692307692307693
gru,cpr,0000000001100,7,seen,bit_accuracy,0.9076923076923077
gru,cpr,0000000001100,7,seen,exact_match,0.0
gru,cpr,0000000001100,7,unseen,macro_f1,0.15384615384615385
gru,cpr,0000000001100,7,unseen,micro_f1,0.8
gru,cpr,0000000001100,7,unseen,bit_accuracy,0.9230769230769231
gru,cpr,0000000001100,7,unseen,exact_match,0.2
gru,cpr,0000000010000,123,seen,macro_f1,0.07692307692307693
gru,cpr,0000000010000,123,seen,micro_f1,0.9090909090909091
gru,cpr,0000000010000,123,seen,bit_accuracy,0.9846153846153847
gru,cpr,0000000010000,123,seen,exact_match,0.8
gru,cpr,0000000010000,123,unseen,macro_f1,0.07692307692307693
gru,cpr,0000000010000,123,unseen,micro_f1,0.6349206349206349
gru,cpr,0000000010000,123,unseen,bit_accuracy,0.9115384615384615
gru,cpr,0000000010000,123,unseen,exact_match,0.2
gru,cpr,0000000010000,42,seen,macro_f1,0.0
gru,cpr,0000000010000,42,seen,micro_f1,0.0
gru,cpr,0000000010000,42,seen,bit_accuracy,0.7307692307692307
gru,cpr,0000000010000,42,seen,exact_match,0.0
gru,cpr,0000000010000,42,unseen,macro_f1,0.0
gru,cpr,0000000010000,42,unseen,micro_f1,0.0
gru,cpr,0000000010000,42,unseen,bit_accuracy,0.5384615384615384
gru,cpr,0000000010000,42,unseen,exact_match,0.0
gru,cpr,0000000010000,7,seen,macro_f1,0.07495069033530571
gru,cpr,0000000010000,7,seen,micro_f1,0.8636363636363636
gru,cpr,0000000010000,7,seen,bit_accuracy,0.9769230769230769
gru,cpr,0000000010000,7,seen,exact_match,0.75
gru,cpr,0000000010000,7,unseen,macro_f1,0.07495069033530571
gru,cpr,0000000010000,7,unseen,micro_f1,0.7916666666666666
gru,cpr,0000000010000,7,unseen,bit_accuracy,0.9615384615384616
gru,cpr,0000000010000,7,unseen,exact_match,0.5
gru,cpr,0000000010100,123,seen,macro_f1,0.14529914529914528
gru,cpr,0000000010100,123,seen,micro_f1,0.6923076923076923
gru,cpr,0000000010100,123,seen,bit_accuracy,0.8769230769230769
gru,cpr,0000000010100,123,seen,exact_match,0.0
gru,cpr,0000000010100,123,unseen,macro_f1,0.10164835164835165
gru,cpr,0000000010100,123,unseen,micro_f1,0.38461538461538464
gru,cpr,0000000010100,123,unseen,bit_accuracy,0.7538461538461538
gru,cpr,0000000010100,123,unseen,exact_match,0.0
gru,cpr,0000000010100,42,seen,macro_f1,0.11233211233211232
gru,cpr,0000000010100,42,seen,micro_f1,0.6
gru,cpr,0000000010100,42,seen,bit_accuracy,0.8769230769230769
gru,cpr,0000000010100,42,seen,exact_match,0.0
gru,cpr,0000000010100,42,unseen,macro_f1,0.10256410256410256
gru,cpr,0000000010100,42,unseen,micro_f1,0.5714285714285714
gru,cpr,0000000010100,42,unseen,bit_accuracy,0.8615384615384616
gru,cpr,0000000010100,42,unseen,exact_match,0.0
gru,cpr,0000000010100,7,seen,macro_f1,0.1282051282051282
gru,cpr,0000000010100,7,seen,micro_f1,0.5454545454545454
gru,cpr,0000000010100,7,seen,bit_accuracy,0.8076923076923077
gru,cpr,0000000010100,7,seen,exact_match,0.0
gru,cpr,0000000010100,7,unseen,macro_f1,0.1282051282051282
gru,cpr,0000000010100,7,unseen,micro_f1,0.5
gru,cpr,0000000010100,7,unseen,bit_accuracy,0.7692307692307693
gru,cpr,0000000010100,7,unseen,exact_match,0.0
gru,cpr,0000000011000,123,seen,macro_f1,0.1282051282051282
gru,cpr,0000000011000,123,seen,micro_f1,0.6666666666666666
gru,cpr,0000000011000,123,seen,bit_accuracy,0.8846153846153846
gru,cpr,0000000011000,123,seen,exact_match,0.0
gru,cpr,0000000011000,123,unseen,macro_f1,0.1282051282051282
gru,cpr,0000000011000,123,unseen,micro_f1,0.6666666666666666
gru,cpr,0000000011000,123,unseen,bit_accuracy,0.8846153846153846
gru,cpr,0000000011000,123,unseen,exact_match,0.0
gru,cpr,0000000011000,42,seen,macro_f1,0.14529914529914528
gru,cpr,0000000011000,42,seen,micro_f1,0.8181818181818182
gru,cpr,0000000011000,42,seen,bit_accuracy,0.9384615384615385
gru,cpr,0000000011000,42,seen,exact_match,0.4
gru,cpr,0000000011000,42,unseen,macro_f1,0.07692307692307693
gru,cpr,0000000011000,42,unseen,micro_f1,0.45454545454545453
gru,cpr,0000000011000,42,unseen,bit_accuracy,0.8153846153846154
gru,cpr,0000000011000,42,unseen,exact_match,0.0
gru,cpr,0000000011000,7,seen,macro_f1,0.07692307692307693
gru,cpr,0000000011000,7,seen,micro_f1,0.5263157894736842
gru,cpr,0000000011000,7,seen,bit_accuracy,0.8615384615384616
gru,cpr,0000000011000,7,seen,exact_match,0.0
gru,cpr,0000000011000,7,unseen,macro_f1,0.07692307692307693
gru,cpr,0000000011000,7,unseen,micro_f1,0.5555555555555556
gru,cpr,0000000011000,7,unseen,bit_accuracy,0.8769230769230769
gru,cpr,0000000011000,7,unseen,exact_match,0.0
gru,cpr,0000000100000,123,seen,macro_f1,0.07692307692307693
gru,cpr,0000000100000,123,seen,micro_f1,0.625
gru,cpr,0000000100000,123,seen,bit_accuracy,0.9076923076923077
gru,cpr,0000000100000,123,seen,exact_match,0.4
gru,cpr,0000000100000,123,unseen,macro_f1,0.07692307692307693
gru,cpr,0000000100000,123,unseen,micro_f1,0.5194805194805194
gru,cpr,0000000100000,123,unseen,bit_accuracy,0.8576923076923076
gru,cpr,0000000100000,123,unseen,exact_match,0.05
gru,cpr,0000000100000,42,seen,macro_f1,0.07692307692307693
gru,cpr,0000000100000,42,seen,micro_f1,0.7272727272727273
gru,cpr,0000000100000,42,seen,bit_accuracy,0.9423076923076923
gru,cpr,0000000100000,42,seen,exact_match,0.5
gru,cpr,0000000100000,42,unseen,macro_f1,0.07692307692307693
gru,cpr,0000000100000,42,unseen,micro_f1,0.5633802816901409
gru,cpr,0000000100000,42,unseen,bit_accuracy,0.8807692307692307
gru,cpr,0000000100000,42,unseen,exact_match,0.05
gru,cpr,0000000100000,7,seen,macro_f1,0.07692307692307693
gru,cpr,0000000100000,7,seen,micro_f1,0.6666666666666666
gru,cpr,0000000100000,7,seen,bit_accuracy,0.9230769230769231
gru,cpr,0000000100000,7,seen,exact_match,0.0
gru,cpr,0000000100000,7,unseen,macro_f1,0.07692307692307693
gru,cpr,0000000100000,7,unseen,micro_f1,0.4
gru,cpr,0000000100000,7,unseen,bit_accuracy,0.7692307692307693
gru,cpr,0000000100000,7,unseen,exact_match,0.0
gru,cpr,0000000100001,123,seen,macro_f1,0.07692307692307693
gru,cpr,0000000100001,123,seen,micro_f1,0.4
gru,cpr,0000000100001,123,seen,bit_accuracy,0.7692307692307693
gru,cpr,0000000100001,123,seen,exact_match,0.0
gru,cpr,0000000100001,123,unseen,macro_f1,0.07692307692307693
gru,cpr,0000000100001,123,unseen,micro_f1,0.3333333333333333
gru,cpr,0000000100001,123,unseen,bit_accuracy,0.6923076923076923
gru,cpr,0000000100001,123,unseen,exact_match,0.0
gru,cpr,0000000100001,42,seen,macro_f1,0.15384615384615385
gru,cpr,0000000100001,42,seen,micro_f1,0.8
gru,cpr,0000000100001,42,seen,bit_accuracy,0.9230769230769231
gru,cpr,0000000100001,42,seen,exact_match,0.4
gru,cpr,0000000100001,42,unseen,macro_f1,0.07692307692307693
gru,cpr,0000000100001,42,unseen,micro_f1,0.4
gru,cpr,0000000100001,42,unseen,bit_accuracy,0.7692307692307693
gru,cpr,0000000100001,42,unseen,exact_match,0.0
gru,cpr,0000000100001,7,seen,macro_f1,0.10256410256410256
gru,cpr,0000000100001,7,seen,micro_f1,0.6
gru,cpr,0000000100001,7,seen,bit_accuracy,0.8769230769230769
gru,cpr,0000000100001,7,seen,exact_match,0.2
gru,cpr,0000000100001,7,unseen,macro_f1,0.07692307692307693
gru,cpr,0000000100001,7,unseen,micro_f1,0.5
gru,cpr,0000000100001,7,unseen,bit_accuracy,0.8461538461538461
gru,cpr,0000000100001,7,unseen,exact_match,0.0
gru,cpr,0000000100010,123,seen,macro_f1,0.12087912087912088
gru,cpr,0000000100010,123,seen,micro_f1,0.6363636363636364
gru,cpr,0000000100010,123,seen,bit_accuracy,0.8769230769230769
gru,cpr,0000000100010,123,seen,exact_match,0.0
gru,cpr,0000000100010,123,unseen,macro_f1,0.07692307692307693
gru,cpr,0000000100010,123,unseen,micro_f1,0.4
gru,cpr,0000000100010,123,unseen,bit_accuracy,0.7692307692307693
gru,cpr,0000000100010,123,unseen,exact_match,0.0
gru,cpr,0000000100010,42,seen,macro_f1,0.07692307692307693
gru,cpr,0000000100010,42,seen,micro_f1,0.3333333333333333
gru,cpr,0000000100010,42,seen,bit_accuracy,0.6923076923076923
gru,cpr,0000000100010,42,seen,exact_match,0.0
gru,cpr,0000000100010,42,unseen,macro_f1,0.07692307692307693
gru,cpr,0000000100010,42,unseen,micro_f1,0.4
gru,cpr,0000000100010,42,unseen,bit_accuracy,0.7692307692307693
gru,cpr,0000000100010,42,unseen,exact_match,0.0
gru,cpr,0000000100010,7,seen,macro_f1,0.07692307692307693
gru,cpr,0000000100010,7,seen,micro_f1,0.45454545454545453
gru,cpr,0000000100010,7,seen,bit_accuracy,0.8153846153846154
gru,cpr,0000000100010,7,seen,exact_match,0.0
gru,cpr,0000000100010,7,unseen,macro_f1,0.07692307692307693
gru,cpr,0000000100010,7,unseen,micro_f1,0.5555555555555556
gru,cpr,0000000100010,7,unseen,bit_accuracy,0.8769230769230769
gru,cpr,0000000100010,7,unseen,exact_match,0.0
gru,cpr,0000000100100,123,seen,macro_f1,0.07692307692307693
gru,cpr,0000000100100,123,seen,micro_f1,0.4
gru,cpr,0000000100100,123,seen,bit_accuracy,0.7692307692307693
gru,cpr,0000000100100,123,seen,exact_match,0.0
gru,cpr,0000000100100,123,unseen,macro_f1,0.07692307692307693
gru,cpr,0000000100100,123,unseen,micro_f1,0.4
gru,cpr,0000000100100,123,unseen,bit_accuracy,0.7692307692307693
gru,cpr,0000000100100,123,unseen,exact_match,0.0
gru,cpr,0000000100100,42,seen,macro_f1,0.14529914529914528
gru,cpr,0000000100100,42,seen,micro_f1,0.6428571428571429
gru,cpr,0000000100100,42,seen,bit_accuracy,0.8461538461538461
gru,cpr,0000000100100,42,seen,exact_match,0.0
gru,cpr,0000000100100,42,unseen,macro_f1,0.07692307692307693
gru,cpr,0000000100100,42,unseen,micro_f1,0.38461538461538464
gru,cpr,0000000100100,42,unseen,bit_accuracy,0.7538461538461538
gru,cpr,0000000100100,42,unseen,exact_match,0.0
gru,cpr,0000000100100,7,seen,macro_f1,0.10256410256410256
gru,cpr,0000000100100,7,seen,micro_f1,0.5217391304347826
gru,cpr,0000000100100,7,seen,bit_accuracy,0.8307692307692308
gru,cpr,0000000100100,7,seen,exact_match,0.0
gru,cpr,0000000100100,7,unseen,macro_f1,0.07692307692307693
gru,cpr,0000000100100,7,unseen,micro_f1,0.47619047619047616
gru,cpr,0000000100100,7,unseen,bit_accuracy,0.8307692307692308
gru,cpr,0000000100100,7,unseen,exact_match,0.0
gru,cpr,0000000101000,123,seen,macro_f1,0.07692307692307693
gru,cpr,0000000101000,123,seen,micro_f1,0.45454545454545453
gru,cpr,0000000101000,123,seen,bit_accuracy,0.8153846153846154
gru,cpr,0000000101000,123,seen,exact_match,0.0
gru,cpr,0000000101000,123,unseen,macro_f1,0.07692307692307693
gru,cpr,0000000101000,123,unseen,micro_f1,0.4166666666666667
gru,cpr,0000000101000,123,unseen,bit_accuracy,0.7846153846153846
gru,cpr,0000000101000,123,unseen,exact_match,0.0
gru,cpr,0000000101000,42,seen,macro_f1,0.07692307692307693
gru,cpr,0000000101000,42,seen,micro_f1,0.4444444444444444
gru,cpr,0000000101000,42,seen,bit_accuracy,0.8076923076923077
gru,cpr,0000000101000,42,seen,exact_match,0.0
gru,cpr,0000000101000,42,unseen,macro_f1,0.07692307692307693
gru,cpr,0000000101000,42,unseen,micro_f1,0.3333333333333333
gru,cpr,0000000101000,42,unseen,bit_accuracy,0.6923076923076923
gru,cpr,0000000101000,42,unseen,exact_match,0.0
gru,cpr,0000000101000,7,seen,macro_f1,0.07692307692307693
gru,cpr,0000000101000,7,seen,micro_f1,0.4
gru,cpr,0000000101000,7,seen,bit_accuracy,0.7692307692307693
gru,cpr,0000000101000,7,seen,exact_match,0.0
gru,cpr,0000000101000,7,unseen,macro_f1,0.07692307692307693
gru,cpr,0000000101000,7,unseen,micro_f1,0.4166666666666667
gru,cpr,0000000101000,7,unseen,bit_accuracy,0.7846153846153846
gru,cpr,0000000101000,7,unseen,exact_match,0.0
gru,cpr,0000000110000,123,seen,macro_f1,0.07692307692307693
gru,cpr,0000000110000,123,seen,micro_f1,0.4
gru,cpr,0000000110000,123,seen,bit_accuracy,0.7692307692307693
gru,cpr,0000000110000,123,seen,exact_match,0.0
gru,cpr,0000000110000,123,unseen,macro_f1,0.07692307692307693
gru,cpr,0000000110000,123,unseen,micro_f1,0.26666666666666666
gru,cpr,0000000110000,123,unseen,bit_accuracy,0.5769230769230769
gru,cpr,0000000110000,123,unseen,exact_match,0.0
gru,cpr,0000000110000,42,seen,macro_f1,0.14529914529914528
gru,cpr,0000000110000,42,seen,micro_f1,0.6206896551724138
gru,cpr,0000000110000,42,seen,bit_accuracy,0.8307692307692308
gru,cpr,0000000110000,42,seen,exact_match,0.0
gru,cpr,0000000110000,42,unseen,macro_f1,0.07692307692307693
gru,cpr,0000000110000,42,unseen,micro_f1,0.5
gru,cpr,0000000110000,42,unseen,bit_accuracy,0.8461538461538461
gru,cpr,0000000110000,42,unseen,exact_match,0.0
gru,cpr,0000000110000,7,seen,macro_f1,0.15384615384615385
gru,cpr,0000000110000,7,seen,micro_f1,1.0
gru,cpr,0000000110000,7,seen,bit_accuracy,1.0
gru,cpr,0000000110000,7,seen,exact_match,1.0
gru,cpr,0000000110000,7,unseen,macro_f1,0.07692307692307693
gru,cpr,0000000110000,7,unseen,micro_f1,0.5263157894736842
gru,cpr,0000000110000,7,unseen,bit_accuracy,0.8615384615384616
gru,cpr,0000000110000,7,unseen,exact_match,0.0
gru,cpr,0000001000000,123,seen,macro_f1,0.07692307692307693
gru,cpr,0000001000000,123,seen,micro_f1,0.5063291139240507
gru,cpr,0000001000000,123,seen,bit_accuracy,0.85
gru,cpr,0000001000000,123,seen,exact_match,0.15
gru,cpr,0000001000000,123,unseen,macro_f1,0.07692307692307693
gru,cpr,0000001000000,123,unseen,micro_f1,0.42105263157894735
gru,cpr,0000001000000,123,unseen,bit_accuracy,0.7884615384615384
gru,cpr,0000001000000,123,unseen,exact_match,0.05
gru,cpr,0000001000000,42,seen,macro_f1,0.07692307692307693
gru,cpr,0000001000000,42,seen,micro_f1,0.8
gru,cpr,0000001000000,42,seen,bit_accuracy,0.9615384615384616
gru,cpr,0000001000000,42,seen,exact_match,0.5
gru,cpr,0000001000000,42,unseen,macro_f1,0.07692307692307693
gru,cpr,0000001000000,42,unseen,micro_f1,0.8
gru,cpr,0000001000000,42,unseen,bit_accuracy,0.9615384615384616
gru,cpr,0000001000000,42,unseen,exact_match,0.5
gru,cpr,0000001000000,7,seen,macro_f1,0.07692307692307693
gru,cpr,0000001000000,7,seen,micro_f1,0.8
gru,cpr,0000001000000,7,seen,bit_accuracy,0.9615384615384616
gru,cpr,0000001000000,7,seen,exact_match,0.5
gru,cpr,0000001000000,7,unseen,macro_f1,0.07692307692307693
gru,cpr,0000001000000,7,unseen,micro_f1,0.5797101449275363
gru,cpr,0000001000000,7,unseen,bit_accuracy,0.8884615384615384
gru,cpr,0000001000000,7,unseen,exact_match,0.1
gru,cpr,0000001000001,123,seen,macro_f1,0.14529914529914528
gru,cpr,0000001000001,123,seen,micro_f1,0.8181818181818182
gru,cpr,0000001000001,123,seen,bit_accuracy,0.9384615384615385
gru,cpr,0000001000001,123,seen,exact_match,0.4
gru,cpr,0000001000001,123,unseen,macro_f1,0.07692307692307693
gru,cpr,0000001000001,123,unseen,micro_f1,0.5882352941176471
gru,cpr,0000001000001,123,unseen,bit_accuracy,0.8923076923076924
gru,cpr,0000001000001,123,unseen,exact_match,0.0
gru,cpr,0000001000001,42,seen,macro_f1,0.1346153846153846
gru,cpr,0000001000001,42,seen,micro_f1,0.8888888888888888
gru,cpr,0000001000001,42,seen,bit_accuracy,0.9692307692307692
gru,cpr,0000001000001,42,seen,exact_match,0.6
gru,cpr,0000001000001,42,unseen,macro_f1,0.07692307692307693
gru,cpr,0000001000001,42,unseen,micro_f1,0.4
gru,cpr,0000001000001,42,unseen,bit_accuracy,0.7692307692307693
gru,cpr,0000001000001,42,unseen,exact_match,0.0
gru,cpr,0000001000001,7,seen,macro_f1,0.07692307692307693
gru,cpr,0000001000001,7,seen,micro_f1,0.36363636363636365
gru,cpr,0000001000001,7,seen,bit_accuracy,0.7307692307692307
gru,cpr,0000001000001,7,seen,exact_match,0.0
gru,cpr,0000001000001,7,unseen,macro_f1,0.07692307692307693
gru,cpr,0000001000001,7,unseen,micro_f1,0.4444444444444444
gru,cpr,0000001000001,7,unseen,bit_accuracy,0.8076923076923077
gru,cpr,0000001000001,7,unseen,exact_match,0.0
gru,cpr,0000001000010,123,seen,macro_f1,0.07692307692307693
gru,cpr,0000001000010,123,seen,micro_f1,0.6666666666666666
gru,cpr,0000001000010,123,seen,bit_accuracy,0.9230769230769231
gru,cpr,0000001000010,123,seen,exact_match,0.0
gru,cpr,0000001000010,123,unseen,macro_f1,0.07692307692307693
gru,cpr,0000001000010,123,unseen,micro_f1,0.4444444444444444
gru,cpr,0000001000010,123,unseen,bit_accuracy,0.8076923076923077
gru,cpr,0000001000010,123,unseen,exact_match,0.0
gru,cpr,0000001000010,42,seen,macro_f1,0.14529914529914528
gru,cpr,0000001000010,42,seen,micro_f1,0.8571428571428571
gru,cpr,0000001000010,42,seen,bit_accuracy,0.9538461538461539
gru,cpr,0000001000010,42,seen,exact_match,0.6
gru,cpr,0000001000010,42,unseen,macro_f1,0.07692307692307693
gru,cpr,0000001000010,42,unseen,micro_f1,0.4166666666666667
gru,cpr,0000001000010,42,unseen,bit_accuracy,0.7846153846153846
gru,cpr,0000001000010,42,unseen,exact_match,0.0
gru,cpr,0000001000010,7,seen,macro_f1,0.14529914529914528
gru,cpr,0000001000010,7,seen,micro_f1,0.8181818181818182
gru,cpr,0000001000010,7,seen,bit_accuracy,0.9384615384615385
gru,cpr,0000001000010,7,seen,exact_match,0.4
gru,cpr,0000001000010,7,unseen,macro_f1,0.07692307692307693
gru,cpr,0000001000010,7,unseen,micro_f1,0.5882352941176471
gru,cpr,0000001000010,7,unseen,bit_accuracy,0.8923076923076924
gru,cpr,0000001000010,7,unseen,exact_match,0.0
gru,cpr,0000001000100,123,seen,macro_f1,0.10256410256410256
gru,cpr,0000001000100,123,seen,micro_f1,0.5454545454545454
gru,cpr,0000001000100,123,seen,bit_accuracy,0.8461538461538461
gru,cpr,0000001000100,123,seen,exact_match,0.0
gru,cpr,0000001000100,123,unseen,macro_f1,0.07692307692307693
gru,cpr,0000001000100,123,unseen,micro_f1,0.38461538461538464
gru,cpr,0000001000100,123,unseen,bit_accuracy,0.7538461538461538
gru,cpr,0000001000100,123,unseen,exact_match,0.0
gru,cpr,0000001000100,42,seen,macro_f1,0.12087912087912088
gru,cpr,0000001000100,42,seen,micro_f1,0.6086956521739131
gru,cpr,0000001000100,42,seen,bit_accuracy,0.8615384615384616
gru,cpr,0000001000100,42,seen,exact_match,0.0
gru,cpr,0000001000100,42,unseen,macro_f1,0.07692307692307693
gru,cpr,0000001000100,42,unseen,micro_f1,0.4
gru,cpr,0000001000100,42,unseen,bit_accuracy,0.7692307692307693
gru,cpr,0000001000100,42,unseen,exact_match,0.0
gru,cpr,0000001000100,7,seen,macro_f1,0.07692307692307693
gru,cpr,0000001000100,7,seen,micro_f1,0.5
gru,cpr,0000001000100,7,seen,bit_accuracy,0.8461538461538461
gru,cpr,0000001000100,7,seen,exact_match,0.0
gru,cpr,0000001000100,7,unseen,macro_f1,0.07692307692307693
gru,cpr,0000001000100,7,unseen,micro_f1,0.4444444444444444
gru,cpr,0000001000100,7,unseen,bit_accuracy,0.8076923076923077
gru,cpr,0000001000100,7,unseen,exact_match,0.0
gru,cpr,0000001001000,123,seen,macro_f1,0.1282051282051282
gru,cpr,0000001001000,123,seen,micro_f1,0.6
gru,cpr,0000001001000,123,seen,bit_accuracy,0.8461538461538461
gru,cpr,0000001001000,123,seen,exact_match,0.0
gru,cpr,0000001001000,123,unseen,macro_f1,0.07692307692307693
gru,cpr,0000001001000,123,unseen,micro_f1,0.5
gru,cpr,0000001001000,123,unseen,bit_accuracy,0.8461538461538461
gru,cpr,0000001001000,123,unseen,exact_match,0.0
gru,cpr,0000001001000,42,seen,macro_f1,0.07692307692307693
gru,cpr,0000001001000,42,seen,micro_f1,0.47619047619047616
gru,cpr,0000001001000,42,seen,bit_accuracy,0.8307692307692308
gru,cpr,0000001001000,42,seen,exact_match,0.0
gru,cpr,0000001001000,42,unseen,macro_f1,0.07692307692307693
gru,cpr,0000001001000,42,unseen,micro_f1,0.5263157894736842
gru,cpr,0000001001000,42,unseen,bit_accuracy,0.8615384615384616
gru,cpr,0000001001000,42,unseen,exact_match,0.0
gru,cpr,0000001001000,7,seen,macro_f1,0.07692307692307693
gru,cpr,0000001001000,7,seen,micro_f1,0.4166666666666667
gru,cpr,0000001001000,7,seen,bit_accuracy,0.7846153846153846
gru,cpr,0000001001000,7,seen,exact_match,0.0
gru,cpr,0000001001000,7,unseen,macro_f1,0.07692307692307693
gru,cpr,0000001001000,7,unseen,micro_f1,0.38461538461538464
gru,cpr,0000001001000,7,unseen,bit_accuracy,0.7538461538461538
gru,cpr,0000001001000,7,unseen,exact_match,0.0
gru,cpr,0000001010000,123,seen,macro_f1,0.07692307692307693
gru,cpr,0000001010000,123,seen,micro_f1,0.45454545454545453
gru,cpr,0000001010000,123,seen,bit_accuracy,0.8153846153846154
gru,cpr,0000001010000,123,seen,exact_match,0.0
gru,cpr,0000001010000,123,unseen,macro_f1,0.07692307692307693
gru,cpr,0000001010000,123,unseen,micro_f1,0.45454545454545453
gru,cpr,0000001010000,123,unseen,bit_accuracy,0.8153846153846154
gru,cpr,0000001010000,123,unseen,exact_match,0.0
gru,cpr,0000001010000,42,seen,macro_f1,0.1346153846153846
gru,cpr,0000001010000,42,seen,micro_f1,0.7272727272727273
gru,cpr,0000001010000,42,seen,bit_accuracy,0.9076923076923077
gru,cpr,0000001010000,42,seen,exact_match,0.0
gru,cpr,0000001010000,42,unseen,macro_f1,0.07692307692307693
gru,cpr,0000001010000,42,unseen,micro_f1,0.43478260869565216
gru,cpr,0000001010000,42,unseen,bit_accuracy,0.8
gru,cpr,0000001010000,42,unseen,exact_match,0.0
gru,cpr,0000001010000,7,seen,macro_f1,0.15384615384615385
gru,cpr,0000001010000,7,seen,micro_f1,0.8
gru,cpr,0000001010000,7,seen,bit_accuracy,0.9230769230769231
gru,cpr,0000001010000,7,seen,exact_match,0.0
gru,cpr,0000001010000,7,unseen,macro_f1,0.07692307692307693
gru,cpr,0000001010000,7,unseen,micro_f1,0.5714285714285714
gru,cpr,0000001010000,7,unseen,bit_accuracy,0.8846153846153846
gru,cpr,0000001010000,7,unseen,exact_match,0.0
gru,cpr,0000010000000,123,seen,macro_f1,0.05128205128205128
gru,cpr,0000010000000,123,seen,micro_f1,0.37735849056603776
gru,cpr,0000010000000,123,seen,bit_accuracy,0.8730769230769231
gru,cpr,0000010000000,123,seen,exact_match,0.05
gru,cpr,0000010000000,123,unseen,macro_f1,0.03550295857988166
gru,cpr,0000010000000,123,unseen,micro_f1,0.1643835616438356
gru,cpr,0000010000000,123,unseen,bit_accuracy,0.7653846153846153
gru,cpr,0000010000000,123,unseen,exact_match,0.0
gru,cpr,0000010000000,42,seen,macro_f1,0.013986013986013986
gru,cpr,0000010000000,42,seen,micro_f1,0.0625
gru,cpr,0000010000000,42,seen,bit_accuracy,0.7692307692307693
gru,cpr,0000010000000,42,seen,exact_match,0.0
gru,cpr,0000010000000,42,unseen,macro_f1,0.0
gru,cpr,0000010000000,42,unseen,micro_f1,0.0
gru,cpr,0000010000000,42,unseen,bit_accuracy,0.7384615384615385
gru,cpr,0000010000000,42,unseen,exact_match,0.0
gru,cpr,0000010000000,7,seen,macro_f1,0.05128205128205128
gru,cpr,0000010000000,7,seen,micro_f1,0.2857142857142857
gru,cpr,0000010000000,7,seen,bit_accuracy,0.8076923076923077
gru,cpr,0000010000000,7,seen,exact_match,0.0
gru,cpr,0000010000000,7,unseen,macro_f1,0.05128205128205128
gru,cpr,0000010000000,7,unseen,micro_f1,0.3333333333333333
gru,cpr,0000010000000,7,unseen,bit_accuracy,0.8461538461538461
gru,cpr,0000010000000,7,unseen,exact_match,0.0
gru,cpr,0000010000010,123,seen,macro_f1,0.10256410256410256
gru,cpr,0000010000010,123,seen,micro_f1,0.5714285714285714
gru,cpr,0000010000010,123,seen,bit_accuracy,0.8615384615384616
gru,cpr,0000010000010,123,seen,exact_match,0.2
gru,cpr,0000010000010,123,unseen,macro_f1,0.07692307692307693
gru,cpr,0000010000010,123,unseen,micro_f1,0.5
gru,cpr,0000010000010,123,unseen,bit_accuracy,0.8461538461538461
gru,cpr,0000010000010,123,unseen,exact_match,0.0
gru,cpr,0000010000010,42,seen,macro_f1,0.07692307692307693
gru,cpr,0000010000010,42,seen,micro_f1,0.5
gru,cpr,0000010000010,42,seen,bit_accuracy,0.8461538461538461
gru,cpr,0000010000010,42,seen,exact_match,0.0
gru,cpr,0000010000010,42,unseen,macro_f1,0.07692307692307693
gru,cpr,0000010000010,42,unseen,micro_f1,0.5
gru,cpr,0000010000010,42,unseen,bit_accuracy,0.8461538461538461
gru,cpr,0000010000010,42,unseen,exact_match,0.0
gru,cpr,0000010000010,7,seen,macro_f1,0.10256410256410256
gru,cpr,0000010000010,7,seen,micro_f1,0.5454545454545454
gru,cpr,0000010000010,7,seen,bit_accuracy,0.8461538461538461
gru,cpr,0000010000010,7,seen,exact_match,0.0
gru,cpr,0000010000010,7,unseen,macro_f1,0.07692307692307693
gru,cpr,0000010000010,7,unseen,micro_f1,0.5882352941176471
gru,cpr,0000010000010,7,unseen,bit_accuracy,0.8923076923076924
gru,cpr,0000010000010,7,unseen,exact_match,0.0
gru,cpr,0000010000100,123,seen,macro_f1,0.1282051282051282
gru,cpr,0000010000100,123,seen,micro_f1,0.75
gru,cpr,0000010000100,123,seen,bit_accuracy,0.9230769230769231
gru,cpr,0000010000100,123,seen,exact_match,0.5
gru,cpr,0000010000100,123,unseen,macro_f1,0.1282051282051282
gru,cpr,0000010000100,123,unseen,micro_f1,0.75
gru,cpr,0000010000100,123,unseen,bit_accuracy,0.9230769230769231
gru,cpr,0000010000100,123,unseen,exact_match,0.5
gru,cpr,0000010000100,42,seen,macro_f1,0.10256410256410256
gru,cpr,0000010000100,42,seen,micro_f1,0.75
gru,cpr,0000010000100,42,seen,bit_accuracy,0.9384615384615385
gru,cpr,0000010000100,42,seen,exact_match,0.2
gru,cpr,0000010000100,42,unseen,macro_f1,0.07692307692307693
gru,cpr,0000010000100,42,unseen,micro_f1,0.5555555555555556
gru,cpr,0000010000100,42,unseen,bit_accuracy,0.8769230769230769
gru,cpr,0000010000100,42,unseen,exact_match,0.0
gru,cpr,0000010000100,7,seen,macro_f1,0.1346153846153846
gru,cpr,0000010000100,7,seen,micro_f1,0.8
gru,cpr,0000010000100,7,seen,bit_accuracy,0.9384615384615385
gru,cpr,0000010000100,7,seen,exact_match,0.4
gru,cpr,0000010000100,7,unseen,macro_f1,0.07692307692307693
gru,cpr,0000010000100,7,unseen,micro_f1,0.625
gru,cpr,0000010000100,7,unseen,bit_accuracy,0.9076923076923077
gru,cpr,0000010000100,7,unseen,exact_match,0.0
gru,cpr,0000010001000,123,seen,macro_f1,0.07692307692307693
gru,cpr,0000010001000,123,seen,micro_f1,0.5
gru,cpr,0000010001000,123,seen,bit_accuracy,0.8461538461538461
gru,cpr,0000010001000,123,seen,exact_match,0.0
gru,cpr,0000010001000,123,unseen,macro_f1,0.07692307692307693
gru,cpr,0000010001000,123,unseen,micro_f1,0.5
gru,cpr,0000010001000,123,unseen,bit_accuracy,0.8461538461538461
gru,cpr,0000010001000,123,unseen,exact_match,0.0
gru,cpr,0000010001000,42,seen,macro_f1,0.05128205128205128
gru,cpr,0000010001000,42,seen,micro_f1,0.2222222222222222
gru,cpr,0000010001000,42,seen,bit_accuracy,0.7307692307692307
gru,cpr,0000010001000,42,seen,exact_match,0.0
gru,cpr,0000010001000,42,unseen,macro_f1,0.07692307692307693
gru,cpr,0000010001000,42,unseen,micro_f1,0.5714285714285714
gru,cpr,0000010001000,42,unseen,bit_accuracy,0.8846153846153846
gru,cpr,0000010001000,42,unseen,exact_match,0.0
gru,cpr,0000010001000,7,seen,macro_f1,0.10256410256410256
gru,cpr,0000010001000,7,seen,micro_f1,0.631578947368421
gru,cpr,0000010001000,7,seen,bit_accuracy,0.8923076923076924
gru,cpr,0000010001000,7,seen,exact_match,0.0
gru,cpr,0000010001000,7,unseen,macro_f1,0.07692307692307693
gru,cpr,0000010001000,7,unseen,micro_f1,0.5
gru,cpr,0000010001000,7,unseen,bit_accuracy,0.8461538461538461
gru,cpr,0000010001000,7,unseen,exact_match,0.0
gru,cpr,0000010010000,123,seen,macro_f1,0.15384615384615385
gru,cpr,0000010010000,123,seen,micro_f1,0.7272727272727273
gru,cpr,0000010010000,123,seen,bit_accuracy,0.8846153846153846
gru,cpr,0000010010000,123,seen,exact_match,0.0
gru,cpr,0000010010000,123,unseen,macro_f1,0.07692307692307693
gru,cpr,0000010010000,123,unseen,micro_f1,0.4444444444444444
gru,cpr,0000010010000,123,unseen,bit_accuracy,0.8076923076923077
gru,cpr,0000010010000,123,unseen,exact_match,0.0
gru,cpr,0000010010000,42,seen,macro_f1,0.1346153846153846
gru,cpr,0000010010000,42,seen,micro_f1,0.6956521739130435
gru,cpr,0000010010000,42,seen,bit_accuracy,0.8923076923076924
gru,cpr,0000010010000,42,seen,exact_match,0.0
gru,cpr,0000010010000,42,unseen,macro_f1,0.08333333333333333
gru,cpr,0000010010000,42,unseen,micro_f1,0.4444444444444444
gru,cpr,0000010010000,42,unseen,bit_accuracy,0.8461538461538461
gru,cpr,0000010010000,42,unseen,exact_match,0.0
gru,cpr,0000010010000,7,seen,macro_f1,0.094017094017094
gru,cpr,0000010010000,7,seen,micro_f1,0.5555555555555556
gru,cpr,0000010010000,7,seen,bit_accuracy,0.8769230769230769
gru,cpr,0000010010000,7,seen,exact_match,0.2
gru,cpr,0000010010000,7,unseen,macro_f1,0.06837606837606837
gru,cpr,0000010010000,7,unseen,micro_f1,0.4444444444444444
gru,cpr,0000010010000,7,unseen,bit_accuracy,0.8461538461538461
gru,cpr,0000010010000,7,unseen,exact_match,0.0
gru,cpr,0000010100000,123,seen,macro_f1,0.07692307692307693
gru,cpr,0000010100000,123,seen,micro_f1,0.5263157894736842
gru,cpr,0000010100000,123,seen,bit_accuracy,0.8615384615384616
gru,cpr,0000010100000,123,seen,exact_match,0.0
gru,cpr,0000010100000,123,unseen,macro_f1,0.07692307692307693
gru,cpr,0000010100000,123,unseen,micro_f1,0.4166666666666667
gru,cpr,0000010100000,123,unseen,bit_accuracy,0.7846153846153846
gru,cpr,0000010100000,123,unseen,exact_match,0.0
gru,cpr,0000010100000,42,seen,macro_f1,0.07692307692307693
gru,cpr,0000010100000,42,seen,micro_f1,0.5714285714285714
gru,cpr,0000010100000,42,seen,bit_accuracy,0.8846153846153846
gru,cpr,0000010100000,42,seen,exact_match,0.0
gru,cpr,0000010100000,42,unseen,macro_f1,0.07692307692307693
gru,cpr,0000010100000,42,unseen,micro_f1,0.5
gru,cpr,0000010100000,42,unseen,bit_accuracy,0.8461538461538461
gru,cpr,0000010100000,42,unseen,exact_match,0.0
gru,cpr,0000010100000,7,seen,macro_f1,0.07692307692307693
gru,cpr,0000010100000,7,seen,micro_f1,0.45454545454545453
gru,cpr,0000010100000,7,seen,bit_accuracy,0.8153846153846154
gru,cpr,0000010100000,7,seen,exact_match,0.0
gru,cpr,0000010100000,7,unseen,macro_f1,0.07692307692307693
gru,cpr,0000010100000,7,unseen,micro_f1,0.4
gru,cpr,0000010100000,7,unseen,bit_accuracy,0.7692307692307693
gru,cpr,0000010100000,7,unseen,exact_match,0.0
gru,cpr,0000011000000,123,seen,macro_f1,0.1282051282051282
gru,cpr,0000011000000,123,seen,micro_f1,0.75
gru,cpr,0000011000000,123,seen,bit_accuracy,0.9230769230769231
gru,cpr,0000011000000,123,seen,exact_match,0.5
gru,cpr,0000011000000,123,unseen,macro_f1,0.07692307692307693
gru,cpr,0000011000000,123,unseen,micro_f1,0.6666666666666666
gru,cpr,0000011000000,123,unseen,bit_accuracy,0.9230769230769231
gru,cpr,0000011000000,123,unseen,exact_match,0.0
gru,cpr,0000011000000,42,seen,macro_f1,0.07692307692307693
gru,cpr,0000011000000,42,seen,micro_f1,0.5263157894736842
gru,cpr,0000011000000,42,seen,bit_accuracy,0.8615384615384616
gru,cpr,0000011000000,42,seen,exact_match,0.0
gru,cpr,0000011000000,42,unseen,macro_f1,0.07692307692307693
gru,cpr,0000011000000,42,unseen,micro_f1,0.5555555555555556
gru,cpr,0000011000000,42,unseen,bit_accuracy,0.8769230769230769
gru,cpr,0000011000000,42,unseen,exact_match,0.0
gru,cpr,0000011000000,7,seen,macro_f1,0.07692307692307693
gru,cpr,0000011000000,7,seen,micro_f1,0.47619047619047616
gru,cpr,0000011000000,7,seen,bit_accuracy,0.8307692307692308
gru,cpr,0000011000000,7,seen,exact_match,0.0
gru,cpr,0000011000000,7,unseen,macro_f1,0.07692307692307693
gru,cpr,0000011000000,7,unseen,micro_f1,0.45454545454545453
gru,cpr,0000011000000,7,unseen,bit_accuracy,0.8153846153846154
gru,cpr,0000011000000,7,unseen,exact_match,0.0
gru,cpr,0000100000000,123,seen,macro_f1,0.07692307692307693
gru,cpr,0000100000000,123,seen,micro_f1,0.7272727272727273
gru,cpr,0000100000000,123,seen,bit_accuracy,0.9423076923076923
gru,cpr,0000100000000,123,seen,exact_match,0.3
gru,cpr,0000100000000,123,unseen,macro_f1,0.07692307692307693
gru,cpr,0000100000000,123,unseen,micro_f1,0.5633802816901409
gru,cpr,0000100000000,123,unseen,bit_accuracy,0.8807692307692307
gru,cpr,0000100000000,123,unseen,exact_match,0.0
gru,cpr,0000100000000,42,seen,macro_f1,0.05128205128205128
gru,cpr,0000100000000,42,seen,micro_f1,0.4
gru,cpr,0000100000000,42,seen,bit_accuracy,0.8846153846153846
gru,cpr,0000100000000,42,seen,exact_match,0.0
gru,cpr,0000100000000,42,unseen,macro_f1,0.07692307692307693
gru,cpr,0000100000000,42,unseen,micro_f1,0.5
gru,cpr,0000100000000,42,unseen,bit_accuracy,0.8461538461538461
gru,cpr,0000100000000,42,unseen,exact_match,0.0
gru,cpr,0000100000000,7,seen,macro_f1,0.07692307692307693
gru,cpr,0000100000000,7,seen,micro_f1,0.7692307692307693
gru,cpr,0000100000000,7,seen,bit_accuracy,0.9538461538461539
gru,cpr,0000100000000,7,seen,exact_match,0.5
gru,cpr,0000100000000,7,unseen,macro_f1,0.07495069033530571
gru,cpr,0000100000000,7,unseen,micro_f1,0.6551724137931034
gru,cpr,0000100000000,7,unseen,bit_accuracy,0.9230769230769231
gru,cpr,0000100000000,7,unseen,exact_match,0.1
gru,cpr,0000100000001,123,seen,macro_f1,0.14529914529914528
gru,cpr,0000100000001,123,seen,micro_f1,0.8571428571428571
gru,cpr,0000100000001,123,seen,bit_accuracy,0.9538461538461539
gru,cpr,0000100000001,123,seen,exact_match,0.4
gru,cpr,0000100000001,123,unseen,macro_f1,0.07692307692307693
gru,cpr,0000100000001,123,unseen,micro_f1,0.5
gru,cpr,0000100000001,123,unseen,bit_accuracy,0.8461538461538461
gru,cpr,0000100000001,123,unseen,exact_match,0.0
gru,cpr,0000100000001,42,seen,macro_f1,0.14529914529914528
gru,cpr,0000100000001,42,seen,micro_f1,0.8571428571428571
gru,cpr,0000100000001,42,seen,bit_accuracy,0.9538461538461539
gru,cpr,0000100000001,42,seen,exact_match,0.6
gru,cpr,0000100000001,42,unseen,macro_f1,0.07692307692307693
gru,cpr,0000100000001,42,unseen,micro_f1,0.625
gru,cpr,0000100000001,42,unseen,bit_accuracy,0.9076923076923077
gru,cpr,0000100000001,42,unseen,exact_match,0.0
gru,cpr,0000100000001,7,seen,macro_f1,0.07692307692307693
gru,cpr,0000100000001,7,seen,micro_f1,0.6666666666666666
gru,cpr,0000100000001,7,seen,bit_accuracy,0.9230769230769231
gru,cpr,0000100000001,7,seen,exact_match,0.0
gru,cpr,0000100000001,7,unseen,macro_f1,0.1282051282051282
gru,cpr,0000100000001,7,unseen,micro_f1,0.75
gru,cpr,0000100000001,7,unseen,bit_accuracy,0.9230769230769231
gru,cpr,0000100000001,7,unseen,exact_match,0.5
gru,cpr,0000100000100,123,seen,macro_f1,0.15384615384615385
gru,cpr,0000100000100,123,seen,micro_f1,0.9523809523809523
gru,cpr,0000100000100,123,seen,bit_accuracy,0.9846153846153847
gru,cpr,0000100000100,123,seen,exact_match,0.8
gru,cpr,0000100000100,123,unseen,macro_f1,0.07692307692307693
gru,cpr,0000100000100,123,unseen,micro_f1,0.5
gru,cpr,0000100000100,123,unseen,bit_accuracy,0.8461538461538461
gru,cpr,0000100000100,123,unseen,exact_match,0.0
gru,cpr,0000100000100,42,seen,macro_f1,0.14529914529914528
gru,cpr,0000100000100,42,seen,micro_f1,0.75
gru,cpr,0000100000100,42,seen,bit_accuracy,0.9076923076923077
gru,cpr,0000100000100,42,seen,exact_match,0.0
gru,cpr,0000100000100,42,unseen,macro_f1,0.07692307692307693
gru,cpr,0000100000100,42,unseen,micro_f1,0.5263157894736842
gru,cpr,0000100000100,42,unseen,bit_accuracy,0.8615384615384616
gru,cpr,0000100000100,42,unseen,exact_match,0.0
gru,cpr,0000100000100,7,seen,macro_f1,0.07692307692307693
gru,cpr,0000100000100,7,seen,micro_f1,0.5714285714285714
gru,cpr,0000100000100,7,seen,bit_accuracy,0.8846153846153846
gru,cpr,0000100000100,7,seen,exact_match,0.0
gru,cpr,0000100000100,7,unseen,macro_f1,0.07692307692307693
gru,cpr,0000100000100,7,unseen,micro_f1,0.4444444444444444
gru,cpr,0000100000100,7,unseen,bit_accuracy,0.8076923076923077
gru,cpr,0000100000100,7,unseen,exact_match,0.0
gru,cpr,0000100001000,123,seen,macro_f1,0.07692307692307693
gru,cpr,0000100001000,123,seen,micro_f1,0.4444444444444444
gru,cpr,0000100001000,123,seen,bit_accuracy,0.8076923076923077
gru,cpr,0000100001000,123,seen,exact_match,0.0
gru,cpr,0000100001000,123,unseen,macro_f1,0.07692307692307693
gru,cpr,0000100001000,123,unseen,micro_f1,0.5714285714285714
gru,cpr,0000100001000,123,unseen,bit_accuracy,0.8846153846153846
gru,cpr,0000100001000,123,unseen,exact_match,0.0
gru,cpr,0000100001000,42,seen,macro_f1,0.10256410256410256
gru,cpr,0000100001000,42,seen,micro_f1,0.6
gru,cpr,0000100001000,42,seen,bit_accuracy,0.8769230769230769
gru,cpr,0000100001000,42,seen,exact_match,0.2
gru,cpr,0000100001000,42,unseen,macro_f1,0.07692307692307693
gru,cpr,0000100001000,42,unseen,micro_f1,0.43478260869565216
gru,cpr,0000100001000,42,unseen,bit_accuracy,0.8
gru,cpr,0000100001000,42,unseen,exact_match,0.0
gru,cpr,0000100001000,7,seen,macro_f1,0.07692307692307693
gru,cpr,0000100001000,7,seen,micro_f1,0.5
gru,cpr,0000100001000,7,seen,bit_accuracy,0.8461538461538461
gru,cpr,0000100001000,7,seen,exact_match,0.0
gru,cpr,0000100001000,7,unseen,macro_f1,0.07692307692307693
gru,cpr,0000100001000,7,unseen,micro_f1,0.6666666666666666
gru,cpr,0000100001000,7,unseen,bit_accuracy,0.9230769230769231
gru,cpr,0000100001000,7,unseen,exact_match,0.0
gru,cpr,0000100010000,123,seen,macro_f1,0.15384615384615385
gru,cpr,0000100010000,123,seen,micro_f1,0.9523809523809523
gru,cpr,0000100010000,123,seen,bit_accuracy,0.9846153846153847
gru,cpr,0000100010000,123,seen,exact_match,0.8
gru,cpr,0000100010000,123,unseen,macro_f1,0.07692307692307693
gru,cpr,0000100010000,123,unseen,micro_f1,0.5
gru,cpr,0000100010000,123,unseen,bit_accuracy,0.8461538461538461
gru,cpr,0000100010000,123,unseen,exact_match,0.0
gru,cpr,0000100010000,42,seen,macro_f1,0.15384615384615385
gru,cpr,0000100010000,42,seen,micro_f1,0.7692307692307693
gru,cpr,0000100010000,42,seen,bit_accuracy,0.9076923076923077
gru,cpr,0000100010000,42,seen,exact_match,0.0
gru,cpr,0000100010000,42,unseen,macro_f1,0.15384615384615385
gru,cpr,0000100010000,42,unseen,micro_f1,0.8333333333333334
gru,cpr,0000100010000,42,unseen,bit_accuracy,0.9384615384615385
gru,cpr,0000100010000,42,unseen,exact_match,0.6
gru,cpr,0000100010000,7,seen,macro_f1,0.15384615384615385
gru,cpr,0000100010000,7,seen,micro_f1,0.7272727272727273
gru,cpr,0000100010000,7,seen,bit_accuracy,0.8846153846153846
gru,cpr,0000100010000,7,seen,exact_match,0.0
gru,cpr,0000100010000,7,unseen,macro_f1,0.15384615384615385
gru,cpr,0000100010000,7,unseen,micro_f1,0.8
gru,cpr,0000100010000,7,unseen,bit_accuracy,0.9230769230769231
gru,cpr,0000100010000,7,unseen,exact_match,0.0
gru,cpr,0000100100000,123,seen,macro_f1,0.1282051282051282
gru,cpr,0000100100000,123,seen,micro_f1,0.75
gru,cpr,0000100100000,123,seen,bit_accuracy,0.9230769230769231
gru,cpr,0000100100000,123,seen,exact_match,0.5
gru,cpr,0000100100000,123,unseen,macro_f1,0.07692307692307693
gru,cpr,0000100100000,123,unseen,micro_f1,0.5714285714285714
gru,cpr,0000100100000,123,unseen,bit_accuracy,0.8846153846153846
gru,cpr,0000100100000,123,unseen,exact_match,0.0
gru,cpr,0000100100000,42,seen,macro_f1,0.15384615384615385
gru,cpr,0000100100000,42,seen,micro_f1,0.8
gru,cpr,0000100100000,42,seen,bit_accuracy,0.9230769230769231
gru,cpr,0000100100000,42,seen,exact_match,0.0
gru,cpr,0000100100000,42,unseen,macro_f1,0.10256410256410256
gru,cpr,0000100100000,42,unseen,micro_f1,0.5454545454545454
gru,cpr,0000100100000,42,unseen,bit_accuracy,0.8461538461538461
gru,cpr,0000100100000,42,unseen,exact_match,0.0
gru,cpr,0000100100000,7,seen,macro_f1,0.15384615384615385
gru,cpr,0000100100000,7,seen,micro_f1,0.9523809523809523
gru,cpr,0000100100000,7,seen,bit_accuracy,0.9846153846153847
gru,cpr,0000100100000,7,seen,exact_match,0.8
gru,cpr,0000100100000,7,unseen,macro_f1,0.10256410256410256
gru,cpr,0000100100000,7,unseen,micro_f1,0.48
gru,cpr,0000100100000,7,unseen,bit_accuracy,0.8
gru,cpr,0000100100000,7,unseen,exact_match,0.0
gru,cpr,0000101000000,123,seen,macro_f1,0.15384615384615385
gru,cpr,0000101000000,123,seen,micro_f1,0.8
gru,cpr,0000101000000,123,seen,bit_accuracy,0.9230769230769231
gru,cpr,0000101000000,123,seen,exact_match,0.0
gru,cpr,0000101000000,123,unseen,macro_f1,0.12087912087912088
gru,cpr,0000101000000,123,unseen,micro_f1,0.6086956521739131
gru,cpr,0000101000000,123,unseen,bit_accuracy,0.8615384615384616
gru,cpr,0000101000000,123,unseen,exact_match,0.0
gru,cpr,0000101000000,42,seen,macro_f1,0.15384615384615385
gru,cpr,0000101000000,42,seen,micro_f1,0.8333333333333334
gru,cpr,0000101000000,42,seen,bit_accuracy,0.9384615384615385
gru,cpr,0000101000000,42,seen,exact_match,0.2
gru,cpr,0000101000000,42,unseen,macro_f1,0.15384615384615385
gru,cpr,0000101000000,42,unseen,micro_f1,0.9523809523809523
gru,cpr,0000101000000,42,unseen,bit_accuracy,0.9846153846153847
gru,cpr,0000101000000,42,unseen,exact_match,0.8
gru,cpr,0000101000000,7,seen,macro_f1,0.15384615384615385
gru,cpr,0000101000000,7,seen,micro_f1,0.8
gru,cpr,0000101000000,7,seen,bit_accuracy,0.9230769230769231
gru,cpr,0000101000000,7,seen,exact_match,0.0
gru,cpr,0000101000000,7,unseen,macro_f1,0.15384615384615385
gru,cpr,0000101000000,7,unseen,micro_f1,0.8
gru,cpr,0000101000000,7,unseen,bit_accuracy,0.9230769230769231
gru,cpr,0000101000000,7,unseen,exact_match,0.0
gru,cpr,0001000000000,123,seen,macro_f1,0.07495069033530571
gru,cpr,0001000000000,123,seen,micro_f1,0.6229508196721312
gru,cpr,0001000000000,123,seen,bit_accuracy,0.9115384615384615
gru,cpr,0001000000000,123,seen,exact_match,0.05
gru,cpr,0001000000000,123,unseen,macro_f1,0.05459057071960298
gru,cpr,0001000000000,123,unseen,micro_f1,0.4583333333333333
gru,cpr,0001000000000,123,unseen,bit_accuracy,0.9
gru,cpr,0001000000000,123,unseen,exact_match,0.15
gru,cpr,0001000000000,42,seen,macro_f1,0.06837606837606837
gru,cpr,0001000000000,42,seen,micro_f1,0.6274509803921569
gru,cpr,0001000000000,42,seen,bit_accuracy,0.926923076923077
gru,cpr,0001000000000,42,seen,exact_match,0.25
gru,cpr,0001000000000,42,unseen,macro_f1,0.07692307692307693
gru,cpr,0001000000000,42,unseen,micro_f1,0.6779661016949152
gru,cpr,0001000000000,42,unseen,bit_accuracy,0.926923076923077
gru,cpr,0001000000000,42,unseen,exact_match,0.05
gru,cpr,0001000000000,7,seen,macro_f1,0.07692307692307693
gru,cpr,0001000000000,7,seen,micro_f1,1.0
gru,cpr,0001000000000,7,seen,bit_accuracy,1.0
gru,cpr,0001000000000,7,seen,exact_match,1.0
gru,cpr,0001000000000,7,unseen,macro_f1,0.07692307692307693
gru,cpr,0001000000000,7,unseen,micro_f1,0.5714285714285714
gru,cpr,0001000000000,7,unseen,bit_accuracy,0.8846153846153846
gru,cpr,0001000000000,7,unseen,exact_match,0.0
gru,cpr,0001000000001,123,seen,macro_f1,0.07692307692307693
gru,cpr,0001000000001,123,seen,micro_f1,0.3076923076923077
gru,cpr,0001000000001,123,seen,bit_accuracy,0.6538461538461539
gru,cpr,0001000000001,123,seen,exact_match,0.0
gru,cpr,0001000000001,123,unseen,macro_f1,0.07692307692307693
gru,cpr,0001000000001,123,unseen,micro_f1,0.3076923076923077
gru,cpr,0001000000001,123,unseen,bit_accuracy,0.6538461538461539
gru,cpr,0001000000001,123,unseen,exact_match,0.0
gru,cpr,0001000000001,42,seen,macro_f1,0.14529914529914528
gru,cpr,0001000000001,42,seen,micro_f1,0.6206896551724138
gru,cpr,0001000000001,42,seen,bit_accuracy,0.8307692307692308
gru,cpr,0001000000001,42,seen,exact_match,0.0
gru,cpr,0001000000001,42,unseen,macro_f1,0.1346153846153846
gru,cpr,0001000000001,42,unseen,micro_f1,0.6956521739130435
gru,cpr,0001000000001,42,unseen,bit_accuracy,0.8923076923076924
gru,cpr,0001000000001,42,unseen,exact_match,0.0
gru,cpr,0001000000001,7,seen,macro_f1,0.10256410256410256
gru,cpr,0001000000001,7,seen,micro_f1,0.3870967741935484
gru,cpr,0001000000001,7,seen,bit_accuracy,0.7076923076923077
gru,cpr,0001000000001,7,seen,exact_match,0.0
gru,cpr,0001000000001,7,unseen,macro_f1,0.07692307692307693
gru,cpr,0001000000001,7,unseen,micro_f1,0.4
gru,cpr,0001000000001,7,unseen,bit_accuracy,0.7692307692307693
gru,cpr,0001000000001,7,unseen,exact_match,0.0
gru,cpr,0001000000100,123,seen,macro_f1,0.07692307692307693
gru,cpr,0001000000100,123,seen,micro_f1,0.36363636363636365
gru,cpr,0001000000100,123,seen,bit_accuracy,0.7307692307692307
gru,cpr,0001000000100,123,seen,exact_match,0.0
gru,cpr,0001000000100,123,unseen,macro_f1,0.07692307692307693
gru,cpr,0001000000100,123,unseen,micro_f1,0.4
gru,cpr,0001000000100,123,unseen,bit_accuracy,0.7692307692307693
gru,cpr,0001000000100,123,unseen,exact_match,0.0
gru,cpr,0001000000100,42,seen,macro_f1,0.12087912087912088
gru,cpr,0001000000100,42,seen,micro_f1,0.5384615384615384
gru,cpr,0001000000100,42,seen,bit_accuracy,0.8153846153846154
gru,cpr,0001000000100,42,seen,exact_match,0.0
gru,cpr,0001000000100,42,unseen,macro_f1,0.07692307692307693
gru,cpr,0001000000100,42,unseen,micro_f1,0.45454545454545453
gru,cpr,0001000000100,42,unseen,bit_accuracy,0.8153846153846154
gru,cpr,0001000000100,42,unseen,exact_match,0.0
gru,cpr,0001000000100,7,seen,macro_f1,0.07692307692307693
gru,cpr,0001000000100,7,seen,micro_f1,0.5
gru,cpr,0001000000100,7,seen,bit_accuracy,0.8461538461538461
gru,cpr,0001000000100,7,seen,exact_match,0.0
gru,cpr,0001000000100,7,unseen,macro_f1,0.07692307692307693
gru,cpr,0001000000100,7,unseen,micro_f1,0.625
gru,cpr,0001000000100,7,unseen,bit_accuracy,0.9076923076923077
gru,cpr,0001000000100,7,unseen,exact_match,0.0
gru,cpr,0001000001000,123,seen,macro_f1,0.07692307692307693
gru,cpr,0001000001000,123,seen,micro_f1,0.5714285714285714
gru,cpr,0001000001000,123,seen,bit_accuracy,0.8846153846153846
gru,cpr,0001000001000,123,seen,exact_match,0.0
gru,cpr,0001000001000,123,unseen,macro_f1,0.07692307692307693
gru,cpr,0001000001000,123,unseen,micro_f1,0.5
gru,cpr,0001000001000,123,unseen,bit_accuracy,0.8461538461538461
gru,cpr,0001000001000,123,unseen,exact_match,0.0
gru,cpr,0001000001000,42,seen,macro_f1,0.07692307692307693
gru,cpr,0001000001000,42,seen,micro_f1,0.4444444444444444
gru,cpr,0001000001000,42,seen,bit_accuracy,0.8076923076923077
gru,cpr,0001000001000,42,seen,exact_match,0.0
gru,cpr,0001000001000,42,unseen,macro_f1,0.15384615384615385
gru,cpr,0001000001000,42,unseen,micro_f1,0.6666666666666666
gru,cpr,0001000001000,42,unseen,bit_accuracy,0.8461538461538461
gru,cpr,0001000001000,42,unseen,exact_match,0.0
gru,cpr,0001000001000,7,seen,macro_f1,0.15384615384615385
gru,cpr,0001000001000,7,seen,micro_f1,0.8333333333333334
gru,cpr,0001000001000,7,seen,bit_accuracy,0.9384615384615385
gru,cpr,0001000001000,7,seen,exact_match,0.2
gru,cpr,0001000001000,7,unseen,macro_f1,0.07692307692307693
gru,cpr,0001000001000,7,unseen,micro_f1,0.5555555555555556
gru,cpr,0001000001000,7,unseen,bit_accuracy,0.8769230769230769
gru,cpr,0001000001000,7,unseen,exact_match,0.0
gru,cpr,0001000010000,123,seen,macro_f1,0.07692307692307693
gru,cpr,0001000010000,123,seen,micro_f1,0.6666666666666666
gru,cpr,0001000010000,123,seen,bit_accuracy,0.9230769230769231
gru,cpr,0001000010000,123,seen,exact_match,0.0
gru,cpr,0001000010000,123,unseen,macro_f1,0.07692307692307693
gru,cpr,0001000010000,123,unseen,micro_f1,0.4444444444444444
gru,cpr,0001000010000,123,unseen,bit_accuracy,0.8076923076923077
gru,cpr,0001000010000,123,unseen,exact_match,0.0
gru,cpr,0001000010000,42,seen,macro_f1,0.15384615384615385
gru,cpr,0001000010000,42,seen,micro_f1,0.9523809523809523
gru,cpr,0001000010000,42,seen,bit_accuracy,0.9846153846153847
gru,cpr,0001000010000,42,seen,exact_match,0.8
gru,cpr,0001000010000,42,unseen,macro_f1,0.10256410256410256
gru,cpr,0001000010000,42,unseen,micro_f1,0.48
gru,cpr,0001000010000,42,unseen,bit_accuracy,0.8
gru,cpr,0001000010000,42,unseen,exact_match,0.0
gru,cpr,0001000010000,7,seen,macro_f1,0.14529914529914528
gru,cpr,0001000010000,7,seen,micro_f1,0.782608695652174
gru,cpr,0001000010000,7,seen,bit_accuracy,0.9230769230769231
gru,cpr,0001000010000,7,seen,exact_match,0.2
gru,cpr,0001000010000,7,unseen,macro_f1,0.1346153846153846
gru,cpr,0001000010000,7,unseen,micro_f1,0.7272727272727273
gru,cpr,0001000010000,7,unseen,bit_accuracy,0.9076923076923077
gru,cpr,0001000010000,7,unseen,exact_match,0.2
gru,cpr,0001000100000,123,seen,macro_f1,0.07692307692307693
gru,cpr,0001000100000,123,seen,micro_f1,0.5
gru,cpr,0001000100000,123,seen,bit_accuracy,0.8461538461538461
gru,cpr,0001000100000,123,seen,exact_match,0.0
gru,cpr,0001000100000,123,unseen,macro_f1,0.07692307692307693
gru,cpr,0001000100000,123,unseen,micro_f1,0.625
gru,cpr,0001000100000,123,unseen,bit_accuracy,0.9076923076923077
gru,cpr,0001000100000,123,unseen,exact_match,0.0
gru,cpr,0001000100000,42,seen,macro_f1,0.10256410256410256
gru,cpr,0001000100000,42,seen,micro_f1,0.4444444444444444
gru,cpr,0001000100000,42,seen,bit_accuracy,0.8076923076923077
gru,cpr,0001000100000,42,seen,exact_match,0.0
gru,cpr,0001000100000,42,unseen,macro_f1,0.10256410256410256
gru,cpr,0001000100000,42,unseen,micro_f1,0.5
gru,cpr,0001000100000,42,unseen,bit_accuracy,0.8461538461538461
gru,cpr,0001000100000,42,unseen,exact_match,0.0
gru,cpr,0001000100000,7,seen,macro_f1,0.14529914529914528
gru,cpr,0001000100000,7,seen,micro_f1,0.9
gru,cpr,0001000100000,7,seen,bit_accuracy,0.9692307692307692
gru,cpr,0001000100000,7,seen,exact_match,0.8
gru,cpr,0001000100000,7,unseen,macro_f1,0.07692307692307693
gru,cpr,0001000100000,7,unseen,micro_f1,0.625
gru,cpr,0001000100000,7,unseen,bit_accuracy,0.9076923076923077
gru,cpr,0001000100000,7,unseen,exact_match,0.0
gru,cpr,0001001000000,123,seen,macro_f1,0.10256410256410256
gru,cpr,0001001000000,123,seen,micro_f1,0.5
gru,cpr,0001001000000,123,seen,bit_accuracy,0.8461538461538461
gru,cpr,0001001000000,123,seen,exact_match,0.0
gru,cpr,0001001000000,123,unseen,macro_f1,0.05128205128205128
gru,cpr,0001001000000,123,unseen,micro_f1,0.3333333333333333
gru,cpr,0001001000000,123,unseen,bit_accuracy,0.8461538461538461
gru,cpr,0001001000000,123,unseen,exact_match,0.0
gru,cpr,0001001000000,42,seen,macro_f1,0.15384615384615385
gru,cpr,0001001000000,42,seen,micro_f1,1.0
gru,cpr,0001001000000,42,seen,bit_accuracy,1.0
gru,cpr,0001001000000,42,seen,exact_match,1.0
gru,cpr,0001001000000,42,unseen,macro_f1,0.15384615384615385
gru,cpr,0001001000000,42,unseen,micro_f1,1.0
gru,cpr,0001001000000,42,unseen,bit_accuracy,1.0
gru,cpr,0001001000000,42,unseen,exact_match,1.0
gru,cpr,0001001000000,7,seen,macro_f1,0.15384615384615385
gru,cpr,0001001000000,7,seen,micro_f1,1.0
gru,cpr,0001001000000,7,seen,bit_accuracy,1.0
gru,cpr,0001001000000,7,seen,exact_match,1.0
gru,cpr,0001001000000,7,unseen,macro_f1,0.07692307692307693
gru,cpr,0001001000000,7,unseen,micro_f1,0.6666666666666666
gru,cpr,0001001000000,7,unseen,bit_accuracy,0.9230769230769231
gru,cpr,0001001000000,7,unseen,exact_match,0.0
gru,cpr,0001010000000,123,seen,macro_f1,0.094017094017094
gru,cpr,0001010000000,123,seen,micro_f1,0.45454545454545453
gru,cpr,0001010000000,123,seen,bit_accuracy,0.8153846153846154
gru,cpr,0001010000000,123,seen,exact_match,0.0
gru,cpr,0001010000000,123,unseen,macro_f1,0.04395604395604395
gru,cpr,0001010000000,123,unseen,micro_f1,0.21052631578947367
gru,cpr,0001010000000,123,unseen,bit_accuracy,0.7692307692307693
gru,cpr,0001010000000,123,unseen,exact_match,0.0
gru,cpr,0001010000000,42,seen,macro_f1,0.1282051282051282
gru,cpr,0001010000000,42,seen,micro_f1,0.6
gru,cpr,0001010000000,42,seen,bit_accuracy,0.8461538461538461
gru,cpr,0001010000000,42,seen,exact_match,0.0
gru,cpr,0001010000000,42,unseen,macro_f1,0.07692307692307693
gru,cpr,0001010000000,42,unseen,micro_f1,0.5714285714285714
gru,cpr,0001010000000,42,unseen,bit_accuracy,0.8846153846153846
gru,cpr,0001010000000,42,unseen,exact_match,0.0
gru,cpr,0001010000000,7,seen,macro_f1,0.07692307692307693
gru,cpr,0001010000000,7,seen,micro_f1,0.38461538461538464
gru,cpr,0001010000000,7,seen,bit_accuracy,0.7538461538461538
gru,cpr,0001010000000,7,seen,exact_match,0.0
gru,cpr,0001010000000,7,unseen,macro_f1,0.04395604395604395
gru,cpr,0001010000000,7,unseen,micro_f1,0.17391304347826086
gru,cpr,0001010000000,7,unseen,bit_accuracy,0.7076923076923077
gru,cpr,0001010000000,7,unseen,exact_match,0.0
gru,cpr,0001100000000,123,seen,macro_f1,0.0
gru,cpr,0001100000000,123,seen,micro_f1,0.0
gru,cpr,0001100000000,123,seen,bit_accuracy,0.6923076923076923
gru,cpr,0001100000000,123,seen,exact_match,0.0
gru,cpr,0001100000000,123,unseen,macro_f1,0.0
gru,cpr,0001100000000,123,unseen,micro_f1,0.0
gru,cpr,0001100000000,123,unseen,bit_accuracy,0.7307692307692307
gru,cpr,0001100000000,123,unseen,exact_match,0.0
gru,cpr,0001100000000,42,seen,macro_f1,0.15384615384615385
gru,cpr,0001100000000,42,seen,micro_f1,0.8695652173913043
gru,cpr,0001100000000,42,seen,bit_accuracy,0.9538461538461539
gru,cpr,0001100000000,42,seen,exact_match,0.4
gru,cpr,0001100000000,42,unseen,macro_f1,0.07692307692307693
gru,cpr,0001100000000,42,unseen,micro_f1,0.5
gru,cpr,0001100000000,42,unseen,bit_accuracy,0.8461538461538461
gru,cpr,0001100000000,42,unseen,exact_match,0.0
gru,cpr,0001100000000,7,seen,macro_f1,0.1346153846153846
gru,cpr,0001100000000,7,seen,micro_f1,0.8
gru,cpr,0001100000000,7,seen,bit_accuracy,0.9384615384615385
gru,cpr,0001100000000,7,seen,exact_match,0.6
gru,cpr,0001100000000,7,unseen,macro_f1,0.094017094017094
gru,cpr,0001100000000,7,unseen,micro_f1,0.5555555555555556
gru,cpr,0001100000000,7,unseen,bit_accuracy,0.8769230769230769
gru,cpr,0001100000000,7,unseen,exact_match,0.0
gru,cpr,0010000000000,123,seen,macro_f1,0.04774535809018568
gru,cpr,0010000000000,123,seen,micro_f1,0.32142857142857145
gru,cpr,0010000000000,123,seen,bit_accuracy,0.8538461538461538
gru,cpr,0010000000000,123,seen,exact_match,0.05
gru,cpr,0010000000000,123,unseen,macro_f1,0.04395604395604395
gru,cpr,0010000000000,123,unseen,micro_f1,0.26666666666666666
gru,cpr,0010000000000,123,unseen,bit_accuracy,0.8307692307692308
gru,cpr,0010000000000,123,unseen,exact_match,0.15
gru,cpr,0010000000000,42,seen,macro_f1,0.07692307692307693
gru,cpr,0010000000000,42,seen,micro_f1,0.8
gru,cpr,0010000000000,42,seen,bit_accuracy,0.9615384615384616
gru,cpr,0010000000000,42,seen,exact_match,0.5
gru,cpr,0010000000000,42,unseen,macro_f1,0.07692307692307693
gru,cpr,0010000000000,42,unseen,micro_f1,0.8
gru,cpr,0010000000000,42,unseen,bit_accuracy,0.9615384615384616
gru,cpr,0010000000000,42,unseen,exact_match,0.5
gru,cpr,0010000000000,7,seen,macro_f1,0.07692307692307693
gru,cpr,0010000000000,7,seen,micro_f1,0.975609756097561
gru,cpr,0010000000000,7,seen,bit_accuracy,0.9961538461538462
gru,cpr,0010000000000,7,seen,exact_match,0.95
gru,cpr,0010000000000,7,unseen,macro_f1,0.07692307692307693
gru,cpr,0010000000000,7,unseen,micro_f1,0.8333333333333334
gru,cpr,0010000000000,7,unseen,bit_accuracy,0.9692307692307692
gru,cpr,0010000000000,7,unseen,exact_match,0.75
gru,cpr,0010000000001,123,seen,macro_f1,0.10256410256410256
gru,cpr,0010000000001,123,seen,micro_f1,0.41379310344827586
gru,cpr,0010000000001,123,seen,bit_accuracy,0.7384615384615385
gru,cpr,0010000000001,123,seen,exact_match,0.0
gru,cpr,0010000000001,123,unseen,macro_f1,0.07692307692307693
gru,cpr,0010000000001,123,unseen,micro_f1,0.35714285714285715
gru,cpr,0010000000001,123,unseen,bit_accuracy,0.7230769230769231
gru,cpr,0010000000001,123,unseen,exact_match,0.0
gru,cpr,0010000000001,42,seen,macro_f1,0.07692307692307693
gru,cpr,0010000000001,42,seen,micro_f1,0.43478260869565216
gru,cpr,0010000000001,42,seen,bit_accuracy,0.8
gru,cpr,0010000000001,42,seen,exact_match,0.0
gru,cpr,0010000000001,42,unseen,macro_f1,0.07692307692307693
gru,cpr,0010000000001,42,unseen,micro_f1,0.5
gru,cpr,0010000000001,42,unseen,bit_accuracy,0.8461538461538461
gru,cpr,0010000000001,42,unseen,exact_match,0.0
gru,cpr,0010000000001,7,seen,macro_f1,0.1282051282051282
gru,cpr,0010000000001,7,seen,micro_f1,0.75
gru,cpr,0010000000001,7,seen,bit_accuracy,0.9230769230769231
gru,cpr,0010000000001,7,seen,exact_match,0.0
gru,cpr,0010000000001,7,unseen,macro_f1,0.07692307692307693
gru,cpr,0010000000001,7,unseen,micro_f1,0.5
gru,cpr,0010000000001,7,unseen,bit_accuracy,0.8461538461538461
gru,cpr,0010000000001,7,unseen,exact_match,0.0
gru,cpr,0010000000100,123,seen,macro_f1,0.07692307692307693
gru,cpr,0010000000100,123,seen,micro_f1,0.4166666666666667
gru,cpr,0010000000100,123,seen,bit_accuracy,0.7846153846153846
gru,cpr,0010000000100,123,seen,exact_match,0.0
gru,cpr,0010000000100,123,unseen,macro_f1,0.07692307692307693
gru,cpr,0010000000100,123,unseen,micro_f1,0.43478260869565216
gru,cpr,0010000000100,123,unseen,bit_accuracy,0.8
gru,cpr,0010000000100,123,unseen,exact_match,0.0
gru,cpr,0010000000100,42,seen,macro_f1,0.11233211233211232
gru,cpr,0010000000100,42,seen,micro_f1,0.5217391304347826
gru,cpr,0010000000100,42,seen,bit_accuracy,0.8307692307692308
gru,cpr,0010000000100,42,seen,exact_match,0.0
gru,cpr,0010000000100,42,unseen,macro_f1,0.06837606837606837
gru,cpr,0010000000100,42,unseen,micro_f1,0.4
gru,cpr,0010000000100,42,unseen,bit_accuracy,0.8153846153846154
gru,cpr,0010000000100,42,unseen,exact_match,0.0
gru,cpr,0010000000100,7,seen,macro_f1,0.1282051282051282
gru,cpr,0010000000100,7,seen,micro_f1,0.8571428571428571
gru,cpr,0010000000100,7,seen,bit_accuracy,0.9615384615384616
gru,cpr,0010000000100,7,seen,exact_match,0.5
gru,cpr,0010000000100,7,unseen,macro_f1,0.07692307692307693
gru,cpr,0010000000100,7,unseen,micro_f1,0.5714285714285714
gru,cpr,0010000000100,7,unseen,bit_accuracy,0.8846153846153846
gru,cpr,0010000000100,7,unseen,exact_match,0.0
gru,cpr,0010000001000,123,seen,macro_f1,0.1282051282051282
gru,cpr,0010000001000,123,seen,micro_f1,0.6
gru,cpr,0010000001000,123,seen,bit_accuracy,0.8461538461538461
gru,cpr,0010000001000,123,seen,exact_match,0.0
gru,cpr,0010000001000,123,unseen,macro_f1,0.07692307692307693
gru,cpr,0010000001000,123,unseen,micro_f1,0.4444444444444444
gru,cpr,0010000001000,123,unseen,bit_accuracy,0.8076923076923077
gru,cpr,0010000001000,123,unseen,exact_match,0.0
gru,cpr,0010000001000,42,seen,macro_f1,0.12087912087912088
gru,cpr,0010000001000,42,seen,micro_f1,0.6086956521739131
gru,cpr,0010000001000,42,seen,bit_accuracy,0.8615384615384616
gru,cpr,0010000001000,42,seen,exact_match,0.0
gru,cpr,0010000001000,42,unseen,macro_f1,0.07692307692307693
gru,cpr,0010000001000,42,unseen,micro_f1,0.38461538461538464
gru,cpr,0010000001000,42,unseen,bit_accuracy,0.7538461538461538
gru,cpr,0010000001000,42,unseen,exact_match,0.0
gru,cpr,0010000001000,7,seen,macro_f1,0.07692307692307693
gru,cpr,0010000001000,7,seen,micro_f1,0.36363636363636365
gru,cpr,0010000001000,7,seen,bit_accuracy,0.7307692307692307
gru,cpr,0010000001000,7,seen,exact_match,0.0
gru,cpr,0010000001000,7,unseen,macro_f1,0.07692307692307693
gru,cpr,0010000001000,7,unseen,micro_f1,0.36363636363636365
gru,cpr,0010000001000,7,unseen,bit_accuracy,0.7307692307692307
gru,cpr,0010000001000,7,unseen,exact_match,0.0
gru,cpr,0010000010000,123,seen,macro_f1,0.12087912087912088
gru,cpr,0010000010000,123,seen,micro_f1,0.7777777777777778
gru,cpr,0010000010000,123,seen,bit_accuracy,0.9384615384615385
gru,cpr,0010000010000,123,seen,exact_match,0.4
gru,cpr,0010000010000,123,unseen,macro_f1,0.10164835164835165
gru,cpr,0010000010000,123,unseen,micro_f1,0.45454545454545453
gru,cpr,0010000010000,123,unseen,bit_accuracy,0.8153846153846154
gru,cpr,0010000010000,123,unseen,exact_match,0.0
gru,cpr,0010000010000,42,seen,macro_f1,0.07692307692307693
gru,cpr,0010000010000,42,seen,micro_f1,0.5
gru,cpr,0010000010000,42,seen,bit_accuracy,0.8461538461538461
gru,cpr,0010000010000,42,seen,exact_match,0.0
gru,cpr,0010000010000,42,unseen,macro_f1,0.07692307692307693
gru,cpr,0010000010000,42,unseen,micro_f1,0.45454545454545453
gru,cpr,0010000010000,42,unseen,bit_accuracy,0.8153846153846154
gru,cpr,0010000010000,42,unseen,exact_match,0.0
gru,cpr,0010000010000,7,seen,macro_f1,0.07692307692307693
gru,cpr,0010000010000,7,seen,micro_f1,0.36363636363636365
gru,cpr,0010000010000,7,seen,bit_accuracy,0.7307692307692307
gru,cpr,0010000010000,7,seen,exact_match,0.0
gru,cpr,0010000010000,7,unseen,macro_f1,0.05128205128205128
gru,cpr,0010000010000,7,unseen,micro_f1,0.3333333333333333
gru,cpr,0010000010000,7,unseen,bit_accuracy,0.8461538461538461
gru,cpr,0010000010000,7,unseen,exact_match,0.0
gru,cpr,0010000100000,123,seen,macro_f1,0.1282051282051282
gru,cpr,0010000100000,123,seen,micro_f1,0.5454545454545454
gru,cpr,0010000100000,123,seen,bit_accuracy,0.8076923076923077
gru,cpr,0010000100000,123,seen,exact_match,0.0
gru,cpr,0010000100000,123,unseen,macro_f1,0.07692307692307693
gru,cpr,0010000100000,123,unseen,micro_f1,0.36363636363636365
gru,cpr,0010000100000,123,unseen,bit_accuracy,0.7307692307692307
gru,cpr,0010000100000,123,unseen,exact_match,0.0
gru,cpr,0010000100000,42,seen,macro_f1,0.14529914529914528
gru,cpr,0010000100000,42,seen,micro_f1,0.9
gru,cpr,0010000100000,42,seen,bit_accuracy,0.9692307692307692
gru,cpr,0010000100000,42,seen,exact_match,0.6
gru,cpr,0010000100000,42,unseen,macro_f1,0.10164835164835165
gru,cpr,0010000100000,42,unseen,micro_f1,0.5
gru,cpr,0010000100000,42,unseen,bit_accuracy,0.8461538461538461
gru,cpr,0010000100000,42,unseen,exact_match,0.0
gru,cpr,0010000100000,7,seen,macro_f1,0.14529914529914528
gru,cpr,0010000100000,7,seen,micro_f1,0.9473684210526315
gru,cpr,0010000100000,7,seen,bit_accuracy,0.9846153846153847
gru,cpr,0010000100000,7,seen,exact_match,0.8
gru,cpr,0010000100000,7,unseen,macro_f1,0.07692307692307693
gru,cpr,0010000100000,7,unseen,micro_f1,0.5263157894736842
gru,cpr,0010000100000,7,unseen,bit_accuracy,0.8615384615384616
gru,cpr,0010000100000,7,unseen,exact_match,0.0
gru,cpr,0010001000000,123,seen,macro_f1,0.15384615384615385
gru,cpr,0010001000000,123,seen,micro_f1,1.0
gru,cpr,0010001000000,123,seen,bit_accuracy,1.0
gru,cpr,0010001000000,123,seen,exact_match,1.0
gru,cpr,0010001000000,123,unseen,macro_f1,0.10256410256410256
gru,cpr,0010001000000,123,unseen,micro_f1,0.631578947368421
gru,cpr,0010001000000,123,unseen,bit_accuracy,0.8923076923076924
gru,cpr,0010001000000,123,unseen,exact_match,0.0
gru,cpr,0010001000000,42,seen,macro_f1,0.15384615384615385
gru,cpr,0010001000000,42,seen,micro_f1,0.9523809523809523
gru,cpr,0010001000000,42,seen,bit_accuracy,0.9846153846153847
gru,cpr,0010001000000,42,seen,exact_match,0.8
gru,cpr,0010001000000,42,unseen,macro_f1,0.11233211233211232
gru,cpr,0010001000000,42,unseen,micro_f1,0.5714285714285714
gru,cpr,0010001000000,42,unseen,bit_accuracy,0.8615384615384616
gru,cpr,0010001000000,42,unseen,exact_match,0.0
gru,cpr,0010001000000,7,seen,macro_f1,0.07692307692307693
gru,cpr,0010001000000,7,seen,micro_f1,0.4444444444444444
gru,cpr,0010001000000,7,seen,bit_accuracy,0.8076923076923077
gru,cpr,0010001000000,7,seen,exact_match,0.0
gru,cpr,0010001000000,7,unseen,macro_f1,0.07692307692307693
gru,cpr,0010001000000,7,unseen,micro_f1,0.4
gru,cpr,0010001000000,7,unseen,bit_accuracy,0.7692307692307693
gru,cpr,0010001000000,7,unseen,exact_match,0.0
gru,cpr,0010010000000,123,seen,macro_f1,0.10256410256410256
gru,cpr,0010010000000,123,seen,micro_f1,0.5
gru,cpr,0010010000000,123,seen,bit_accuracy,0.8461538461538461
gru,cpr,0010010000000,123,seen,exact_match,0.0
gru,cpr,0010010000000,123,unseen,macro_f1,0.05128205128205128
gru,cpr,0010010000000,123,unseen,micro_f1,0.2857142857142857
gru,cpr,0010010000000,123,unseen,bit_accuracy,0.8076923076923077
gru,cpr,0010010000000,123,unseen,exact_match,0.0
gru,cpr,0010010000000,42,seen,macro_f1,0.1346153846153846
gru,cpr,0010010000000,42,seen,micro_f1,0.64
gru,cpr,0010010000000,42,seen,bit_accuracy,0.8615384615384616
gru,cpr,0010010000000,42,seen,exact_match,0.2
gru,cpr,0010010000000,42,unseen,macro_f1,0.07692307692307693
gru,cpr,0010010000000,42,unseen,micro_f1,0.45454545454545453
gru,cpr,0010010000000,42,unseen,bit_accuracy,0.8153846153846154
gru,cpr,0010010000000,42,unseen,exact_match,0.0
gru,cpr,0010010000000,7,seen,macro_f1,0.07692307692307693
gru,cpr,0010010000000,7,seen,micro_f1,0.4
gru,cpr,0010010000000,7,seen,bit_accuracy,0.7692307692307693
gru,cpr,0010010000000,7,seen,exact_match,0.0
gru,cpr,0010010000000,7,unseen,macro_f1,0.07692307692307693
gru,cpr,0010010000000,7,unseen,micro_f1,0.4
gru,cpr,0010010000000,7,unseen,bit_accuracy,0.7692307692307693
gru,cpr,0010010000000,7,unseen,exact_match,0.0
gru,cpr,0100000000000,123,seen,macro_f1,0.0
gru,cpr,0100000000000,123,seen,micro_f1,0.0
gru,cpr,0100000000000,123,seen,bit_accuracy,0.9153846153846154
gru,cpr,0100000000000,123,seen,exact_match,0.0
gru,cpr,0100000000000,123,unseen,macro_f1,0.007326007326007326
gru,cpr,0100000000000,123,unseen,micro_f1,0.08
gru,cpr,0100000000000,123,unseen,bit_accuracy,0.9115384615384615
gru,cpr,0100000000000,123,unseen,exact_match,0.05
gru,cpr,0100000000000,42,seen,macro_f1,0.0
gru,cpr,0100000000000,42,seen,micro_f1,0.0
gru,cpr,0100000000000,42,seen,bit_accuracy,0.8115384615384615
gru,cpr,0100000000000,42,seen,exact_match,0.0
gru,cpr,0100000000000,42,unseen,macro_f1,0.0
gru,cpr,0100000000000,42,unseen,micro_f1,0.0
gru,cpr,0100000000000,42,unseen,bit_accuracy,0.8153846153846154
gru,cpr,0100000000000,42,unseen,exact_match,0.0
gru,cpr,0100000000000,7,seen,macro_f1,0.07692307692307693
gru,cpr,0100000000000,7,seen,micro_f1,0.5714285714285714
gru,cpr,0100000000000,7,seen,bit_accuracy,0.8846153846153846
gru,cpr,0100000000000,7,seen,exact_match,0.0
gru,cpr,0100000000000,7,unseen,macro_f1,0.05128205128205128
gru,cpr,0100000000000,7,unseen,micro_f1,0.4
gru,cpr,0100000000000,7,unseen,bit_accuracy,0.8846153846153846
gru,cpr,0100000000000,7,unseen,exact_match,0.5
gru,cpr,0100000000010,123,seen,macro_f1,0.08333333333333333
gru,cpr,0100000000010,123,seen,micro_f1,0.4
gru,cpr,0100000000010,123,seen,bit_accuracy,0.8153846153846154
gru,cpr,0100000000010,123,seen,exact_match,0.0
gru,cpr,0100000000010,123,unseen,macro_f1,0.0
gru,cpr,0100000000010,123,unseen,micro_f1,0.0
gru,cpr,0100000000010,123,unseen,bit_accuracy,0.7384615384615385
gru,cpr,0100000000010,123,unseen,exact_match,0.0
gru,cpr,0100000000010,42,seen,macro_f1,0.10256410256410256
gru,cpr,0100000000010,42,seen,micro_f1,0.5714285714285714
gru,cpr,0100000000010,42,seen,bit_accuracy,0.8846153846153846
gru,cpr,0100000000010,42,seen,exact_match,0.5
gru,cpr,0100000000010,42,unseen,macro_f1,0.07692307692307693
gru,cpr,0100000000010,42,unseen,micro_f1,0.5
gru,cpr,0100000000010,42,unseen,bit_accuracy,0.8461538461538461
gru,cpr,0100000000010,42,unseen,exact_match,0.0
gru,cpr,0100000000010,7,seen,macro_f1,0.12087912087912088
gru,cpr,0100000000010,7,seen,micro_f1,0.7
gru,cpr,0100000000010,7,seen,bit_accuracy,0.9076923076923077
gru,cpr,0100000000010,7,seen,exact_match,0.2
gru,cpr,0100000000010,7,unseen,macro_f1,0.12087912087912088
gru,cpr,0100000000010,7,unseen,micro_f1,0.6086956521739131
gru,cpr,0100000000010,7,unseen,bit_accuracy,0.8615384615384616
gru,cpr,0100000000010,7,unseen,exact_match,0.0
gru,cpr,0100000000100,123,seen,macro_f1,0.07692307692307693
gru,cpr,0100000000100,123,seen,micro_f1,0.4
gru,cpr,0100000000100,123,seen,bit_accuracy,0.7692307692307693
gru,cpr,0100000000100,123,seen,exact_match,0.0
gru,cpr,0100000000100,123,unseen,macro_f1,0.07692307692307693
gru,cpr,0100000000100,123,unseen,micro_f1,0.4444444444444444
gru,cpr,0100000000100,123,unseen,bit_accuracy,0.8076923076923077
gru,cpr,0100000000100,123,unseen,exact_match,0.0
gru,cpr,0100000000100,42,seen,macro_f1,0.0879120879120879
gru,cpr,0100000000100,42,seen,micro_f1,0.42105263157894735
gru,cpr,0100000000100,42,seen,bit_accuracy,0.8307692307692308
gru,cpr,0100000000100,42,seen,exact_match,0.0
gru,cpr,0100000000100,42,unseen,macro_f1,0.10164835164835165
gru,cpr,0100000000100,42,unseen,micro_f1,0.4
gru,cpr,0100000000100,42,unseen,bit_accuracy,0.7692307692307693
gru,cpr,0100000000100,42,unseen,exact_match,0.0
gru,cpr,0100000000100,7,seen,macro_f1,0.12087912087912088
gru,cpr,0100000000100,7,seen,micro_f1,0.6666666666666666
gru,cpr,0100000000100,7,seen,bit_accuracy,0.8923076923076924
gru,cpr,0100000000100,7,seen,exact_match,0.0
gru,cpr,0100000000100,7,unseen,macro_f1,0.13675213675213674
gru,cpr,0100000000100,7,unseen,micro_f1,0.6153846153846154
gru,cpr,0100000000100,7,unseen,bit_accuracy,0.8461538461538461
gru,cpr,0100000000100,7,unseen,exact_match,0.0
gru,cpr,0100000001000,123,seen,macro_f1,0.07692307692307693
gru,cpr,0100000001000,123,seen,micro_f1,0.625
gru,cpr,0100000001000,123,seen,bit_accuracy,0.9076923076923077
gru,cpr,0100000001000,123,seen,exact_match,0.0
gru,cpr,0100000001000,123,unseen,macro_f1,0.07692307692307693
gru,cpr,0100000001000,123,unseen,micro_f1,0.45454545454545453
gru,cpr,0100000001000,123,unseen,bit_accuracy,0.8153846153846154
gru,cpr,0100000001000,123,unseen,exact_match,0.0
gru,cpr,0100000001000,42,seen,macro_f1,0.0
gru,cpr,0100000001000,42,seen,micro_f1,0.0
gru,cpr,0100000001000,42,seen,bit_accuracy,0.6923076923076923
gru,cpr,0100000001000,42,seen,exact_match,0.0
gru,cpr,0100000001000,42,unseen,macro_f1,0.05128205128205128
gru,cpr,0100000001000,42,unseen,micro_f1,0.2222222222222222
gru,cpr,0100000001000,42,unseen,bit_accuracy,0.7307692307692307
gru,cpr,0100000001000,42,unseen,exact_match,0.0
gru,cpr,0100000001000,7,seen,macro_f1,0.15384615384615385
gru,cpr,0100000001000,7,seen,micro_f1,0.6666666666666666
gru,cpr,0100000001000,7,seen,bit_accuracy,0.8461538461538461
gru,cpr,0100000001000,7,seen,exact_match,0.0
gru,cpr,0100000001000,7,unseen,macro_f1,0.07692307692307693
gru,cpr,0100000001000,7,unseen,micro_f1,0.4
gru,cpr,0100000001000,7,unseen,bit_accuracy,0.7692307692307693
gru,cpr,0100000001000,7,unseen,exact_match,0.0
gru,cpr,0100000010000,123,seen,macro_f1,0.05128205128205128
gru,cpr,0100000010000,123,seen,micro_f1,0.2222222222222222
gru,cpr,0100000010000,123,seen,bit_accuracy,0.7307692307692307
gru,cpr,0100000010000,123,seen,exact_match,0.0
gru,cpr,0100000010000,123,unseen,macro_f1,0.05128205128205128
gru,cpr,0100000010000,123,unseen,micro_f1,0.2222222222222222
gru,cpr,0100000010000,123,unseen,bit_accuracy,0.7307692307692307
gru,cpr,0100000010000,123,unseen,exact_match,0.0
gru,cpr,0100000010000,42,seen,macro_f1,0.15384615384615385
gru,cpr,0100000010000,42,seen,micro_f1,0.7407407407407407
gru,cpr,0100000010000,42,seen,bit_accuracy,0.8923076923076924
gru,cpr,0100000010000,42,seen,exact_match,0.0
gru,cpr,0100000010000,42,unseen,macro_f1,0.07692307692307693
gru,cpr,0100000010000,42,unseen,micro_f1,0.4166666666666667
gru,cpr,0100000010000,42,unseen,bit_accuracy,0.7846153846153846
gru,cpr,0100000010000,42,unseen,exact_match,0.0
gru,cpr,0100000010000,7,seen,macro_f1,0.07692307692307693
gru,cpr,0100000010000,7,seen,micro_f1,0.625
gru,cpr,0100000010000,7,seen,bit_accuracy,0.9076923076923077
gru,cpr,0100000010000,7,seen,exact_match,0.0
gru,cpr,0100000010000,7,unseen,macro_f1,0.07692307692307693
gru,cpr,0100000010000,7,unseen,micro_f1,0.43478260869565216
gru,cpr,0100000010000,7,unseen,bit_accuracy,0.8
gru,cpr,0100000010000,7,unseen,exact_match,0.0
gru,cpr,0100000100000,123,seen,macro_f1,0.07692307692307693
gru,cpr,0100000100000,123,seen,micro_f1,0.43478260869565216
gru,cpr,0100000100000,123,seen,bit_accuracy,0.8
gru,cpr,0100000100000,123,seen,exact_match,0.0
gru,cpr,0100000100000,123,unseen,macro_f1,0.07692307692307693
gru,cpr,0100000100000,123,unseen,micro_f1,0.45454545454545453
gru,cpr,0100000100000,123,unseen,bit_accuracy,0.8153846153846154
gru,cpr,0100000100000,123,unseen,exact_match,0.0
gru,cpr,0100000100000,42,seen,macro_f1,0.15384615384615385
gru,cpr,0100000100000,42,seen,micro_f1,0.8888888888888888
gru,cpr,0100000100000,42,seen,bit_accuracy,0.9615384615384616
gru,cpr,0100000100000,42,seen,exact_match,0.5
gru,cpr,0100000100000,42,unseen,macro_f1,0.07692307692307693
gru,cpr,0100000100000,42,unseen,micro_f1,0.4444444444444444
gru,cpr,0100000100000,42,unseen,bit_accuracy,0.8076923076923077
gru,cpr,0100000100000,42,unseen,exact_match,0.0
gru,cpr,0100000100000,7,seen,macro_f1,0.07692307692307693
gru,cpr,0100000100000,7,seen,micro_f1,0.47619047619047616
gru,cpr,0100000100000,7,seen,bit_accuracy,0.8307692307692308
gru,cpr,0100000100000,7,seen,exact_match,0.0
gru,cpr,0100000100000,7,unseen,macro_f1,0.07692307692307693
gru,cpr,0100000100000,7,unseen,micro_f1,0.47619047619047616
gru,cpr,0100000100000,7,unseen,bit_accuracy,0.8307692307692308
gru,cpr,0100000100000,7,unseen,exact_match,0.0
gru,cpr,0100001000000,123,seen,macro_f1,0.07692307692307693
gru,cpr,0100001000000,123,seen,micro_f1,0.5714285714285714
gru,cpr,0100001000000,123,seen,bit_accuracy,0.8846153846153846
gru,cpr,0100001000000,123,seen,exact_match,0.0
gru,cpr,0100001000000,123,unseen,macro_f1,0.07692307692307693
gru,cpr,0100001000000,123,unseen,micro_f1,0.5
gru,cpr,0100001000000,123,unseen,bit_accuracy,0.8461538461538461
gru,cpr,0100001000000,123,unseen,exact_match,0.0
gru,cpr,0100001000000,42,seen,macro_f1,0.14529914529914528
gru,cpr,0100001000000,42,seen,micro_f1,0.6923076923076923
gru,cpr,0100001000000,42,seen,bit_accuracy,0.8769230769230769
gru,cpr,0100001000000,42,seen,exact_match,0.0
gru,cpr,0100001000000,42,unseen,macro_f1,0.07692307692307693
gru,cpr,0100001000000,42,unseen,micro_f1,0.45454545454545453
gru,cpr,0100001000000,42,unseen,bit_accuracy,0.8153846153846154
gru,cpr,0100001000000,42,unseen,exact_match,0.0
gru,cpr,0100001000000,7,seen,macro_f1,0.07692307692307693
gru,cpr,0100001000000,7,seen,micro_f1,0.5
gru,cpr,0100001000000,7,seen,bit_accuracy,0.8461538461538461
gru,cpr,0100001000000,7,seen,exact_match,0.0
gru,cpr,0100001000000,7,unseen,macro_f1,0.07692307692307693
gru,cpr,0100001000000,7,unseen,micro_f1,0.47619047619047616
gru,cpr,0100001000000,7,unseen,bit_accuracy,0.8307692307692308
gru,cpr,0100001000000,7,unseen,exact_match,0.0
gru,cpr,0100010000000,123,seen,macro_f1,0.14529914529914528
gru,cpr,0100010000000,123,seen,micro_f1,0.6923076923076923
gru,cpr,0100010000000,123,seen,bit_accuracy,0.8769230769230769
gru,cpr,0100010000000,123,seen,exact_match,0.0
gru,cpr,0100010000000,123,unseen,macro_f1,0.12606837606837606
gru,cpr,0100010000000,123,unseen,micro_f1,0.5833333333333334
gru,cpr,0100010000000,123,unseen,bit_accuracy,0.8461538461538461
gru,cpr,0100010000000,123,unseen,exact_match,0.2
gru,cpr,0100010000000,42,seen,macro_f1,0.1282051282051282
gru,cpr,0100010000000,42,seen,micro_f1,0.75
gru,cpr,0100010000000,42,seen,bit_accuracy,0.9230769230769231
gru,cpr,0100010000000,42,seen,exact_match,0.5
gru,cpr,0100010000000,42,unseen,macro_f1,0.07692307692307693
gru,cpr,0100010000000,42,unseen,micro_f1,0.5714285714285714
gru,cpr,0100010000000,42,unseen,bit_accuracy,0.8846153846153846
gru,cpr,0100010000000,42,unseen,exact_match,0.0
gru,cpr,0100010000000,7,seen,macro_f1,0.15384615384615385
gru,cpr,0100010000000,7,seen,micro_f1,0.8333333333333334
gru,cpr,0100010000000,7,seen,bit_accuracy,0.9384615384615385
gru,cpr,0100010000000,7,seen,exact_match,0.2
gru,cpr,0100010000000,7,unseen,macro_f1,0.15384615384615385
gru,cpr,0100010000000,7,unseen,micro_f1,0.6896551724137931
gru,cpr,0100010000000,7,unseen,bit_accuracy,0.8615384615384616
gru,cpr,0100010000000,7,unseen,exact_match,0.0
gru,cpr,1000000000000,123,seen,macro_f1,0.0
gru,cpr,1000000000000,123,seen,micro_f1,0.0
gru,cpr,1000000000000,123,seen,bit_accuracy,0.8884615384615384
gru,cpr,1000000000000,123,seen,exact_match,0.0
gru,cpr,1000000000000,123,unseen,macro_f1,0.0
gru,cpr,1000000000000,123,unseen,micro_f1,0.0
gru,cpr,1000000000000,123,unseen,bit_accuracy,0.8115384615384615
gru,cpr,1000000000000,123,unseen,exact_match,0.0
gru,cpr,1000000000000,42,seen,macro_f1,0.0
gru,cpr,1000000000000,42,seen,micro_f1,0.0
gru,cpr,1000000000000,42,seen,bit_accuracy,0.8846153846153846
gru,cpr,1000000000000,42,seen,exact_match,0.0
gru,cpr,1000000000000,42,unseen,macro_f1,0.0
gru,cpr,1000000000000,42,unseen,micro_f1,0.0
gru,cpr,1000000000000,42,unseen,bit_accuracy,0.8461538461538461
gru,cpr,1000000000000,42,unseen,exact_match,0.0
gru,cpr,1000000000000,7,seen,macro_f1,0.039886039886039885
gru,cpr,1000000000000,7,seen,micro_f1,0.42424242424242425
gru,cpr,1000000000000,7,seen,bit_accuracy,0.926923076923077
gru,cpr,1000000000000,7,seen,exact_match,0.35
gru,cpr,1000000000000,7,unseen,macro_f1,0.0
gru,cpr,1000000000000,7,unseen,micro_f1,0.0
gru,cpr,1000000000000,7,unseen,bit_accuracy,0.8769230769230769
gru,cpr,1000000000000,7,unseen,exact_match,0.0
gru,cpr,1000000000001,123,seen,macro_f1,0.06959706959706959
gru,cpr,1000000000001,123,seen,micro_f1,0.35294117647058826
gru,cpr,1000000000001,123,seen,bit_accuracy,0.8307692307692308
gru,cpr,1000000000001,123,seen,exact_match,0.0
gru,cpr,1000000000001,123,unseen,macro_f1,0.0
gru,cpr,1000000000001,123,unseen,micro_f1,0.0
gru,cpr,1000000000001,123,unseen,bit_accuracy,0.6923076923076923
gru,cpr,1000000000001,123,unseen,exact_match,0.0
gru,cpr,1000000000001,42,seen,macro_f1,0.06959706959706959
gru,cpr,1000000000001,42,seen,micro_f1,0.2727272727272727
gru,cpr,1000000000001,42,seen,bit_accuracy,0.7538461538461538
gru,cpr,1000000000001,42,seen,exact_match,0.0
gru,cpr,1000000000001,42,unseen,macro_f1,0.06959706959706959
gru,cpr,1000000000001,42,unseen,micro_f1,0.2727272727272727
gru,cpr,1000000000001,42,unseen,bit_accuracy,0.7538461538461538
gru,cpr,1000000000001,42,unseen,exact_match,0.0
gru,cpr,1000000000001,7,seen,macro_f1,0.07692307692307693
gru,cpr,1000000000001,7,seen,micro_f1,0.5714285714285714
gru,cpr,1000000000001,7,seen,bit_accuracy,0.8846153846153846
gru,cpr,1000000000001,7,seen,exact_match,0.0
gru,cpr,1000000000001,7,unseen,macro_f1,0.07692307692307693
gru,cpr,1000000000001,7,unseen,micro_f1,0.4444444444444444
gru,cpr,1000000000001,7,unseen,bit_accuracy,0.8076923076923077
gru,cpr,1000000000001,7,unseen,exact_match,0.0
gru,cpr,1000000000010,123,seen,macro_f1,0.15384615384615385
gru,cpr,1000000000010,123,seen,micro_f1,1.0
gru,cpr,1000000000010,123,seen,bit_accuracy,1.0
gru,cpr,1000000000010,123,seen,exact_match,1.0
gru,cpr,1000000000010,123,unseen,macro_f1,0.07692307692307693
gru,cpr,1000000000010,123,unseen,micro_f1,0.5
gru,cpr,1000000000010,123,unseen,bit_accuracy,0.8461538461538461
gru,cpr,1000000000010,123,unseen,exact_match,0.0
gru,cpr,1000000000010,42,seen,macro_f1,0.1346153846153846
gru,cpr,1000000000010,42,seen,micro_f1,0.5925925925925926
gru,cpr,1000000000010,42,seen,bit_accuracy,0.8307692307692308
gru,cpr,1000000000010,42,seen,exact_match,0.0
gru,cpr,1000000000010,42,unseen,macro_f1,0.07692307692307693
gru,cpr,1000000000010,42,unseen,micro_f1,0.47619047619047616
gru,cpr,1000000000010,42,unseen,bit_accuracy,0.8307692307692308
gru,cpr,1000000000010,42,unseen,exact_match,0.0
gru,cpr,1000000000010,7,seen,macro_f1,0.07692307692307693
gru,cpr,1000000000010,7,seen,micro_f1,0.47619047619047616
gru,cpr,1000000000010,7,seen,bit_accuracy,0.8307692307692308
gru,cpr,1000000000010,7,seen,exact_match,0.0
gru,cpr,1000000000010,7,unseen,macro_f1,0.07692307692307693
gru,cpr,1000000000010,7,unseen,micro_f1,0.5263157894736842
gru,cpr,1000000000010,7,unseen,bit_accuracy,0.8615384615384616
gru,cpr,1000000000010,7,unseen,exact_match,0.0
gru,cpr,1000000000100,123,seen,macro_f1,0.12087912087912088
gru,cpr,1000000000100,123,seen,micro_f1,0.7368421052631579
gru,cpr,1000000000100,123,seen,bit_accuracy,0.9230769230769231
gru,cpr,1000000000100,123,seen,exact_match,0.2
gru,cpr,1000000000100,123,unseen,macro_f1,0.1346153846153846
gru,cpr,1000000000100,123,unseen,micro_f1,0.6153846153846154
gru,cpr,1000000000100,123,unseen,bit_accuracy,0.8461538461538461
gru,cpr,1000000000100,123,unseen,exact_match,0.0
gru,cpr,1000000000100,42,seen,macro_f1,0.07692307692307693
gru,cpr,1000000000100,42,seen,micro_f1,0.38461538461538464
gru,cpr,1000000000100,42,seen,bit_accuracy,0.7538461538461538
gru,cpr,1000000000100,42,seen,exact_match,0.0
gru,cpr,1000000000100,42,unseen,macro_f1,0.07692307692307693
gru,cpr,1000000000100,42,unseen,micro_f1,0.47619047619047616
gru,cpr,1000000000100,42,unseen,bit_accuracy,0.8307692307692308
gru,cpr,1000000000100,42,unseen,exact_match,0.0
gru,cpr,1000000000100,7,seen,macro_f1,0.05128205128205128
gru,cpr,1000000000100,7,seen,micro_f1,0.25
gru,cpr,1000000000100,7,seen,bit_accuracy,0.7692307692307693
gru,cpr,1000000000100,7,seen,exact_match,0.0
gru,cpr,1000000000100,7,unseen,macro_f1,0.05128205128205128
gru,cpr,1000000000100,7,unseen,micro_f1,0.25
gru,cpr,1000000000100,7,unseen,bit_accuracy,0.7692307692307693
gru,cpr,1000000000100,7,unseen,exact_match,0.0
gru,cpr,1000000001000,123,seen,macro_f1,0.07692307692307693
gru,cpr,1000000001000,123,seen,micro_f1,0.6666666666666666
gru,cpr,1000000001000,123,seen,bit_accuracy,0.9230769230769231
gru,cpr,1000000001000,123,seen,exact_match,0.0
gru,cpr,1000000001000,123,unseen,macro_f1,0.05128205128205128
gru,cpr,1000000001000,123,unseen,micro_f1,0.4
gru,cpr,1000000001000,123,unseen,bit_accuracy,0.8846153846153846
gru,cpr,1000000001000,123,unseen,exact_match,0.0
gru,cpr,1000000001000,42,seen,macro_f1,0.11233211233211232
gru,cpr,1000000001000,42,seen,micro_f1,0.6
gru,cpr,1000000001000,42,seen,bit_accuracy,0.8769230769230769
gru,cpr,1000000001000,42,seen,exact_match,0.0
gru,cpr,1000000001000,42,unseen,macro_f1,0.06837606837606837
gru,cpr,1000000001000,42,unseen,micro_f1,0.42105263157894735
gru,cpr,1000000001000,42,unseen,bit_accuracy,0.8307692307692308
gru,cpr,1000000001000,42,unseen,exact_match,0.0
gru,cpr,1000000001000,7,seen,macro_f1,0.12606837606837606
gru,cpr,1000000001000,7,seen,micro_f1,0.5833333333333334
gru,cpr,1000000001000,7,seen,bit_accuracy,0.8461538461538461
gru,cpr,1000000001000,7,seen,exact_match,0.0
gru,cpr,1000000001000,7,unseen,macro_f1,0.11233211233211232
gru,cpr,1000000001000,7,unseen,micro_f1,0.5454545454545454
gru,cpr,1000000001000,7,unseen,bit_accuracy,0.8461538461538461
gru,cpr,1000000001000,7,unseen,exact_match,0.0
gru,cpr,1000000010000,123,seen,macro_f1,0.07692307692307693
gru,cpr,1000000010000,123,seen,micro_f1,0.625
gru,cpr,1000000010000,123,seen,bit_accuracy,0.9076923076923077
gru,cpr,1000000010000,123,seen,exact_match,0.0
gru,cpr,1000000010000,123,unseen,macro_f1,0.07692307692307693
gru,cpr,1000000010000,123,unseen,micro_f1,0.625
gru,cpr,1000000010000,123,unseen,bit_accuracy,0.9076923076923077
gru,cpr,1000000010000,123,unseen,exact_match,0.0
gru,cpr,1000000010000,42,seen,macro_f1,0.14529914529914528
gru,cpr,1000000010000,42,seen,micro_f1,0.9
gru,cpr,1000000010000,42,seen,bit_accuracy,0.9692307692307692
gru,cpr,1000000010000,42,seen,exact_match,0.6
gru,cpr,1000000010000,42,unseen,macro_f1,0.12087912087912088
gru,cpr,1000000010000,42,unseen,micro_f1,0.6363636363636364
gru,cpr,1000000010000,42,unseen,bit_accuracy,0.8769230769230769
gru,cpr,1000000010000,42,unseen,exact_match,0.0
gru,cpr,1000000010000,7,seen,macro_f1,0.07692307692307693
gru,cpr,1000000010000,7,seen,micro_f1,0.4444444444444444
gru,cpr,1000000010000,7,seen,bit_accuracy,0.8076923076923077
gru,cpr,1000000010000,7,seen,exact_match,0.0
gru,cpr,1000000010000,7,unseen,macro_f1,0.07692307692307693
gru,cpr,1000000010000,7,unseen,micro_f1,0.4
gru,cpr,1000000010000,7,unseen,bit_accuracy,0.7692307692307693
gru,cpr,1000000010000,7,unseen,exact_match,0.0
gru,cpr,1000000100000,123,seen,macro_f1,0.07692307692307693
gru,cpr,1000000100000,123,seen,micro_f1,0.6666666666666666
gru,cpr,1000000100000,123,seen,bit_accuracy,0.9230769230769231
gru,cpr,1000000100000,123,seen,exact_match,0.0
gru,cpr,1000000100000,123,unseen,macro_f1,0.07692307692307693
gru,cpr,1000000100000,123,unseen,micro_f1,0.5
gru,cpr,1000000100000,123,unseen,bit_accuracy,0.8461538461538461
gru,cpr,1000000100000,123,unseen,exact_match,0.0
gru,cpr,1000000100000,42,seen,macro_f1,0.07692307692307693
gru,cpr,1000000100000,42,seen,micro_f1,0.5555555555555556
gru,cpr,1000000100000,42,seen,bit_accuracy,0.8769230769230769
gru,cpr,1000000100000,42,seen,exact_match,0.0
gru,cpr,1000000100000,42,unseen,macro_f1,0.07692307692307693
gru,cpr,1000000100000,42,unseen,micro_f1,0.6666666666666666
gru,cpr,1000000100000,42,unseen,bit_accuracy,0.9230769230769231
gru,cpr,1000000100000,42,unseen,exact_match,0.0
gru,cpr,1000000100000,7,seen,macro_f1,0.10256410256410256
gru,cpr,1000000100000,7,seen,micro_f1,0.5
gru,cpr,1000000100000,7,seen,bit_accuracy,0.8153846153846154
gru,cpr,1000000100000,7,seen,exact_match,0.0
gru,cpr,1000000100000,7,unseen,macro_f1,0.07692307692307693
gru,cpr,1000000100000,7,unseen,micro_f1,0.45454545454545453
gru,cpr,1000000100000,7,unseen,bit_accuracy,0.8153846153846154
gru,cpr,1000000100000,7,unseen,exact_match,0.0
gru,cpr,1000001000000,123,seen,macro_f1,0.12087912087912088
gru,cpr,1000001000000,123,seen,micro_f1,0.7777777777777778
gru,cpr,1000001000000,123,seen,bit_accuracy,0.9384615384615385
gru,cpr,1000001000000,123,seen,exact_match,0.4
gru,cpr,1000001000000,123,unseen,macro_f1,0.07692307692307693
gru,cpr,1000001000000,123,unseen,micro_f1,0.5555555555555556
gru,cpr,1000001000000,123,unseen,bit_accuracy,0.8769230769230769
gru,cpr,1000001000000,123,unseen,exact_match,0.0
gru,cpr,1000001000000,42,seen,macro_f1,0.14529914529914528
gru,cpr,1000001000000,42,seen,micro_f1,0.9
gru,cpr,1000001000000,42,seen,bit_accuracy,0.9692307692307692
gru,cpr,1000001000000,42,seen,exact_match,0.8
gru,cpr,1000001000000,42,unseen,macro_f1,0.07692307692307693
gru,cpr,1000001000000,42,unseen,micro_f1,0.625
gru,cpr,1000001000000,42,unseen,bit_accuracy,0.9076923076923077
gru,cpr,1000001000000,42,unseen,exact_match,0.0
gru,cpr,1000001000000,7,seen,macro_f1,0.07692307692307693
gru,cpr,1000001000000,7,seen,micro_f1,0.6666666666666666
gru,cpr,1000001000000,7,seen,bit_accuracy,0.9230769230769231
gru,cpr,1000001000000,7,seen,exact_match,0.0
gru,cpr,1000001000000,7,unseen,macro_f1,0.07692307692307693
gru,cpr,1000001000000,7,unseen,micro_f1,0.5
gru,cpr,1000001000000,7,unseen,bit_accuracy,0.8461538461538461
gru,cpr,1000001000000,7,unseen,exact_match,0.0
gru,cpr,1000010000000,123,seen,macro_f1,0.15384615384615385
gru,cpr,1000010000000,123,seen,micro_f1,0.7272727272727273
gru,cpr,1000010000000,123,seen,bit_accuracy,0.8846153846153846
gru,cpr,1000010000000,123,seen,exact_match,0.0
gru,cpr,1000010000000,123,unseen,macro_f1,0.15384615384615385
gru,cpr,1000010000000,123,unseen,micro_f1,0.7272727272727273
gru,cpr,1000010000000,123,unseen,bit_accuracy,0.8846153846153846
gru,cpr,1000010000000,123,unseen,exact_match,0.0
gru,cpr,1000010000000,42,seen,macro_f1,0.07692307692307693
gru,cpr,1000010000000,42,seen,micro_f1,0.5
gru,cpr,1000010000000,42,seen,bit_accuracy,0.8461538461538461
gru,cpr,1000010000000,42,seen,exact_match,0.0
gru,cpr,1000010000000,42,unseen,macro_f1,0.07692307692307693
gru,cpr,1000010000000,42,unseen,micro_f1,0.43478260869565216
gru,cpr,1000010000000,42,unseen,bit_accuracy,0.8
gru,cpr,1000010000000,42,unseen,exact_match,0.0
gru,cpr,1000010000000,7,seen,macro_f1,0.12606837606837606
gru,cpr,1000010000000,7,seen,micro_f1,0.6086956521739131
gru,cpr,1000010000000,7,seen,bit_accuracy,0.8615384615384616
gru,cpr,1000010000000,7,seen,exact_match,0.0
gru,cpr,1000010000000,7,unseen,macro_f1,0.10164835164835165
gru,cpr,1000010000000,7,unseen,micro_f1,0.47619047619047616
gru,cpr,1000010000000,7,unseen,bit_accuracy,0.8307692307692308
gru,cpr,1000010000000,7,unseen,exact_match,0.0
gru,cpr,1000100000000,123,seen,macro_f1,0.07692307692307693
gru,cpr,1000100000000,123,seen,micro_f1,0.6666666666666666
gru,cpr,1000100000000,123,seen,bit_accuracy,0.9230769230769231
gru,cpr,1000100000000,123,seen,exact_match,0.0
gru,cpr,1000100000000,123,unseen,macro_f1,0.07692307692307693
gru,cpr,1000100000000,123,unseen,micro_f1,0.6666666666666666
gru,cpr,1000100000000,123,unseen,bit_accuracy,0.9230769230769231
gru,cpr,1000100000000,123,unseen,exact_match,0.0
gru,cpr,1000100000000,42,seen,macro_f1,0.15384615384615385
gru,cpr,1000100000000,42,seen,micro_f1,1.0
gru,cpr,1000100000000,42,seen,bit_accuracy,1.0
gru,cpr,1000100000000,42,seen,exact_match,1.0
gru,cpr,1000100000000,42,unseen,macro_f1,0.15384615384615385
gru,cpr,1000100000000,42,unseen,micro_f1,1.0
gru,cpr,1000100000000,42,unseen,bit_accuracy,1.0
gru,cpr,1000100000000,42,unseen,exact_match,1.0
gru,cpr,1000100000000,7,seen,macro_f1,0.15384615384615385
gru,cpr,1000100000000,7,seen,micro_f1,0.7272727272727273
gru,cpr,1000100000000,7,seen,bit_accuracy,0.8846153846153846
gru,cpr,1000100000000,7,seen,exact_match,0.0
gru,cpr,1000100000000,7,unseen,macro_f1,0.15384615384615385
gru,cpr,1000100000000,7,unseen,micro_f1,0.8
gru,cpr,1000100000000,7,unseen,bit_accuracy,0.9230769230769231
gru,cpr,1000100000000,7,unseen,exact_match,0.5
gru,cpr,1001000000000,123,seen,macro_f1,0.15384615384615385
gru,cpr,1001000000000,123,seen,micro_f1,0.8
gru,cpr,1001000000000,123,seen,bit_accuracy,0.9230769230769231
gru,cpr,1001000000000,123,seen,exact_match,0.0
gru,cpr,1001000000000,123,unseen,macro_f1,0.15384615384615385
gru,cpr,1001000000000,123,unseen,micro_f1,0.8
gru,cpr,1001000000000,123,unseen,bit_accuracy,0.9230769230769231
gru,cpr,1001000000000,123,unseen,exact_match,0.0
gru,cpr,1001000000000,42,seen,macro_f1,0.10256410256410256
gru,cpr,1001000000000,42,seen,micro_f1,0.75
gru,cpr,1001000000000,42,seen,bit_accuracy,0.9384615384615385
gru,cpr,1001000000000,42,seen,exact_match,0.2
gru,cpr,1001000000000,42,unseen,macro_f1,0.07692307692307693
gru,cpr,1001000000000,42,unseen,micro_f1,0.5882352941176471
gru,cpr,1001000000000,42,unseen,bit_accuracy,0.8923076923076924
gru,cpr,1001000000000,42,unseen,exact_match,0.0
gru,cpr,1001000000000,7,seen,macro_f1,0.15384615384615385
gru,cpr,1001000000000,7,seen,micro_f1,0.9523809523809523
gru,cpr,1001000000000,7,seen,bit_accuracy,0.9846153846153847
gru,cpr,1001000000000,7,seen,exact_match,0.8
gru,cpr,1001000000000,7,unseen,macro_f1,0.12087912087912088
gru,cpr,1001000000000,7,unseen,micro_f1,0.7368421052631579
gru,cpr,1001000000000,7,unseen,bit_accuracy,0.9230769230769231
gru,cpr,1001000000000,7,unseen,exact_match,0.2
ssm,cpr,0000000000001,123,seen,macro_f1,0.05459057071960298
ssm,cpr,0000000000001,123,seen,micro_f1,0.23655913978494625
ssm,cpr,0000000000001,123,seen,bit_accuracy,0.7269230769230769
ssm,cpr,0000000000001,123,seen,exact_match,0.0
ssm,cpr,0000000000001,123,unseen,macro_f1,0.03076923076923077
ssm,cpr,0000000000001,123,unseen,micro_f1,0.12987012987012986
ssm,cpr,0000000000001,123,unseen,bit_accuracy,0.7423076923076923
ssm,cpr,0000000000001,123,unseen,exact_match,0.0
ssm,cpr,0000000000001,42,seen,macro_f1,0.05128205128205128
ssm,cpr,0000000000001,42,seen,micro_f1,0.3333333333333333
ssm,cpr,0000000000001,42,seen,bit_accuracy,0.8461538461538461
ssm,cpr,0000000000001,42,seen,exact_match,0.0
ssm,cpr,0000000000001,42,unseen,macro_f1,0.0
ssm,cpr,0000000000001,42,unseen,micro_f1,0.0
ssm,cpr,0000000000001,42,unseen,bit_accuracy,0.7692307692307693
ssm,cpr,0000000000001,42,unseen,exact_match,0.0
ssm,cpr,0000000000001,7,seen,macro_f1,0.06593406593406594
ssm,cpr,0000000000001,7,seen,micro_f1,0.5357142857142857
ssm,cpr,0000000000001,7,seen,bit_accuracy,0.9
ssm,cpr,0000000000001,7,seen,exact_match,0.35
ssm,cpr,0000000000001,7,unseen,macro_f1,0.007326007326007326
ssm,cpr,0000000000001,7,unseen,micro_f1,0.05555555555555555
ssm,cpr,0000000000001,7,unseen,bit_accuracy,0.8692307692307693
ssm,cpr,0000000000001,7,unseen,exact_match,0.0
ssm,cpr,0000000000010,123,seen,macro_f1,0.013986013986013986
ssm,cpr,0000000000010,123,seen,micro_f1,0.09302325581395349
ssm,cpr,0000000000010,123,seen,bit_accuracy,0.85
ssm,cpr,0000000000010,123,seen,exact_match,0.0
ssm,cpr,0000000000010,123,unseen,macro_f1,0.0
ssm,cpr,0000000000010,123,unseen,micro_f1,0.0
ssm,cpr,0000000000010,123,unseen,bit_accuracy,0.8615384615384616
ssm,cpr,0000000000010,123,unseen,exact_match,0.0
ssm,cpr,0000000000010,42,seen,macro_f1,0.0728744939271255
ssm,cpr,0000000000010,42,seen,micro_f1,0.5294117647058824
ssm,cpr,0000000000010,42,seen,bit_accuracy,0.8769230769230769
ssm,cpr,0000000000010,42,seen,exact_match,0.1
ssm,cpr,0000000000010,42,unseen,macro_f1,0.039886039886039885
ssm,cpr,0000000000010,42,unseen,micro_f1,0.23333333333333334
ssm,cpr,0000000000010,42,unseen,bit_accuracy,0.823076923076923
ssm,cpr,0000000000010,42,unseen,exact_match,0.0
ssm,cpr,0000000000010,7,seen,macro_f1,0.05128205128205128
ssm,cpr,0000000000010,7,seen,micro_f1,0.3333333333333333
ssm,cpr,0000000000010,7,seen,bit_accuracy,0.8461538461538461
ssm,cpr,0000000000010,7,seen,exact_match,0.0
ssm,cpr,0000000000010,7,unseen,macro_f1,0.05128205128205128
ssm,cpr,0000000000010,7,unseen,micro_f1,0.3333333333333333
ssm,cpr,0000000000010,7,unseen,bit_accuracy,0.8461538461538461
ssm,cpr,0000000000010,7,unseen,exact_match,0.0
ssm,cpr,0000000000100,123,seen,macro_f1,0.07068607068607069
ssm,cpr,0000000000100,123,seen,micro_f1,0.5964912280701754
ssm,cpr,0000000000100,123,seen,bit_accuracy,0.9115384615384615
ssm,cpr,0000000000100,123,seen,exact_match,0.15
ssm,cpr,0000000000100,123,unseen,macro_f1,0.057692307692307696
ssm,cpr,0000000000100,123,unseen,micro_f1,0.42105263157894735
ssm,cpr,0000000000100,123,unseen,bit_accuracy,0.8730769230769231
ssm,cpr,0000000000100,123,unseen,exact_match,0.0
ssm,cpr,0000000000100,42,seen,macro_f1,0.0
ssm,cpr,0000000000100,42,seen,micro_f1,0.0
ssm,cpr,0000000000100,42,seen,bit_accuracy,0.6923076923076923
ssm,cpr,0000000000100,42,seen,exact_match,0.0
ssm,cpr,0000000000100,42,unseen,macro_f1,0.0
ssm,cpr,0000000000100,42,unseen,micro_f1,0.0
ssm,cpr,0000000000100,42,unseen,bit_accuracy,0.6538461538461539
ssm,cpr,0000000000100,42,unseen,exact_match,0.0
ssm,cpr,0000000000100,7,seen,macro_f1,0.07495069033530571
ssm,cpr,0000000000100,7,seen,micro_f1,0.59375
ssm,cpr,0000000000100,7,seen,bit_accuracy,0.9
ssm,cpr,0000000000100,7,seen,exact_match,0.1
ssm,cpr,0000000000100,7,unseen,macro_f1,0.03076923076923077
ssm,cpr,0000000000100,7,unseen,micro_f1,0.2
ssm,cpr,0000000000100,7,unseen,bit_accuracy,0.8461538461538461
ssm,cpr,0000000000100,7,unseen,exact_match,0.0
ssm,cpr,0000000001000,123,seen,macro_f1,0.04774535809018568
ssm,cpr,0000000001000,123,seen,micro_f1,0.32727272727272727
ssm,cpr,0000000001000,123,seen,bit_accuracy,0.8576923076923076
ssm,cpr,0000000001000,123,seen,exact_match,0.0
ssm,cpr,0000000001000,123,unseen,macro_f1,0.0
ssm,cpr,0000000001000,123,unseen,micro_f1,0.0
ssm,cpr,0000000001000,123,unseen,bit_accuracy,0.8269230769230769
ssm,cpr,0000000001000,123,unseen,exact_match,0.0
ssm,cpr,0000000001000,42,seen,macro_f1,0.0
ssm,cpr,0000000001000,42,seen,micro_f1,0.0
ssm,cpr,0000000001000,42,seen,bit_accuracy,0.7923076923076923
ssm,cpr,0000000001000,42,seen,exact_match,0.0
ssm,cpr,0000000001000,42,unseen,macro_f1,0.0
ssm,cpr,0000000001000,42,unseen,micro_f1,0.0
ssm,cpr,0000000001000,42,unseen,bit_accuracy,0.823076923076923
ssm,cpr,0000000001000,42,unseen,exact_match,0.0
ssm,cpr,0000000001000,7,seen,macro_f1,0.05128205128205128
ssm,cpr,0000000001000,7,seen,micro_f1,0.3333333333333333
ssm,cpr,0000000001000,7,seen,bit_accuracy,0.8461538461538461
ssm,cpr,0000000001000,7,seen,exact_match,0.0
ssm,cpr,0000000001000,7,unseen,macro_f1,0.0
ssm,cpr,0000000001000,7,unseen,micro_f1,0.0
ssm,cpr,0000000001000,7,unseen,bit_accuracy,0.8076923076923077
ssm,cpr,0000000001000,7,unseen,exact_match,0.0
ssm,cpr,0000000001001,123,seen,macro_f1,0.07692307692307693
ssm,cpr,0000000001001,123,seen,micro_f1,0.4
ssm,cpr,0000000001001,123,seen,bit_accuracy,0.7692307692307693
ssm,cpr,0000000001001,123,seen,exact_match,0.0
ssm,cpr,0000000001001,123,unseen,macro_f1,0.1282051282051282
ssm,cpr,0000000001001,123,unseen,micro_f1,0.5454545454545454
ssm,cpr,0000000001001,123,unseen,bit_accuracy,0.8076923076923077
ssm,cpr,0000000001001,123,unseen,exact_match,0.0
ssm,cpr,0000000001001,42,seen,macro_f1,0.07692307692307693
ssm,cpr,0000000001001,42,seen,micro_f1,0.5263157894736842
ssm,cpr,0000000001001,42,seen,bit_accuracy,0.8615384615384616
ssm,cpr,0000000001001,42,seen,exact_match,0.0
ssm,cpr,0000000001001,42,unseen,macro_f1,0.07692307692307693
ssm,cpr,0000000001001,42,unseen,micro_f1,0.5555555555555556
ssm,cpr,0000000001001,42,unseen,bit_accuracy,0.8769230769230769
ssm,cpr,0000000001001,42,unseen,exact_match,0.0
ssm,cpr,0000000001001,7,seen,macro_f1,0.12087912087912088
ssm,cpr,0000000001001,7,seen,micro_f1,0.6363636363636364
ssm,cpr,0000000001001,7,seen,bit_accuracy,0.8769230769230769
ssm,cpr,0000000001001,7,seen,exact_match,0.0
ssm,cpr,0000000001001,7,unseen,macro_f1,0.06837606837606837
ssm,cpr,0000000001001,7,unseen,micro_f1,0.36363636363636365
ssm,cpr,0000000001001,7,unseen,bit_accuracy,0.7846153846153846
ssm,cpr,0000000001001,7,unseen,exact_match,0.0
ssm,cpr,0000000001010,123,seen,macro_f1,0.15384615384615385
ssm,cpr,0000000001010,123,seen,micro_f1,0.7692307692307693
ssm,cpr,0000000001010,123,seen,bit_accuracy,0.9076923076923077
ssm,cpr,0000000001010,123,seen,exact_match,0.0
ssm,cpr,0000000001010,123,unseen,macro_f1,0.10256410256410256
ssm,cpr,0000000001010,123,unseen,micro_f1,0.5714285714285714
ssm,cpr,0000000001010,123,unseen,bit_accuracy,0.8615384615384616
ssm,cpr,0000000001010,123,unseen,exact_match,0.0
ssm,cpr,0000000001010,42,seen,macro_f1,0.07692307692307693
ssm,cpr,0000000001010,42,seen,micro_f1,0.2857142857142857
ssm,cpr,0000000001010,42,seen,bit_accuracy,0.6153846153846154
ssm,cpr,0000000001010,42,seen,exact_match,0.0
ssm,cpr,0000000001010,42,unseen,macro_f1,0.07692307692307693
ssm,cpr,0000000001010,42,unseen,micro_f1,0.4
ssm,cpr,0000000001010,42,unseen,bit_accuracy,0.7692307692307693
ssm,cpr,0000000001010,42,unseen,exact_match,0.0
ssm,cpr,0000000001010,7,seen,macro_f1,0.06959706959706959
ssm,cpr,0000000001010,7,seen,micro_f1,0.3
ssm,cpr,0000000001010,7,seen,bit_accuracy,0.7846153846153846
ssm,cpr,0000000001010,7,seen,exact_match,0.2
ssm,cpr,0000000001010,7,unseen,macro_f1,0.1346153846153846
ssm,cpr,0000000001010,7,unseen,micro_f1,0.45714285714285713
ssm,cpr,0000000001010,7,unseen,bit_accuracy,0.7076923076923077
ssm,cpr,0000000001010,7,unseen,exact_match,0.0
ssm,cpr,0000000001100,123,seen,macro_f1,0.07692307692307693
ssm,cpr,0000000001100,123,seen,micro_f1,0.4444444444444444
ssm,cpr,0000000001100,123,seen,bit_accuracy,0.8076923076923077
ssm,cpr,0000000001100,123,seen,exact_match,0.0
ssm,cpr,0000000001100,123,unseen,macro_f1,0.07692307692307693
ssm,cpr,0000000001100,123,unseen,micro_f1,0.36363636363636365
ssm,cpr,0000000001100,123,unseen,bit_accuracy,0.7307692307692307
ssm,cpr,0000000001100,123,unseen,exact_match,0.0
ssm,cpr,0000000001100,42,seen,macro_f1,0.15384615384615385
ssm,cpr,0000000001100,42,seen,micro_f1,0.8
ssm,cpr,0000000001100,42,seen,bit_accuracy,0.9230769230769231
ssm,cpr,0000000001100,42,seen,exact_match,0.2
ssm,cpr,0000000001100,42,unseen,macro_f1,0.07692307692307693
ssm,cpr,0000000001100,42,unseen,micro_f1,0.5
ssm,cpr,0000000001100,42,unseen,bit_accuracy,0.8461538461538461
ssm,cpr,0000000001100,42,unseen,exact_match,0.0
ssm,cpr,0000000001100,7,seen,macro_f1,0.15384615384615385
ssm,cpr,0000000001100,7,seen,micro_f1,0.7692307692307693
ssm,cpr,0000000001100,7,seen,bit_accuracy,0.9076923076923077
ssm,cpr,0000000001100,7,seen,exact_match,0.0
ssm,cpr,0000000001100,7,unseen,macro_f1,0.14529914529914528
ssm,cpr,0000000001100,7,unseen,micro_f1,0.75
ssm,cpr,0000000001100,7,unseen,bit_accuracy,0.9076923076923077
ssm,cpr,0000000001100,7,unseen,exact_match,0.2
ssm,cpr,0000000010000,123,seen,macro_f1,0.07692307692307693
ssm,cpr,0000000010000,123,seen,micro_f1,0.851063829787234
ssm,cpr,0000000010000,123,seen,bit_accuracy,0.9730769230769231
ssm,cpr,0000000010000,123,seen,exact_match,0.7
ssm,cpr,0000000010000,123,unseen,macro_f1,0.07692307692307693
ssm,cpr,0000000010000,123,unseen,micro_f1,0.6666666666666666
ssm,cpr,0000000010000,123,unseen,bit_accuracy,0.9230769230769231
ssm,cpr,0000000010000,123,unseen,exact_match,0.3
ssm,cpr,0000000010000,42,seen,macro_f1,0.0
ssm,cpr,0000000010000,42,seen,micro_f1,0.0
ssm,cpr,0000000010000,42,seen,bit_accuracy,0.8076923076923077
ssm,cpr,0000000010000,42,seen,exact_match,0.0
ssm,cpr,0000000010000,42,unseen,macro_f1,0.0
ssm,cpr,0000000010000,42,unseen,micro_f1,0.0
ssm,cpr,0000000010000,42,unseen,bit_accuracy,0.9230769230769231
ssm,cpr,0000000010000,42,unseen,exact_match,0.0
ssm,cpr,0000000010000,7,seen,macro_f1,0.07692307692307693
ssm,cpr,0000000010000,7,seen,micro_f1,0.9523809523809523
ssm,cpr,0000000010000,7,seen,bit_accuracy,0.9923076923076923
ssm,cpr,0000000010000,7,seen,exact_match,0.9
ssm,cpr,0000000010000,7,unseen,macro_f1,0.07692307692307693
ssm,cpr,0000000010000,7,unseen,micro_f1,0.8333333333333334
ssm,cpr,0000000010000,7,unseen,bit_accuracy,0.9692307692307692
ssm,cpr,0000000010000,7,unseen,exact_match,0.65
ssm,cpr,0000000010100,123,seen,macro_f1,0.12087912087912088
ssm,cpr,0000000010100,123,seen,micro_f1,0.6666666666666666
ssm,cpr,0000000010100,123,seen,bit_accuracy,0.8923076923076924
ssm,cpr,0000000010100,123,seen,exact_match,0.2
ssm,cpr,0000000010100,123,unseen,macro_f1,0.06837606837606837
ssm,cpr,0000000010100,123,unseen,micro_f1,0.4
ssm,cpr,0000000010100,123,unseen,bit_accuracy,0.8153846153846154
ssm,cpr,0000000010100,123,unseen,exact_match,0.0
ssm,cpr,0000000010100,42,seen,macro_f1,0.10256410256410256
ssm,cpr,0000000010100,42,seen,micro_f1,0.6666666666666666
ssm,cpr,0000000010100,42,seen,bit_accuracy,0.9076923076923077
ssm,cpr,0000000010100,42,seen,exact_match,0.2
ssm,cpr,0000000010100,42,unseen,macro_f1,0.07692307692307693
ssm,cpr,0000000010100,42,unseen,micro_f1,0.5
ssm,cpr,0000000010100,42,unseen,bit_accuracy,0.8461538461538461
ssm,cpr,0000000010100,42,unseen,exact_match,0.0
ssm,cpr,0000000010100,7,seen,macro_f1,0.1282051282051282
ssm,cpr,0000000010100,7,seen,micro_f1,0.75
ssm,cpr,0000000010100,7,seen,bit_accuracy,0.9230769230769231
ssm,cpr,0000000010100,7,seen,exact_match,0.0
ssm,cpr,0000000010100,7,unseen,macro_f1,0.07692307692307693
ssm,cpr,0000000010100,7,unseen,micro_f1,0.5
ssm,cpr,0000000010100,7,unseen,bit_accuracy,0.8461538461538461
ssm,cpr,0000000010100,7,unseen,exact_match,0.0
ssm,cpr,0000000011000,123,seen,macro_f1,0.15384615384615385
ssm,cpr,0000000011000,123,seen,micro_f1,0.6666666666666666
ssm,cpr,0000000011000,123,seen,bit_accuracy,0.8461538461538461
ssm,cpr,0000000011000,123,seen,exact_match,0.0
ssm,cpr,0000000011000,123,unseen,macro_f1,0.1282051282051282
ssm,cpr,0000000011000,123,unseen,micro_f1,0.5454545454545454
ssm,cpr,0000000011000,123,unseen,bit_accuracy,0.8076923076923077
ssm,cpr,0000000011000,123,unseen,exact_match,0.0
ssm,cpr,0000000011000,42,seen,macro_f1,0.15384615384615385
ssm,cpr,0000000011000,42,seen,micro_f1,0.7407407407407407
ssm,cpr,0000000011000,42,seen,bit_accuracy,0.8923076923076924
ssm,cpr,0000000011000,42,seen,exact_match,0.4
ssm,cpr,0000000011000,42,unseen,macro_f1,0.12087912087912088
ssm,cpr,0000000011000,42,unseen,micro_f1,0.5833333333333334
ssm,cpr,0000000011000,42,unseen,bit_accuracy,0.8461538461538461
ssm,cpr,0000000011000,42,unseen,exact_match,0.0
ssm,cpr,0000000011000,7,seen,macro_f1,0.07692307692307693
ssm,cpr,0000000011000,7,seen,micro_f1,0.5555555555555556
ssm,cpr,0000000011000,7,seen,bit_accuracy,0.8769230769230769
ssm,cpr,0000000011000,7,seen,exact_match,0.0
ssm,cpr,0000000011000,7,unseen,macro_f1,0.07692307692307693
ssm,cpr,0000000011000,7,unseen,micro_f1,0.6666666666666666
ssm,cpr,0000000011000,7,unseen,bit_accuracy,0.9230769230769231
ssm,cpr,0000000011000,7,unseen,exact_match,0.0
ssm,cpr,0000000100000,123,seen,macro_f1,0.07692307692307693
ssm,cpr,0000000100000,123,seen,micro_f1,0.5970149253731343
ssm,cpr,0000000100000,123,seen,bit_accuracy,0.8961538461538462
ssm,cpr,0000000100000,123,seen,exact_match,0.35
ssm,cpr,0000000100000,123,unseen,macro_f1,0.07692307692307693
ssm,cpr,0000000100000,123,unseen,micro_f1,0.6060606060606061
ssm,cpr,0000000100000,123,unseen,bit_accuracy,0.9
ssm,cpr,0000000100000,123,unseen,exact_match,0.1
ssm,cpr,0000000100000,42,seen,macro_f1,0.07692307692307693
ssm,cpr,0000000100000,42,seen,micro_f1,0.6779661016949152
ssm,cpr,0000000100000,42,seen,bit_accuracy,0.926923076923077
ssm,cpr,0000000100000,42,seen,exact_match,0.4
ssm,cpr,0000000100000,42,unseen,macro_f1,0.07692307692307693
ssm,cpr,0000000100000,42,unseen,micro_f1,0.7272727272727273
ssm,cpr,0000000100000,42,unseen,bit_accuracy,0.9423076923076923
ssm,cpr,0000000100000,42,unseen,exact_match,0.5
ssm,cpr,0000000100000,7,seen,macro_f1,0.07692307692307693
ssm,cpr,0000000100000,7,seen,micro_f1,0.5
ssm,cpr,0000000100000,7,seen,bit_accuracy,0.8461538461538461
ssm,cpr,0000000100000,7,seen,exact_match,0.0
ssm,cpr,0000000100000,7,unseen,macro_f1,0.07692307692307693
ssm,cpr,0000000100000,7,unseen,micro_f1,0.6666666666666666
ssm,cpr,0000000100000,7,unseen,bit_accuracy,0.9230769230769231
ssm,cpr,0000000100000,7,unseen,exact_match,0.0
ssm,cpr,0000000100001,123,seen,macro_f1,0.07692307692307693
ssm,cpr,0000000100001,123,seen,micro_f1,0.3076923076923077
ssm,cpr,0000000100001,123,seen,bit_accuracy,0.6538461538461539
ssm,cpr,0000000100001,123,seen,exact_match,0.0
ssm,cpr,0000000100001,123,unseen,macro_f1,0.07692307692307693
ssm,cpr,0000000100001,123,unseen,micro_f1,0.4444444444444444
ssm,cpr,0000000100001,123,unseen,bit_accuracy,0.8076923076923077
ssm,cpr,0000000100001,123,unseen,exact_match,0.0
ssm,cpr,0000000100001,42,seen,macro_f1,0.1346153846153846
ssm,cpr,0000000100001,42,seen,micro_f1,0.7272727272727273
ssm,cpr,0000000100001,42,seen,bit_accuracy,0.9076923076923077
ssm,cpr,0000000100001,42,seen,exact_match,0.4
ssm,cpr,0000000100001,42,unseen,macro_f1,0.07692307692307693
ssm,cpr,0000000100001,42,unseen,micro_f1,0.5882352941176471
ssm,cpr,0000000100001,42,unseen,bit_accuracy,0.8923076923076924
ssm,cpr,0000000100001,42,unseen,exact_match,0.0
ssm,cpr,0000000100001,7,seen,macro_f1,0.12087912087912088
ssm,cpr,0000000100001,7,seen,micro_f1,0.56
ssm,cpr,0000000100001,7,seen,bit_accuracy,0.8307692307692308
ssm,cpr,0000000100001,7,seen,exact_match,0.0
ssm,cpr,0000000100001,7,unseen,macro_f1,0.07692307692307693
ssm,cpr,0000000100001,7,unseen,micro_f1,0.29411764705882354
ssm,cpr,0000000100001,7,unseen,bit_accuracy,0.6307692307692307
ssm,cpr,0000000100001,7,unseen,exact_match,0.0
ssm,cpr,0000000100010,123,seen,macro_f1,0.1346153846153846
ssm,cpr,0000000100010,123,seen,micro_f1,0.6153846153846154
ssm,cpr,0000000100010,123,seen,bit_accuracy,0.8461538461538461
ssm,cpr,0000000100010,123,seen,exact_match,0.0
ssm,cpr,0000000100010,123,unseen,macro_f1,0.07692307692307693
ssm,cpr,0000000100010,123,unseen,micro_f1,0.625
ssm,cpr,0000000100010,123,unseen,bit_accuracy,0.9076923076923077
ssm,cpr,0000000100010,123,unseen,exact_match,0.0
ssm,cpr,0000000100010,42,seen,macro_f1,0.07692307692307693
ssm,cpr,0000000100010,42,seen,micro_f1,0.4
ssm,cpr,0000000100010,42,seen,bit_accuracy,0.7692307692307693
ssm,cpr,0000000100010,42,seen,exact_match,0.0
ssm,cpr,0000000100010,42,unseen,macro_f1,0.07692307692307693
ssm,cpr,0000000100010,42,unseen,micro_f1,0.4
ssm,cpr,0000000100010,42,unseen,bit_accuracy,0.7692307692307693
ssm,cpr,0000000100010,42,unseen,exact_match,0.0
ssm,cpr,0000000100010,7,seen,macro_f1,0.12087912087912088
ssm,cpr,0000000100010,7,seen,micro_f1,0.5833333333333334
ssm,cpr,0000000100010,7,seen,bit_accuracy,0.8461538461538461
ssm,cpr,0000000100010,7,seen,exact_match,0.0
ssm,cpr,0000000100010,7,unseen,macro_f1,0.07692307692307693
ssm,cpr,0000000100010,7,unseen,micro_f1,0.4
ssm,cpr,0000000100010,7,unseen,bit_accuracy,0.7692307692307693
ssm,cpr,0000000100010,7,unseen,exact_match,0.0
ssm,cpr,0000000100100,123,seen,macro_f1,0.07692307692307693
ssm,cpr,0000000100100,123,seen,micro_f1,0.36363636363636365
ssm,cpr,0000000100100,123,seen,bit_accuracy,0.7307692307692307
ssm,cpr,0000000100100,123,seen,exact_match,0.0
ssm,cpr,0000000100100,123,unseen,macro_f1,0.07692307692307693
ssm,cpr,0000000100100,123,unseen,micro_f1,0.4444444444444444
ssm,cpr,0000000100100,123,unseen,bit_accuracy,0.8076923076923077
ssm,cpr,0000000100100,123,unseen,exact_match,0.0
ssm,cpr,0000000100100,42,seen,macro_f1,0.10256410256410256
ssm,cpr,0000000100100,42,seen,micro_f1,0.5714285714285714
ssm,cpr,0000000100100,42,seen,bit_accuracy,0.8615384615384616
ssm,cpr,0000000100100,42,seen,exact_match,0.2
ssm,cpr,0000000100100,42,unseen,macro_f1,0.07692307692307693
ssm,cpr,0000000100100,42,unseen,micro_f1,0.5263157894736842
ssm,cpr,0000000100100,42,unseen,bit_accuracy,0.8615384615384616
ssm,cpr,0000000100100,42,unseen,exact_match,0.0
ssm,cpr,0000000100100,7,seen,macro_f1,0.07692307692307693
ssm,cpr,0000000100100,7,seen,micro_f1,0.5882352941176471
ssm,cpr,0000000100100,7,seen,bit_accuracy,0.8923076923076924
ssm,cpr,0000000100100,7,seen,exact_match,0.0
ssm,cpr,0000000100100,7,unseen,macro_f1,0.07692307692307693
ssm,cpr,0000000100100,7,unseen,micro_f1,0.4166666666666667
ssm,cpr,0000000100100,7,unseen,bit_accuracy,0.7846153846153846
ssm,cpr,0000000100100,7,unseen,exact_match,0.0
ssm,cpr,0000000101000,123,seen,macro_f1,0.10256410256410256
ssm,cpr,0000000101000,123,seen,micro_f1,0.5217391304347826
ssm,cpr,0000000101000,123,seen,bit_accuracy,0.8307692307692308
ssm,cpr,0000000101000,123,seen,exact_match,0.0
ssm,cpr,0000000101000,123,unseen,macro_f1,0.07692307692307693
ssm,cpr,0000000101000,123,unseen,micro_f1,0.4166666666666667
ssm,cpr,0000000101000,123,unseen,bit_accuracy,0.7846153846153846
ssm,cpr,0000000101000,123,unseen,exact_match,0.0
ssm,cpr,0000000101000,42,seen,macro_f1,0.15384615384615385
ssm,cpr,0000000101000,42,seen,micro_f1,0.7272727272727273
ssm,cpr,0000000101000,42,seen,bit_accuracy,0.8846153846153846
ssm,cpr,0000000101000,42,seen,exact_match,0.0
ssm,cpr,0000000101000,42,unseen,macro_f1,0.07692307692307693
ssm,cpr,0000000101000,42,unseen,micro_f1,0.4
ssm,cpr,0000000101000,42,unseen,bit_accuracy,0.7692307692307693
ssm,cpr,0000000101000,42,unseen,exact_match,0.0
ssm,cpr,0000000101000,7,seen,macro_f1,0.07692307692307693
ssm,cpr,0000000101000,7,seen,micro_f1,0.4166666666666667
ssm,cpr,0000000101000,7,seen,bit_accuracy,0.7846153846153846
ssm,cpr,0000000101000,7,seen,exact_match,0.0
ssm,cpr,0000000101000,7,unseen,macro_f1,0.07692307692307693
ssm,cpr,0000000101000,7,unseen,micro_f1,0.4166666666666667
ssm,cpr,0000000101000,7,unseen,bit_accuracy,0.7846153846153846
ssm,cpr,0000000101000,7,unseen,exact_match,0.0
ssm,cpr,0000000110000,123,seen,macro_f1,0.07692307692307693
ssm,cpr,0000000110000,123,seen,micro_f1,0.4
ssm,cpr,0000000110000,123,seen,bit_accuracy,0.7692307692307693
ssm,cpr,0000000110000,123,seen,exact_match,0.0
ssm,cpr,0000000110000,123,unseen,macro_f1,0.07692307692307693
ssm,cpr,0000000110000,123,unseen,micro_f1,0.36363636363636365
ssm,cpr,0000000110000,123,unseen,bit_accuracy,0.7307692307692307
ssm,cpr,0000000110000,123,unseen,exact_match,0.0
ssm,cpr,0000000110000,42,seen,macro_f1,0.15384615384615385
ssm,cpr,0000000110000,42,seen,micro_f1,1.0
ssm,cpr,0000000110000,42,seen,bit_accuracy,1.0
ssm,cpr,0000000110000,42,seen,exact_match,1.0
ssm,cpr,0000000110000,42,unseen,macro_f1,0.07692307692307693
ssm,cpr,0000000110000,42,unseen,micro_f1,0.47619047619047616
ssm,cpr,0000000110000,42,unseen,bit_accuracy,0.8307692307692308
ssm,cpr,0000000110000,42,unseen,exact_match,0.0
ssm,cpr,0000000110000,7,seen,macro_f1,0.15384615384615385
ssm,cpr,0000000110000,7,seen,micro_f1,1.0
ssm,cpr,0000000110000,7,seen,bit_accuracy,1.0
ssm,cpr,0000000110000,7,seen,exact_match,1.0
ssm,cpr,0000000110000,7,unseen,macro_f1,0.07692307692307693
ssm,cpr,0000000110000,7,unseen,micro_f1,0.47619047619047616
ssm,cpr,0000000110000,7,unseen,bit_accuracy,0.8307692307692308
ssm,cpr,0000000110000,7,unseen,exact_match,0.0
ssm,cpr,0000001000000,123,seen,macro_f1,0.07692307692307693
ssm,cpr,0000001000000,123,seen,micro_f1,0.7547169811320755
ssm,cpr,0000001000000,123,seen,bit_accuracy,0.95
ssm,cpr,0000001000000,123,seen,exact_match,0.6
ssm,cpr,0000001000000,123,unseen,macro_f1,0.07692307692307693
ssm,cpr,0000001000000,123,unseen,micro_f1,0.6349206349206349
ssm,cpr,0000001000000,123,unseen,bit_accuracy,0.9115384615384615
ssm,cpr,0000001000000,123,unseen,exact_match,0.15
ssm,cpr,0000001000000,42,seen,macro_f1,0.07692307692307693
ssm,cpr,0000001000000,42,seen,micro_f1,1.0
ssm,cpr,0000001000000,42,seen,bit_accuracy,1.0
ssm,cpr,0000001000000,42,seen,exact_match,1.0
ssm,cpr,0000001000000,42,unseen,macro_f1,0.07692307692307693
ssm,cpr,0000001000000,42,unseen,micro_f1,0.8
ssm,cpr,0000001000000,42,unseen,bit_accuracy,0.9615384615384616
ssm,cpr,0000001000000,42,unseen,exact_match,0.5
ssm,cpr,0000001000000,7,seen,macro_f1,0.07692307692307693
ssm,cpr,0000001000000,7,seen,micro_f1,0.5128205128205128
ssm,cpr,0000001000000,7,seen,bit_accuracy,0.8538461538461538
ssm,cpr,0000001000000,7,seen,exact_match,0.05
ssm,cpr,0000001000000,7,unseen,macro_f1,0.07692307692307693
ssm,cpr,0000001000000,7,unseen,micro_f1,0.6779661016949152
ssm,cpr,0000001000000,7,unseen,bit_accuracy,0.926923076923077
ssm,cpr,0000001000000,7,unseen,exact_match,0.25
ssm,cpr,0000001000001,123,seen,macro_f1,0.14529914529914528
ssm,cpr,0000001000001,123,seen,micro_f1,0.9
ssm,cpr,0000001000001,123,seen,bit_accuracy,0.9692307692307692
ssm,cpr,0000001000001,123,seen,exact_match,0.8
ssm,cpr,0000001000001,123,unseen,macro_f1,0.07692307692307693
ssm,cpr,0000001000001,123,unseen,micro_f1,0.6666666666666666
ssm,cpr,0000001000001,123,unseen,bit_accuracy,0.9230769230769231
ssm,cpr,0000001000001,123,unseen,exact_match,0.0
ssm,cpr,0000001000001,42,seen,macro_f1,0.15384615384615385
ssm,cpr,0000001000001,42,seen,micro_f1,1.0
ssm,cpr,0000001000001,42,seen,bit_accuracy,1.0
ssm,cpr,0000001000001,42,seen,exact_match,1.0
ssm,cpr,0000001000001,42,unseen,macro_f1,0.07692307692307693
ssm,cpr,0000001000001,42,unseen,micro_f1,0.625
ssm,cpr,0000001000001,42,unseen,bit_accuracy,0.9076923076923077
ssm,cpr,0000001000001,42,unseen,exact_match,0.0
ssm,cpr,0000001000001,7,seen,macro_f1,0.07692307692307693
ssm,cpr,0000001000001,7,seen,micro_f1,0.5
ssm,cpr,0000001000001,7,seen,bit_accuracy,0.8461538461538461
ssm,cpr,0000001000001,7,seen,exact_match,0.0
ssm,cpr,0000001000001,7,unseen,macro_f1,0.07692307692307693
ssm,cpr,0000001000001,7,unseen,micro_f1,0.4
ssm,cpr,0000001000001,7,unseen,bit_accuracy,0.7692307692307693
ssm,cpr,0000001000001,7,unseen,exact_match,0.0
ssm,cpr,0000001000010,123,seen,macro_f1,0.07692307692307693
ssm,cpr,0000001000010,123,seen,micro_f1,0.5
ssm,cpr,0000001000010,123,seen,bit_accuracy,0.8461538461538461
ssm,cpr,0000001000010,123,seen,exact_match,0.0
ssm,cpr,0000001000010,123,unseen,macro_f1,0.07692307692307693
ssm,cpr,0000001000010,123,unseen,micro_f1,0.4
ssm,cpr,0000001000010,123,unseen,bit_accuracy,0.7692307692307693
ssm,cpr,0000001000010,123,unseen,exact_match,0.0
ssm,cpr,0000001000010,42,seen,macro_f1,0.12087912087912088
ssm,cpr,0000001000010,42,seen,micro_f1,0.5384615384615384
ssm,cpr,0000001000010,42,seen,bit_accuracy,0.8153846153846154
ssm,cpr,0000001000010,42,seen,exact_match,0.0
ssm,cpr,0000001000010,42,unseen,macro_f1,0.07692307692307693
ssm,cpr,0000001000010,42,unseen,micro_f1,0.5882352941176471
ssm,cpr,0000001000010,42,unseen,bit_accuracy,0.8923076923076924
ssm,cpr,0000001000010,42,unseen,exact_match,0.0
ssm,cpr,0000001000010,7,seen,macro_f1,0.12087912087912088
ssm,cpr,0000001000010,7,seen,micro_f1,0.6363636363636364
ssm,cpr,0000001000010,7,seen,bit_accuracy,0.8769230769230769
ssm,cpr,0000001000010,7,seen,exact_match,0.0
ssm,cpr,0000001000010,7,unseen,macro_f1,0.07692307692307693
ssm,cpr,0000001000010,7,unseen,micro_f1,0.5555555555555556
ssm,cpr,0000001000010,7,unseen,bit_accuracy,0.8769230769230769
ssm,cpr,0000001000010,7,unseen,exact_match,0.0
ssm,cpr,0000001000100,123,seen,macro_f1,0.07692307692307693
ssm,cpr,0000001000100,123,seen,micro_f1,0.5263157894736842
ssm,cpr,0000001000100,123,seen,bit_accuracy,0.8615384615384616
ssm,cpr,0000001000100,123,seen,exact_match,0.0
ssm,cpr,0000001000100,123,unseen,macro_f1,0.07692307692307693
ssm,cpr,0000001000100,123,unseen,micro_f1,0.45454545454545453
ssm,cpr,0000001000100,123,unseen,bit_accuracy,0.8153846153846154
ssm,cpr,0000001000100,123,unseen,exact_match,0.0
ssm,cpr,0000001000100,42,seen,macro_f1,0.07692307692307693
ssm,cpr,0000001000100,42,seen,micro_f1,0.45454545454545453
ssm,cpr,0000001000100,42,seen,bit_accuracy,0.8153846153846154
ssm,cpr,0000001000100,42,seen,exact_match,0.0
ssm,cpr,0000001000100,42,unseen,macro_f1,0.07692307692307693
ssm,cpr,0000001000100,42,unseen,micro_f1,0.4166666666666667
ssm,cpr,0000001000100,42,unseen,bit_accuracy,0.7846153846153846
ssm,cpr,0000001000100,42,unseen,exact_match,0.0
ssm,cpr,0000001000100,7,seen,macro_f1,0.07692307692307693
ssm,cpr,0000001000100,7,seen,micro_f1,0.4444444444444444
ssm,cpr,0000001000100,7,seen,bit_accuracy,0.8076923076923077
ssm,cpr,0000001000100,7,seen,exact_match,0.0
ssm,cpr,0000001000100,7,unseen,macro_f1,0.07692307692307693
ssm,cpr,0000001000100,7,unseen,micro_f1,0.5
ssm,cpr,0000001000100,7,unseen,bit_accuracy,0.8461538461538461
ssm,cpr,0000001000100,7,unseen,exact_match,0.0
ssm,cpr,0000001001000,123,seen,macro_f1,0.15384615384615385
ssm,cpr,0000001001000,123,seen,micro_f1,0.8
ssm,cpr,0000001001000,123,seen,bit_accuracy,0.9230769230769231
ssm,cpr,0000001001000,123,seen,exact_match,0.0
ssm,cpr,0000001001000,123,unseen,macro_f1,0.07692307692307693
ssm,cpr,0000001001000,123,unseen,micro_f1,0.4
ssm,cpr,0000001001000,123,unseen,bit_accuracy,0.7692307692307693
ssm,cpr,0000001001000,123,unseen,exact_match,0.0
ssm,cpr,0000001001000,42,seen,macro_f1,0.07692307692307693
ssm,cpr,0000001001000,42,seen,micro_f1,0.38461538461538464
ssm,cpr,0000001001000,42,seen,bit_accuracy,0.7538461538461538
ssm,cpr,0000001001000,42,seen,exact_match,0.0
ssm,cpr,0000001001000,42,unseen,macro_f1,0.07692307692307693
ssm,cpr,0000001001000,42,unseen,micro_f1,0.43478260869565216
ssm,cpr,0000001001000,42,unseen,bit_accuracy,0.8
ssm,cpr,0000001001000,42,unseen,exact_match,0.0
ssm,cpr,0000001001000,7,seen,macro_f1,0.10256410256410256
ssm,cpr,0000001001000,7,seen,micro_f1,0.5454545454545454
ssm,cpr,0000001001000,7,seen,bit_accuracy,0.8461538461538461
ssm,cpr,0000001001000,7,seen,exact_match,0.0
ssm,cpr,0000001001000,7,unseen,macro_f1,0.07692307692307693
ssm,cpr,0000001001000,7,unseen,micro_f1,0.5
ssm,cpr,0000001001000,7,unseen,bit_accuracy,0.8461538461538461
ssm,cpr,0000001001000,7,unseen,exact_match,0.0
ssm,cpr,0000001010000,123,seen,macro_f1,0.07692307692307693
ssm,cpr,0000001010000,123,seen,micro_f1,0.5882352941176471
ssm,cpr,0000001010000,123,seen,bit_accuracy,0.8923076923076924
ssm,cpr,0000001010000,123,seen,exact_match,0.0
ssm,cpr,0000001010000,123,unseen,macro_f1,0.07692307692307693
ssm,cpr,0000001010000,123,unseen,micro_f1,0.5
ssm,cpr,0000001010000,123,unseen,bit_accuracy,0.8461538461538461
ssm,cpr,0000001010000,123,unseen,exact_match,0.0
ssm,cpr,0000001010000,42,seen,macro_f1,0.1346153846153846
ssm,cpr,0000001010000,42,seen,micro_f1,0.6153846153846154
ssm,cpr,0000001010000,42,seen,bit_accuracy,0.8461538461538461
ssm,cpr,0000001010000,42,seen,exact_match,0.2
ssm,cpr,0000001010000,42,unseen,macro_f1,0.07692307692307693
ssm,cpr,0000001010000,42,unseen,micro_f1,0.5
ssm,cpr,0000001010000,42,unseen,bit_accuracy,0.8461538461538461
ssm,cpr,0000001010000,42,unseen,exact_match,0.0
ssm,cpr,0000001010000,7,seen,macro_f1,0.15384615384615385
ssm,cpr,0000001010000,7,seen,micro_f1,1.0
ssm,cpr,0000001010000,7,seen,bit_accuracy,1.0
ssm,cpr,0000001010000,7,seen,exact_match,1.0
ssm,cpr,0000001010000,7,unseen,macro_f1,0.07692307692307693
ssm,cpr,0000001010000,7,unseen,micro_f1,0.5
ssm,cpr,0000001010000,7,unseen,bit_accuracy,0.8461538461538461
ssm,cpr,0000001010000,7,unseen,exact_match,0.0
ssm,cpr,0000010000000,123,seen,macro_f1,0.03550295857988166
ssm,cpr,0000010000000,123,seen,micro_f1,0.19047619047619047
ssm,cpr,0000010000000,123,seen,bit_accuracy,0.8038461538461539
ssm,cpr,0000010000000,123,seen,exact_match,0.05
ssm,cpr,0000010000000,123,unseen,macro_f1,0.05128205128205128
ssm,cpr,0000010000000,123,unseen,micro_f1,0.273972602739726
ssm,cpr,0000010000000,123,unseen,bit_accuracy,0.7961538461538461
ssm,cpr,0000010000000,123,unseen,exact_match,0.0
ssm,cpr,0000010000000,42,seen,macro_f1,0.007326007326007326
ssm,cpr,0000010000000,42,seen,micro_f1,0.04
ssm,cpr,0000010000000,42,seen,bit_accuracy,0.8153846153846154
ssm,cpr,0000010000000,42,seen,exact_match,0.0
ssm,cpr,0000010000000,42,unseen,macro_f1,0.04774535809018568
ssm,cpr,0000010000000,42,unseen,micro_f1,0.2222222222222222
ssm,cpr,0000010000000,42,unseen,bit_accuracy,0.7576923076923077
ssm,cpr,0000010000000,42,unseen,exact_match,0.0
ssm,cpr,0000010000000,7,seen,macro_f1,0.07692307692307693
ssm,cpr,0000010000000,7,seen,micro_f1,0.4444444444444444
ssm,cpr,0000010000000,7,seen,bit_accuracy,0.8076923076923077
ssm,cpr,0000010000000,7,seen,exact_match,0.0
ssm,cpr,0000010000000,7,unseen,macro_f1,0.07692307692307693
ssm,cpr,0000010000000,7,unseen,micro_f1,0.5
ssm,cpr,0000010000000,7,unseen,bit_accuracy,0.8461538461538461
ssm,cpr,0000010000000,7,unseen,exact_match,0.0
ssm,cpr,0000010000010,123,seen,macro_f1,0.14529914529914528
ssm,cpr,0000010000010,123,seen,micro_f1,0.5625
ssm,cpr,0000010000010,123,seen,bit_accuracy,0.7846153846153846
ssm,cpr,0000010000010,123,seen,exact_match,0.0
ssm,cpr,0000010000010,123,unseen,macro_f1,0.10256410256410256
ssm,cpr,0000010000010,123,unseen,micro_f1,0.5454545454545454
ssm,cpr,0000010000010,123,unseen,bit_accuracy,0.8461538461538461
ssm,cpr,0000010000010,123,unseen,exact_match,0.0
ssm,cpr,0000010000010,42,seen,macro_f1,0.1282051282051282
ssm,cpr,0000010000010,42,seen,micro_f1,0.5454545454545454
ssm,cpr,0000010000010,42,seen,bit_accuracy,0.8076923076923077
ssm,cpr,0000010000010,42,seen,exact_match,0.0
ssm,cpr,0000010000010,42,unseen,macro_f1,0.05128205128205128
ssm,cpr,0000010000010,42,unseen,micro_f1,0.2857142857142857
ssm,cpr,0000010000010,42,unseen,bit_accuracy,0.8076923076923077
ssm,cpr,0000010000010,42,unseen,exact_match,0.0
ssm,cpr,0000010000010,7,seen,macro_f1,0.094017094017094
ssm,cpr,0000010000010,7,seen,micro_f1,0.35714285714285715
ssm,cpr,0000010000010,7,seen,bit_accuracy,0.7230769230769231
ssm,cpr,0000010000010,7,seen,exact_match,0.0
ssm,cpr,0000010000010,7,unseen,macro_f1,0.07692307692307693
ssm,cpr,0000010000010,7,unseen,micro_f1,0.47619047619047616
ssm,cpr,0000010000010,7,unseen,bit_accuracy,0.8307692307692308
ssm,cpr,0000010000010,7,unseen,exact_match,0.0
ssm,cpr,0000010000100,123,seen,macro_f1,0.1282051282051282
ssm,cpr,0000010000100,123,seen,micro_f1,0.6
ssm,cpr,0000010000100,123,seen,bit_accuracy,0.8461538461538461
ssm,cpr,0000010000100,123,seen,exact_match,0.0
ssm,cpr,0000010000100,123,unseen,macro_f1,0.05128205128205128
ssm,cpr,0000010000100,123,unseen,micro_f1,0.25
ssm,cpr,0000010000100,123,unseen,bit_accuracy,0.7692307692307693
ssm,cpr,0000010000100,123,unseen,exact_match,0.0
ssm,cpr,0000010000100,42,seen,macro_f1,0.07692307692307693
ssm,cpr,0000010000100,42,seen,micro_f1,0.5555555555555556
ssm,cpr,0000010000100,42,seen,bit_accuracy,0.8769230769230769
ssm,cpr,0000010000100,42,seen,exact_match,0.0
ssm,cpr,0000010000100,42,unseen,macro_f1,0.12087912087912088
ssm,cpr,0000010000100,42,unseen,micro_f1,0.5833333333333334
ssm,cpr,0000010000100,42,unseen,bit_accuracy,0.8461538461538461
ssm,cpr,0000010000100,42,unseen,exact_match,0.0
ssm,cpr,0000010000100,7,seen,macro_f1,0.14529914529914528
ssm,cpr,0000010000100,7,seen,micro_f1,0.8181818181818182
ssm,cpr,0000010000100,7,seen,bit_accuracy,0.9384615384615385
ssm,cpr,0000010000100,7,seen,exact_match,0.4
ssm,cpr,0000010000100,7,unseen,macro_f1,0.1346153846153846
ssm,cpr,0000010000100,7,unseen,micro_f1,0.6153846153846154
ssm,cpr,0000010000100,7,unseen,bit_accuracy,0.8461538461538461
ssm,cpr,0000010000100,7,unseen,exact_match,0.0
ssm,cpr,0000010001000,123,seen,macro_f1,0.07692307692307693
ssm,cpr,0000010001000,123,seen,micro_f1,0.45454545454545453
ssm,cpr,0000010001000,123,seen,bit_accuracy,0.8153846153846154
ssm,cpr,0000010001000,123,seen,exact_match,0.0
ssm,cpr,0000010001000,123,unseen,macro_f1,0.1346153846153846
ssm,cpr,0000010001000,123,unseen,micro_f1,0.5517241379310345
ssm,cpr,0000010001000,123,unseen,bit_accuracy,0.8
ssm,cpr,0000010001000,123,unseen,exact_match,0.0
ssm,cpr,0000010001000,42,seen,macro_f1,0.07692307692307693
ssm,cpr,0000010001000,42,seen,micro_f1,0.4
ssm,cpr,0000010001000,42,seen,bit_accuracy,0.7692307692307693
ssm,cpr,0000010001000,42,seen,exact_match,0.0
ssm,cpr,0000010001000,42,unseen,macro_f1,0.07692307692307693
ssm,cpr,0000010001000,42,unseen,micro_f1,0.4
ssm,cpr,0000010001000,42,unseen,bit_accuracy,0.7692307692307693
ssm,cpr,0000010001000,42,unseen,exact_match,0.0
ssm,cpr,0000010001000,7,seen,macro_f1,0.12087912087912088
ssm,cpr,0000010001000,7,seen,micro_f1,0.5185185185185185
ssm,cpr,0000010001000,7,seen,bit_accuracy,0.8
ssm,cpr,0000010001000,7,seen,exact_match,0.0
ssm,cpr,0000010001000,7,unseen,macro_f1,0.10256410256410256
ssm,cpr,0000010001000,7,unseen,micro_f1,0.5217391304347826
ssm,cpr,0000010001000,7,unseen,bit_accuracy,0.8307692307692308
ssm,cpr,0000010001000,7,unseen,exact_match,0.0
ssm,cpr,0000010010000,123,seen,macro_f1,0.07692307692307693
ssm,cpr,0000010010000,123,seen,micro_f1,0.4444444444444444
ssm,cpr,0000010010000,123,seen,bit_accuracy,0.8076923076923077
ssm,cpr,0000010010000,123,seen,exact_match,0.0
ssm,cpr,0000010010000,123,unseen,macro_f1,0.07692307692307693
ssm,cpr,0000010010000,123,unseen,micro_f1,0.4
ssm,cpr,0000010010000,123,unseen,bit_accuracy,0.7692307692307693
ssm,cpr,0000010010000,123,unseen,exact_match,0.0
ssm,cpr,0000010010000,42,seen,macro_f1,0.1346153846153846
ssm,cpr,0000010010000,42,seen,micro_f1,0.6956521739130435
ssm,cpr,0000010010000,42,seen,bit_accuracy,0.8923076923076924
ssm,cpr,0000010010000,42,seen,exact_match,0.2
ssm,cpr,0000010010000,42,unseen,macro_f1,0.12087912087912088
ssm,cpr,0000010010000,42,unseen,micro_f1,0.6666666666666666
ssm,cpr,0000010010000,42,unseen,bit_accuracy,0.8923076923076924
ssm,cpr,0000010010000,42,unseen,exact_match,0.4
ssm,cpr,0000010010000,7,seen,macro_f1,0.12087912087912088
ssm,cpr,0000010010000,7,seen,micro_f1,0.7368421052631579
ssm,cpr,0000010010000,7,seen,bit_accuracy,0.9230769230769231
ssm,cpr,0000010010000,7,seen,exact_match,0.2
ssm,cpr,0000010010000,7,unseen,macro_f1,0.07692307692307693
ssm,cpr,0000010010000,7,unseen,micro_f1,0.5
ssm,cpr,0000010010000,7,unseen,bit_accuracy,0.8461538461538461
ssm,cpr,0000010010000,7,unseen,exact_match,0.0
ssm,cpr,0000010100000,123,seen,macro_f1,0.15384615384615385
ssm,cpr,0000010100000,123,seen,micro_f1,0.8333333333333334
ssm,cpr,0000010100000,123,seen,bit_accuracy,0.9384615384615385
ssm,cpr,0000010100000,123,seen,exact_match,0.4
ssm,cpr,0000010100000,123,unseen,macro_f1,0.07692307692307693
ssm,cpr,0000010100000,123,unseen,micro_f1,0.37037037037037035
ssm,cpr,0000010100000,123,unseen,bit_accuracy,0.7384615384615385
ssm,cpr,0000010100000,123,unseen,exact_match,0.0
ssm,cpr,0000010100000,42,seen,macro_f1,0.07692307692307693
ssm,cpr,0000010100000,42,seen,micro_f1,0.4444444444444444
ssm,cpr,0000010100000,42,seen,bit_accuracy,0.8076923076923077
ssm,cpr,0000010100000,42,seen,exact_match,0.0
ssm,cpr,0000010100000,42,unseen,macro_f1,0.07692307692307693
ssm,cpr,0000010100000,42,unseen,micro_f1,0.5
ssm,cpr,0000010100000,42,unseen,bit_accuracy,0.8461538461538461
ssm,cpr,0000010100000,42,unseen,exact_match,0.0
ssm,cpr,0000010100000,7,seen,macro_f1,0.07692307692307693
ssm,cpr,0000010100000,7,seen,micro_f1,0.5
ssm,cpr,0000010100000,7,seen,bit_accuracy,0.8461538461538461
ssm,cpr,0000010100000,7,seen,exact_match,0.0
ssm,cpr,0000010100000,7,unseen,macro_f1,0.07692307692307693
ssm,cpr,0000010100000,7,unseen,micro_f1,0.5555555555555556
ssm,cpr,0000010100000,7,unseen,bit_accuracy,0.8769230769230769
ssm,cpr,0000010100000,7,unseen,exact_match,0.0
ssm,cpr,0000011000000,123,seen,macro_f1,0.07692307692307693
ssm,cpr,0000011000000,123,seen,micro_f1,0.5714285714285714
ssm,cpr,0000011000000,123,seen,bit_accuracy,0.8846153846153846
ssm,cpr,0000011000000,123,seen,exact_match,0.0
ssm,cpr,0000011000000,123,unseen,macro_f1,0.07692307692307693
ssm,cpr,0000011000000,123,unseen,micro_f1,0.5
ssm,cpr,0000011000000,123,unseen,bit_accuracy,0.8461538461538461
ssm,cpr,0000011000000,123,unseen,exact_match,0.0
ssm,cpr,0000011000000,42,seen,macro_f1,0.10256410256410256
ssm,cpr,0000011000000,42,seen,micro_f1,0.5454545454545454
ssm,cpr,0000011000000,42,seen,bit_accuracy,0.8461538461538461
ssm,cpr,0000011000000,42,seen,exact_match,0.0
ssm,cpr,0000011000000,42,unseen,macro_f1,0.07692307692307693
ssm,cpr,0000011000000,42,unseen,micro_f1,0.5882352941176471
ssm,cpr,0000011000000,42,unseen,bit_accuracy,0.8923076923076924
ssm,cpr,0000011000000,42,unseen,exact_match,0.0
ssm,cpr,0000011000000,7,seen,macro_f1,0.07692307692307693
ssm,cpr,0000011000000,7,seen,micro_f1,0.38461538461538464
ssm,cpr,0000011000000,7,seen,bit_accuracy,0.7538461538461538
ssm,cpr,0000011000000,7,seen,exact_match,0.0
ssm,cpr,0000011000000,7,unseen,macro_f1,0.07692307692307693
ssm,cpr,0000011000000,7,unseen,micro_f1,0.37037037037037035
ssm,cpr,0000011000000,7,unseen,bit_accuracy,0.7384615384615385
ssm,cpr,0000011000000,7,unseen,exact_match,0.0
ssm,cpr,0000100000000,123,seen,macro_f1,0.07692307692307693
ssm,cpr,0000100000000,123,seen,micro_f1,0.7142857142857143
ssm,cpr,0000100000000,123,seen,bit_accuracy,0.9384615384615385
ssm,cpr,0000100000000,123,seen,exact_match,0.25
ssm,cpr,0000100000000,123,unseen,macro_f1,0.07692307692307693
ssm,cpr,0000100000000,123,unseen,micro_f1,0.5063291139240507
ssm,cpr,0000100000000,123,unseen,bit_accuracy,0.85
ssm,cpr,0000100000000,123,unseen,exact_match,0.0
ssm,cpr,0000100000000,42,seen,macro_f1,0.07692307692307693
ssm,cpr,0000100000000,42,seen,micro_f1,0.6666666666666666
ssm,cpr,0000100000000,42,seen,bit_accuracy,0.9230769230769231
ssm,cpr,0000100000000,42,seen,exact_match,0.0
ssm,cpr,0000100000000,42,unseen,macro_f1,0.07692307692307693
ssm,cpr,0000100000000,42,unseen,micro_f1,0.4
ssm,cpr,0000100000000,42,unseen,bit_accuracy,0.7692307692307693
ssm,cpr,0000100000000,42,unseen,exact_match,0.0
ssm,cpr,0000100000000,7,seen,macro_f1,0.07692307692307693
ssm,cpr,0000100000000,7,seen,micro_f1,0.6349206349206349
ssm,cpr,0000100000000,7,seen,bit_accuracy,0.9115384615384615
ssm,cpr,0000100000000,7,seen,exact_match,0.1
ssm,cpr,0000100000000,7,unseen,macro_f1,0.07692307692307693
ssm,cpr,0000100000000,7,unseen,micro_f1,0.6060606060606061
ssm,cpr,0000100000000,7,unseen,bit_accuracy,0.9
ssm,cpr,0000100000000,7,unseen,exact_match,0.05
ssm,cpr,0000100000001,123,seen,macro_f1,0.15384615384615385
ssm,cpr,0000100000001,123,seen,micro_f1,0.6666666666666666
ssm,cpr,0000100000001,123,seen,bit_accuracy,0.8461538461538461
ssm,cpr,0000100000001,123,seen,exact_match,0.0
ssm,cpr,0000100000001,123,unseen,macro_f1,0.07692307692307693
ssm,cpr,0000100000001,123,unseen,micro_f1,0.5263157894736842
ssm,cpr,0000100000001,123,unseen,bit_accuracy,0.8615384615384616
ssm,cpr,0000100000001,123,unseen,exact_match,0.0
ssm,cpr,0000100000001,42,seen,macro_f1,0.14529914529914528
ssm,cpr,0000100000001,42,seen,micro_f1,0.782608695652174
ssm,cpr,0000100000001,42,seen,bit_accuracy,0.9230769230769231
ssm,cpr,0000100000001,42,seen,exact_match,0.2
ssm,cpr,0000100000001,42,unseen,macro_f1,0.07692307692307693
ssm,cpr,0000100000001,42,unseen,micro_f1,0.4
ssm,cpr,0000100000001,42,unseen,bit_accuracy,0.7692307692307693
ssm,cpr,0000100000001,42,unseen,exact_match,0.0
ssm,cpr,0000100000001,7,seen,macro_f1,0.1282051282051282
ssm,cpr,0000100000001,7,seen,micro_f1,0.5454545454545454
ssm,cpr,0000100000001,7,seen,bit_accuracy,0.8076923076923077
ssm,cpr,0000100000001,7,seen,exact_match,0.0
ssm,cpr,0000100000001,7,unseen,macro_f1,0.07692307692307693
ssm,cpr,0000100000001,7,unseen,micro_f1,0.4444444444444444
ssm,cpr,0000100000001,7,unseen,bit_accuracy,0.8076923076923077
ssm,cpr,0000100000001,7,unseen,exact_match,0.0
ssm,cpr,0000100000100,123,seen,macro_f1,0.07692307692307693
ssm,cpr,0000100000100,123,seen,micro_f1,0.4
ssm,cpr,0000100000100,123,seen,bit_accuracy,0.7692307692307693
ssm,cpr,0000100000100,123,seen,exact_match,0.0
ssm,cpr,0000100000100,123,unseen,macro_f1,0.07692307692307693
ssm,cpr,0000100000100,123,unseen,micro_f1,0.5
ssm,cpr,0000100000100,123,unseen,bit_accuracy,0.8461538461538461
ssm,cpr,0000100000100,123,unseen,exact_match,0.0
ssm,cpr,0000100000100,42,seen,macro_f1,0.14529914529914528
ssm,cpr,0000100000100,42,seen,micro_f1,0.6
ssm,cpr,0000100000100,42,seen,bit_accuracy,0.8153846153846154
ssm,cpr,0000100000100,42,seen,exact_match,0.0
ssm,cpr,0000100000100,42,unseen,macro_f1,0.07692307692307693
ssm,cpr,0000100000100,42,unseen,micro_f1,0.5263157894736842
ssm,cpr,0000100000100,42,unseen,bit_accuracy,0.8615384615384616
ssm,cpr,0000100000100,42,unseen,exact_match,0.0
ssm,cpr,0000100000100,7,seen,macro_f1,0.07692307692307693
ssm,cpr,0000100000100,7,seen,micro_f1,0.4444444444444444
ssm,cpr,0000100000100,7,seen,bit_accuracy,0.8076923076923077
ssm,cpr,0000100000100,7,seen,exact_match,0.0
ssm,cpr,0000100000100,7,unseen,macro_f1,0.07692307692307693
ssm,cpr,0000100000100,7,unseen,micro_f1,0.4444444444444444
ssm,cpr,0000100000100,7,unseen,bit_accuracy,0.8076923076923077
ssm,cpr,0000100000100,7,unseen,exact_match,0.0
ssm,cpr,0000100001000,123,seen,macro_f1,0.15384615384615385
ssm,cpr,0000100001000,123,seen,micro_f1,0.6153846153846154
ssm,cpr,0000100001000,123,seen,bit_accuracy,0.8076923076923077
ssm,cpr,0000100001000,123,seen,exact_match,0.0
ssm,cpr,0000100001000,123,unseen,macro_f1,0.07692307692307693
ssm,cpr,0000100001000,123,unseen,micro_f1,0.4444444444444444
ssm,cpr,0000100001000,123,unseen,bit_accuracy,0.8076923076923077
ssm,cpr,0000100001000,123,unseen,exact_match,0.0
ssm,cpr,0000100001000,42,seen,macro_f1,0.07692307692307693
ssm,cpr,0000100001000,42,seen,micro_f1,0.5
ssm,cpr,0000100001000,42,seen,bit_accuracy,0.8461538461538461
ssm,cpr,0000100001000,42,seen,exact_match,0.0
ssm,cpr,0000100001000,42,unseen,macro_f1,0.10256410256410256
ssm,cpr,0000100001000,42,unseen,micro_f1,0.4444444444444444
ssm,cpr,0000100001000,42,unseen,bit_accuracy,0.7692307692307693
ssm,cpr,0000100001000,42,unseen,exact_match,0.0
ssm,cpr,0000100001000,7,seen,macro_f1,0.07692307692307693
ssm,cpr,0000100001000,7,seen,micro_f1,0.5882352941176471
ssm,cpr,0000100001000,7,seen,bit_accuracy,0.8923076923076924
ssm,cpr,0000100001000,7,seen,exact_match,0.0
ssm,cpr,0000100001000,7,unseen,macro_f1,0.07692307692307693
ssm,cpr,0000100001000,7,unseen,micro_f1,0.5263157894736842
ssm,cpr,0000100001000,7,unseen,bit_accuracy,0.8615384615384616
ssm,cpr,0000100001000,7,unseen,exact_match,0.0
ssm,cpr,0000100010000,123,seen,macro_f1,0.15384615384615385
ssm,cpr,0000100010000,123,seen,micro_f1,0.8695652173913043
ssm,cpr,0000100010000,123,seen,bit_accuracy,0.9538461538461539
ssm,cpr,0000100010000,123,seen,exact_match,0.4
ssm,cpr,0000100010000,123,unseen,macro_f1,0.07692307692307693
ssm,cpr,0000100010000,123,unseen,micro_f1,0.5555555555555556
ssm,cpr,0000100010000,123,unseen,bit_accuracy,0.8769230769230769
ssm,cpr,0000100010000,123,unseen,exact_match,0.0
ssm,cpr,0000100010000,42,seen,macro_f1,0.15384615384615385
ssm,cpr,0000100010000,42,seen,micro_f1,0.9523809523809523
ssm,cpr,0000100010000,42,seen,bit_accuracy,0.9846153846153847
ssm,cpr,0000100010000,42,seen,exact_match,0.8
ssm,cpr,0000100010000,42,unseen,macro_f1,0.12087912087912088
ssm,cpr,0000100010000,42,unseen,micro_f1,0.7777777777777778
ssm,cpr,0000100010000,42,unseen,bit_accuracy,0.9384615384615385
ssm,cpr,0000100010000,42,unseen,exact_match,0.4
ssm,cpr,0000100010000,7,seen,macro_f1,0.15384615384615385
ssm,cpr,0000100010000,7,seen,micro_f1,0.8
ssm,cpr,0000100010000,7,seen,bit_accuracy,0.9230769230769231
ssm,cpr,0000100010000,7,seen,exact_match,0.0
ssm,cpr,0000100010000,7,unseen,macro_f1,0.15384615384615385
ssm,cpr,0000100010000,7,unseen,micro_f1,0.6666666666666666
ssm,cpr,0000100010000,7,unseen,bit_accuracy,0.8461538461538461
ssm,cpr,0000100010000,7,unseen,exact_match,0.0
ssm,cpr,0000100100000,123,seen,macro_f1,0.15384615384615385
ssm,cpr,0000100100000,123,seen,micro_f1,0.8
ssm,cpr,0000100100000,123,seen,bit_accuracy,0.9230769230769231
ssm,cpr,0000100100000,123,seen,exact_match,0.0
ssm,cpr,0000100100000,123,unseen,macro_f1,0.15384615384615385
ssm,cpr,0000100100000,123,unseen,micro_f1,0.8888888888888888
ssm,cpr,0000100100000,123,unseen,bit_accuracy,0.9615384615384616
ssm,cpr,0000100100000,123,unseen,exact_match,0.5
ssm,cpr,0000100100000,42,seen,macro_f1,0.15384615384615385
ssm,cpr,0000100100000,42,seen,micro_f1,0.8333333333333334
ssm,cpr,0000100100000,42,seen,bit_accuracy,0.9384615384615385
ssm,cpr,0000100100000,42,seen,exact_match,0.2
ssm,cpr,0000100100000,42,unseen,macro_f1,0.07692307692307693
ssm,cpr,0000100100000,42,unseen,micro_f1,0.45454545454545453
ssm,cpr,0000100100000,42,unseen,bit_accuracy,0.8153846153846154
ssm,cpr,0000100100000,42,unseen,exact_match,0.0
ssm,cpr,0000100100000,7,seen,macro_f1,0.15384615384615385
ssm,cpr,0000100100000,7,seen,micro_f1,0.9523809523809523
ssm,cpr,0000100100000,7,seen,bit_accuracy,0.9846153846153847
ssm,cpr,0000100100000,7,seen,exact_match,0.8
ssm,cpr,0000100100000,7,unseen,macro_f1,0.07692307692307693
ssm,cpr,0000100100000,7,unseen,micro_f1,0.4166666666666667
ssm,cpr,0000100100000,7,unseen,bit_accuracy,0.7846153846153846
ssm,cpr,0000100100000,7,unseen,exact_match,0.0
ssm,cpr,0000101000000,123,seen,macro_f1,0.15384615384615385
ssm,cpr,0000101000000,123,seen,micro_f1,0.8333333333333334
ssm,cpr,0000101000000,123,seen,bit_accuracy,0.9384615384615385
ssm,cpr,0000101000000,123,seen,exact_match,0.2
ssm,cpr,0000101000000,123,unseen,macro_f1,0.15384615384615385
ssm,cpr,0000101000000,123,unseen,micro_f1,0.9090909090909091
ssm,cpr,0000101000000,123,unseen,bit_accuracy,0.9692307692307692
ssm,cpr,0000101000000,123,unseen,exact_match,0.6
ssm,cpr,0000101000000,42,seen,macro_f1,0.15384615384615385
ssm,cpr,0000101000000,42,seen,micro_f1,1.0
ssm,cpr,0000101000000,42,seen,bit_accuracy,1.0
ssm,cpr,0000101000000,42,seen,exact_match,1.0
ssm,cpr,0000101000000,42,unseen,macro_f1,0.15384615384615385
ssm,cpr,0000101000000,42,unseen,micro_f1,1.0
ssm,cpr,0000101000000,42,unseen,bit_accuracy,1.0
ssm,cpr,0000101000000,42,unseen,exact_match,1.0
ssm,cpr,0000101000000,7,seen,macro_f1,0.15384615384615385
ssm,cpr,0000101000000,7,seen,micro_f1,1.0
ssm,cpr,0000101000000,7,seen,bit_accuracy,1.0
ssm,cpr,0000101000000,7,seen,exact_match,1.0
ssm,cpr,0000101000000,7,unseen,macro_f1,0.07692307692307693
ssm,cpr,0000101000000,7,unseen,micro_f1,0.5714285714285714
ssm,cpr,0000101000000,7,unseen,bit_accuracy,0.8846153846153846
ssm,cpr,0000101000000,7,unseen,exact_match,0.0
ssm,cpr,0001000000000,123,seen,macro_f1,0.06837606837606837
ssm,cpr,0001000000000,123,seen,micro_f1,0.48484848484848486
ssm,cpr,0001000000000,123,seen,bit_accuracy,0.8692307692307693
ssm,cpr,0001000000000,123,seen,exact_match,0.0
ssm,cpr,0001000000000,123,unseen,macro_f1,0.07495069033530571
ssm,cpr,0001000000000,123,unseen,micro_f1,0.5846153846153846
ssm,cpr,0001000000000,123,unseen,bit_accuracy,0.8961538461538462
ssm,cpr,0001000000000,123,unseen,exact_match,0.0
ssm,cpr,0001000000000,42,seen,macro_f1,0.0728744939271255
ssm,cpr,0001000000000,42,seen,micro_f1,0.782608695652174
ssm,cpr,0001000000000,42,seen,bit_accuracy,0.9615384615384616
ssm,cpr,0001000000000,42,seen,exact_match,0.55
ssm,cpr,0001000000000,42,unseen,macro_f1,0.07495069033530571
ssm,cpr,0001000000000,42,unseen,micro_f1,0.6229508196721312
ssm,cpr,0001000000000,42,unseen,bit_accuracy,0.9115384615384615
ssm,cpr,0001000000000,42,unseen,exact_match,0.05
ssm,cpr,0001000000000,7,seen,macro_f1,0.07692307692307693
ssm,cpr,0001000000000,7,seen,micro_f1,0.8
ssm,cpr,0001000000000,7,seen,bit_accuracy,0.9615384615384616
ssm,cpr,0001000000000,7,seen,exact_match,0.5
ssm,cpr,0001000000000,7,unseen,macro_f1,0.07692307692307693
ssm,cpr,0001000000000,7,unseen,micro_f1,0.5714285714285714
ssm,cpr,0001000000000,7,unseen,bit_accuracy,0.8846153846153846
ssm,cpr,0001000000000,7,unseen,exact_match,0.0
ssm,cpr,0001000000001,123,seen,macro_f1,0.07692307692307693
ssm,cpr,0001000000001,123,seen,micro_f1,0.36363636363636365
ssm,cpr,0001000000001,123,seen,bit_accuracy,0.7307692307692307
ssm,cpr,0001000000001,123,seen,exact_match,0.0
ssm,cpr,0001000000001,123,unseen,macro_f1,0.07692307692307693
ssm,cpr,0001000000001,123,unseen,micro_f1,0.2857142857142857
ssm,cpr,0001000000001,123,unseen,bit_accuracy,0.6153846153846154
ssm,cpr,0001000000001,123,unseen,exact_match,0.0
ssm,cpr,0001000000001,42,seen,macro_f1,0.14529914529914528
ssm,cpr,0001000000001,42,seen,micro_f1,0.9
ssm,cpr,0001000000001,42,seen,bit_accuracy,0.9692307692307692
ssm,cpr,0001000000001,42,seen,exact_match,0.8
ssm,cpr,0001000000001,42,unseen,macro_f1,0.13675213675213674
ssm,cpr,0001000000001,42,unseen,micro_f1,0.8421052631578947
ssm,cpr,0001000000001,42,unseen,bit_accuracy,0.9538461538461539
ssm,cpr,0001000000001,42,unseen,exact_match,0.6
ssm,cpr,0001000000001,7,seen,macro_f1,0.10256410256410256
ssm,cpr,0001000000001,7,seen,micro_f1,0.5714285714285714
ssm,cpr,0001000000001,7,seen,bit_accuracy,0.8615384615384616
ssm,cpr,0001000000001,7,seen,exact_match,0.2
ssm,cpr,0001000000001,7,unseen,macro_f1,0.07692307692307693
ssm,cpr,0001000000001,7,unseen,micro_f1,0.5882352941176471
ssm,cpr,0001000000001,7,unseen,bit_accuracy,0.8923076923076924
ssm,cpr,0001000000001,7,unseen,exact_match,0.0
ssm,cpr,0001000000100,123,seen,macro_f1,0.07692307692307693
ssm,cpr,0001000000100,123,seen,micro_f1,0.3333333333333333
ssm,cpr,0001000000100,123,seen,bit_accuracy,0.6923076923076923
ssm,cpr,0001000000100,123,seen,exact_match,0.0
ssm,cpr,0001000000100,123,unseen,macro_f1,0.07692307692307693
ssm,cpr,0001000000100,123,unseen,micro_f1,0.3333333333333333
ssm,cpr,0001000000100,123,unseen,bit_accuracy,0.6923076923076923
ssm,cpr,0001000000100,123,unseen,exact_match,0.0
ssm,cpr,0001000000100,42,seen,macro_f1,0.1346153846153846
ssm,cpr,0001000000100,42,seen,micro_f1,0.7272727272727273
ssm,cpr,0001000000100,42,seen,bit_accuracy,0.9076923076923077
ssm,cpr,0001000000100,42,seen,exact_match,0.2
ssm,cpr,0001000000100,42,unseen,macro_f1,0.07692307692307693
ssm,cpr,0001000000100,42,unseen,micro_f1,0.4
ssm,cpr,0001000000100,42,unseen,bit_accuracy,0.7692307692307693
ssm,cpr,0001000000100,42,unseen,exact_match,0.0
ssm,cpr,0001000000100,7,seen,macro_f1,0.07692307692307693
ssm,cpr,0001000000100,7,seen,micro_f1,0.5882352941176471
ssm,cpr,0001000000100,7,seen,bit_accuracy,0.8923076923076924
ssm,cpr,0001000000100,7,seen,exact_match,0.0
ssm,cpr,0001000000100,7,unseen,macro_f1,0.07692307692307693
ssm,cpr,0001000000100,7,unseen,micro_f1,0.5555555555555556
ssm,cpr,0001000000100,7,unseen,bit_accuracy,0.8769230769230769
ssm,cpr,0001000000100,7,unseen,exact_match,0.0
ssm,cpr,0001000001000,123,seen,macro_f1,0.07692307692307693
ssm,cpr,0001000001000,123,seen,micro_f1,0.5714285714285714
ssm,cpr,0001000001000,123,seen,bit_accuracy,0.8846153846153846
ssm,cpr,0001000001000,123,seen,exact_match,0.0
ssm,cpr,0001000001000,123,unseen,macro_f1,0.07692307692307693
ssm,cpr,0001000001000,123,unseen,micro_f1,0.6666666666666666
ssm,cpr,0001000001000,123,unseen,bit_accuracy,0.9230769230769231
ssm,cpr,0001000001000,123,unseen,exact_match,0.0
ssm,cpr,0001000001000,42,seen,macro_f1,0.15384615384615385
ssm,cpr,0001000001000,42,seen,micro_f1,0.6153846153846154
ssm,cpr,0001000001000,42,seen,bit_accuracy,0.8076923076923077
ssm,cpr,0001000001000,42,seen,exact_match,0.0
ssm,cpr,0001000001000,42,unseen,macro_f1,0.15384615384615385
ssm,cpr,0001000001000,42,unseen,micro_f1,0.5714285714285714
ssm,cpr,0001000001000,42,unseen,bit_accuracy,0.7692307692307693
ssm,cpr,0001000001000,42,unseen,exact_match,0.0
ssm,cpr,0001000001000,7,seen,macro_f1,0.15384615384615385
ssm,cpr,0001000001000,7,seen,micro_f1,0.6896551724137931
ssm,cpr,0001000001000,7,seen,bit_accuracy,0.8615384615384616
ssm,cpr,0001000001000,7,seen,exact_match,0.0
ssm,cpr,0001000001000,7,unseen,macro_f1,0.10256410256410256
ssm,cpr,0001000001000,7,unseen,micro_f1,0.5217391304347826
ssm,cpr,0001000001000,7,unseen,bit_accuracy,0.8307692307692308
ssm,cpr,0001000001000,7,unseen,exact_match,0.0
ssm,cpr,0001000010000,123,seen,macro_f1,0.07692307692307693
ssm,cpr,0001000010000,123,seen,micro_f1,0.5714285714285714
ssm,cpr,0001000010000,123,seen,bit_accuracy,0.8846153846153846
ssm,cpr,0001000010000,123,seen,exact_match,0.0
ssm,cpr,0001000010000,123,unseen,macro_f1,0.07692307692307693
ssm,cpr,0001000010000,123,unseen,micro_f1,0.4
ssm,cpr,0001000010000,123,unseen,bit_accuracy,0.7692307692307693
ssm,cpr,0001000010000,123,unseen,exact_match,0.0
ssm,cpr,0001000010000,42,seen,macro_f1,0.14529914529914528
ssm,cpr,0001000010000,42,seen,micro_f1,0.6428571428571429
ssm,cpr,0001000010000,42,seen,bit_accuracy,0.8461538461538461
ssm,cpr,0001000010000,42,seen,exact_match,0.0
ssm,cpr,0001000010000,42,unseen,macro_f1,0.15384615384615385
ssm,cpr,0001000010000,42,unseen,micro_f1,0.7692307692307693
ssm,cpr,0001000010000,42,unseen,bit_accuracy,0.9076923076923077
ssm,cpr,0001000010000,42,unseen,exact_match,0.0
ssm,cpr,0001000010000,7,seen,macro_f1,0.15384615384615385
ssm,cpr,0001000010000,7,seen,micro_f1,0.8
ssm,cpr,0001000010000,7,seen,bit_accuracy,0.9230769230769231
ssm,cpr,0001000010000,7,seen,exact_match,0.2
ssm,cpr,0001000010000,7,unseen,macro_f1,0.12087912087912088
ssm,cpr,0001000010000,7,unseen,micro_f1,0.7368421052631579
ssm,cpr,0001000010000,7,unseen,bit_accuracy,0.9230769230769231
ssm,cpr,0001000010000,7,unseen,exact_match,0.4
ssm,cpr,0001000100000,123,seen,macro_f1,0.14529914529914528
ssm,cpr,0001000100000,123,seen,micro_f1,0.9
ssm,cpr,0001000100000,123,seen,bit_accuracy,0.9692307692307692
ssm,cpr,0001000100000,123,seen,exact_match,0.8
ssm,cpr,0001000100000,123,unseen,macro_f1,0.07692307692307693
ssm,cpr,0001000100000,123,unseen,micro_f1,0.6666666666666666
ssm,cpr,0001000100000,123,unseen,bit_accuracy,0.9230769230769231
ssm,cpr,0001000100000,123,unseen,exact_match,0.0
ssm,cpr,0001000100000,42,seen,macro_f1,0.10256410256410256
ssm,cpr,0001000100000,42,seen,micro_f1,0.4444444444444444
ssm,cpr,0001000100000,42,seen,bit_accuracy,0.8076923076923077
ssm,cpr,0001000100000,42,seen,exact_match,0.0
ssm,cpr,0001000100000,42,unseen,macro_f1,0.10256410256410256
ssm,cpr,0001000100000,42,unseen,micro_f1,0.5
ssm,cpr,0001000100000,42,unseen,bit_accuracy,0.8461538461538461
ssm,cpr,0001000100000,42,unseen,exact_match,0.5
ssm,cpr,0001000100000,7,seen,macro_f1,0.07692307692307693
ssm,cpr,0001000100000,7,seen,micro_f1,0.5882352941176471
ssm,cpr,0001000100000,7,seen,bit_accuracy,0.8923076923076924
ssm,cpr,0001000100000,7,seen,exact_match,0.0
ssm,cpr,0001000100000,7,unseen,macro_f1,0.07692307692307693
ssm,cpr,0001000100000,7,unseen,micro_f1,0.625
ssm,cpr,0001000100000,7,unseen,bit_accuracy,0.9076923076923077
ssm,cpr,0001000100000,7,unseen,exact_match,0.0
ssm,cpr,0001001000000,123,seen,macro_f1,0.1282051282051282
ssm,cpr,0001001000000,123,seen,micro_f1,0.75
ssm,cpr,0001001000000,123,seen,bit_accuracy,0.9230769230769231
ssm,cpr,0001001000000,123,seen,exact_match,0.5
ssm,cpr,0001001000000,123,unseen,macro_f1,0.07692307692307693
ssm,cpr,0001001000000,123,unseen,micro_f1,0.5
ssm,cpr,0001001000000,123,unseen,bit_accuracy,0.8461538461538461
ssm,cpr,0001001000000,123,unseen,exact_match,0.0
ssm,cpr,0001001000000,42,seen,macro_f1,0.15384615384615385
ssm,cpr,0001001000000,42,seen,micro_f1,1.0
ssm,cpr,0001001000000,42,seen,bit_accuracy,1.0
ssm,cpr,0001001000000,42,seen,exact_match,1.0
ssm,cpr,0001001000000,42,unseen,macro_f1,0.10256410256410256
ssm,cpr,0001001000000,42,unseen,micro_f1,0.75
ssm,cpr,0001001000000,42,unseen,bit_accuracy,0.9384615384615385
ssm,cpr,0001001000000,42,unseen,exact_match,0.2
ssm,cpr,0001001000000,7,seen,macro_f1,0.15384615384615385
ssm,cpr,0001001000000,7,seen,micro_f1,0.9523809523809523
ssm,cpr,0001001000000,7,seen,bit_accuracy,0.9846153846153847
ssm,cpr,0001001000000,7,seen,exact_match,0.8
ssm,cpr,0001001000000,7,unseen,macro_f1,0.12087912087912088
ssm,cpr,0001001000000,7,unseen,micro_f1,0.6363636363636364
ssm,cpr,0001001000000,7,unseen,bit_accuracy,0.8769230769230769
ssm,cpr,0001001000000,7,unseen,exact_match,0.4
ssm,cpr,0001010000000,123,seen,macro_f1,0.14529914529914528
ssm,cpr,0001010000000,123,seen,micro_f1,0.6206896551724138
ssm,cpr,0001010000000,123,seen,bit_accuracy,0.8307692307692308
ssm,cpr,0001010000000,123,seen,exact_match,0.0
ssm,cpr,0001010000000,123,unseen,macro_f1,0.057692307692307696
ssm,cpr,0001010000000,123,unseen,micro_f1,0.3157894736842105
ssm,cpr,0001010000000,123,unseen,bit_accuracy,0.8
ssm,cpr,0001010000000,123,unseen,exact_match,0.0
ssm,cpr,0001010000000,42,seen,macro_f1,0.07692307692307693
ssm,cpr,0001010000000,42,seen,micro_f1,0.6666666666666666
ssm,cpr,0001010000000,42,seen,bit_accuracy,0.9230769230769231
ssm,cpr,0001010000000,42,seen,exact_match,0.0
ssm,cpr,0001010000000,42,unseen,macro_f1,0.07692307692307693
ssm,cpr,0001010000000,42,unseen,micro_f1,0.5
ssm,cpr,0001010000000,42,unseen,bit_accuracy,0.8461538461538461
ssm,cpr,0001010000000,42,unseen,exact_match,0.0
ssm,cpr,0001010000000,7,seen,macro_f1,0.04395604395604395
ssm,cpr,0001010000000,7,seen,micro_f1,0.18181818181818182
ssm,cpr,0001010000000,7,seen,bit_accuracy,0.7230769230769231
ssm,cpr,0001010000000,7,seen,exact_match,0.0
ssm,cpr,0001010000000,7,unseen,macro_f1,0.04395604395604395
ssm,cpr,0001010000000,7,unseen,micro_f1,0.17391304347826086
ssm,cpr,0001010000000,7,unseen,bit_accuracy,0.7076923076923077
ssm,cpr,0001010000000,7,unseen,exact_match,0.0
ssm,cpr,0001100000000,123,seen,macro_f1,0.05128205128205128
ssm,cpr,0001100000000,123,seen,micro_f1,0.2222222222222222
ssm,cpr,0001100000000,123,seen,bit_accuracy,0.7307692307692307
ssm,cpr,0001100000000,123,seen,exact_match,0.0
ssm,cpr,0001100000000,123,unseen,macro_f1,0.05128205128205128
ssm,cpr,0001100000000,123,unseen,micro_f1,0.3333333333333333
ssm,cpr,0001100000000,123,unseen,bit_accuracy,0.8461538461538461
ssm,cpr,0001100000000,123,unseen,exact_match,0.0
ssm,cpr,0001100000000,42,seen,macro_f1,0.14529914529914528
ssm,cpr,0001100000000,42,seen,micro_f1,0.75
ssm,cpr,0001100000000,42,seen,bit_accuracy,0.9076923076923077
ssm,cpr,0001100000000,42,seen,exact_match,0.0
ssm,cpr,0001100000000,42,unseen,macro_f1,0.07692307692307693
ssm,cpr,0001100000000,42,unseen,micro_f1,0.5263157894736842
ssm,cpr,0001100000000,42,unseen,bit_accuracy,0.8615384615384616
ssm,cpr,0001100000000,42,unseen,exact_match,0.0
ssm,cpr,0001100000000,7,seen,macro_f1,0.15384615384615385
ssm,cpr,0001100000000,7,seen,micro_f1,1.0
ssm,cpr,0001100000000,7,seen,bit_accuracy,1.0
ssm,cpr,0001100000000,7,seen,exact_match,1.0
ssm,cpr,0001100000000,7,unseen,macro_f1,0.057692307692307696
ssm,cpr,0001100000000,7,unseen,micro_f1,0.3157894736842105
ssm,cpr,0001100000000,7,unseen,bit_accuracy,0.8
ssm,cpr,0001100000000,7,unseen,exact_match,0.0
ssm,cpr,0010000000000,123,seen,macro_f1,0.07692307692307693
ssm,cpr,0010000000000,123,seen,micro_f1,0.8163265306122449
ssm,cpr,0010000000000,123,seen,bit_accuracy,0.9653846153846154
ssm,cpr,0010000000000,123,seen,exact_match,0.6
ssm,cpr,0010000000000,123,unseen,macro_f1,0.06837606837606837
ssm,cpr,0010000000000,123,unseen,micro_f1,0.49230769230769234
ssm,cpr,0010000000000,123,unseen,bit_accuracy,0.8730769230769231
ssm,cpr,0010000000000,123,unseen,exact_match,0.2
ssm,cpr,0010000000000,42,seen,macro_f1,0.05128205128205128
ssm,cpr,0010000000000,42,seen,micro_f1,0.5
ssm,cpr,0010000000000,42,seen,bit_accuracy,0.9230769230769231
ssm,cpr,0010000000000,42,seen,exact_match,0.0
ssm,cpr,0010000000000,42,unseen,macro_f1,0.05128205128205128
ssm,cpr,0010000000000,42,unseen,micro_f1,0.2857142857142857
ssm,cpr,0010000000000,42,unseen,bit_accuracy,0.8076923076923077
ssm,cpr,0010000000000,42,unseen,exact_match,0.0
ssm,cpr,0010000000000,7,seen,macro_f1,0.07495069033530571
ssm,cpr,0010000000000,7,seen,micro_f1,0.7307692307692307
ssm,cpr,0010000000000,7,seen,bit_accuracy,0.9461538461538461
ssm,cpr,0010000000000,7,seen,exact_match,0.4
ssm,cpr,0010000000000,7,unseen,macro_f1,0.06334841628959276
ssm,cpr,0010000000000,7,unseen,micro_f1,0.5957446808510638
ssm,cpr,0010000000000,7,unseen,bit_accuracy,0.926923076923077
ssm,cpr,0010000000000,7,unseen,exact_match,0.35
ssm,cpr,0010000000001,123,seen,macro_f1,0.15384615384615385
ssm,cpr,0010000000001,123,seen,micro_f1,0.6666666666666666
ssm,cpr,0010000000001,123,seen,bit_accuracy,0.8461538461538461
ssm,cpr,0010000000001,123,seen,exact_match,0.0
ssm,cpr,0010000000001,123,unseen,macro_f1,0.07692307692307693
ssm,cpr,0010000000001,123,unseen,micro_f1,0.4166666666666667
ssm,cpr,0010000000001,123,unseen,bit_accuracy,0.7846153846153846
ssm,cpr,0010000000001,123,unseen,exact_match,0.0
ssm,cpr,0010000000001,42,seen,macro_f1,0.07692307692307693
ssm,cpr,0010000000001,42,seen,micro_f1,0.5
ssm,cpr,0010000000001,42,seen,bit_accuracy,0.8461538461538461
ssm,cpr,0010000000001,42,seen,exact_match,0.0
ssm,cpr,0010000000001,42,unseen,macro_f1,0.07692307692307693
ssm,cpr,0010000000001,42,unseen,micro_f1,0.5
ssm,cpr,0010000000001,42,unseen,bit_accuracy,0.8461538461538461
ssm,cpr,0010000000001,42,unseen,exact_match,0.0
ssm,cpr,0010000000001,7,seen,macro_f1,0.15384615384615385
ssm,cpr,0010000000001,7,seen,micro_f1,1.0
ssm,cpr,0010000000001,7,seen,bit_accuracy,1.0
ssm,cpr,0010000000001,7,seen,exact_match,1.0
ssm,cpr,0010000000001,7,unseen,macro_f1,0.07692307692307693
ssm,cpr,0010000000001,7,unseen,micro_f1,0.4
ssm,cpr,0010000000001,7,unseen,bit_accuracy,0.7692307692307693
ssm,cpr,0010000000001,7,unseen,exact_match,0.0
ssm,cpr,0010000000100,123,seen,macro_f1,0.12087912087912088
ssm,cpr,0010000000100,123,seen,micro_f1,0.6086956521739131
ssm,cpr,0010000000100,123,seen,bit_accuracy,0.8615384615384616
ssm,cpr,0010000000100,123,seen,exact_match,0.0
ssm,cpr,0010000000100,123,unseen,macro_f1,0.07692307692307693
ssm,cpr,0010000000100,123,unseen,micro_f1,0.35714285714285715
ssm,cpr,0010000000100,123,unseen,bit_accuracy,0.7230769230769231
ssm,cpr,0010000000100,123,unseen,exact_match,0.0
ssm,cpr,0010000000100,42,seen,macro_f1,0.07692307692307693
ssm,cpr,0010000000100,42,seen,micro_f1,0.5
ssm,cpr,0010000000100,42,seen,bit_accuracy,0.8461538461538461
ssm,cpr,0010000000100,42,seen,exact_match,0.0
ssm,cpr,0010000000100,42,unseen,macro_f1,0.07692307692307693
ssm,cpr,0010000000100,42,unseen,micro_f1,0.47619047619047616
ssm,cpr,0010000000100,42,unseen,bit_accuracy,0.8307692307692308
ssm,cpr,0010000000100,42,unseen,exact_match,0.0
ssm,cpr,0010000000100,7,seen,macro_f1,0.15384615384615385
ssm,cpr,0010000000100,7,seen,micro_f1,0.6153846153846154
ssm,cpr,0010000000100,7,seen,bit_accuracy,0.8076923076923077
ssm,cpr,0010000000100,7,seen,exact_match,0.0
ssm,cpr,0010000000100,7,unseen,macro_f1,0.07692307692307693
ssm,cpr,0010000000100,7,unseen,micro_f1,0.3333333333333333
ssm,cpr,0010000000100,7,unseen,bit_accuracy,0.6923076923076923
ssm,cpr,0010000000100,7,unseen,exact_match,0.0
ssm,cpr,0010000001000,123,seen,macro_f1,0.07692307692307693
ssm,cpr,0010000001000,123,seen,micro_f1,0.4444444444444444
ssm,cpr,0010000001000,123,seen,bit_accuracy,0.8076923076923077
ssm,cpr,0010000001000,123,seen,exact_match,0.0
ssm,cpr,0010000001000,123,unseen,macro_f1,0.07692307692307693
ssm,cpr,0010000001000,123,unseen,micro_f1,0.4444444444444444
ssm,cpr,0010000001000,123,unseen,bit_accuracy,0.8076923076923077
ssm,cpr,0010000001000,123,unseen,exact_match,0.0
ssm,cpr,0010000001000,42,seen,macro_f1,0.12087912087912088
ssm,cpr,0010000001000,42,seen,micro_f1,0.6086956521739131
ssm,cpr,0010000001000,42,seen,bit_accuracy,0.8615384615384616
ssm,cpr,0010000001000,42,seen,exact_match,0.0
ssm,cpr,0010000001000,42,unseen,macro_f1,0.07692307692307693
ssm,cpr,0010000001000,42,unseen,micro_f1,0.37037037037037035
ssm,cpr,0010000001000,42,unseen,bit_accuracy,0.7384615384615385
ssm,cpr,0010000001000,42,unseen,exact_match,0.0
ssm,cpr,0010000001000,7,seen,macro_f1,0.07692307692307693
ssm,cpr,0010000001000,7,seen,micro_f1,0.4
ssm,cpr,0010000001000,7,seen,bit_accuracy,0.7692307692307693
ssm,cpr,0010000001000,7,seen,exact_match,0.0
ssm,cpr,0010000001000,7,unseen,macro_f1,0.07692307692307693
ssm,cpr,0010000001000,7,unseen,micro_f1,0.38095238095238093
ssm,cpr,0010000001000,7,unseen,bit_accuracy,0.75
ssm,cpr,0010000001000,7,unseen,exact_match,0.0
ssm,cpr,0010000010000,123,seen,macro_f1,0.13675213675213674
ssm,cpr,0010000010000,123,seen,micro_f1,0.7272727272727273
ssm,cpr,0010000010000,123,seen,bit_accuracy,0.9076923076923077
ssm,cpr,0010000010000,123,seen,exact_match,0.2
ssm,cpr,0010000010000,123,unseen,macro_f1,0.12606837606837606
ssm,cpr,0010000010000,123,unseen,micro_f1,0.6666666666666666
ssm,cpr,0010000010000,123,unseen,bit_accuracy,0.8923076923076924
ssm,cpr,0010000010000,123,unseen,exact_match,0.4
ssm,cpr,0010000010000,42,seen,macro_f1,0.12087912087912088
ssm,cpr,0010000010000,42,seen,micro_f1,0.7777777777777778
ssm,cpr,0010000010000,42,seen,bit_accuracy,0.9384615384615385
ssm,cpr,0010000010000,42,seen,exact_match,0.4
ssm,cpr,0010000010000,42,unseen,macro_f1,0.07692307692307693
ssm,cpr,0010000010000,42,unseen,micro_f1,0.47619047619047616
ssm,cpr,0010000010000,42,unseen,bit_accuracy,0.8307692307692308
ssm,cpr,0010000010000,42,unseen,exact_match,0.0
ssm,cpr,0010000010000,7,seen,macro_f1,0.10256410256410256
ssm,cpr,0010000010000,7,seen,micro_f1,0.3076923076923077
ssm,cpr,0010000010000,7,seen,bit_accuracy,0.6538461538461539
ssm,cpr,0010000010000,7,seen,exact_match,0.0
ssm,cpr,0010000010000,7,unseen,macro_f1,0.10256410256410256
ssm,cpr,0010000010000,7,unseen,micro_f1,0.3333333333333333
ssm,cpr,0010000010000,7,unseen,bit_accuracy,0.6923076923076923
ssm,cpr,0010000010000,7,unseen,exact_match,0.0
ssm,cpr,0010000100000,123,seen,macro_f1,0.15384615384615385
ssm,cpr,0010000100000,123,seen,micro_f1,0.8
ssm,cpr,0010000100000,123,seen,bit_accuracy,0.9230769230769231
ssm,cpr,0010000100000,123,seen,exact_match,0.5
ssm,cpr,0010000100000,123,unseen,macro_f1,0.10256410256410256
ssm,cpr,0010000100000,123,unseen,micro_f1,0.4
ssm,cpr,0010000100000,123,unseen,bit_accuracy,0.7692307692307693
ssm,cpr,0010000100000,123,unseen,exact_match,0.0
ssm,cpr,0010000100000,42,seen,macro_f1,0.1346153846153846
ssm,cpr,0010000100000,42,seen,micro_f1,0.7619047619047619
ssm,cpr,0010000100000,42,seen,bit_accuracy,0.9230769230769231
ssm,cpr,0010000100000,42,seen,exact_match,0.0
ssm,cpr,0010000100000,42,unseen,macro_f1,0.1346153846153846
ssm,cpr,0010000100000,42,unseen,micro_f1,0.7272727272727273
ssm,cpr,0010000100000,42,unseen,bit_accuracy,0.9076923076923077
ssm,cpr,0010000100000,42,unseen,exact_match,0.0
ssm,cpr,0010000100000,7,seen,macro_f1,0.1346153846153846
ssm,cpr,0010000100000,7,seen,micro_f1,0.7619047619047619
ssm,cpr,0010000100000,7,seen,bit_accuracy,0.9230769230769231
ssm,cpr,0010000100000,7,seen,exact_match,0.4
ssm,cpr,0010000100000,7,unseen,macro_f1,0.07692307692307693
ssm,cpr,0010000100000,7,unseen,micro_f1,0.4166666666666667
ssm,cpr,0010000100000,7,unseen,bit_accuracy,0.7846153846153846
ssm,cpr,0010000100000,7,unseen,exact_match,0.0
ssm,cpr,0010001000000,123,seen,macro_f1,0.15384615384615385
ssm,cpr,0010001000000,123,seen,micro_f1,0.9523809523809523
ssm,cpr,0010001000000,123,seen,bit_accuracy,0.9846153846153847
ssm,cpr,0010001000000,123,seen,exact_match,0.8
ssm,cpr,0010001000000,123,unseen,macro_f1,0.08333333333333333
ssm,cpr,0010001000000,123,unseen,micro_f1,0.5
ssm,cpr,0010001000000,123,unseen,bit_accuracy,0.8769230769230769
ssm,cpr,0010001000000,123,unseen,exact_match,0.0
ssm,cpr,0010001000000,42,seen,macro_f1,0.15384615384615385
ssm,cpr,0010001000000,42,seen,micro_f1,0.8
ssm,cpr,0010001000000,42,seen,bit_accuracy,0.9230769230769231
ssm,cpr,0010001000000,42,seen,exact_match,0.2
ssm,cpr,0010001000000,42,unseen,macro_f1,0.094017094017094
ssm,cpr,0010001000000,42,unseen,micro_f1,0.4
ssm,cpr,0010001000000,42,unseen,bit_accuracy,0.7692307692307693
ssm,cpr,0010001000000,42,unseen,exact_match,0.0
ssm,cpr,0010001000000,7,seen,macro_f1,0.07692307692307693
ssm,cpr,0010001000000,7,seen,micro_f1,0.6666666666666666
ssm,cpr,0010001000000,7,seen,bit_accuracy,0.9230769230769231
ssm,cpr,0010001000000,7,seen,exact_match,0.0
ssm,cpr,0010001000000,7,unseen,macro_f1,0.05128205128205128
ssm,cpr,0010001000000,7,unseen,micro_f1,0.2857142857142857
ssm,cpr,0010001000000,7,unseen,bit_accuracy,0.8076923076923077
ssm,cpr,0010001000000,7,unseen,exact_match,0.0
ssm,cpr,0010010000000,123,seen,macro_f1,0.10256410256410256
ssm,cpr,0010010000000,123,seen,micro_f1,0.4444444444444444
ssm,cpr,0010010000000,123,seen,bit_accuracy,0.8076923076923077
ssm,cpr,0010010000000,123,seen,exact_match,0.0
ssm,cpr,0010010000000,123,unseen,macro_f1,0.10256410256410256
ssm,cpr,0010010000000,123,unseen,micro_f1,0.36363636363636365
ssm,cpr,0010010000000,123,unseen,bit_accuracy,0.7307692307692307
ssm,cpr,0010010000000,123,unseen,exact_match,0.0
ssm,cpr,0010010000000,42,seen,macro_f1,0.12087912087912088
ssm,cpr,0010010000000,42,seen,micro_f1,0.6666666666666666
ssm,cpr,0010010000000,42,seen,bit_accuracy,0.8923076923076924
ssm,cpr,0010010000000,42,seen,exact_match,0.2
ssm,cpr,0010010000000,42,unseen,macro_f1,0.07692307692307693
ssm,cpr,0010010000000,42,unseen,micro_f1,0.5
ssm,cpr,0010010000000,42,unseen,bit_accuracy,0.8461538461538461
ssm,cpr,0010010000000,42,unseen,exact_match,0.0
ssm,cpr,0010010000000,7,seen,macro_f1,0.10256410256410256
ssm,cpr,0010010000000,7,seen,micro_f1,0.5454545454545454
ssm,cpr,0010010000000,7,seen,bit_accuracy,0.8461538461538461
ssm,cpr,0010010000000,7,seen,exact_match,0.0
ssm,cpr,0010010000000,7,unseen,macro_f1,0.07692307692307693
ssm,cpr,0010010000000,7,unseen,micro_f1,0.45454545454545453
ssm,cpr,0010010000000,7,unseen,bit_accuracy,0.8153846153846154
ssm,cpr,0010010000000,7,unseen,exact_match,0.0
ssm,cpr,0100000000000,123,seen,macro_f1,0.04774535809018568
ssm,cpr,0100000000000,123,seen,micro_f1,0.42857142857142855
ssm,cpr,0100000000000,123,seen,bit_accuracy,0.9076923076923077
ssm,cpr,0100000000000,123,seen,exact_match,0.15
ssm,cpr,0100000000000,123,unseen,macro_f1,0.03076923076923077
ssm,cpr,0100000000000,123,unseen,micro_f1,0.25
ssm,cpr,0100000000000,123,unseen,bit_accuracy,0.8846153846153846
ssm,cpr,0100000000000,123,unseen,exact_match,0.05
ssm,cpr,0100000000000,42,seen,macro_f1,0.0
ssm,cpr,0100000000000,42,seen,micro_f1,0.0
ssm,cpr,0100000000000,42,seen,bit_accuracy,0.7730769230769231
ssm,cpr,0100000000000,42,seen,exact_match,0.0
ssm,cpr,0100000000000,42,unseen,macro_f1,0.007326007326007326
ssm,cpr,0100000000000,42,unseen,micro_f1,0.0392156862745098
ssm,cpr,0100000000000,42,unseen,bit_accuracy,0.8115384615384615
ssm,cpr,0100000000000,42,unseen,exact_match,0.0
ssm,cpr,0100000000000,7,seen,macro_f1,0.05128205128205128
ssm,cpr,0100000000000,7,seen,micro_f1,0.3333333333333333
ssm,cpr,0100000000000,7,seen,bit_accuracy,0.8461538461538461
ssm,cpr,0100000000000,7,seen,exact_match,0.0
ssm,cpr,0100000000000,7,unseen,macro_f1,0.0
ssm,cpr,0100000000000,7,unseen,micro_f1,0.0
ssm,cpr,0100000000000,7,unseen,bit_accuracy,0.6923076923076923
ssm,cpr,0100000000000,7,unseen,exact_match,0.0
ssm,cpr,0100000000010,123,seen,macro_f1,0.04395604395604395
ssm,cpr,0100000000010,123,seen,micro_f1,0.19047619047619047
ssm,cpr,0100000000010,123,seen,bit_accuracy,0.7384615384615385
ssm,cpr,0100000000010,123,seen,exact_match,0.0
ssm,cpr,0100000000010,123,unseen,macro_f1,0.057692307692307696
ssm,cpr,0100000000010,123,unseen,micro_f1,0.2608695652173913
ssm,cpr,0100000000010,123,unseen,bit_accuracy,0.7384615384615385
ssm,cpr,0100000000010,123,unseen,exact_match,0.0
ssm,cpr,0100000000010,42,seen,macro_f1,0.1282051282051282
ssm,cpr,0100000000010,42,seen,micro_f1,0.6666666666666666
ssm,cpr,0100000000010,42,seen,bit_accuracy,0.8846153846153846
ssm,cpr,0100000000010,42,seen,exact_match,0.0
ssm,cpr,0100000000010,42,unseen,macro_f1,0.05128205128205128
ssm,cpr,0100000000010,42,unseen,micro_f1,0.2222222222222222
ssm,cpr,0100000000010,42,unseen,bit_accuracy,0.7307692307692307
ssm,cpr,0100000000010,42,unseen,exact_match,0.0
ssm,cpr,0100000000010,7,seen,macro_f1,0.1346153846153846
ssm,cpr,0100000000010,7,seen,micro_f1,0.5
ssm,cpr,0100000000010,7,seen,bit_accuracy,0.7538461538461538
ssm,cpr,0100000000010,7,seen,exact_match,0.0
ssm,cpr,0100000000010,7,unseen,macro_f1,0.1346153846153846
ssm,cpr,0100000000010,7,unseen,micro_f1,0.64
ssm,cpr,0100000000010,7,unseen,bit_accuracy,0.8615384615384616
ssm,cpr,0100000000010,7,unseen,exact_match,0.2
ssm,cpr,0100000000100,123,seen,macro_f1,0.15384615384615385
ssm,cpr,0100000000100,123,seen,micro_f1,0.6666666666666666
ssm,cpr,0100000000100,123,seen,bit_accuracy,0.8461538461538461
ssm,cpr,0100000000100,123,seen,exact_match,0.0
ssm,cpr,0100000000100,123,unseen,macro_f1,0.07692307692307693
ssm,cpr,0100000000100,123,unseen,micro_f1,0.4444444444444444
ssm,cpr,0100000000100,123,unseen,bit_accuracy,0.8076923076923077
ssm,cpr,0100000000100,123,unseen,exact_match,0.0
ssm,cpr,0100000000100,42,seen,macro_f1,0.12087912087912088
ssm,cpr,0100000000100,42,seen,micro_f1,0.4827586206896552
ssm,cpr,0100000000100,42,seen,bit_accuracy,0.7692307692307693
ssm,cpr,0100000000100,42,seen,exact_match,0.0
ssm,cpr,0100000000100,42,unseen,macro_f1,0.11233211233211232
ssm,cpr,0100000000100,42,unseen,micro_f1,0.4444444444444444
ssm,cpr,0100000000100,42,unseen,bit_accuracy,0.7692307692307693
ssm,cpr,0100000000100,42,unseen,exact_match,0.0
ssm,cpr,0100000000100,7,seen,macro_f1,0.1346153846153846
ssm,cpr,0100000000100,7,seen,micro_f1,0.6956521739130435
ssm,cpr,0100000000100,7,seen,bit_accuracy,0.8923076923076924
ssm,cpr,0100000000100,7,seen,exact_match,0.0
ssm,cpr,0100000000100,7,unseen,macro_f1,0.12087912087912088
ssm,cpr,0100000000100,7,unseen,micro_f1,0.5833333333333334
ssm,cpr,0100000000100,7,unseen,bit_accuracy,0.8461538461538461
ssm,cpr,0100000000100,7,unseen,exact_match,0.0
ssm,cpr,0100000001000,123,seen,macro_f1,0.07692307692307693
ssm,cpr,0100000001000,123,seen,micro_f1,0.45454545454545453
ssm,cpr,0100000001000,123,seen,bit_accuracy,0.8153846153846154
ssm,cpr,0100000001000,123,seen,exact_match,0.0
ssm,cpr,0100000001000,123,unseen,macro_f1,0.07692307692307693
ssm,cpr,0100000001000,123,unseen,micro_f1,0.4166666666666667
ssm,cpr,0100000001000,123,unseen,bit_accuracy,0.7846153846153846
ssm,cpr,0100000001000,123,unseen,exact_match,0.0
ssm,cpr,0100000001000,42,seen,macro_f1,0.0
ssm,cpr,0100000001000,42,seen,micro_f1,0.0
ssm,cpr,0100000001000,42,seen,bit_accuracy,0.5769230769230769
ssm,cpr,0100000001000,42,seen,exact_match,0.0
ssm,cpr,0100000001000,42,unseen,macro_f1,0.0
ssm,cpr,0100000001000,42,unseen,micro_f1,0.0
ssm,cpr,0100000001000,42,unseen,bit_accuracy,0.6153846153846154
ssm,cpr,0100000001000,42,unseen,exact_match,0.0
ssm,cpr,0100000001000,7,seen,macro_f1,0.14529914529914528
ssm,cpr,0100000001000,7,seen,micro_f1,0.72
ssm,cpr,0100000001000,7,seen,bit_accuracy,0.8923076923076924
ssm,cpr,0100000001000,7,seen,exact_match,0.0
ssm,cpr,0100000001000,7,unseen,macro_f1,0.07692307692307693
ssm,cpr,0100000001000,7,unseen,micro_f1,0.35714285714285715
ssm,cpr,0100000001000,7,unseen,bit_accuracy,0.7230769230769231
ssm,cpr,0100000001000,7,unseen,exact_match,0.0
ssm,cpr,0100000010000,123,seen,macro_f1,0.07692307692307693
ssm,cpr,0100000010000,123,seen,micro_f1,0.5
ssm,cpr,0100000010000,123,seen,bit_accuracy,0.8461538461538461
ssm,cpr,0100000010000,123,seen,exact_match,0.0
ssm,cpr,0100000010000,123,unseen,macro_f1,0.10256410256410256
ssm,cpr,0100000010000,123,unseen,micro_f1,0.4444444444444444
ssm,cpr,0100000010000,123,unseen,bit_accuracy,0.8076923076923077
ssm,cpr,0100000010000,123,unseen,exact_match,0.0
ssm,cpr,0100000010000,42,seen,macro_f1,0.12087912087912088
ssm,cpr,0100000010000,42,seen,micro_f1,0.5185185185185185
ssm,cpr,0100000010000,42,seen,bit_accuracy,0.8
ssm,cpr,0100000010000,42,seen,exact_match,0.0
ssm,cpr,0100000010000,42,unseen,macro_f1,0.10256410256410256
ssm,cpr,0100000010000,42,unseen,micro_f1,0.5217391304347826
ssm,cpr,0100000010000,42,unseen,bit_accuracy,0.8307692307692308
ssm,cpr,0100000010000,42,unseen,exact_match,0.0
ssm,cpr,0100000010000,7,seen,macro_f1,0.07692307692307693
ssm,cpr,0100000010000,7,seen,micro_f1,0.5555555555555556
ssm,cpr,0100000010000,7,seen,bit_accuracy,0.8769230769230769
ssm,cpr,0100000010000,7,seen,exact_match,0.0
ssm,cpr,0100000010000,7,unseen,macro_f1,0.094017094017094
ssm,cpr,0100000010000,7,unseen,micro_f1,0.5
ssm,cpr,0100000010000,7,unseen,bit_accuracy,0.8461538461538461
ssm,cpr,0100000010000,7,unseen,exact_match,0.0
ssm,cpr,0100000100000,123,seen,macro_f1,0.07692307692307693
ssm,cpr,0100000100000,123,seen,micro_f1,0.6666666666666666
ssm,cpr,0100000100000,123,seen,bit_accuracy,0.9230769230769231
ssm,cpr,0100000100000,123,seen,exact_match,0.0
ssm,cpr,0100000100000,123,unseen,macro_f1,0.07692307692307693
ssm,cpr,0100000100000,123,unseen,micro_f1,0.45454545454545453
ssm,cpr,0100000100000,123,unseen,bit_accuracy,0.8153846153846154
ssm,cpr,0100000100000,123,unseen,exact_match,0.0
ssm,cpr,0100000100000,42,seen,macro_f1,0.15384615384615385
ssm,cpr,0100000100000,42,seen,micro_f1,1.0
ssm,cpr,0100000100000,42,seen,bit_accuracy,1.0
ssm,cpr,0100000100000,42,seen,exact_match,1.0
ssm,cpr,0100000100000,42,unseen,macro_f1,0.07692307692307693
ssm,cpr,0100000100000,42,unseen,micro_f1,0.5
ssm,cpr,0100000100000,42,unseen,bit_accuracy,0.8461538461538461
ssm,cpr,0100000100000,42,unseen,exact_match,0.0
ssm,cpr,0100000100000,7,seen,macro_f1,0.07692307692307693
ssm,cpr,0100000100000,7,seen,micro_f1,0.4166666666666667
ssm,cpr,0100000100000,7,seen,bit_accuracy,0.7846153846153846
ssm,cpr,0100000100000,7,seen,exact_match,0.0
ssm,cpr,0100000100000,7,unseen,macro_f1,0.07692307692307693
ssm,cpr,0100000100000,7,unseen,micro_f1,0.3448275862068966
ssm,cpr,0100000100000,7,unseen,bit_accuracy,0.7076923076923077
ssm,cpr,0100000100000,7,unseen,exact_match,0.0
ssm,cpr,0100001000000,123,seen,macro_f1,0.07692307692307693
ssm,cpr,0100001000000,123,seen,micro_f1,0.4444444444444444
ssm,cpr,0100001000000,123,seen,bit_accuracy,0.8076923076923077
ssm,cpr,0100001000000,123,seen,exact_match,0.0
ssm,cpr,0100001000000,123,unseen,macro_f1,0.07692307692307693
ssm,cpr,0100001000000,123,unseen,micro_f1,0.5714285714285714
ssm,cpr,0100001000000,123,unseen,bit_accuracy,0.8846153846153846
ssm,cpr,0100001000000,123,unseen,exact_match,0.0
ssm,cpr,0100001000000,42,seen,macro_f1,0.1346153846153846
ssm,cpr,0100001000000,42,seen,micro_f1,0.5161290322580645
ssm,cpr,0100001000000,42,seen,bit_accuracy,0.7692307692307693
ssm,cpr,0100001000000,42,seen,exact_match,0.0
ssm,cpr,0100001000000,42,unseen,macro_f1,0.07692307692307693
ssm,cpr,0100001000000,42,unseen,micro_f1,0.38461538461538464
ssm,cpr,0100001000000,42,unseen,bit_accuracy,0.7538461538461538
ssm,cpr,0100001000000,42,unseen,exact_match,0.0
ssm,cpr,0100001000000,7,seen,macro_f1,0.12087912087912088
ssm,cpr,0100001000000,7,seen,micro_f1,0.6363636363636364
ssm,cpr,0100001000000,7,seen,bit_accuracy,0.8769230769230769
ssm,cpr,0100001000000,7,seen,exact_match,0.0
ssm,cpr,0100001000000,7,unseen,macro_f1,0.07692307692307693
ssm,cpr,0100001000000,7,unseen,micro_f1,0.5
ssm,cpr,0100001000000,7,unseen,bit_accuracy,0.8461538461538461
ssm,cpr,0100001000000,7,unseen,exact_match,0.0
ssm,cpr,0100010000000,123,seen,macro_f1,0.15384615384615385
ssm,cpr,0100010000000,123,seen,micro_f1,0.8
ssm,cpr,0100010000000,123,seen,bit_accuracy,0.9230769230769231
ssm,cpr,0100010000000,123,seen,exact_match,0.4
ssm,cpr,0100010000000,123,unseen,macro_f1,0.12606837606837606
ssm,cpr,0100010000000,123,unseen,micro_f1,0.56
ssm,cpr,0100010000000,123,unseen,bit_accuracy,0.8307692307692308
ssm,cpr,0100010000000,123,unseen,exact_match,0.0
ssm,cpr,0100010000000,42,seen,macro_f1,0.15384615384615385
ssm,cpr,0100010000000,42,seen,micro_f1,1.0
ssm,cpr,0100010000000,42,seen,bit_accuracy,1.0
ssm,cpr,0100010000000,42,seen,exact_match,1.0
ssm,cpr,0100010000000,42,unseen,macro_f1,0.07692307692307693
ssm,cpr,0100010000000,42,unseen,micro_f1,0.5714285714285714
ssm,cpr,0100010000000,42,unseen,bit_accuracy,0.8846153846153846
ssm,cpr,0100010000000,42,unseen,exact_match,0.0
ssm,cpr,0100010000000,7,seen,macro_f1,0.15384615384615385
ssm,cpr,0100010000000,7,seen,micro_f1,0.8
ssm,cpr,0100010000000,7,seen,bit_accuracy,0.9230769230769231
ssm,cpr,0100010000000,7,seen,exact_match,0.0
ssm,cpr,0100010000000,7,unseen,macro_f1,0.15384615384615385
ssm,cpr,0100010000000,7,unseen,micro_f1,0.8
ssm,cpr,0100010000000,7,unseen,bit_accuracy,0.9230769230769231
ssm,cpr,0100010000000,7,unseen,exact_match,0.0
ssm,cpr,1000000000000,123,seen,macro_f1,0.04774535809018568
ssm,cpr,1000000000000,123,seen,micro_f1,0.3673469387755102
ssm,cpr,1000000000000,123,seen,bit_accuracy,0.8807692307692307
ssm,cpr,1000000000000,123,seen,exact_match,0.2
ssm,cpr,1000000000000,123,unseen,macro_f1,0.0
ssm,cpr,1000000000000,123,unseen,micro_f1,0.0
ssm,cpr,1000000000000,123,unseen,bit_accuracy,0.8153846153846154
ssm,cpr,1000000000000,123,unseen,exact_match,0.0
ssm,cpr,1000000000000,42,seen,macro_f1,0.0
ssm,cpr,1000000000000,42,seen,micro_f1,0.0
ssm,cpr,1000000000000,42,seen,bit_accuracy,0.8461538461538461
ssm,cpr,1000000000000,42,seen,exact_match,0.0
ssm,cpr,1000000000000,42,unseen,macro_f1,0.0
ssm,cpr,1000000000000,42,unseen,micro_f1,0.0
ssm,cpr,1000000000000,42,unseen,bit_accuracy,0.8846153846153846
ssm,cpr,1000000000000,42,unseen,exact_match,0.0
ssm,cpr,1000000000000,7,seen,macro_f1,0.0
ssm,cpr,1000000000000,7,seen,micro_f1,0.0
ssm,cpr,1000000000000,7,seen,bit_accuracy,0.9
ssm,cpr,1000000000000,7,seen,exact_match,0.0
ssm,cpr,1000000000000,7,unseen,macro_f1,0.0
ssm,cpr,1000000000000,7,unseen,micro_f1,0.0
ssm,cpr,1000000000000,7,unseen,bit_accuracy,0.8576923076923076
ssm,cpr,1000000000000,7,unseen,exact_match,0.0
ssm,cpr,1000000000001,123,seen,macro_f1,0.08333333333333333
ssm,cpr,1000000000001,123,seen,micro_f1,0.34782608695652173
ssm,cpr,1000000000001,123,seen,bit_accuracy,0.7692307692307693
ssm,cpr,1000000000001,123,seen,exact_match,0.0
ssm,cpr,1000000000001,123,unseen,macro_f1,0.06959706959706959
ssm,cpr,1000000000001,123,unseen,micro_f1,0.3
ssm,cpr,1000000000001,123,unseen,bit_accuracy,0.7846153846153846
ssm,cpr,1000000000001,123,unseen,exact_match,0.0
ssm,cpr,1000000000001,42,seen,macro_f1,0.07692307692307693
ssm,cpr,1000000000001,42,seen,micro_f1,0.35714285714285715
ssm,cpr,1000000000001,42,seen,bit_accuracy,0.7230769230769231
ssm,cpr,1000000000001,42,seen,exact_match,0.0
ssm,cpr,1000000000001,42,unseen,macro_f1,0.02564102564102564
ssm,cpr,1000000000001,42,unseen,micro_f1,0.10526315789473684
ssm,cpr,1000000000001,42,unseen,bit_accuracy,0.7384615384615385
ssm,cpr,1000000000001,42,unseen,exact_match,0.0
ssm,cpr,1000000000001,7,seen,macro_f1,0.07692307692307693
ssm,cpr,1000000000001,7,seen,micro_f1,0.5
ssm,cpr,1000000000001,7,seen,bit_accuracy,0.8461538461538461
ssm,cpr,1000000000001,7,seen,exact_match,0.0
ssm,cpr,1000000000001,7,unseen,macro_f1,0.07692307692307693
ssm,cpr,1000000000001,7,unseen,micro_f1,0.4444444444444444
ssm,cpr,1000000000001,7,unseen,bit_accuracy,0.8076923076923077
ssm,cpr,1000000000001,7,unseen,exact_match,0.0
ssm,cpr,1000000000010,123,seen,macro_f1,0.1282051282051282
ssm,cpr,1000000000010,123,seen,micro_f1,0.6
ssm,cpr,1000000000010,123,seen,bit_accuracy,0.8461538461538461
ssm,cpr,1000000000010,123,seen,exact_match,0.0
ssm,cpr,1000000000010,123,unseen,macro_f1,0.07692307692307693
ssm,cpr,1000000000010,123,unseen,micro_f1,0.4444444444444444
ssm,cpr,1000000000010,123,unseen,bit_accuracy,0.8076923076923077
ssm,cpr,1000000000010,123,unseen,exact_match,0.0
ssm,cpr,1000000000010,42,seen,macro_f1,0.10256410256410256
ssm,cpr,1000000000010,42,seen,micro_f1,0.5217391304347826
ssm,cpr,1000000000010,42,seen,bit_accuracy,0.8307692307692308
ssm,cpr,1000000000010,42,seen,exact_match,0.0
ssm,cpr,1000000000010,42,unseen,macro_f1,0.04395604395604395
ssm,cpr,1000000000010,42,unseen,micro_f1,0.2
ssm,cpr,1000000000010,42,unseen,bit_accuracy,0.7538461538461538
ssm,cpr,1000000000010,42,unseen,exact_match,0.0
ssm,cpr,1000000000010,7,seen,macro_f1,0.07692307692307693
ssm,cpr,1000000000010,7,seen,micro_f1,0.47619047619047616
ssm,cpr,1000000000010,7,seen,bit_accuracy,0.8307692307692308
ssm,cpr,1000000000010,7,seen,exact_match,0.0
ssm,cpr,1000000000010,7,unseen,macro_f1,0.07692307692307693
ssm,cpr,1000000000010,7,unseen,micro_f1,0.38461538461538464
ssm,cpr,1000000000010,7,unseen,bit_accuracy,0.7538461538461538
ssm,cpr,1000000000010,7,unseen,exact_match,0.0
ssm,cpr,1000000000100,123,seen,macro_f1,0.08333333333333333
ssm,cpr,1000000000100,123,seen,micro_f1,0.34782608695652173
ssm,cpr,1000000000100,123,seen,bit_accuracy,0.7692307692307693
ssm,cpr,1000000000100,123,seen,exact_match,0.0
ssm,cpr,1000000000100,123,unseen,macro_f1,0.06837606837606837
ssm,cpr,1000000000100,123,unseen,micro_f1,0.4
ssm,cpr,1000000000100,123,unseen,bit_accuracy,0.8153846153846154
ssm,cpr,1000000000100,123,unseen,exact_match,0.0
ssm,cpr,1000000000100,42,seen,macro_f1,0.10256410256410256
ssm,cpr,1000000000100,42,seen,micro_f1,0.5714285714285714
ssm,cpr,1000000000100,42,seen,bit_accuracy,0.8615384615384616
ssm,cpr,1000000000100,42,seen,exact_match,0.0
ssm,cpr,1000000000100,42,unseen,macro_f1,0.07692307692307693
ssm,cpr,1000000000100,42,unseen,micro_f1,0.5263157894736842
ssm,cpr,1000000000100,42,unseen,bit_accuracy,0.8615384615384616
ssm,cpr,1000000000100,42,unseen,exact_match,0.0
ssm,cpr,1000000000100,7,seen,macro_f1,0.07692307692307693
ssm,cpr,1000000000100,7,seen,micro_f1,0.5
ssm,cpr,1000000000100,7,seen,bit_accuracy,0.8461538461538461
ssm,cpr,1000000000100,7,seen,exact_match,0.0
ssm,cpr,1000000000100,7,unseen,macro_f1,0.07692307692307693
ssm,cpr,1000000000100,7,unseen,micro_f1,0.36363636363636365
ssm,cpr,1000000000100,7,unseen,bit_accuracy,0.7307692307692307
ssm,cpr,1000000000100,7,unseen,exact_match,0.0
ssm,cpr,1000000001000,123,seen,macro_f1,0.05128205128205128
ssm,cpr,1000000001000,123,seen,micro_f1,0.2222222222222222
ssm,cpr,1000000001000,123,seen,bit_accuracy,0.7307692307692307
ssm,cpr,1000000001000,123,seen,exact_match,0.0
ssm,cpr,1000000001000,123,unseen,macro_f1,0.0
ssm,cpr,1000000001000,123,unseen,micro_f1,0.0
ssm,cpr,1000000001000,123,unseen,bit_accuracy,0.6538461538461539
ssm,cpr,1000000001000,123,unseen,exact_match,0.0
ssm,cpr,1000000001000,42,seen,macro_f1,0.06959706959706959
ssm,cpr,1000000001000,42,seen,micro_f1,0.2608695652173913
ssm,cpr,1000000001000,42,seen,bit_accuracy,0.7384615384615385
ssm,cpr,1000000001000,42,seen,exact_match,0.0
ssm,cpr,1000000001000,42,unseen,macro_f1,0.10256410256410256
ssm,cpr,1000000001000,42,unseen,micro_f1,0.48
ssm,cpr,1000000001000,42,unseen,bit_accuracy,0.8
ssm,cpr,1000000001000,42,unseen,exact_match,0.0
ssm,cpr,1000000001000,7,seen,macro_f1,0.10164835164835165
ssm,cpr,1000000001000,7,seen,micro_f1,0.5
ssm,cpr,1000000001000,7,seen,bit_accuracy,0.8461538461538461
ssm,cpr,1000000001000,7,seen,exact_match,0.0
ssm,cpr,1000000001000,7,unseen,macro_f1,0.10164835164835165
ssm,cpr,1000000001000,7,unseen,micro_f1,0.5
ssm,cpr,1000000001000,7,unseen,bit_accuracy,0.8461538461538461
ssm,cpr,1000000001000,7,unseen,exact_match,0.0
ssm,cpr,1000000010000,123,seen,macro_f1,0.07692307692307693
ssm,cpr,1000000010000,123,seen,micro_f1,0.5263157894736842
ssm,cpr,1000000010000,123,seen,bit_accuracy,0.8615384615384616
ssm,cpr,1000000010000,123,seen,exact_match,0.0
ssm,cpr,1000000010000,123,unseen,macro_f1,0.07692307692307693
ssm,cpr,1000000010000,123,unseen,micro_f1,0.5882352941176471
ssm,cpr,1000000010000,123,unseen,bit_accuracy,0.8923076923076924
ssm,cpr,1000000010000,123,unseen,exact_match,0.0
ssm,cpr,1000000010000,42,seen,macro_f1,0.14529914529914528
ssm,cpr,1000000010000,42,seen,micro_f1,0.8181818181818182
ssm,cpr,1000000010000,42,seen,bit_accuracy,0.9384615384615385
ssm,cpr,1000000010000,42,seen,exact_match,0.2
ssm,cpr,1000000010000,42,unseen,macro_f1,0.12087912087912088
ssm,cpr,1000000010000,42,unseen,micro_f1,0.7368421052631579
ssm,cpr,1000000010000,42,unseen,bit_accuracy,0.9230769230769231
ssm,cpr,1000000010000,42,unseen,exact_match,0.2
ssm,cpr,1000000010000,7,seen,macro_f1,0.07692307692307693
ssm,cpr,1000000010000,7,seen,micro_f1,0.4444444444444444
ssm,cpr,1000000010000,7,seen,bit_accuracy,0.8076923076923077
ssm,cpr,1000000010000,7,seen,exact_match,0.0
ssm,cpr,1000000010000,7,unseen,macro_f1,0.07692307692307693
ssm,cpr,1000000010000,7,unseen,micro_f1,0.36363636363636365
ssm,cpr,1000000010000,7,unseen,bit_accuracy,0.7307692307692307
ssm,cpr,1000000010000,7,unseen,exact_match,0.0
ssm,cpr,1000000100000,123,seen,macro_f1,0.07692307692307693
ssm,cpr,1000000100000,123,seen,micro_f1,0.5714285714285714
ssm,cpr,1000000100000,123,seen,bit_accuracy,0.8846153846153846
ssm,cpr,1000000100000,123,seen,exact_match,0.0
ssm,cpr,1000000100000,123,unseen,macro_f1,0.07692307692307693
ssm,cpr,1000000100000,123,unseen,micro_f1,0.5
ssm,cpr,1000000100000,123,unseen,bit_accuracy,0.8461538461538461
ssm,cpr,1000000100000,123,unseen,exact_match,0.0
ssm,cpr,1000000100000,42,seen,macro_f1,0.07692307692307693
ssm,cpr,1000000100000,42,seen,micro_f1,0.5263157894736842
ssm,cpr,1000000100000,42,seen,bit_accuracy,0.8615384615384616
ssm,cpr,1000000100000,42,seen,exact_match,0.0
ssm,cpr,1000000100000,42,unseen,macro_f1,0.07692307692307693
ssm,cpr,1000000100000,42,unseen,micro_f1,0.5
ssm,cpr,1000000100000,42,unseen,bit_accuracy,0.8461538461538461
ssm,cpr,1000000100000,42,unseen,exact_match,0.0
ssm,cpr,1000000100000,7,seen,macro_f1,0.15384615384615385
ssm,cpr,1000000100000,7,seen,micro_f1,0.8
ssm,cpr,1000000100000,7,seen,bit_accuracy,0.9230769230769231
ssm,cpr,1000000100000,7,seen,exact_match,0.2
ssm,cpr,1000000100000,7,unseen,macro_f1,0.07692307692307693
ssm,cpr,1000000100000,7,unseen,micro_f1,0.45454545454545453
ssm,cpr,1000000100000,7,unseen,bit_accuracy,0.8153846153846154
ssm,cpr,1000000100000,7,unseen,exact_match,0.0
ssm,cpr,1000001000000,123,seen,macro_f1,0.07692307692307693
ssm,cpr,1000001000000,123,seen,micro_f1,0.5882352941176471
ssm,cpr,1000001000000,123,seen,bit_accuracy,0.8923076923076924
ssm,cpr,1000001000000,123,seen,exact_match,0.0
ssm,cpr,1000001000000,123,unseen,macro_f1,0.07692307692307693
ssm,cpr,1000001000000,123,unseen,micro_f1,0.5
ssm,cpr,1000001000000,123,unseen,bit_accuracy,0.8461538461538461
ssm,cpr,1000001000000,123,unseen,exact_match,0.0
ssm,cpr,1000001000000,42,seen,macro_f1,0.14529914529914528
ssm,cpr,1000001000000,42,seen,micro_f1,0.9473684210526315
ssm,cpr,1000001000000,42,seen,bit_accuracy,0.9846153846153847
ssm,cpr,1000001000000,42,seen,exact_match,0.8
ssm,cpr,1000001000000,42,unseen,macro_f1,0.10256410256410256
ssm,cpr,1000001000000,42,unseen,micro_f1,0.5714285714285714
ssm,cpr,1000001000000,42,unseen,bit_accuracy,0.8615384615384616
ssm,cpr,1000001000000,42,unseen,exact_match,0.0
ssm,cpr,1000001000000,7,seen,macro_f1,0.07692307692307693
ssm,cpr,1000001000000,7,seen,micro_f1,0.6666666666666666
ssm,cpr,1000001000000,7,seen,bit_accuracy,0.9230769230769231
ssm,cpr,1000001000000,7,seen,exact_match,0.0
ssm,cpr,1000001000000,7,unseen,macro_f1,0.07692307692307693
ssm,cpr,1000001000000,7,unseen,micro_f1,0.6666666666666666
ssm,cpr,1000001000000,7,unseen,bit_accuracy,0.9230769230769231
ssm,cpr,1000001000000,7,unseen,exact_match,0.0
ssm,cpr,1000010000000,123,seen,macro_f1,0.1282051282051282
ssm,cpr,1000010000000,123,seen,micro_f1,0.5
ssm,cpr,1000010000000,123,seen,bit_accuracy,0.7692307692307693
ssm,cpr,1000010000000,123,seen,exact_match,0.0
ssm,cpr,1000010000000,123,unseen,macro_f1,0.15384615384615385
ssm,cpr,1000010000000,123,unseen,micro_f1,0.6666666666666666
ssm,cpr,1000010000000,123,unseen,bit_accuracy,0.8461538461538461
ssm,cpr,1000010000000,123,unseen,exact_match,0.0
ssm,cpr,1000010000000,42,seen,macro_f1,0.07692307692307693
ssm,cpr,1000010000000,42,seen,micro_f1,0.45454545454545453
ssm,cpr,1000010000000,42,seen,bit_accuracy,0.8153846153846154
ssm,cpr,1000010000000,42,seen,exact_match,0.0
ssm,cpr,1000010000000,42,unseen,macro_f1,0.07692307692307693
ssm,cpr,1000010000000,42,unseen,micro_f1,0.4
ssm,cpr,1000010000000,42,unseen,bit_accuracy,0.7692307692307693
ssm,cpr,1000010000000,42,unseen,exact_match,0.0
ssm,cpr,1000010000000,7,seen,macro_f1,0.12087912087912088
ssm,cpr,1000010000000,7,seen,micro_f1,0.4117647058823529
ssm,cpr,1000010000000,7,seen,bit_accuracy,0.6923076923076923
ssm,cpr,1000010000000,7,seen,exact_match,0.0
ssm,cpr,1000010000000,7,unseen,macro_f1,0.10256410256410256
ssm,cpr,1000010000000,7,unseen,micro_f1,0.5454545454545454
ssm,cpr,1000010000000,7,unseen,bit_accuracy,0.8461538461538461
ssm,cpr,1000010000000,7,unseen,exact_match,0.0
ssm,cpr,1000100000000,123,seen,macro_f1,0.07692307692307693
ssm,cpr,1000100000000,123,seen,micro_f1,0.6666666666666666
ssm,cpr,1000100000000,123,seen,bit_accuracy,0.9230769230769231
ssm,cpr,1000100000000,123,seen,exact_match,0.0
ssm,cpr,1000100000000,123,unseen,macro_f1,0.07692307692307693
ssm,cpr,1000100000000,123,unseen,micro_f1,0.5
ssm,cpr,1000100000000,123,unseen,bit_accuracy,0.8461538461538461
ssm,cpr,1000100000000,123,unseen,exact_match,0.0
ssm,cpr,1000100000000,42,seen,macro_f1,0.15384615384615385
ssm,cpr,1000100000000,42,seen,micro_f1,1.0
ssm,cpr,1000100000000,42,seen,bit_accuracy,1.0
ssm,cpr,1000100000000,42,seen,exact_match,1.0
ssm,cpr,1000100000000,42,unseen,macro_f1,0.14529914529914528
ssm,cpr,1000100000000,42,unseen,micro_f1,0.9473684210526315
ssm,cpr,1000100000000,42,unseen,bit_accuracy,0.9846153846153847
ssm,cpr,1000100000000,42,unseen,exact_match,0.8
ssm,cpr,1000100000000,7,seen,macro_f1,0.15384615384615385
ssm,cpr,1000100000000,7,seen,micro_f1,0.8
ssm,cpr,1000100000000,7,seen,bit_accuracy,0.9230769230769231
ssm,cpr,1000100000000,7,seen,exact_match,0.0
ssm,cpr,1000100000000,7,unseen,macro_f1,0.15384615384615385
ssm,cpr,1000100000000,7,unseen,micro_f1,0.8
ssm,cpr,1000100000000,7,unseen,bit_accuracy,0.9230769230769231
ssm,cpr,1000100000000,7,unseen,exact_match,0.5
ssm,cpr,1001000000000,123,seen,macro_f1,0.07692307692307693
ssm,cpr,1001000000000,123,seen,micro_f1,0.4444444444444444
ssm,cpr,1001000000000,123,seen,bit_accuracy,0.8076923076923077
ssm,cpr,1001000000000,123,seen,exact_match,0.0
ssm,cpr,1001000000000,123,unseen,macro_f1,0.07692307692307693
ssm,cpr,1001000000000,123,unseen,micro_f1,0.4444444444444444
ssm,cpr,1001000000000,123,unseen,bit_accuracy,0.8076923076923077
ssm,cpr,1001000000000,123,unseen,exact_match,0.0
ssm,cpr,1001000000000,42,seen,macro_f1,0.07692307692307693
ssm,cpr,1001000000000,42,seen,micro_f1,0.6666666666666666
ssm,cpr,1001000000000,42,seen,bit_accuracy,0.9230769230769231
ssm,cpr,1001000000000,42,seen,exact_match,0.0
ssm,cpr,1001000000000,42,unseen,macro_f1,0.14529914529914528
ssm,cpr,1001000000000,42,unseen,micro_f1,0.9473684210526315
ssm,cpr,1001000000000,42,unseen,bit_accuracy,0.9846153846153847
ssm,cpr,1001000000000,42,unseen,exact_match,0.8
ssm,cpr,1001000000000,7,seen,macro_f1,0.15384615384615385
ssm,cpr,1001000000000,7,seen,micro_f1,1.0
ssm,cpr,1001000000000,7,seen,bit_accuracy,1.0
ssm,cpr,1001000000000,7,seen,exact_match,1.0
ssm,cpr,1001000000000,7,unseen,macro_f1,0.14529914529914528
ssm,cpr,1001000000000,7,unseen,micro_f1,0.9
ssm,cpr,1001000000000,7,unseen,bit_accuracy,0.9692307692307692
ssm,cpr,1001000000000,7,unseen,exact_match,0.6
stgcn,cpr,0000000000001,123,seen,macro_f1,0.0
stgcn,cpr,0000000000001,123,seen,micro_f1,0.0
stgcn,cpr,0000000000001,123,seen,bit_accuracy,0.6653846153846154
stgcn,cpr,0000000000001,123,seen,exact_match,0.0
stgcn,cpr,0000000000001,123,unseen,macro_f1,0.0
stgcn,cpr,0000000000001,123,unseen,micro_f1,0.0
stgcn,cpr,0000000000001,123,unseen,bit_accuracy,0.8153846153846154
stgcn,cpr,0000000000001,123,unseen,exact_match,0.0
stgcn,cpr,0000000000001,42,seen,macro_f1,0.0
stgcn,cpr,0000000000001,42,seen,micro_f1,0.0
stgcn,cpr,0000000000001,42,seen,bit_accuracy,0.6923076923076923
stgcn,cpr,0000000000001,42,seen,exact_match,0.0
stgcn,cpr,0000000000001,42,unseen,macro_f1,0.0
stgcn,cpr,0000000000001,42,unseen,micro_f1,0.0
stgcn,cpr,0000000000001,42,unseen,bit_accuracy,0.5384615384615384
stgcn,cpr,0000000000001,42,unseen,exact_match,0.0
stgcn,cpr,0000000000001,7,seen,macro_f1,0.0
stgcn,cpr,0000000000001,7,seen,micro_f1,0.0
stgcn,cpr,0000000000001,7,seen,bit_accuracy,0.7423076923076923
stgcn,cpr,0000000000001,7,seen,exact_match,0.0
stgcn,cpr,0000000000001,7,unseen,macro_f1,0.0
stgcn,cpr,0000000000001,7,unseen,micro_f1,0.0
stgcn,cpr,0000000000001,7,unseen,bit_accuracy,0.7423076923076923
stgcn,cpr,0000000000001,7,unseen,exact_match,0.0
stgcn,cpr,0000000000010,123,seen,macro_f1,0.07692307692307693
stgcn,cpr,0000000000010,123,seen,micro_f1,0.49382716049382713
stgcn,cpr,0000000000010,123,seen,bit_accuracy,0.8423076923076923
stgcn,cpr,0000000000010,123,seen,exact_match,0.0
stgcn,cpr,0000000000010,123,unseen,macro_f1,0.04395604395604395
stgcn,cpr,0000000000010,123,unseen,micro_f1,0.25
stgcn,cpr,0000000000010,123,unseen,bit_accuracy,0.8153846153846154
stgcn,cpr,0000000000010,123,unseen,exact_match,0.0
stgcn,cpr,0000000000010,42,seen,macro_f1,0.07692307692307693
stgcn,cpr,0000000000010,42,seen,micro_f1,0.37037037037037035
stgcn,cpr,0000000000010,42,seen,bit_accuracy,0.7384615384615385
stgcn,cpr,0000000000010,42,seen,exact_match,0.0
stgcn,cpr,0000000000010,42,unseen,macro_f1,0.07692307692307693
stgcn,cpr,0000000000010,42,unseen,micro_f1,0.49382716049382713
stgcn,cpr,0000000000010,42,unseen,bit_accuracy,0.8423076923076923
stgcn,cpr,0000000000010,42,unseen,exact_match,0.0
stgcn,cpr,0000000000010,7,seen,macro_f1,0.07692307692307693
stgcn,cpr,0000000000010,7,seen,micro_f1,0.6666666666666666
stgcn,cpr,0000000000010,7,seen,bit_accuracy,0.9230769230769231
stgcn,cpr,0000000000010,7,seen,exact_match,0.0
stgcn,cpr,0000000000010,7,unseen,macro_f1,0.0
stgcn,cpr,0000000000010,7,unseen,micro_f1,0.0
stgcn,cpr,0000000000010,7,unseen,bit_accuracy,0.6153846153846154
stgcn,cpr,0000000000010,7,unseen,exact_match,0.0
stgcn,cpr,0000000000100,123,seen,macro_f1,0.0
stgcn,cpr,0000000000100,123,seen,micro_f1,0.0
stgcn,cpr,0000000000100,123,seen,bit_accuracy,0.6153846153846154
stgcn,cpr,0000000000100,123,seen,exact_match,0.0
stgcn,cpr,0000000000100,123,unseen,macro_f1,0.0
stgcn,cpr,0000000000100,123,unseen,micro_f1,0.0
stgcn,cpr,0000000000100,123,unseen,bit_accuracy,0.8115384615384615
stgcn,cpr,0000000000100,123,unseen,exact_match,0.0
stgcn,cpr,0000000000100,42,seen,macro_f1,0.0
stgcn,cpr,0000000000100,42,seen,micro_f1,0.0
stgcn,cpr,0000000000100,42,seen,bit_accuracy,0.6538461538461539
stgcn,cpr,0000000000100,42,seen,exact_match,0.0
stgcn,cpr,0000000000100,42,unseen,macro_f1,0.0
stgcn,cpr,0000000000100,42,unseen,micro_f1,0.0
stgcn,cpr,0000000000100,42,unseen,bit_accuracy,0.6923076923076923
stgcn,cpr,0000000000100,42,unseen,exact_match,0.0
stgcn,cpr,0000000000100,7,seen,macro_f1,0.06593406593406594
stgcn,cpr,0000000000100,7,seen,micro_f1,0.3125
stgcn,cpr,0000000000100,7,seen,bit_accuracy,0.7461538461538462
stgcn,cpr,0000000000100,7,seen,exact_match,0.0
stgcn,cpr,0000000000100,7,unseen,macro_f1,0.03076923076923077
stgcn,cpr,0000000000100,7,unseen,micro_f1,0.15151515151515152
stgcn,cpr,0000000000100,7,unseen,bit_accuracy,0.7846153846153846
stgcn,cpr,0000000000100,7,unseen,exact_match,0.0
stgcn,cpr,0000000001000,123,seen,macro_f1,0.0
stgcn,cpr,0000000001000,123,seen,micro_f1,0.0
stgcn,cpr,0000000001000,123,seen,bit_accuracy,0.8269230769230769
stgcn,cpr,0000000001000,123,seen,exact_match,0.0
stgcn,cpr,0000000001000,123,unseen,macro_f1,0.0
stgcn,cpr,0000000001000,123,unseen,micro_f1,0.0
stgcn,cpr,0000000001000,123,unseen,bit_accuracy,0.7961538461538461
stgcn,cpr,0000000001000,123,unseen,exact_match,0.0
stgcn,cpr,0000000001000,42,seen,macro_f1,0.0
stgcn,cpr,0000000001000,42,seen,micro_f1,0.0
stgcn,cpr,0000000001000,42,seen,bit_accuracy,0.8384615384615385
stgcn,cpr,0000000001000,42,seen,exact_match,0.0
stgcn,cpr,0000000001000,42,unseen,macro_f1,0.0
stgcn,cpr,0000000001000,42,unseen,micro_f1,0.0
stgcn,cpr,0000000001000,42,unseen,bit_accuracy,0.8461538461538461
stgcn,cpr,0000000001000,42,unseen,exact_match,0.0
stgcn,cpr,0000000001000,7,seen,macro_f1,0.07692307692307693
stgcn,cpr,0000000001000,7,seen,micro_f1,0.6666666666666666
stgcn,cpr,0000000001000,7,seen,bit_accuracy,0.9230769230769231
stgcn,cpr,0000000001000,7,seen,exact_match,0.0
stgcn,cpr,0000000001000,7,unseen,macro_f1,0.0
stgcn,cpr,0000000001000,7,unseen,micro_f1,0.0
stgcn,cpr,0000000001000,7,unseen,bit_accuracy,0.8461538461538461
stgcn,cpr,0000000001000,7,unseen,exact_match,0.0
stgcn,cpr,0000000001001,123,seen,macro_f1,0.07692307692307693
stgcn,cpr,0000000001001,123,seen,micro_f1,0.2222222222222222
stgcn,cpr,0000000001001,123,seen,bit_accuracy,0.46153846153846156
stgcn,cpr,0000000001001,123,seen,exact_match,0.0
stgcn,cpr,0000000001001,123,unseen,macro_f1,0.07692307692307693
stgcn,cpr,0000000001001,123,unseen,micro_f1,0.2222222222222222
stgcn,cpr,0000000001001,123,unseen,bit_accuracy,0.46153846153846156
stgcn,cpr,0000000001001,123,unseen,exact_match,0.0
stgcn,cpr,0000000001001,42,seen,macro_f1,0.07692307692307693
stgcn,cpr,0000000001001,42,seen,micro_f1,0.2777777777777778
stgcn,cpr,0000000001001,42,seen,bit_accuracy,0.6
stgcn,cpr,0000000001001,42,seen,exact_match,0.0
stgcn,cpr,0000000001001,42,unseen,macro_f1,0.07692307692307693
stgcn,cpr,0000000001001,42,unseen,micro_f1,0.24390243902439024
stgcn,cpr,0000000001001,42,unseen,bit_accuracy,0.5230769230769231
stgcn,cpr,0000000001001,42,unseen,exact_match,0.0
stgcn,cpr,0000000001001,7,seen,macro_f1,0.07692307692307693
stgcn,cpr,0000000001001,7,seen,micro_f1,0.3448275862068966
stgcn,cpr,0000000001001,7,seen,bit_accuracy,0.7076923076923077
stgcn,cpr,0000000001001,7,seen,exact_match,0.0
stgcn,cpr,0000000001001,7,unseen,macro_f1,0.07692307692307693
stgcn,cpr,0000000001001,7,unseen,micro_f1,0.3333333333333333
stgcn,cpr,0000000001001,7,unseen,bit_accuracy,0.6923076923076923
stgcn,cpr,0000000001001,7,unseen,exact_match,0.0
stgcn,cpr,0000000001010,123,seen,macro_f1,0.07692307692307693
stgcn,cpr,0000000001010,123,seen,micro_f1,0.37037037037037035
stgcn,cpr,0000000001010,123,seen,bit_accuracy,0.7384615384615385
stgcn,cpr,0000000001010,123,seen,exact_match,0.0
stgcn,cpr,0000000001010,123,unseen,macro_f1,0.07692307692307693
stgcn,cpr,0000000001010,123,unseen,micro_f1,0.35714285714285715
stgcn,cpr,0000000001010,123,unseen,bit_accuracy,0.7230769230769231
stgcn,cpr,0000000001010,123,unseen,exact_match,0.0
stgcn,cpr,0000000001010,42,seen,macro_f1,0.15384615384615385
stgcn,cpr,0000000001010,42,seen,micro_f1,0.6666666666666666
stgcn,cpr,0000000001010,42,seen,bit_accuracy,0.8461538461538461
stgcn,cpr,0000000001010,42,seen,exact_match,0.0
stgcn,cpr,0000000001010,42,unseen,macro_f1,0.15384615384615385
stgcn,cpr,0000000001010,42,unseen,micro_f1,0.4444444444444444
stgcn,cpr,0000000001010,42,unseen,bit_accuracy,0.6153846153846154
stgcn,cpr,0000000001010,42,unseen,exact_match,0.0
stgcn,cpr,0000000001010,7,seen,macro_f1,0.15384615384615385
stgcn,cpr,0000000001010,7,seen,micro_f1,0.7142857142857143
stgcn,cpr,0000000001010,7,seen,bit_accuracy,0.8769230769230769
stgcn,cpr,0000000001010,7,seen,exact_match,0.0
stgcn,cpr,0000000001010,7,unseen,macro_f1,0.15384615384615385
stgcn,cpr,0000000001010,7,unseen,micro_f1,0.8333333333333334
stgcn,cpr,0000000001010,7,unseen,bit_accuracy,0.9384615384615385
stgcn,cpr,0000000001010,7,unseen,exact_match,0.4
stgcn,cpr,0000000001100,123,seen,macro_f1,0.1282051282051282
stgcn,cpr,0000000001100,123,seen,micro_f1,0.42857142857142855
stgcn,cpr,0000000001100,123,seen,bit_accuracy,0.6923076923076923
stgcn,cpr,0000000001100,123,seen,exact_match,0.0
stgcn,cpr,0000000001100,123,unseen,macro_f1,0.07692307692307693
stgcn,cpr,0000000001100,123,unseen,micro_f1,0.3333333333333333
stgcn,cpr,0000000001100,123,unseen,bit_accuracy,0.6923076923076923
stgcn,cpr,0000000001100,123,unseen,exact_match,0.0
stgcn,cpr,0000000001100,42,seen,macro_f1,0.14529914529914528
stgcn,cpr,0000000001100,42,seen,micro_f1,0.46153846153846156
stgcn,cpr,0000000001100,42,seen,bit_accuracy,0.676923076923077
stgcn,cpr,0000000001100,42,seen,exact_match,0.0
stgcn,cpr,0000000001100,42,unseen,macro_f1,0.1346153846153846
stgcn,cpr,0000000001100,42,unseen,micro_f1,0.3902439024390244
stgcn,cpr,0000000001100,42,unseen,bit_accuracy,0.6153846153846154
stgcn,cpr,0000000001100,42,unseen,exact_match,0.0
stgcn,cpr,0000000001100,7,seen,macro_f1,0.12087912087912088
stgcn,cpr,0000000001100,7,seen,micro_f1,0.5
stgcn,cpr,0000000001100,7,seen,bit_accuracy,0.7846153846153846
stgcn,cpr,0000000001100,7,seen,exact_match,0.0
stgcn,cpr,0000000001100,7,unseen,macro_f1,0.10256410256410256
stgcn,cpr,0000000001100,7,unseen,micro_f1,0.4444444444444444
stgcn,cpr,0000000001100,7,unseen,bit_accuracy,0.7692307692307693
stgcn,cpr,0000000001100,7,unseen,exact_match,0.0
stgcn,cpr,0000000010000,123,seen,macro_f1,0.0
stgcn,cpr,0000000010000,123,seen,micro_f1,0.0
stgcn,cpr,0000000010000,123,seen,bit_accuracy,0.85
stgcn,cpr,0000000010000,123,seen,exact_match,0.0
stgcn,cpr,0000000010000,123,unseen,macro_f1,0.0
stgcn,cpr,0000000010000,123,unseen,micro_f1,0.0
stgcn,cpr,0000000010000,123,unseen,bit_accuracy,0.6230769230769231
stgcn,cpr,0000000010000,123,unseen,exact_match,0.0
stgcn,cpr,0000000010000,42,seen,macro_f1,0.0
stgcn,cpr,0000000010000,42,seen,micro_f1,0.0
stgcn,cpr,0000000010000,42,seen,bit_accuracy,0.6153846153846154
stgcn,cpr,0000000010000,42,seen,exact_match,0.0
stgcn,cpr,0000000010000,42,unseen,macro_f1,0.0
stgcn,cpr,0000000010000,42,unseen,micro_f1,0.0
stgcn,cpr,0000000010000,42,unseen,bit_accuracy,0.6923076923076923
stgcn,cpr,0000000010000,42,unseen,exact_match,0.0
stgcn,cpr,0000000010000,7,seen,macro_f1,0.0
stgcn,cpr,0000000010000,7,seen,micro_f1,0.0
stgcn,cpr,0000000010000,7,seen,bit_accuracy,0.8384615384615385
stgcn,cpr,0000000010000,7,seen,exact_match,0.0
stgcn,cpr,0000000010000,7,unseen,macro_f1,0.0
stgcn,cpr,0000000010000,7,unseen,micro_f1,0.0
stgcn,cpr,0000000010000,7,unseen,bit_accuracy,0.8423076923076923
stgcn,cpr,0000000010000,7,unseen,exact_match,0.0
stgcn,cpr,0000000010100,123,seen,macro_f1,0.0
stgcn,cpr,0000000010100,123,seen,micro_f1,0.0
stgcn,cpr,0000000010100,123,seen,bit_accuracy,0.5846153846153846
stgcn,cpr,0000000010100,123,seen,exact_match,0.0
stgcn,cpr,0000000010100,123,unseen,macro_f1,0.0
stgcn,cpr,0000000010100,123,unseen,micro_f1,0.0
stgcn,cpr,0000000010100,123,unseen,bit_accuracy,0.6153846153846154
stgcn,cpr,0000000010100,123,unseen,exact_match,0.0
stgcn,cpr,0000000010100,42,seen,macro_f1,0.0
stgcn,cpr,0000000010100,42,seen,micro_f1,0.0
stgcn,cpr,0000000010100,42,seen,bit_accuracy,0.5538461538461539
stgcn,cpr,0000000010100,42,seen,exact_match,0.0
stgcn,cpr,0000000010100,42,unseen,macro_f1,0.0
stgcn,cpr,0000000010100,42,unseen,micro_f1,0.0
stgcn,cpr,0000000010100,42,unseen,bit_accuracy,0.5384615384615384
stgcn,cpr,0000000010100,42,unseen,exact_match,0.0
stgcn,cpr,0000000010100,7,seen,macro_f1,0.07692307692307693
stgcn,cpr,0000000010100,7,seen,micro_f1,0.3333333333333333
stgcn,cpr,0000000010100,7,seen,bit_accuracy,0.6923076923076923
stgcn,cpr,0000000010100,7,seen,exact_match,0.0
stgcn,cpr,0000000010100,7,unseen,macro_f1,0.07692307692307693
stgcn,cpr,0000000010100,7,unseen,micro_f1,0.3333333333333333
stgcn,cpr,0000000010100,7,unseen,bit_accuracy,0.6923076923076923
stgcn,cpr,0000000010100,7,unseen,exact_match,0.0
stgcn,cpr,0000000011000,123,seen,macro_f1,0.07692307692307693
stgcn,cpr,0000000011000,123,seen,micro_f1,0.2857142857142857
stgcn,cpr,0000000011000,123,seen,bit_accuracy,0.6153846153846154
stgcn,cpr,0000000011000,123,seen,exact_match,0.0
stgcn,cpr,0000000011000,123,unseen,macro_f1,0.07692307692307693
stgcn,cpr,0000000011000,123,unseen,micro_f1,0.2857142857142857
stgcn,cpr,0000000011000,123,unseen,bit_accuracy,0.6153846153846154
stgcn,cpr,0000000011000,123,unseen,exact_match,0.0
stgcn,cpr,0000000011000,42,seen,macro_f1,0.07692307692307693
stgcn,cpr,0000000011000,42,seen,micro_f1,0.35714285714285715
stgcn,cpr,0000000011000,42,seen,bit_accuracy,0.7230769230769231
stgcn,cpr,0000000011000,42,seen,exact_match,0.0
stgcn,cpr,0000000011000,42,unseen,macro_f1,0.07692307692307693
stgcn,cpr,0000000011000,42,unseen,micro_f1,0.3333333333333333
stgcn,cpr,0000000011000,42,unseen,bit_accuracy,0.6923076923076923
stgcn,cpr,0000000011000,42,unseen,exact_match,0.0
stgcn,cpr,0000000011000,7,seen,macro_f1,0.07692307692307693
stgcn,cpr,0000000011000,7,seen,micro_f1,0.5263157894736842
stgcn,cpr,0000000011000,7,seen,bit_accuracy,0.8615384615384616
stgcn,cpr,0000000011000,7,seen,exact_match,0.0
stgcn,cpr,0000000011000,7,unseen,macro_f1,0.07692307692307693
stgcn,cpr,0000000011000,7,unseen,micro_f1,0.5882352941176471
stgcn,cpr,0000000011000,7,unseen,bit_accuracy,0.8923076923076924
stgcn,cpr,0000000011000,7,unseen,exact_match,0.0
stgcn,cpr,0000000100000,123,seen,macro_f1,0.07692307692307693
stgcn,cpr,0000000100000,123,seen,micro_f1,0.9523809523809523
stgcn,cpr,0000000100000,123,seen,bit_accuracy,0.9923076923076923
stgcn,cpr,0000000100000,123,seen,exact_match,0.9
stgcn,cpr,0000000100000,123,unseen,macro_f1,0.07692307692307693
stgcn,cpr,0000000100000,123,unseen,micro_f1,0.6451612903225806
stgcn,cpr,0000000100000,123,unseen,bit_accuracy,0.9153846153846154
stgcn,cpr,0000000100000,123,unseen,exact_match,0.0
stgcn,cpr,0000000100000,42,seen,macro_f1,0.07692307692307693
stgcn,cpr,0000000100000,42,seen,micro_f1,0.5
stgcn,cpr,0000000100000,42,seen,bit_accuracy,0.8461538461538461
stgcn,cpr,0000000100000,42,seen,exact_match,0.0
stgcn,cpr,0000000100000,42,unseen,macro_f1,0.07692307692307693
stgcn,cpr,0000000100000,42,unseen,micro_f1,0.5
stgcn,cpr,0000000100000,42,unseen,bit_accuracy,0.8461538461538461
stgcn,cpr,0000000100000,42,unseen,exact_match,0.0
stgcn,cpr,0000000100000,7,seen,macro_f1,0.07692307692307693
stgcn,cpr,0000000100000,7,seen,micro_f1,0.6666666666666666
stgcn,cpr,0000000100000,7,seen,bit_accuracy,0.9230769230769231
stgcn,cpr,0000000100000,7,seen,exact_match,0.0
stgcn,cpr,0000000100000,7,unseen,macro_f1,0.07692307692307693
stgcn,cpr,0000000100000,7,unseen,micro_f1,0.2857142857142857
stgcn,cpr,0000000100000,7,unseen,bit_accuracy,0.6153846153846154
stgcn,cpr,0000000100000,7,unseen,exact_match,0.0
stgcn,cpr,0000000100001,123,seen,macro_f1,0.07692307692307693
stgcn,cpr,0000000100001,123,seen,micro_f1,0.36363636363636365
stgcn,cpr,0000000100001,123,seen,bit_accuracy,0.7307692307692307
stgcn,cpr,0000000100001,123,seen,exact_match,0.0
stgcn,cpr,0000000100001,123,unseen,macro_f1,0.07692307692307693
stgcn,cpr,0000000100001,123,unseen,micro_f1,0.2857142857142857
stgcn,cpr,0000000100001,123,unseen,bit_accuracy,0.6153846153846154
stgcn,cpr,0000000100001,123,unseen,exact_match,0.0
stgcn,cpr,0000000100001,42,seen,macro_f1,0.07692307692307693
stgcn,cpr,0000000100001,42,seen,micro_f1,0.5
stgcn,cpr,0000000100001,42,seen,bit_accuracy,0.8461538461538461
stgcn,cpr,0000000100001,42,seen,exact_match,0.0
stgcn,cpr,0000000100001,42,unseen,macro_f1,0.07692307692307693
stgcn,cpr,0000000100001,42,unseen,micro_f1,0.29411764705882354
stgcn,cpr,0000000100001,42,unseen,bit_accuracy,0.6307692307692307
stgcn,cpr,0000000100001,42,unseen,exact_match,0.0
stgcn,cpr,0000000100001,7,seen,macro_f1,0.07692307692307693
stgcn,cpr,0000000100001,7,seen,micro_f1,0.47619047619047616
stgcn,cpr,0000000100001,7,seen,bit_accuracy,0.8307692307692308
stgcn,cpr,0000000100001,7,seen,exact_match,0.0
stgcn,cpr,0000000100001,7,unseen,macro_f1,0.07692307692307693
stgcn,cpr,0000000100001,7,unseen,micro_f1,0.5882352941176471
stgcn,cpr,0000000100001,7,unseen,bit_accuracy,0.8923076923076924
stgcn,cpr,0000000100001,7,unseen,exact_match,0.0
stgcn,cpr,0000000100010,123,seen,macro_f1,0.07692307692307693
stgcn,cpr,0000000100010,123,seen,micro_f1,0.5555555555555556
stgcn,cpr,0000000100010,123,seen,bit_accuracy,0.8769230769230769
stgcn,cpr,0000000100010,123,seen,exact_match,0.0
stgcn,cpr,0000000100010,123,unseen,macro_f1,0.07692307692307693
stgcn,cpr,0000000100010,123,unseen,micro_f1,0.4166666666666667
stgcn,cpr,0000000100010,123,unseen,bit_accuracy,0.7846153846153846
stgcn,cpr,0000000100010,123,unseen,exact_match,0.0
stgcn,cpr,0000000100010,42,seen,macro_f1,0.07692307692307693
stgcn,cpr,0000000100010,42,seen,micro_f1,0.3076923076923077
stgcn,cpr,0000000100010,42,seen,bit_accuracy,0.6538461538461539
stgcn,cpr,0000000100010,42,seen,exact_match,0.0
stgcn,cpr,0000000100010,42,unseen,macro_f1,0.07692307692307693
stgcn,cpr,0000000100010,42,unseen,micro_f1,0.4
stgcn,cpr,0000000100010,42,unseen,bit_accuracy,0.7692307692307693
stgcn,cpr,0000000100010,42,unseen,exact_match,0.0
stgcn,cpr,0000000100010,7,seen,macro_f1,0.07692307692307693
stgcn,cpr,0000000100010,7,seen,micro_f1,0.5
stgcn,cpr,0000000100010,7,seen,bit_accuracy,0.8461538461538461
stgcn,cpr,0000000100010,7,seen,exact_match,0.0
stgcn,cpr,0000000100010,7,unseen,macro_f1,0.07692307692307693
stgcn,cpr,0000000100010,7,unseen,micro_f1,0.625
stgcn,cpr,0000000100010,7,unseen,bit_accuracy,0.9076923076923077
stgcn,cpr,0000000100010,7,unseen,exact_match,0.0
stgcn,cpr,0000000100100,123,seen,macro_f1,0.07692307692307693
stgcn,cpr,0000000100100,123,seen,micro_f1,0.36363636363636365
stgcn,cpr,0000000100100,123,seen,bit_accuracy,0.7307692307692307
stgcn,cpr,0000000100100,123,seen,exact_match,0.0
stgcn,cpr,0000000100100,123,unseen,macro_f1,0.07692307692307693
stgcn,cpr,0000000100100,123,unseen,micro_f1,0.3333333333333333
stgcn,cpr,0000000100100,123,unseen,bit_accuracy,0.6923076923076923
stgcn,cpr,0000000100100,123,unseen,exact_match,0.0
stgcn,cpr,0000000100100,42,seen,macro_f1,0.07692307692307693
stgcn,cpr,0000000100100,42,seen,micro_f1,0.43478260869565216
stgcn,cpr,0000000100100,42,seen,bit_accuracy,0.8
stgcn,cpr,0000000100100,42,seen,exact_match,0.0
stgcn,cpr,0000000100100,42,unseen,macro_f1,0.07692307692307693
stgcn,cpr,0000000100100,42,unseen,micro_f1,0.35714285714285715
stgcn,cpr,0000000100100,42,unseen,bit_accuracy,0.7230769230769231
stgcn,cpr,0000000100100,42,unseen,exact_match,0.0
stgcn,cpr,0000000100100,7,seen,macro_f1,0.07692307692307693
stgcn,cpr,0000000100100,7,seen,micro_f1,0.5
stgcn,cpr,0000000100100,7,seen,bit_accuracy,0.8461538461538461
stgcn,cpr,0000000100100,7,seen,exact_match,0.0
stgcn,cpr,0000000100100,7,unseen,macro_f1,0.07692307692307693
stgcn,cpr,0000000100100,7,unseen,micro_f1,0.6666666666666666
stgcn,cpr,0000000100100,7,unseen,bit_accuracy,0.9230769230769231
stgcn,cpr,0000000100100,7,unseen,exact_match,0.0
stgcn,cpr,0000000101000,123,seen,macro_f1,0.07692307692307693
stgcn,cpr,0000000101000,123,seen,micro_f1,0.4
stgcn,cpr,0000000101000,123,seen,bit_accuracy,0.7692307692307693
stgcn,cpr,0000000101000,123,seen,exact_match,0.0
stgcn,cpr,0000000101000,123,unseen,macro_f1,0.07692307692307693
stgcn,cpr,0000000101000,123,unseen,micro_f1,0.5
stgcn,cpr,0000000101000,123,unseen,bit_accuracy,0.8461538461538461
stgcn,cpr,0000000101000,123,unseen,exact_match,0.0
stgcn,cpr,0000000101000,42,seen,macro_f1,0.15384615384615385
stgcn,cpr,0000000101000,42,seen,micro_f1,0.6153846153846154
stgcn,cpr,0000000101000,42,seen,bit_accuracy,0.8076923076923077
stgcn,cpr,0000000101000,42,seen,exact_match,0.0
stgcn,cpr,0000000101000,42,unseen,macro_f1,0.07692307692307693
stgcn,cpr,0000000101000,42,unseen,micro_f1,0.36363636363636365
stgcn,cpr,0000000101000,42,unseen,bit_accuracy,0.7307692307692307
stgcn,cpr,0000000101000,42,unseen,exact_match,0.0
stgcn,cpr,0000000101000,7,seen,macro_f1,0.07692307692307693
stgcn,cpr,0000000101000,7,seen,micro_f1,0.5882352941176471
stgcn,cpr,0000000101000,7,seen,bit_accuracy,0.8923076923076924
stgcn,cpr,0000000101000,7,seen,exact_match,0.0
stgcn,cpr,0000000101000,7,unseen,macro_f1,0.07692307692307693
stgcn,cpr,0000000101000,7,unseen,micro_f1,0.625
stgcn,cpr,0000000101000,7,unseen,bit_accuracy,0.9076923076923077
stgcn,cpr,0000000101000,7,unseen,exact_match,0.0
stgcn,cpr,0000000110000,123,seen,macro_f1,0.07692307692307693
stgcn,cpr,0000000110000,123,seen,micro_f1,0.3333333333333333
stgcn,cpr,0000000110000,123,seen,bit_accuracy,0.6923076923076923
stgcn,cpr,0000000110000,123,seen,exact_match,0.0
stgcn,cpr,0000000110000,123,unseen,macro_f1,0.07692307692307693
stgcn,cpr,0000000110000,123,unseen,micro_f1,0.2857142857142857
stgcn,cpr,0000000110000,123,unseen,bit_accuracy,0.6153846153846154
stgcn,cpr,0000000110000,123,unseen,exact_match,0.0
stgcn,cpr,0000000110000,42,seen,macro_f1,0.15384615384615385
stgcn,cpr,0000000110000,42,seen,micro_f1,0.6896551724137931
stgcn,cpr,0000000110000,42,seen,bit_accuracy,0.8615384615384616
stgcn,cpr,0000000110000,42,seen,exact_match,0.0
stgcn,cpr,0000000110000,42,unseen,macro_f1,0.07692307692307693
stgcn,cpr,0000000110000,42,unseen,micro_f1,0.3448275862068966
stgcn,cpr,0000000110000,42,unseen,bit_accuracy,0.7076923076923077
stgcn,cpr,0000000110000,42,unseen,exact_match,0.0
stgcn,cpr,0000000110000,7,seen,macro_f1,0.07692307692307693
stgcn,cpr,0000000110000,7,seen,micro_f1,0.6666666666666666
stgcn,cpr,0000000110000,7,seen,bit_accuracy,0.9230769230769231
stgcn,cpr,0000000110000,7,seen,exact_match,0.0
stgcn,cpr,0000000110000,7,unseen,macro_f1,0.07692307692307693
stgcn,cpr,0000000110000,7,unseen,micro_f1,0.38461538461538464
stgcn,cpr,0000000110000,7,unseen,bit_accuracy,0.7538461538461538
stgcn,cpr,0000000110000,7,unseen,exact_match,0.0
stgcn,cpr,0000001000000,123,seen,macro_f1,0.07692307692307693
stgcn,cpr,0000001000000,123,seen,micro_f1,0.3508771929824561
stgcn,cpr,0000001000000,123,seen,bit_accuracy,0.7153846153846154
stgcn,cpr,0000001000000,123,seen,exact_match,0.0
stgcn,cpr,0000001000000,123,unseen,macro_f1,0.07692307692307693
stgcn,cpr,0000001000000,123,unseen,micro_f1,0.6557377049180327
stgcn,cpr,0000001000000,123,unseen,bit_accuracy,0.9192307692307692
stgcn,cpr,0000001000000,123,unseen,exact_match,0.35
stgcn,cpr,0000001000000,42,seen,macro_f1,0.07692307692307693
stgcn,cpr,0000001000000,42,seen,micro_f1,0.5
stgcn,cpr,0000001000000,42,seen,bit_accuracy,0.8461538461538461
stgcn,cpr,0000001000000,42,seen,exact_match,0.0
stgcn,cpr,0000001000000,42,unseen,macro_f1,0.07692307692307693
stgcn,cpr,0000001000000,42,unseen,micro_f1,0.5
stgcn,cpr,0000001000000,42,unseen,bit_accuracy,0.8461538461538461
stgcn,cpr,0000001000000,42,unseen,exact_match,0.0
stgcn,cpr,0000001000000,7,seen,macro_f1,0.07692307692307693
stgcn,cpr,0000001000000,7,seen,micro_f1,0.4878048780487805
stgcn,cpr,0000001000000,7,seen,bit_accuracy,0.8384615384615385
stgcn,cpr,0000001000000,7,seen,exact_match,0.0
stgcn,cpr,0000001000000,7,unseen,macro_f1,0.07692307692307693
stgcn,cpr,0000001000000,7,unseen,micro_f1,0.5405405405405406
stgcn,cpr,0000001000000,7,unseen,bit_accuracy,0.8692307692307693
stgcn,cpr,0000001000000,7,unseen,exact_match,0.0
stgcn,cpr,0000001000001,123,seen,macro_f1,0.07692307692307693
stgcn,cpr,0000001000001,123,seen,micro_f1,0.29411764705882354
stgcn,cpr,0000001000001,123,seen,bit_accuracy,0.6307692307692307
stgcn,cpr,0000001000001,123,seen,exact_match,0.0
stgcn,cpr,0000001000001,123,unseen,macro_f1,0.07692307692307693
stgcn,cpr,0000001000001,123,unseen,micro_f1,0.29411764705882354
stgcn,cpr,0000001000001,123,unseen,bit_accuracy,0.6307692307692307
stgcn,cpr,0000001000001,123,unseen,exact_match,0.0
stgcn,cpr,0000001000001,42,seen,macro_f1,0.07692307692307693
stgcn,cpr,0000001000001,42,seen,micro_f1,0.2702702702702703
stgcn,cpr,0000001000001,42,seen,bit_accuracy,0.5846153846153846
stgcn,cpr,0000001000001,42,seen,exact_match,0.0
stgcn,cpr,0000001000001,42,unseen,macro_f1,0.07692307692307693
stgcn,cpr,0000001000001,42,unseen,micro_f1,0.2857142857142857
stgcn,cpr,0000001000001,42,unseen,bit_accuracy,0.6153846153846154
stgcn,cpr,0000001000001,42,unseen,exact_match,0.0
stgcn,cpr,0000001000001,7,seen,macro_f1,0.07692307692307693
stgcn,cpr,0000001000001,7,seen,micro_f1,0.3333333333333333
stgcn,cpr,0000001000001,7,seen,bit_accuracy,0.6923076923076923
stgcn,cpr,0000001000001,7,seen,exact_match,0.0
stgcn,cpr,0000001000001,7,unseen,macro_f1,0.07692307692307693
stgcn,cpr,0000001000001,7,unseen,micro_f1,0.4
stgcn,cpr,0000001000001,7,unseen,bit_accuracy,0.7692307692307693
stgcn,cpr,0000001000001,7,unseen,exact_match,0.0
stgcn,cpr,0000001000010,123,seen,macro_f1,0.15384615384615385
stgcn,cpr,0000001000010,123,seen,micro_f1,0.6153846153846154
stgcn,cpr,0000001000010,123,seen,bit_accuracy,0.8076923076923077
stgcn,cpr,0000001000010,123,seen,exact_match,0.0
stgcn,cpr,0000001000010,123,unseen,macro_f1,0.07692307692307693
stgcn,cpr,0000001000010,123,unseen,micro_f1,0.3076923076923077
stgcn,cpr,0000001000010,123,unseen,bit_accuracy,0.6538461538461539
stgcn,cpr,0000001000010,123,unseen,exact_match,0.0
stgcn,cpr,0000001000010,42,seen,macro_f1,0.15384615384615385
stgcn,cpr,0000001000010,42,seen,micro_f1,0.9523809523809523
stgcn,cpr,0000001000010,42,seen,bit_accuracy,0.9846153846153847
stgcn,cpr,0000001000010,42,seen,exact_match,0.8
stgcn,cpr,0000001000010,42,unseen,macro_f1,0.1346153846153846
stgcn,cpr,0000001000010,42,unseen,micro_f1,0.7619047619047619
stgcn,cpr,0000001000010,42,unseen,bit_accuracy,0.9230769230769231
stgcn,cpr,0000001000010,42,unseen,exact_match,0.0
stgcn,cpr,0000001000010,7,seen,macro_f1,0.15384615384615385
stgcn,cpr,0000001000010,7,seen,micro_f1,0.9523809523809523
stgcn,cpr,0000001000010,7,seen,bit_accuracy,0.9846153846153847
stgcn,cpr,0000001000010,7,seen,exact_match,0.8
stgcn,cpr,0000001000010,7,unseen,macro_f1,0.15384615384615385
stgcn,cpr,0000001000010,7,unseen,micro_f1,0.6896551724137931
stgcn,cpr,0000001000010,7,unseen,bit_accuracy,0.8615384615384616
stgcn,cpr,0000001000010,7,unseen,exact_match,0.0
stgcn,cpr,0000001000100,123,seen,macro_f1,0.07692307692307693
stgcn,cpr,0000001000100,123,seen,micro_f1,0.3225806451612903
stgcn,cpr,0000001000100,123,seen,bit_accuracy,0.676923076923077
stgcn,cpr,0000001000100,123,seen,exact_match,0.0
stgcn,cpr,0000001000100,123,unseen,macro_f1,0.07692307692307693
stgcn,cpr,0000001000100,123,unseen,micro_f1,0.25
stgcn,cpr,0000001000100,123,unseen,bit_accuracy,0.5384615384615384
stgcn,cpr,0000001000100,123,unseen,exact_match,0.0
stgcn,cpr,0000001000100,42,seen,macro_f1,0.07692307692307693
stgcn,cpr,0000001000100,42,seen,micro_f1,0.43478260869565216
stgcn,cpr,0000001000100,42,seen,bit_accuracy,0.8
stgcn,cpr,0000001000100,42,seen,exact_match,0.0
stgcn,cpr,0000001000100,42,unseen,macro_f1,0.07692307692307693
stgcn,cpr,0000001000100,42,unseen,micro_f1,0.38461538461538464
stgcn,cpr,0000001000100,42,unseen,bit_accuracy,0.7538461538461538
stgcn,cpr,0000001000100,42,unseen,exact_match,0.0
stgcn,cpr,0000001000100,7,seen,macro_f1,0.07692307692307693
stgcn,cpr,0000001000100,7,seen,micro_f1,0.3333333333333333
stgcn,cpr,0000001000100,7,seen,bit_accuracy,0.6923076923076923
stgcn,cpr,0000001000100,7,seen,exact_match,0.0
stgcn,cpr,0000001000100,7,unseen,macro_f1,0.07692307692307693
stgcn,cpr,0000001000100,7,unseen,micro_f1,0.3333333333333333
stgcn,cpr,0000001000100,7,unseen,bit_accuracy,0.6923076923076923
stgcn,cpr,0000001000100,7,unseen,exact_match,0.0
stgcn,cpr,0000001001000,123,seen,macro_f1,0.15384615384615385
stgcn,cpr,0000001001000,123,seen,micro_f1,0.6666666666666666
stgcn,cpr,0000001001000,123,seen,bit_accuracy,0.8461538461538461
stgcn,cpr,0000001001000,123,seen,exact_match,0.0
stgcn,cpr,0000001001000,123,unseen,macro_f1,0.07692307692307693
stgcn,cpr,0000001001000,123,unseen,micro_f1,0.3333333333333333
stgcn,cpr,0000001001000,123,unseen,bit_accuracy,0.6923076923076923
stgcn,cpr,0000001001000,123,unseen,exact_match,0.0
stgcn,cpr,0000001001000,42,seen,macro_f1,0.07692307692307693
stgcn,cpr,0000001001000,42,seen,micro_f1,0.47619047619047616
stgcn,cpr,0000001001000,42,seen,bit_accuracy,0.8307692307692308
stgcn,cpr,0000001001000,42,seen,exact_match,0.0
stgcn,cpr,0000001001000,42,unseen,macro_f1,0.07692307692307693
stgcn,cpr,0000001001000,42,unseen,micro_f1,0.5
stgcn,cpr,0000001001000,42,unseen,bit_accuracy,0.8461538461538461
stgcn,cpr,0000001001000,42,unseen,exact_match,0.0
stgcn,cpr,0000001001000,7,seen,macro_f1,0.12087912087912088
stgcn,cpr,0000001001000,7,seen,micro_f1,0.5833333333333334
stgcn,cpr,0000001001000,7,seen,bit_accuracy,0.8461538461538461
stgcn,cpr,0000001001000,7,seen,exact_match,0.0
stgcn,cpr,0000001001000,7,unseen,macro_f1,0.07692307692307693
stgcn,cpr,0000001001000,7,unseen,micro_f1,0.4
stgcn,cpr,0000001001000,7,unseen,bit_accuracy,0.7692307692307693
stgcn,cpr,0000001001000,7,unseen,exact_match,0.0
stgcn,cpr,0000001010000,123,seen,macro_f1,0.07692307692307693
stgcn,cpr,0000001010000,123,seen,micro_f1,0.4166666666666667
stgcn,cpr,0000001010000,123,seen,bit_accuracy,0.7846153846153846
stgcn,cpr,0000001010000,123,seen,exact_match,0.0
stgcn,cpr,0000001010000,123,unseen,macro_f1,0.07692307692307693
stgcn,cpr,0000001010000,123,unseen,micro_f1,0.2857142857142857
stgcn,cpr,0000001010000,123,unseen,bit_accuracy,0.6153846153846154
stgcn,cpr,0000001010000,123,unseen,exact_match,0.0
stgcn,cpr,0000001010000,42,seen,macro_f1,0.07692307692307693
stgcn,cpr,0000001010000,42,seen,micro_f1,0.5
stgcn,cpr,0000001010000,42,seen,bit_accuracy,0.8461538461538461
stgcn,cpr,0000001010000,42,seen,exact_match,0.0
stgcn,cpr,0000001010000,42,unseen,macro_f1,0.07692307692307693
stgcn,cpr,0000001010000,42,unseen,micro_f1,0.47619047619047616
stgcn,cpr,0000001010000,42,unseen,bit_accuracy,0.8307692307692308
stgcn,cpr,0000001010000,42,unseen,exact_match,0.0
stgcn,cpr,0000001010000,7,seen,macro_f1,0.07692307692307693
stgcn,cpr,0000001010000,7,seen,micro_f1,0.4
stgcn,cpr,0000001010000,7,seen,bit_accuracy,0.7692307692307693
stgcn,cpr,0000001010000,7,seen,exact_match,0.0
stgcn,cpr,0000001010000,7,unseen,macro_f1,0.07692307692307693
stgcn,cpr,0000001010000,7,unseen,micro_f1,0.4
stgcn,cpr,0000001010000,7,unseen,bit_accuracy,0.7692307692307693
stgcn,cpr,0000001010000,7,unseen,exact_match,0.0
stgcn,cpr,0000010000000,123,seen,macro_f1,0.06334841628959276
stgcn,cpr,0000010000000,123,seen,micro_f1,0.22764227642276422
stgcn,cpr,0000010000000,123,seen,bit_accuracy,0.6346153846153846
stgcn,cpr,0000010000000,123,seen,exact_match,0.0
stgcn,cpr,0000010000000,123,unseen,macro_f1,0.02564102564102564
stgcn,cpr,0000010000000,123,unseen,micro_f1,0.0898876404494382
stgcn,cpr,0000010000000,123,unseen,bit_accuracy,0.6884615384615385
stgcn,cpr,0000010000000,123,unseen,exact_match,0.0
stgcn,cpr,0000010000000,42,seen,macro_f1,0.0
stgcn,cpr,0000010000000,42,seen,micro_f1,0.0
stgcn,cpr,0000010000000,42,seen,bit_accuracy,0.7423076923076923
stgcn,cpr,0000010000000,42,seen,exact_match,0.0
stgcn,cpr,0000010000000,42,unseen,macro_f1,0.05128205128205128
stgcn,cpr,0000010000000,42,unseen,micro_f1,0.2597402597402597
stgcn,cpr,0000010000000,42,unseen,bit_accuracy,0.7807692307692308
stgcn,cpr,0000010000000,42,unseen,exact_match,0.0
stgcn,cpr,0000010000000,7,seen,macro_f1,0.05128205128205128
stgcn,cpr,0000010000000,7,seen,micro_f1,0.2857142857142857
stgcn,cpr,0000010000000,7,seen,bit_accuracy,0.8076923076923077
stgcn,cpr,0000010000000,7,seen,exact_match,0.0
stgcn,cpr,0000010000000,7,unseen,macro_f1,0.0
stgcn,cpr,0000010000000,7,unseen,micro_f1,0.0
stgcn,cpr,0000010000000,7,unseen,bit_accuracy,0.7307692307692307
stgcn,cpr,0000010000000,7,unseen,exact_match,0.0
stgcn,cpr,0000010000010,123,seen,macro_f1,0.15384615384615385
stgcn,cpr,0000010000010,123,seen,micro_f1,0.6451612903225806
stgcn,cpr,0000010000010,123,seen,bit_accuracy,0.8307692307692308
stgcn,cpr,0000010000010,123,seen,exact_match,0.2
stgcn,cpr,0000010000010,123,unseen,macro_f1,0.15384615384615385
stgcn,cpr,0000010000010,123,unseen,micro_f1,0.5128205128205128
stgcn,cpr,0000010000010,123,unseen,bit_accuracy,0.7076923076923077
stgcn,cpr,0000010000010,123,unseen,exact_match,0.0
stgcn,cpr,0000010000010,42,seen,macro_f1,0.07692307692307693
stgcn,cpr,0000010000010,42,seen,micro_f1,0.4
stgcn,cpr,0000010000010,42,seen,bit_accuracy,0.7692307692307693
stgcn,cpr,0000010000010,42,seen,exact_match,0.0
stgcn,cpr,0000010000010,42,unseen,macro_f1,0.07692307692307693
stgcn,cpr,0000010000010,42,unseen,micro_f1,0.4444444444444444
stgcn,cpr,0000010000010,42,unseen,bit_accuracy,0.8076923076923077
stgcn,cpr,0000010000010,42,unseen,exact_match,0.0
stgcn,cpr,0000010000010,7,seen,macro_f1,0.07692307692307693
stgcn,cpr,0000010000010,7,seen,micro_f1,0.625
stgcn,cpr,0000010000010,7,seen,bit_accuracy,0.9076923076923077
stgcn,cpr,0000010000010,7,seen,exact_match,0.0
stgcn,cpr,0000010000010,7,unseen,macro_f1,0.14529914529914528
stgcn,cpr,0000010000010,7,unseen,micro_f1,0.6206896551724138
stgcn,cpr,0000010000010,7,unseen,bit_accuracy,0.8307692307692308
stgcn,cpr,0000010000010,7,unseen,exact_match,0.0
stgcn,cpr,0000010000100,123,seen,macro_f1,0.07692307692307693
stgcn,cpr,0000010000100,123,seen,micro_f1,0.2857142857142857
stgcn,cpr,0000010000100,123,seen,bit_accuracy,0.6153846153846154
stgcn,cpr,0000010000100,123,seen,exact_match,0.0
stgcn,cpr,0000010000100,123,unseen,macro_f1,0.07692307692307693
stgcn,cpr,0000010000100,123,unseen,micro_f1,0.2857142857142857
stgcn,cpr,0000010000100,123,unseen,bit_accuracy,0.6153846153846154
stgcn,cpr,0000010000100,123,unseen,exact_match,0.0
stgcn,cpr,0000010000100,42,seen,macro_f1,0.1346153846153846
stgcn,cpr,0000010000100,42,seen,micro_f1,0.5
stgcn,cpr,0000010000100,42,seen,bit_accuracy,0.7538461538461538
stgcn,cpr,0000010000100,42,seen,exact_match,0.0
stgcn,cpr,0000010000100,42,unseen,macro_f1,0.07692307692307693
stgcn,cpr,0000010000100,42,unseen,micro_f1,0.3448275862068966
stgcn,cpr,0000010000100,42,unseen,bit_accuracy,0.7076923076923077
stgcn,cpr,0000010000100,42,unseen,exact_match,0.0
stgcn,cpr,0000010000100,7,seen,macro_f1,0.1346153846153846
stgcn,cpr,0000010000100,7,seen,micro_f1,0.5517241379310345
stgcn,cpr,0000010000100,7,seen,bit_accuracy,0.8
stgcn,cpr,0000010000100,7,seen,exact_match,0.0
stgcn,cpr,0000010000100,7,unseen,macro_f1,0.15384615384615385
stgcn,cpr,0000010000100,7,unseen,micro_f1,0.625
stgcn,cpr,0000010000100,7,unseen,bit_accuracy,0.8153846153846154
stgcn,cpr,0000010000100,7,unseen,exact_match,0.0
stgcn,cpr,0000010001000,123,seen,macro_f1,0.07692307692307693
stgcn,cpr,0000010001000,123,seen,micro_f1,0.3333333333333333
stgcn,cpr,0000010001000,123,seen,bit_accuracy,0.6923076923076923
stgcn,cpr,0000010001000,123,seen,exact_match,0.0
stgcn,cpr,0000010001000,123,unseen,macro_f1,0.07692307692307693
stgcn,cpr,0000010001000,123,unseen,micro_f1,0.2857142857142857
stgcn,cpr,0000010001000,123,unseen,bit_accuracy,0.6153846153846154
stgcn,cpr,0000010001000,123,unseen,exact_match,0.0
stgcn,cpr,0000010001000,42,seen,macro_f1,0.07692307692307693
stgcn,cpr,0000010001000,42,seen,micro_f1,0.36363636363636365
stgcn,cpr,0000010001000,42,seen,bit_accuracy,0.7307692307692307
stgcn,cpr,0000010001000,42,seen,exact_match,0.0
stgcn,cpr,0000010001000,42,unseen,macro_f1,0.05128205128205128
stgcn,cpr,0000010001000,42,unseen,micro_f1,0.2
stgcn,cpr,0000010001000,42,unseen,bit_accuracy,0.6923076923076923
stgcn,cpr,0000010001000,42,unseen,exact_match,0.0
stgcn,cpr,0000010001000,7,seen,macro_f1,0.10256410256410256
stgcn,cpr,0000010001000,7,seen,micro_f1,0.46153846153846156
stgcn,cpr,0000010001000,7,seen,bit_accuracy,0.7846153846153846
stgcn,cpr,0000010001000,7,seen,exact_match,0.0
stgcn,cpr,0000010001000,7,unseen,macro_f1,0.1346153846153846
stgcn,cpr,0000010001000,7,unseen,micro_f1,0.5714285714285714
stgcn,cpr,0000010001000,7,unseen,bit_accuracy,0.8153846153846154
stgcn,cpr,0000010001000,7,unseen,exact_match,0.0
stgcn,cpr,0000010010000,123,seen,macro_f1,0.05128205128205128
stgcn,cpr,0000010010000,123,seen,micro_f1,0.15384615384615385
stgcn,cpr,0000010010000,123,seen,bit_accuracy,0.5769230769230769
stgcn,cpr,0000010010000,123,seen,exact_match,0.0
stgcn,cpr,0000010010000,123,unseen,macro_f1,0.05128205128205128
stgcn,cpr,0000010010000,123,unseen,micro_f1,0.16666666666666666
stgcn,cpr,0000010010000,123,unseen,bit_accuracy,0.6153846153846154
stgcn,cpr,0000010010000,123,unseen,exact_match,0.0
stgcn,cpr,0000010010000,42,seen,macro_f1,0.02564102564102564
stgcn,cpr,0000010010000,42,seen,micro_f1,0.08
stgcn,cpr,0000010010000,42,seen,bit_accuracy,0.6461538461538462
stgcn,cpr,0000010010000,42,seen,exact_match,0.0
stgcn,cpr,0000010010000,42,unseen,macro_f1,0.0
stgcn,cpr,0000010010000,42,unseen,micro_f1,0.0
stgcn,cpr,0000010010000,42,unseen,bit_accuracy,0.7538461538461538
stgcn,cpr,0000010010000,42,unseen,exact_match,0.0
stgcn,cpr,0000010010000,7,seen,macro_f1,0.07692307692307693
stgcn,cpr,0000010010000,7,seen,micro_f1,0.5
stgcn,cpr,0000010010000,7,seen,bit_accuracy,0.8461538461538461
stgcn,cpr,0000010010000,7,seen,exact_match,0.0
stgcn,cpr,0000010010000,7,unseen,macro_f1,0.07692307692307693
stgcn,cpr,0000010010000,7,unseen,micro_f1,0.43478260869565216
stgcn,cpr,0000010010000,7,unseen,bit_accuracy,0.8
stgcn,cpr,0000010010000,7,unseen,exact_match,0.0
stgcn,cpr,0000010100000,123,seen,macro_f1,0.07692307692307693
stgcn,cpr,0000010100000,123,seen,micro_f1,0.4
stgcn,cpr,0000010100000,123,seen,bit_accuracy,0.7692307692307693
stgcn,cpr,0000010100000,123,seen,exact_match,0.0
stgcn,cpr,0000010100000,123,unseen,macro_f1,0.07692307692307693
stgcn,cpr,0000010100000,123,unseen,micro_f1,0.4
stgcn,cpr,0000010100000,123,unseen,bit_accuracy,0.7692307692307693
stgcn,cpr,0000010100000,123,unseen,exact_match,0.0
stgcn,cpr,0000010100000,42,seen,macro_f1,0.1282051282051282
stgcn,cpr,0000010100000,42,seen,micro_f1,0.46153846153846156
stgcn,cpr,0000010100000,42,seen,bit_accuracy,0.7307692307692307
stgcn,cpr,0000010100000,42,seen,exact_match,0.0
stgcn,cpr,0000010100000,42,unseen,macro_f1,0.07692307692307693
stgcn,cpr,0000010100000,42,unseen,micro_f1,0.3333333333333333
stgcn,cpr,0000010100000,42,unseen,bit_accuracy,0.6923076923076923
stgcn,cpr,0000010100000,42,unseen,exact_match,0.0
stgcn,cpr,0000010100000,7,seen,macro_f1,0.10256410256410256
stgcn,cpr,0000010100000,7,seen,micro_f1,0.5714285714285714
stgcn,cpr,0000010100000,7,seen,bit_accuracy,0.8615384615384616
stgcn,cpr,0000010100000,7,seen,exact_match,0.0
stgcn,cpr,0000010100000,7,unseen,macro_f1,0.07692307692307693
stgcn,cpr,0000010100000,7,unseen,micro_f1,0.5
stgcn,cpr,0000010100000,7,unseen,bit_accuracy,0.8461538461538461
stgcn,cpr,0000010100000,7,unseen,exact_match,0.0
stgcn,cpr,0000011000000,123,seen,macro_f1,0.15384615384615385
stgcn,cpr,0000011000000,123,seen,micro_f1,0.5333333333333333
stgcn,cpr,0000011000000,123,seen,bit_accuracy,0.7307692307692307
stgcn,cpr,0000011000000,123,seen,exact_match,0.0
stgcn,cpr,0000011000000,123,unseen,macro_f1,0.15384615384615385
stgcn,cpr,0000011000000,123,unseen,micro_f1,0.5333333333333333
stgcn,cpr,0000011000000,123,unseen,bit_accuracy,0.7307692307692307
stgcn,cpr,0000011000000,123,unseen,exact_match,0.0
stgcn,cpr,0000011000000,42,seen,macro_f1,0.07692307692307693
stgcn,cpr,0000011000000,42,seen,micro_f1,0.45454545454545453
stgcn,cpr,0000011000000,42,seen,bit_accuracy,0.8153846153846154
stgcn,cpr,0000011000000,42,seen,exact_match,0.0
stgcn,cpr,0000011000000,42,unseen,macro_f1,0.07692307692307693
stgcn,cpr,0000011000000,42,unseen,micro_f1,0.45454545454545453
stgcn,cpr,0000011000000,42,unseen,bit_accuracy,0.8153846153846154
stgcn,cpr,0000011000000,42,unseen,exact_match,0.0
stgcn,cpr,0000011000000,7,seen,macro_f1,0.07692307692307693
stgcn,cpr,0000011000000,7,seen,micro_f1,0.45454545454545453
stgcn,cpr,0000011000000,7,seen,bit_accuracy,0.8153846153846154
stgcn,cpr,0000011000000,7,seen,exact_match,0.0
stgcn,cpr,0000011000000,7,unseen,macro_f1,0.07692307692307693
stgcn,cpr,0000011000000,7,unseen,micro_f1,0.38461538461538464
stgcn,cpr,0000011000000,7,unseen,bit_accuracy,0.7538461538461538
stgcn,cpr,0000011000000,7,unseen,exact_match,0.0
stgcn,cpr,0000100000000,123,seen,macro_f1,0.0
stgcn,cpr,0000100000000,123,seen,micro_f1,0.0
stgcn,cpr,0000100000000,123,seen,bit_accuracy,0.38076923076923075
stgcn,cpr,0000100000000,123,seen,exact_match,0.0
stgcn,cpr,0000100000000,123,unseen,macro_f1,0.0
stgcn,cpr,0000100000000,123,unseen,micro_f1,0.0
stgcn,cpr,0000100000000,123,unseen,bit_accuracy,0.47692307692307695
stgcn,cpr,0000100000000,123,unseen,exact_match,0.0
stgcn,cpr,0000100000000,42,seen,macro_f1,0.0
stgcn,cpr,0000100000000,42,seen,micro_f1,0.0
stgcn,cpr,0000100000000,42,seen,bit_accuracy,0.6153846153846154
stgcn,cpr,0000100000000,42,seen,exact_match,0.0
stgcn,cpr,0000100000000,42,unseen,macro_f1,0.0
stgcn,cpr,0000100000000,42,unseen,micro_f1,0.0
stgcn,cpr,0000100000000,42,unseen,bit_accuracy,0.6153846153846154
stgcn,cpr,0000100000000,42,unseen,exact_match,0.0
stgcn,cpr,0000100000000,7,seen,macro_f1,0.0
stgcn,cpr,0000100000000,7,seen,micro_f1,0.0
stgcn,cpr,0000100000000,7,seen,bit_accuracy,0.6076923076923076
stgcn,cpr,0000100000000,7,seen,exact_match,0.0
stgcn,cpr,0000100000000,7,unseen,macro_f1,0.0
stgcn,cpr,0000100000000,7,unseen,micro_f1,0.0
stgcn,cpr,0000100000000,7,unseen,bit_accuracy,0.676923076923077
stgcn,cpr,0000100000000,7,unseen,exact_match,0.0
stgcn,cpr,0000100000001,123,seen,macro_f1,0.07692307692307693
stgcn,cpr,0000100000001,123,seen,micro_f1,0.24390243902439024
stgcn,cpr,0000100000001,123,seen,bit_accuracy,0.5230769230769231
stgcn,cpr,0000100000001,123,seen,exact_match,0.0
stgcn,cpr,0000100000001,123,unseen,macro_f1,0.07692307692307693
stgcn,cpr,0000100000001,123,unseen,micro_f1,0.2222222222222222
stgcn,cpr,0000100000001,123,unseen,bit_accuracy,0.46153846153846156
stgcn,cpr,0000100000001,123,unseen,exact_match,0.0
stgcn,cpr,0000100000001,42,seen,macro_f1,0.0
stgcn,cpr,0000100000001,42,seen,micro_f1,0.0
stgcn,cpr,0000100000001,42,seen,bit_accuracy,0.5076923076923077
stgcn,cpr,0000100000001,42,seen,exact_match,0.0
stgcn,cpr,0000100000001,42,unseen,macro_f1,0.0
stgcn,cpr,0000100000001,42,unseen,micro_f1,0.0
stgcn,cpr,0000100000001,42,unseen,bit_accuracy,0.47692307692307695
stgcn,cpr,0000100000001,42,unseen,exact_match,0.0
stgcn,cpr,0000100000001,7,seen,macro_f1,0.0
stgcn,cpr,0000100000001,7,seen,micro_f1,0.0
stgcn,cpr,0000100000001,7,seen,bit_accuracy,0.5
stgcn,cpr,0000100000001,7,seen,exact_match,0.0
stgcn,cpr,0000100000001,7,unseen,macro_f1,0.0
stgcn,cpr,0000100000001,7,unseen,micro_f1,0.0
stgcn,cpr,0000100000001,7,unseen,bit_accuracy,0.46153846153846156
stgcn,cpr,0000100000001,7,unseen,exact_match,0.0
stgcn,cpr,0000100000100,123,seen,macro_f1,0.07692307692307693
stgcn,cpr,0000100000100,123,seen,micro_f1,0.2857142857142857
stgcn,cpr,0000100000100,123,seen,bit_accuracy,0.6153846153846154
stgcn,cpr,0000100000100,123,seen,exact_match,0.0
stgcn,cpr,0000100000100,123,unseen,macro_f1,0.07692307692307693
stgcn,cpr,0000100000100,123,unseen,micro_f1,0.2777777777777778
stgcn,cpr,0000100000100,123,unseen,bit_accuracy,0.6
stgcn,cpr,0000100000100,123,unseen,exact_match,0.0
stgcn,cpr,0000100000100,42,seen,macro_f1,0.07692307692307693
stgcn,cpr,0000100000100,42,seen,micro_f1,0.25
stgcn,cpr,0000100000100,42,seen,bit_accuracy,0.5384615384615384
stgcn,cpr,0000100000100,42,seen,exact_match,0.0
stgcn,cpr,0000100000100,42,unseen,macro_f1,0.06837606837606837
stgcn,cpr,0000100000100,42,unseen,micro_f1,0.3076923076923077
stgcn,cpr,0000100000100,42,unseen,bit_accuracy,0.7230769230769231
stgcn,cpr,0000100000100,42,unseen,exact_match,0.0
stgcn,cpr,0000100000100,7,seen,macro_f1,0.07692307692307693
stgcn,cpr,0000100000100,7,seen,micro_f1,0.4
stgcn,cpr,0000100000100,7,seen,bit_accuracy,0.7692307692307693
stgcn,cpr,0000100000100,7,seen,exact_match,0.0
stgcn,cpr,0000100000100,7,unseen,macro_f1,0.07692307692307693
stgcn,cpr,0000100000100,7,unseen,micro_f1,0.3333333333333333
stgcn,cpr,0000100000100,7,unseen,bit_accuracy,0.6923076923076923
stgcn,cpr,0000100000100,7,unseen,exact_match,0.0
stgcn,cpr,0000100001000,123,seen,macro_f1,0.07692307692307693
stgcn,cpr,0000100001000,123,seen,micro_f1,0.25
stgcn,cpr,0000100001000,123,seen,bit_accuracy,0.5384615384615384
stgcn,cpr,0000100001000,123,seen,exact_match,0.0
stgcn,cpr,0000100001000,123,unseen,macro_f1,0.07692307692307693
stgcn,cpr,0000100001000,123,unseen,micro_f1,0.2857142857142857
stgcn,cpr,0000100001000,123,unseen,bit_accuracy,0.6153846153846154
stgcn,cpr,0000100001000,123,unseen,exact_match,0.0
stgcn,cpr,0000100001000,42,seen,macro_f1,0.06837606837606837
stgcn,cpr,0000100001000,42,seen,micro_f1,0.27586206896551724
stgcn,cpr,0000100001000,42,seen,bit_accuracy,0.676923076923077
stgcn,cpr,0000100001000,42,seen,exact_match,0.0
stgcn,cpr,0000100001000,42,unseen,macro_f1,0.07692307692307693
stgcn,cpr,0000100001000,42,unseen,micro_f1,0.29411764705882354
stgcn,cpr,0000100001000,42,unseen,bit_accuracy,0.6307692307692307
stgcn,cpr,0000100001000,42,unseen,exact_match,0.0
stgcn,cpr,0000100001000,7,seen,macro_f1,0.07692307692307693
stgcn,cpr,0000100001000,7,seen,micro_f1,0.3333333333333333
stgcn,cpr,0000100001000,7,seen,bit_accuracy,0.6923076923076923
stgcn,cpr,0000100001000,7,seen,exact_match,0.0
stgcn,cpr,0000100001000,7,unseen,macro_f1,0.07692307692307693
stgcn,cpr,0000100001000,7,unseen,micro_f1,0.3333333333333333
stgcn,cpr,0000100001000,7,unseen,bit_accuracy,0.6923076923076923
stgcn,cpr,0000100001000,7,unseen,exact_match,0.0
stgcn,cpr,0000100010000,123,seen,macro_f1,0.0
stgcn,cpr,0000100010000,123,seen,micro_f1,0.0
stgcn,cpr,0000100010000,123,seen,bit_accuracy,0.4461538461538462
stgcn,cpr,0000100010000,123,seen,exact_match,0.0
stgcn,cpr,0000100010000,123,unseen,macro_f1,0.0
stgcn,cpr,0000100010000,123,unseen,micro_f1,0.0
stgcn,cpr,0000100010000,123,unseen,bit_accuracy,0.4307692307692308
stgcn,cpr,0000100010000,123,unseen,exact_match,0.0
stgcn,cpr,0000100010000,42,seen,macro_f1,0.0
stgcn,cpr,0000100010000,42,seen,micro_f1,0.0
stgcn,cpr,0000100010000,42,seen,bit_accuracy,0.4
stgcn,cpr,0000100010000,42,seen,exact_match,0.0
stgcn,cpr,0000100010000,42,unseen,macro_f1,0.0
stgcn,cpr,0000100010000,42,unseen,micro_f1,0.0
stgcn,cpr,0000100010000,42,unseen,bit_accuracy,0.4307692307692308
stgcn,cpr,0000100010000,42,unseen,exact_match,0.0
stgcn,cpr,0000100010000,7,seen,macro_f1,0.0
stgcn,cpr,0000100010000,7,seen,micro_f1,0.0
stgcn,cpr,0000100010000,7,seen,bit_accuracy,0.5384615384615384
stgcn,cpr,0000100010000,7,seen,exact_match,0.0
stgcn,cpr,0000100010000,7,unseen,macro_f1,0.0
stgcn,cpr,0000100010000,7,unseen,micro_f1,0.0
stgcn,cpr,0000100010000,7,unseen,bit_accuracy,0.5769230769230769
stgcn,cpr,0000100010000,7,unseen,exact_match,0.0
stgcn,cpr,0000100100000,123,seen,macro_f1,0.07692307692307693
stgcn,cpr,0000100100000,123,seen,micro_f1,0.4444444444444444
stgcn,cpr,0000100100000,123,seen,bit_accuracy,0.8076923076923077
stgcn,cpr,0000100100000,123,seen,exact_match,0.0
stgcn,cpr,0000100100000,123,unseen,macro_f1,0.07692307692307693
stgcn,cpr,0000100100000,123,unseen,micro_f1,0.4444444444444444
stgcn,cpr,0000100100000,123,unseen,bit_accuracy,0.8076923076923077
stgcn,cpr,0000100100000,123,unseen,exact_match,0.0
stgcn,cpr,0000100100000,42,seen,macro_f1,0.07692307692307693
stgcn,cpr,0000100100000,42,seen,micro_f1,0.4166666666666667
stgcn,cpr,0000100100000,42,seen,bit_accuracy,0.7846153846153846
stgcn,cpr,0000100100000,42,seen,exact_match,0.0
stgcn,cpr,0000100100000,42,unseen,macro_f1,0.07692307692307693
stgcn,cpr,0000100100000,42,unseen,micro_f1,0.45454545454545453
stgcn,cpr,0000100100000,42,unseen,bit_accuracy,0.8153846153846154
stgcn,cpr,0000100100000,42,unseen,exact_match,0.0
stgcn,cpr,0000100100000,7,seen,macro_f1,0.07692307692307693
stgcn,cpr,0000100100000,7,seen,micro_f1,0.5
stgcn,cpr,0000100100000,7,seen,bit_accuracy,0.8461538461538461
stgcn,cpr,0000100100000,7,seen,exact_match,0.0
stgcn,cpr,0000100100000,7,unseen,macro_f1,0.07692307692307693
stgcn,cpr,0000100100000,7,unseen,micro_f1,0.5
stgcn,cpr,0000100100000,7,unseen,bit_accuracy,0.8461538461538461
stgcn,cpr,0000100100000,7,unseen,exact_match,0.0
stgcn,cpr,0000101000000,123,seen,macro_f1,0.07692307692307693
stgcn,cpr,0000101000000,123,seen,micro_f1,0.3225806451612903
stgcn,cpr,0000101000000,123,seen,bit_accuracy,0.676923076923077
stgcn,cpr,0000101000000,123,seen,exact_match,0.0
stgcn,cpr,0000101000000,123,unseen,macro_f1,0.07692307692307693
stgcn,cpr,0000101000000,123,unseen,micro_f1,0.2857142857142857
stgcn,cpr,0000101000000,123,unseen,bit_accuracy,0.6153846153846154
stgcn,cpr,0000101000000,123,unseen,exact_match,0.0
stgcn,cpr,0000101000000,42,seen,macro_f1,0.07692307692307693
stgcn,cpr,0000101000000,42,seen,micro_f1,0.2631578947368421
stgcn,cpr,0000101000000,42,seen,bit_accuracy,0.5692307692307692
stgcn,cpr,0000101000000,42,seen,exact_match,0.0
stgcn,cpr,0000101000000,42,unseen,macro_f1,0.07692307692307693
stgcn,cpr,0000101000000,42,unseen,micro_f1,0.2564102564102564
stgcn,cpr,0000101000000,42,unseen,bit_accuracy,0.5538461538461539
stgcn,cpr,0000101000000,42,unseen,exact_match,0.0
stgcn,cpr,0000101000000,7,seen,macro_f1,0.07692307692307693
stgcn,cpr,0000101000000,7,seen,micro_f1,0.2857142857142857
stgcn,cpr,0000101000000,7,seen,bit_accuracy,0.6153846153846154
stgcn,cpr,0000101000000,7,seen,exact_match,0.0
stgcn,cpr,0000101000000,7,unseen,macro_f1,0.07692307692307693
stgcn,cpr,0000101000000,7,unseen,micro_f1,0.3076923076923077
stgcn,cpr,0000101000000,7,unseen,bit_accuracy,0.6538461538461539
stgcn,cpr,0000101000000,7,unseen,exact_match,0.0
stgcn,cpr,0001000000000,123,seen,macro_f1,0.04395604395604395
stgcn,cpr,0001000000000,123,seen,micro_f1,0.34782608695652173
stgcn,cpr,0001000000000,123,seen,bit_accuracy,0.8846153846153846
stgcn,cpr,0001000000000,123,seen,exact_match,0.1
stgcn,cpr,0001000000000,123,unseen,macro_f1,0.02564102564102564
stgcn,cpr,0001000000000,123,unseen,micro_f1,0.09876543209876543
stgcn,cpr,0001000000000,123,unseen,bit_accuracy,0.7192307692307692
stgcn,cpr,0001000000000,123,unseen,exact_match,0.0
stgcn,cpr,0001000000000,42,seen,macro_f1,0.05459057071960298
stgcn,cpr,0001000000000,42,seen,micro_f1,0.20952380952380953
stgcn,cpr,0001000000000,42,seen,bit_accuracy,0.6807692307692308
stgcn,cpr,0001000000000,42,seen,exact_match,0.0
stgcn,cpr,0001000000000,42,unseen,macro_f1,0.07692307692307693
stgcn,cpr,0001000000000,42,unseen,micro_f1,0.37735849056603776
stgcn,cpr,0001000000000,42,unseen,bit_accuracy,0.7461538461538462
stgcn,cpr,0001000000000,42,unseen,exact_match,0.0
stgcn,cpr,0001000000000,7,seen,macro_f1,0.05128205128205128
stgcn,cpr,0001000000000,7,seen,micro_f1,0.3333333333333333
stgcn,cpr,0001000000000,7,seen,bit_accuracy,0.8461538461538461
stgcn,cpr,0001000000000,7,seen,exact_match,0.0
stgcn,cpr,0001000000000,7,unseen,macro_f1,0.07692307692307693
stgcn,cpr,0001000000000,7,unseen,micro_f1,0.36363636363636365
stgcn,cpr,0001000000000,7,unseen,bit_accuracy,0.7307692307692307
stgcn,cpr,0001000000000,7,unseen,exact_match,0.0
stgcn,cpr,0001000000001,123,seen,macro_f1,0.05128205128205128
stgcn,cpr,0001000000001,123,seen,micro_f1,0.15384615384615385
stgcn,cpr,0001000000001,123,seen,bit_accuracy,0.5769230769230769
stgcn,cpr,0001000000001,123,seen,exact_match,0.0
stgcn,cpr,0001000000001,123,unseen,macro_f1,0.05128205128205128
stgcn,cpr,0001000000001,123,unseen,micro_f1,0.18181818181818182
stgcn,cpr,0001000000001,123,unseen,bit_accuracy,0.6538461538461539
stgcn,cpr,0001000000001,123,unseen,exact_match,0.0
stgcn,cpr,0001000000001,42,seen,macro_f1,0.06837606837606837
stgcn,cpr,0001000000001,42,seen,micro_f1,0.3076923076923077
stgcn,cpr,0001000000001,42,seen,bit_accuracy,0.7230769230769231
stgcn,cpr,0001000000001,42,seen,exact_match,0.0
stgcn,cpr,0001000000001,42,unseen,macro_f1,0.02564102564102564
stgcn,cpr,0001000000001,42,unseen,micro_f1,0.06451612903225806
stgcn,cpr,0001000000001,42,unseen,bit_accuracy,0.5538461538461539
stgcn,cpr,0001000000001,42,unseen,exact_match,0.0
stgcn,cpr,0001000000001,7,seen,macro_f1,0.02564102564102564
stgcn,cpr,0001000000001,7,seen,micro_f1,0.09090909090909091
stgcn,cpr,0001000000001,7,seen,bit_accuracy,0.6923076923076923
stgcn,cpr,0001000000001,7,seen,exact_match,0.0
stgcn,cpr,0001000000001,7,unseen,macro_f1,0.02564102564102564
stgcn,cpr,0001000000001,7,unseen,micro_f1,0.09090909090909091
stgcn,cpr,0001000000001,7,unseen,bit_accuracy,0.6923076923076923
stgcn,cpr,0001000000001,7,unseen,exact_match,0.0
stgcn,cpr,0001000000100,123,seen,macro_f1,0.0
stgcn,cpr,0001000000100,123,seen,micro_f1,0.0
stgcn,cpr,0001000000100,123,seen,bit_accuracy,0.6153846153846154
stgcn,cpr,0001000000100,123,seen,exact_match,0.0
stgcn,cpr,0001000000100,123,unseen,macro_f1,0.0
stgcn,cpr,0001000000100,123,unseen,micro_f1,0.0
stgcn,cpr,0001000000100,123,unseen,bit_accuracy,0.5384615384615384
stgcn,cpr,0001000000100,123,unseen,exact_match,0.0
stgcn,cpr,0001000000100,42,seen,macro_f1,0.07692307692307693
stgcn,cpr,0001000000100,42,seen,micro_f1,0.38461538461538464
stgcn,cpr,0001000000100,42,seen,bit_accuracy,0.7538461538461538
stgcn,cpr,0001000000100,42,seen,exact_match,0.0
stgcn,cpr,0001000000100,42,unseen,macro_f1,0.07692307692307693
stgcn,cpr,0001000000100,42,unseen,micro_f1,0.29411764705882354
stgcn,cpr,0001000000100,42,unseen,bit_accuracy,0.6307692307692307
stgcn,cpr,0001000000100,42,unseen,exact_match,0.0
stgcn,cpr,0001000000100,7,seen,macro_f1,0.04395604395604395
stgcn,cpr,0001000000100,7,seen,micro_f1,0.18181818181818182
stgcn,cpr,0001000000100,7,seen,bit_accuracy,0.7230769230769231
stgcn,cpr,0001000000100,7,seen,exact_match,0.0
stgcn,cpr,0001000000100,7,unseen,macro_f1,0.02564102564102564
stgcn,cpr,0001000000100,7,unseen,micro_f1,0.09523809523809523
stgcn,cpr,0001000000100,7,unseen,bit_accuracy,0.7076923076923077
stgcn,cpr,0001000000100,7,unseen,exact_match,0.0
stgcn,cpr,0001000001000,123,seen,macro_f1,0.10769230769230768
stgcn,cpr,0001000001000,123,seen,micro_f1,0.5263157894736842
stgcn,cpr,0001000001000,123,seen,bit_accuracy,0.8269230769230769
stgcn,cpr,0001000001000,123,seen,exact_match,0.0
stgcn,cpr,0001000001000,123,unseen,macro_f1,0.15384615384615385
stgcn,cpr,0001000001000,123,unseen,micro_f1,0.7619047619047619
stgcn,cpr,0001000001000,123,unseen,bit_accuracy,0.9038461538461539
stgcn,cpr,0001000001000,123,unseen,exact_match,0.0
stgcn,cpr,0001000001000,42,seen,macro_f1,0.10256410256410256
stgcn,cpr,0001000001000,42,seen,micro_f1,0.3333333333333333
stgcn,cpr,0001000001000,42,seen,bit_accuracy,0.6923076923076923
stgcn,cpr,0001000001000,42,seen,exact_match,0.0
stgcn,cpr,0001000001000,42,unseen,macro_f1,0.15384615384615385
stgcn,cpr,0001000001000,42,unseen,micro_f1,0.5333333333333333
stgcn,cpr,0001000001000,42,unseen,bit_accuracy,0.7307692307692307
stgcn,cpr,0001000001000,42,unseen,exact_match,0.0
stgcn,cpr,0001000001000,7,seen,macro_f1,0.15384615384615385
stgcn,cpr,0001000001000,7,seen,micro_f1,0.5714285714285714
stgcn,cpr,0001000001000,7,seen,bit_accuracy,0.7692307692307693
stgcn,cpr,0001000001000,7,seen,exact_match,0.0
stgcn,cpr,0001000001000,7,unseen,macro_f1,0.15384615384615385
stgcn,cpr,0001000001000,7,unseen,micro_f1,0.6666666666666666
stgcn,cpr,0001000001000,7,unseen,bit_accuracy,0.8461538461538461
stgcn,cpr,0001000001000,7,unseen,exact_match,0.0
stgcn,cpr,0001000010000,123,seen,macro_f1,0.0
stgcn,cpr,0001000010000,123,seen,micro_f1,0.0
stgcn,cpr,0001000010000,123,seen,bit_accuracy,0.6923076923076923
stgcn,cpr,0001000010000,123,seen,exact_match,0.0
stgcn,cpr,0001000010000,123,unseen,macro_f1,0.0
stgcn,cpr,0001000010000,123,unseen,micro_f1,0.0
stgcn,cpr,0001000010000,123,unseen,bit_accuracy,0.6923076923076923
stgcn,cpr,0001000010000,123,unseen,exact_match,0.0
stgcn,cpr,0001000010000,42,seen,macro_f1,0.07692307692307693
stgcn,cpr,0001000010000,42,seen,micro_f1,0.38461538461538464
stgcn,cpr,0001000010000,42,seen,bit_accuracy,0.7538461538461538
stgcn,cpr,0001000010000,42,seen,exact_match,0.0
stgcn,cpr,0001000010000,42,unseen,macro_f1,0.07692307692307693
stgcn,cpr,0001000010000,42,unseen,micro_f1,0.3333333333333333
stgcn,cpr,0001000010000,42,unseen,bit_accuracy,0.6923076923076923
stgcn,cpr,0001000010000,42,unseen,exact_match,0.0
stgcn,cpr,0001000010000,7,seen,macro_f1,0.07692307692307693
stgcn,cpr,0001000010000,7,seen,micro_f1,0.4
stgcn,cpr,0001000010000,7,seen,bit_accuracy,0.7692307692307693
stgcn,cpr,0001000010000,7,seen,exact_match,0.0
stgcn,cpr,0001000010000,7,unseen,macro_f1,0.094017094017094
stgcn,cpr,0001000010000,7,unseen,micro_f1,0.4
stgcn,cpr,0001000010000,7,unseen,bit_accuracy,0.7692307692307693
stgcn,cpr,0001000010000,7,unseen,exact_match,0.0
stgcn,cpr,0001000100000,123,seen,macro_f1,0.15384615384615385
stgcn,cpr,0001000100000,123,seen,micro_f1,1.0
stgcn,cpr,0001000100000,123,seen,bit_accuracy,1.0
stgcn,cpr,0001000100000,123,seen,exact_match,1.0
stgcn,cpr,0001000100000,123,unseen,macro_f1,0.0
stgcn,cpr,0001000100000,123,unseen,micro_f1,0.0
stgcn,cpr,0001000100000,123,unseen,bit_accuracy,0.8153846153846154
stgcn,cpr,0001000100000,123,unseen,exact_match,0.0
stgcn,cpr,0001000100000,42,seen,macro_f1,0.07692307692307693
stgcn,cpr,0001000100000,42,seen,micro_f1,0.5
stgcn,cpr,0001000100000,42,seen,bit_accuracy,0.8461538461538461
stgcn,cpr,0001000100000,42,seen,exact_match,0.0
stgcn,cpr,0001000100000,42,unseen,macro_f1,0.07692307692307693
stgcn,cpr,0001000100000,42,unseen,micro_f1,0.36363636363636365
stgcn,cpr,0001000100000,42,unseen,bit_accuracy,0.7307692307692307
stgcn,cpr,0001000100000,42,unseen,exact_match,0.0
stgcn,cpr,0001000100000,7,seen,macro_f1,0.06837606837606837
stgcn,cpr,0001000100000,7,seen,micro_f1,0.47058823529411764
stgcn,cpr,0001000100000,7,seen,bit_accuracy,0.8615384615384616
stgcn,cpr,0001000100000,7,seen,exact_match,0.0
stgcn,cpr,0001000100000,7,unseen,macro_f1,0.07692307692307693
stgcn,cpr,0001000100000,7,unseen,micro_f1,0.5882352941176471
stgcn,cpr,0001000100000,7,unseen,bit_accuracy,0.8923076923076924
stgcn,cpr,0001000100000,7,unseen,exact_match,0.0
stgcn,cpr,0001001000000,123,seen,macro_f1,0.1282051282051282
stgcn,cpr,0001001000000,123,seen,micro_f1,0.75
stgcn,cpr,0001001000000,123,seen,bit_accuracy,0.9230769230769231
stgcn,cpr,0001001000000,123,seen,exact_match,0.0
stgcn,cpr,0001001000000,123,unseen,macro_f1,0.05128205128205128
stgcn,cpr,0001001000000,123,unseen,micro_f1,0.3333333333333333
stgcn,cpr,0001001000000,123,unseen,bit_accuracy,0.8461538461538461
stgcn,cpr,0001001000000,123,unseen,exact_match,0.0
stgcn,cpr,0001001000000,42,seen,macro_f1,0.14529914529914528
stgcn,cpr,0001001000000,42,seen,micro_f1,0.5454545454545454
stgcn,cpr,0001001000000,42,seen,bit_accuracy,0.7692307692307693
stgcn,cpr,0001001000000,42,seen,exact_match,0.0
stgcn,cpr,0001001000000,42,unseen,macro_f1,0.094017094017094
stgcn,cpr,0001001000000,42,unseen,micro_f1,0.2857142857142857
stgcn,cpr,0001001000000,42,unseen,bit_accuracy,0.6153846153846154
stgcn,cpr,0001001000000,42,unseen,exact_match,0.0
stgcn,cpr,0001001000000,7,seen,macro_f1,0.07692307692307693
stgcn,cpr,0001001000000,7,seen,micro_f1,0.4
stgcn,cpr,0001001000000,7,seen,bit_accuracy,0.7692307692307693
stgcn,cpr,0001001000000,7,seen,exact_match,0.0
stgcn,cpr,0001001000000,7,unseen,macro_f1,0.07692307692307693
stgcn,cpr,0001001000000,7,unseen,micro_f1,0.4
stgcn,cpr,0001001000000,7,unseen,bit_accuracy,0.7692307692307693
stgcn,cpr,0001001000000,7,unseen,exact_match,0.0
stgcn,cpr,0001010000000,123,seen,macro_f1,0.0
stgcn,cpr,0001010000000,123,seen,micro_f1,0.0
stgcn,cpr,0001010000000,123,seen,bit_accuracy,0.676923076923077
stgcn,cpr,0001010000000,123,seen,exact_match,0.0
stgcn,cpr,0001010000000,123,unseen,macro_f1,0.0
stgcn,cpr,0001010000000,123,unseen,micro_f1,0.0
stgcn,cpr,0001010000000,123,unseen,bit_accuracy,0.6
stgcn,cpr,0001010000000,123,unseen,exact_match,0.0
stgcn,cpr,0001010000000,42,seen,macro_f1,0.0
stgcn,cpr,0001010000000,42,seen,micro_f1,0.0
stgcn,cpr,0001010000000,42,seen,bit_accuracy,0.6153846153846154
stgcn,cpr,0001010000000,42,seen,exact_match,0.0
stgcn,cpr,0001010000000,42,unseen,macro_f1,0.0
stgcn,cpr,0001010000000,42,unseen,micro_f1,0.0
stgcn,cpr,0001010000000,42,unseen,bit_accuracy,0.5384615384615384
stgcn,cpr,0001010000000,42,unseen,exact_match,0.0
stgcn,cpr,0001010000000,7,seen,macro_f1,0.057692307692307696
stgcn,cpr,0001010000000,7,seen,micro_f1,0.24
stgcn,cpr,0001010000000,7,seen,bit_accuracy,0.7076923076923077
stgcn,cpr,0001010000000,7,seen,exact_match,0.0
stgcn,cpr,0001010000000,7,unseen,macro_f1,0.0
stgcn,cpr,0001010000000,7,unseen,micro_f1,0.0
stgcn,cpr,0001010000000,7,unseen,bit_accuracy,0.6461538461538462
stgcn,cpr,0001010000000,7,unseen,exact_match,0.0
stgcn,cpr,0001100000000,123,seen,macro_f1,0.0
stgcn,cpr,0001100000000,123,seen,micro_f1,0.0
stgcn,cpr,0001100000000,123,seen,bit_accuracy,0.5769230769230769
stgcn,cpr,0001100000000,123,seen,exact_match,0.0
stgcn,cpr,0001100000000,123,unseen,macro_f1,0.0
stgcn,cpr,0001100000000,123,unseen,micro_f1,0.0
stgcn,cpr,0001100000000,123,unseen,bit_accuracy,0.6538461538461539
stgcn,cpr,0001100000000,123,unseen,exact_match,0.0
stgcn,cpr,0001100000000,42,seen,macro_f1,0.07692307692307693
stgcn,cpr,0001100000000,42,seen,micro_f1,0.2631578947368421
stgcn,cpr,0001100000000,42,seen,bit_accuracy,0.5692307692307692
stgcn,cpr,0001100000000,42,seen,exact_match,0.0
stgcn,cpr,0001100000000,42,unseen,macro_f1,0.07692307692307693
stgcn,cpr,0001100000000,42,unseen,micro_f1,0.30303030303030304
stgcn,cpr,0001100000000,42,unseen,bit_accuracy,0.6461538461538462
stgcn,cpr,0001100000000,42,unseen,exact_match,0.0
stgcn,cpr,0001100000000,7,seen,macro_f1,0.02564102564102564
stgcn,cpr,0001100000000,7,seen,micro_f1,0.06060606060606061
stgcn,cpr,0001100000000,7,seen,bit_accuracy,0.5230769230769231
stgcn,cpr,0001100000000,7,seen,exact_match,0.0
stgcn,cpr,0001100000000,7,unseen,macro_f1,0.057692307692307696
stgcn,cpr,0001100000000,7,unseen,micro_f1,0.1875
stgcn,cpr,0001100000000,7,unseen,bit_accuracy,0.6
stgcn,cpr,0001100000000,7,unseen,exact_match,0.0
stgcn,cpr,0010000000000,123,seen,macro_f1,0.0
stgcn,cpr,0010000000000,123,seen,micro_f1,0.0
stgcn,cpr,0010000000000,123,seen,bit_accuracy,0.7307692307692307
stgcn,cpr,0010000000000,123,seen,exact_match,0.0
stgcn,cpr,0010000000000,123,unseen,macro_f1,0.0
stgcn,cpr,0010000000000,123,unseen,micro_f1,0.0
stgcn,cpr,0010000000000,123,unseen,bit_accuracy,0.8076923076923077
stgcn,cpr,0010000000000,123,unseen,exact_match,0.0
stgcn,cpr,0010000000000,42,seen,macro_f1,0.0
stgcn,cpr,0010000000000,42,seen,micro_f1,0.0
stgcn,cpr,0010000000000,42,seen,bit_accuracy,0.5384615384615384
stgcn,cpr,0010000000000,42,seen,exact_match,0.0
stgcn,cpr,0010000000000,42,unseen,macro_f1,0.0
stgcn,cpr,0010000000000,42,unseen,micro_f1,0.0
stgcn,cpr,0010000000000,42,unseen,bit_accuracy,0.46153846153846156
stgcn,cpr,0010000000000,42,unseen,exact_match,0.0
stgcn,cpr,0010000000000,7,seen,macro_f1,0.0
stgcn,cpr,0010000000000,7,seen,micro_f1,0.0
stgcn,cpr,0010000000000,7,seen,bit_accuracy,0.6076923076923076
stgcn,cpr,0010000000000,7,seen,exact_match,0.0
stgcn,cpr,0010000000000,7,unseen,macro_f1,0.0
stgcn,cpr,0010000000000,7,unseen,micro_f1,0.0
stgcn,cpr,0010000000000,7,unseen,bit_accuracy,0.6307692307692307
stgcn,cpr,0010000000000,7,unseen,exact_match,0.0
stgcn,cpr,0010000000001,123,seen,macro_f1,0.0
stgcn,cpr,0010000000001,123,seen,micro_f1,0.0
stgcn,cpr,0010000000001,123,seen,bit_accuracy,0.4307692307692308
stgcn,cpr,0010000000001,123,seen,exact_match,0.0
stgcn,cpr,0010000000001,123,unseen,macro_f1,0.0
stgcn,cpr,0010000000001,123,unseen,micro_f1,0.0
stgcn,cpr,0010000000001,123,unseen,bit_accuracy,0.47692307692307695
stgcn,cpr,0010000000001,123,unseen,exact_match,0.0
stgcn,cpr,0010000000001,42,seen,macro_f1,0.04395604395604395
stgcn,cpr,0010000000001,42,seen,micro_f1,0.10810810810810811
stgcn,cpr,0010000000001,42,seen,bit_accuracy,0.49230769230769234
stgcn,cpr,0010000000001,42,seen,exact_match,0.0
stgcn,cpr,0010000000001,42,unseen,macro_f1,0.02564102564102564
stgcn,cpr,0010000000001,42,unseen,micro_f1,0.06060606060606061
stgcn,cpr,0010000000001,42,unseen,bit_accuracy,0.5230769230769231
stgcn,cpr,0010000000001,42,unseen,exact_match,0.0
stgcn,cpr,0010000000001,7,seen,macro_f1,0.0
stgcn,cpr,0010000000001,7,seen,micro_f1,0.0
stgcn,cpr,0010000000001,7,seen,bit_accuracy,0.5384615384615384
stgcn,cpr,0010000000001,7,seen,exact_match,0.0
stgcn,cpr,0010000000001,7,unseen,macro_f1,0.0
stgcn,cpr,0010000000001,7,unseen,micro_f1,0.0
stgcn,cpr,0010000000001,7,unseen,bit_accuracy,0.5
stgcn,cpr,0010000000001,7,unseen,exact_match,0.0
stgcn,cpr,0010000000100,123,seen,macro_f1,0.057692307692307696
stgcn,cpr,0010000000100,123,seen,micro_f1,0.1875
stgcn,cpr,0010000000100,123,seen,bit_accuracy,0.6
stgcn,cpr,0010000000100,123,seen,exact_match,0.0
stgcn,cpr,0010000000100,123,unseen,macro_f1,0.04395604395604395
stgcn,cpr,0010000000100,123,unseen,micro_f1,0.14285714285714285
stgcn,cpr,0010000000100,123,unseen,bit_accuracy,0.6307692307692307
stgcn,cpr,0010000000100,123,unseen,exact_match,0.0
stgcn,cpr,0010000000100,42,seen,macro_f1,0.07692307692307693
stgcn,cpr,0010000000100,42,seen,micro_f1,0.2631578947368421
stgcn,cpr,0010000000100,42,seen,bit_accuracy,0.5692307692307692
stgcn,cpr,0010000000100,42,seen,exact_match,0.0
stgcn,cpr,0010000000100,42,unseen,macro_f1,0.07692307692307693
stgcn,cpr,0010000000100,42,unseen,micro_f1,0.24390243902439024
stgcn,cpr,0010000000100,42,unseen,bit_accuracy,0.5230769230769231
stgcn,cpr,0010000000100,42,unseen,exact_match,0.0
stgcn,cpr,0010000000100,7,seen,macro_f1,0.07692307692307693
stgcn,cpr,0010000000100,7,seen,micro_f1,0.3333333333333333
stgcn,cpr,0010000000100,7,seen,bit_accuracy,0.6923076923076923
stgcn,cpr,0010000000100,7,seen,exact_match,0.0
stgcn,cpr,0010000000100,7,unseen,macro_f1,0.07692307692307693
stgcn,cpr,0010000000100,7,unseen,micro_f1,0.3076923076923077
stgcn,cpr,0010000000100,7,unseen,bit_accuracy,0.6538461538461539
stgcn,cpr,0010000000100,7,unseen,exact_match,0.0
stgcn,cpr,0010000001000,123,seen,macro_f1,0.07692307692307693
stgcn,cpr,0010000001000,123,seen,micro_f1,0.2857142857142857
stgcn,cpr,0010000001000,123,seen,bit_accuracy,0.6153846153846154
stgcn,cpr,0010000001000,123,seen,exact_match,0.0
stgcn,cpr,0010000001000,123,unseen,macro_f1,0.07692307692307693
stgcn,cpr,0010000001000,123,unseen,micro_f1,0.4
stgcn,cpr,0010000001000,123,unseen,bit_accuracy,0.7692307692307693
stgcn,cpr,0010000001000,123,unseen,exact_match,0.0
stgcn,cpr,0010000001000,42,seen,macro_f1,0.07692307692307693
stgcn,cpr,0010000001000,42,seen,micro_f1,0.3333333333333333
stgcn,cpr,0010000001000,42,seen,bit_accuracy,0.6923076923076923
stgcn,cpr,0010000001000,42,seen,exact_match,0.0
stgcn,cpr,0010000001000,42,unseen,macro_f1,0.07692307692307693
stgcn,cpr,0010000001000,42,unseen,micro_f1,0.3125
stgcn,cpr,0010000001000,42,unseen,bit_accuracy,0.6615384615384615
stgcn,cpr,0010000001000,42,unseen,exact_match,0.0
stgcn,cpr,0010000001000,7,seen,macro_f1,0.07692307692307693
stgcn,cpr,0010000001000,7,seen,micro_f1,0.36363636363636365
stgcn,cpr,0010000001000,7,seen,bit_accuracy,0.7307692307692307
stgcn,cpr,0010000001000,7,seen,exact_match,0.0
stgcn,cpr,0010000001000,7,unseen,macro_f1,0.07692307692307693
stgcn,cpr,0010000001000,7,unseen,micro_f1,0.3076923076923077
stgcn,cpr,0010000001000,7,unseen,bit_accuracy,0.6538461538461539
stgcn,cpr,0010000001000,7,unseen,exact_match,0.0
stgcn,cpr,0010000010000,123,seen,macro_f1,0.02564102564102564
stgcn,cpr,0010000010000,123,seen,micro_f1,0.10526315789473684
stgcn,cpr,0010000010000,123,seen,bit_accuracy,0.7384615384615385
stgcn,cpr,0010000010000,123,seen,exact_match,0.0
stgcn,cpr,0010000010000,123,unseen,macro_f1,0.057692307692307696
stgcn,cpr,0010000010000,123,unseen,micro_f1,0.25
stgcn,cpr,0010000010000,123,unseen,bit_accuracy,0.7230769230769231
stgcn,cpr,0010000010000,123,unseen,exact_match,0.0
stgcn,cpr,0010000010000,42,seen,macro_f1,0.0
stgcn,cpr,0010000010000,42,seen,micro_f1,0.0
stgcn,cpr,0010000010000,42,seen,bit_accuracy,0.5384615384615384
stgcn,cpr,0010000010000,42,seen,exact_match,0.0
stgcn,cpr,0010000010000,42,unseen,macro_f1,0.0
stgcn,cpr,0010000010000,42,unseen,micro_f1,0.0
stgcn,cpr,0010000010000,42,unseen,bit_accuracy,0.6307692307692307
stgcn,cpr,0010000010000,42,unseen,exact_match,0.0
stgcn,cpr,0010000010000,7,seen,macro_f1,0.0
stgcn,cpr,0010000010000,7,seen,micro_f1,0.0
stgcn,cpr,0010000010000,7,seen,bit_accuracy,0.5769230769230769
stgcn,cpr,0010000010000,7,seen,exact_match,0.0
stgcn,cpr,0010000010000,7,unseen,macro_f1,0.0
stgcn,cpr,0010000010000,7,unseen,micro_f1,0.0
stgcn,cpr,0010000010000,7,unseen,bit_accuracy,0.6153846153846154
stgcn,cpr,0010000010000,7,unseen,exact_match,0.0
stgcn,cpr,0010000100000,123,seen,macro_f1,0.05128205128205128
stgcn,cpr,0010000100000,123,seen,micro_f1,0.15384615384615385
stgcn,cpr,0010000100000,123,seen,bit_accuracy,0.5769230769230769
stgcn,cpr,0010000100000,123,seen,exact_match,0.0
stgcn,cpr,0010000100000,123,unseen,macro_f1,0.05128205128205128
stgcn,cpr,0010000100000,123,unseen,micro_f1,0.18181818181818182
stgcn,cpr,0010000100000,123,unseen,bit_accuracy,0.6538461538461539
stgcn,cpr,0010000100000,123,unseen,exact_match,0.0
stgcn,cpr,0010000100000,42,seen,macro_f1,0.07692307692307693
stgcn,cpr,0010000100000,42,seen,micro_f1,0.3448275862068966
stgcn,cpr,0010000100000,42,seen,bit_accuracy,0.7076923076923077
stgcn,cpr,0010000100000,42,seen,exact_match,0.0
stgcn,cpr,0010000100000,42,unseen,macro_f1,0.07692307692307693
stgcn,cpr,0010000100000,42,unseen,micro_f1,0.43478260869565216
stgcn,cpr,0010000100000,42,unseen,bit_accuracy,0.8
stgcn,cpr,0010000100000,42,unseen,exact_match,0.0
stgcn,cpr,0010000100000,7,seen,macro_f1,0.06837606837606837
stgcn,cpr,0010000100000,7,seen,micro_f1,0.36363636363636365
stgcn,cpr,0010000100000,7,seen,bit_accuracy,0.7846153846153846
stgcn,cpr,0010000100000,7,seen,exact_match,0.0
stgcn,cpr,0010000100000,7,unseen,macro_f1,0.07692307692307693
stgcn,cpr,0010000100000,7,unseen,micro_f1,0.4
stgcn,cpr,0010000100000,7,unseen,bit_accuracy,0.7692307692307693
stgcn,cpr,0010000100000,7,unseen,exact_match,0.0
stgcn,cpr,0010001000000,123,seen,macro_f1,0.07692307692307693
stgcn,cpr,0010001000000,123,seen,micro_f1,0.3448275862068966
stgcn,cpr,0010001000000,123,seen,bit_accuracy,0.7076923076923077
stgcn,cpr,0010001000000,123,seen,exact_match,0.0
stgcn,cpr,0010001000000,123,unseen,macro_f1,0.07692307692307693
stgcn,cpr,0010001000000,123,unseen,micro_f1,0.35714285714285715
stgcn,cpr,0010001000000,123,unseen,bit_accuracy,0.7230769230769231
stgcn,cpr,0010001000000,123,unseen,exact_match,0.0
stgcn,cpr,0010001000000,42,seen,macro_f1,0.07692307692307693
stgcn,cpr,0010001000000,42,seen,micro_f1,0.2702702702702703
stgcn,cpr,0010001000000,42,seen,bit_accuracy,0.5846153846153846
stgcn,cpr,0010001000000,42,seen,exact_match,0.0
stgcn,cpr,0010001000000,42,unseen,macro_f1,0.06837606837606837
stgcn,cpr,0010001000000,42,unseen,micro_f1,0.21621621621621623
stgcn,cpr,0010001000000,42,unseen,bit_accuracy,0.5538461538461539
stgcn,cpr,0010001000000,42,unseen,exact_match,0.0
stgcn,cpr,0010001000000,7,seen,macro_f1,0.05128205128205128
stgcn,cpr,0010001000000,7,seen,micro_f1,0.16666666666666666
stgcn,cpr,0010001000000,7,seen,bit_accuracy,0.6153846153846154
stgcn,cpr,0010001000000,7,seen,exact_match,0.0
stgcn,cpr,0010001000000,7,unseen,macro_f1,0.05128205128205128
stgcn,cpr,0010001000000,7,unseen,micro_f1,0.2
stgcn,cpr,0010001000000,7,unseen,bit_accuracy,0.6923076923076923
stgcn,cpr,0010001000000,7,unseen,exact_match,0.0
stgcn,cpr,0010010000000,123,seen,macro_f1,0.05128205128205128
stgcn,cpr,0010010000000,123,seen,micro_f1,0.16666666666666666
stgcn,cpr,0010010000000,123,seen,bit_accuracy,0.6153846153846154
stgcn,cpr,0010010000000,123,seen,exact_match,0.0
stgcn,cpr,0010010000000,123,unseen,macro_f1,0.07692307692307693
stgcn,cpr,0010010000000,123,unseen,micro_f1,0.2857142857142857
stgcn,cpr,0010010000000,123,unseen,bit_accuracy,0.6153846153846154
stgcn,cpr,0010010000000,123,unseen,exact_match,0.0
stgcn,cpr,0010010000000,42,seen,macro_f1,0.07692307692307693
stgcn,cpr,0010010000000,42,seen,micro_f1,0.2702702702702703
stgcn,cpr,0010010000000,42,seen,bit_accuracy,0.5846153846153846
stgcn,cpr,0010010000000,42,seen,exact_match,0.0
stgcn,cpr,0010010000000,42,unseen,macro_f1,0.06837606837606837
stgcn,cpr,0010010000000,42,unseen,micro_f1,0.21621621621621623
stgcn,cpr,0010010000000,42,unseen,bit_accuracy,0.5538461538461539
stgcn,cpr,0010010000000,42,unseen,exact_match,0.0
stgcn,cpr,0010010000000,7,seen,macro_f1,0.02564102564102564
stgcn,cpr,0010010000000,7,seen,micro_f1,0.06451612903225806
stgcn,cpr,0010010000000,7,seen,bit_accuracy,0.5538461538461539
stgcn,cpr,0010010000000,7,seen,exact_match,0.0
stgcn,cpr,0010010000000,7,unseen,macro_f1,0.04395604395604395
stgcn,cpr,0010010000000,7,unseen,micro_f1,0.11428571428571428
stgcn,cpr,0010010000000,7,unseen,bit_accuracy,0.5230769230769231
stgcn,cpr,0010010000000,7,unseen,exact_match,0.0
stgcn,cpr,0100000000000,123,seen,macro_f1,0.0
stgcn,cpr,0100000000000,123,seen,micro_f1,0.0
stgcn,cpr,0100000000000,123,seen,bit_accuracy,0.8653846153846154
stgcn,cpr,0100000000000,123,seen,exact_match,0.0
stgcn,cpr,0100000000000,123,unseen,macro_f1,0.0
stgcn,cpr,0100000000000,123,unseen,micro_f1,0.0
stgcn,cpr,0100000000000,123,unseen,bit_accuracy,0.8346153846153846
stgcn,cpr,0100000000000,123,unseen,exact_match,0.0
stgcn,cpr,0100000000000,42,seen,macro_f1,0.0
stgcn,cpr,0100000000000,42,seen,micro_f1,0.0
stgcn,cpr,0100000000000,42,seen,bit_accuracy,0.6423076923076924
stgcn,cpr,0100000000000,42,seen,exact_match,0.0
stgcn,cpr,0100000000000,42,unseen,macro_f1,0.0
stgcn,cpr,0100000000000,42,unseen,micro_f1,0.0
stgcn,cpr,0100000000000,42,unseen,bit_accuracy,0.6115384615384616
stgcn,cpr,0100000000000,42,unseen,exact_match,0.0
stgcn,cpr,0100000000000,7,seen,macro_f1,0.07692307692307693
stgcn,cpr,0100000000000,7,seen,micro_f1,0.5714285714285714
stgcn,cpr,0100000000000,7,seen,bit_accuracy,0.8846153846153846
stgcn,cpr,0100000000000,7,seen,exact_match,0.0
stgcn,cpr,0100000000000,7,unseen,macro_f1,0.0
stgcn,cpr,0100000000000,7,unseen,micro_f1,0.0
stgcn,cpr,0100000000000,7,unseen,bit_accuracy,0.6923076923076923
stgcn,cpr,0100000000000,7,unseen,exact_match,0.0
stgcn,cpr,0100000000010,123,seen,macro_f1,0.06837606837606837
stgcn,cpr,0100000000010,123,seen,micro_f1,0.32
stgcn,cpr,0100000000010,123,seen,bit_accuracy,0.7384615384615385
stgcn,cpr,0100000000010,123,seen,exact_match,0.0
stgcn,cpr,0100000000010,123,unseen,macro_f1,0.07692307692307693
stgcn,cpr,0100000000010,123,unseen,micro_f1,0.43478260869565216
stgcn,cpr,0100000000010,123,unseen,bit_accuracy,0.8
stgcn,cpr,0100000000010,123,unseen,exact_match,0.0
stgcn,cpr,0100000000010,42,seen,macro_f1,0.07692307692307693
stgcn,cpr,0100000000010,42,seen,micro_f1,0.36363636363636365
stgcn,cpr,0100000000010,42,seen,bit_accuracy,0.7307692307692307
stgcn,cpr,0100000000010,42,seen,exact_match,0.0
stgcn,cpr,0100000000010,42,unseen,macro_f1,0.07692307692307693
stgcn,cpr,0100000000010,42,unseen,micro_f1,0.3333333333333333
stgcn,cpr,0100000000010,42,unseen,bit_accuracy,0.6923076923076923
stgcn,cpr,0100000000010,42,unseen,exact_match,0.0
stgcn,cpr,0100000000010,7,seen,macro_f1,0.07692307692307693
stgcn,cpr,0100000000010,7,seen,micro_f1,0.5555555555555556
stgcn,cpr,0100000000010,7,seen,bit_accuracy,0.8769230769230769
stgcn,cpr,0100000000010,7,seen,exact_match,0.0
stgcn,cpr,0100000000010,7,unseen,macro_f1,0.07692307692307693
stgcn,cpr,0100000000010,7,unseen,micro_f1,0.6666666666666666
stgcn,cpr,0100000000010,7,unseen,bit_accuracy,0.9230769230769231
stgcn,cpr,0100000000010,7,unseen,exact_match,0.0
stgcn,cpr,0100000000100,123,seen,macro_f1,0.07692307692307693
stgcn,cpr,0100000000100,123,seen,micro_f1,0.3333333333333333
stgcn,cpr,0100000000100,123,seen,bit_accuracy,0.6923076923076923
stgcn,cpr,0100000000100,123,seen,exact_match,0.0
stgcn,cpr,0100000000100,123,unseen,macro_f1,0.0
stgcn,cpr,0100000000100,123,unseen,micro_f1,0.0
stgcn,cpr,0100000000100,123,unseen,bit_accuracy,0.5769230769230769
stgcn,cpr,0100000000100,123,unseen,exact_match,0.0
stgcn,cpr,0100000000100,42,seen,macro_f1,0.14529914529914528
stgcn,cpr,0100000000100,42,seen,micro_f1,0.5142857142857142
stgcn,cpr,0100000000100,42,seen,bit_accuracy,0.7384615384615385
stgcn,cpr,0100000000100,42,seen,exact_match,0.0
stgcn,cpr,0100000000100,42,unseen,macro_f1,0.1346153846153846
stgcn,cpr,0100000000100,42,unseen,micro_f1,0.42105263157894735
stgcn,cpr,0100000000100,42,unseen,bit_accuracy,0.6615384615384615
stgcn,cpr,0100000000100,42,unseen,exact_match,0.0
stgcn,cpr,0100000000100,7,seen,macro_f1,0.14529914529914528
stgcn,cpr,0100000000100,7,seen,micro_f1,0.5625
stgcn,cpr,0100000000100,7,seen,bit_accuracy,0.7846153846153846
stgcn,cpr,0100000000100,7,seen,exact_match,0.0
stgcn,cpr,0100000000100,7,unseen,macro_f1,0.10256410256410256
stgcn,cpr,0100000000100,7,unseen,micro_f1,0.4444444444444444
stgcn,cpr,0100000000100,7,unseen,bit_accuracy,0.7692307692307693
stgcn,cpr,0100000000100,7,unseen,exact_match,0.0
stgcn,cpr,0100000001000,123,seen,macro_f1,0.14529914529914528
stgcn,cpr,0100000001000,123,seen,micro_f1,0.5142857142857142
stgcn,cpr,0100000001000,123,seen,bit_accuracy,0.7384615384615385
stgcn,cpr,0100000001000,123,seen,exact_match,0.0
stgcn,cpr,0100000001000,123,unseen,macro_f1,0.07692307692307693
stgcn,cpr,0100000001000,123,unseen,micro_f1,0.3125
stgcn,cpr,0100000001000,123,unseen,bit_accuracy,0.6615384615384615
stgcn,cpr,0100000001000,123,unseen,exact_match,0.0
stgcn,cpr,0100000001000,42,seen,macro_f1,0.15384615384615385
stgcn,cpr,0100000001000,42,seen,micro_f1,0.5333333333333333
stgcn,cpr,0100000001000,42,seen,bit_accuracy,0.7307692307692307
stgcn,cpr,0100000001000,42,seen,exact_match,0.0
stgcn,cpr,0100000001000,42,unseen,macro_f1,0.15384615384615385
stgcn,cpr,0100000001000,42,unseen,micro_f1,0.5714285714285714
stgcn,cpr,0100000001000,42,unseen,bit_accuracy,0.7692307692307693
stgcn,cpr,0100000001000,42,unseen,exact_match,0.0
stgcn,cpr,0100000001000,7,seen,macro_f1,0.12087912087912088
stgcn,cpr,0100000001000,7,seen,micro_f1,0.4375
stgcn,cpr,0100000001000,7,seen,bit_accuracy,0.7230769230769231
stgcn,cpr,0100000001000,7,seen,exact_match,0.0
stgcn,cpr,0100000001000,7,unseen,macro_f1,0.15384615384615385
stgcn,cpr,0100000001000,7,unseen,micro_f1,0.6666666666666666
stgcn,cpr,0100000001000,7,unseen,bit_accuracy,0.8461538461538461
stgcn,cpr,0100000001000,7,unseen,exact_match,0.0
stgcn,cpr,0100000010000,123,seen,macro_f1,0.07692307692307693
stgcn,cpr,0100000010000,123,seen,micro_f1,0.4
stgcn,cpr,0100000010000,123,seen,bit_accuracy,0.7692307692307693
stgcn,cpr,0100000010000,123,seen,exact_match,0.0
stgcn,cpr,0100000010000,123,unseen,macro_f1,0.0
stgcn,cpr,0100000010000,123,unseen,micro_f1,0.0
stgcn,cpr,0100000010000,123,unseen,bit_accuracy,0.6153846153846154
stgcn,cpr,0100000010000,123,unseen,exact_match,0.0
stgcn,cpr,0100000010000,42,seen,macro_f1,0.07692307692307693
stgcn,cpr,0100000010000,42,seen,micro_f1,0.3225806451612903
stgcn,cpr,0100000010000,42,seen,bit_accuracy,0.676923076923077
stgcn,cpr,0100000010000,42,seen,exact_match,0.0
stgcn,cpr,0100000010000,42,unseen,macro_f1,0.07692307692307693
stgcn,cpr,0100000010000,42,unseen,micro_f1,0.3333333333333333
stgcn,cpr,0100000010000,42,unseen,bit_accuracy,0.6923076923076923
stgcn,cpr,0100000010000,42,unseen,exact_match,0.0
stgcn,cpr,0100000010000,7,seen,macro_f1,0.057692307692307696
stgcn,cpr,0100000010000,7,seen,micro_f1,0.3
stgcn,cpr,0100000010000,7,seen,bit_accuracy,0.7846153846153846
stgcn,cpr,0100000010000,7,seen,exact_match,0.0
stgcn,cpr,0100000010000,7,unseen,macro_f1,0.057692307692307696
stgcn,cpr,0100000010000,7,unseen,micro_f1,0.2222222222222222
stgcn,cpr,0100000010000,7,unseen,bit_accuracy,0.676923076923077
stgcn,cpr,0100000010000,7,unseen,exact_match,0.0
stgcn,cpr,0100000100000,123,seen,macro_f1,0.07692307692307693
stgcn,cpr,0100000100000,123,seen,micro_f1,0.5
stgcn,cpr,0100000100000,123,seen,bit_accuracy,0.8461538461538461
stgcn,cpr,0100000100000,123,seen,exact_match,0.0
stgcn,cpr,0100000100000,123,unseen,macro_f1,0.07692307692307693
stgcn,cpr,0100000100000,123,unseen,micro_f1,0.5
stgcn,cpr,0100000100000,123,unseen,bit_accuracy,0.8461538461538461
stgcn,cpr,0100000100000,123,unseen,exact_match,0.0
stgcn,cpr,0100000100000,42,seen,macro_f1,0.15384615384615385
stgcn,cpr,0100000100000,42,seen,micro_f1,0.6666666666666666
stgcn,cpr,0100000100000,42,seen,bit_accuracy,0.8461538461538461
stgcn,cpr,0100000100000,42,seen,exact_match,0.0
stgcn,cpr,0100000100000,42,unseen,macro_f1,0.07692307692307693
stgcn,cpr,0100000100000,42,unseen,micro_f1,0.4
stgcn,cpr,0100000100000,42,unseen,bit_accuracy,0.7692307692307693
stgcn,cpr,0100000100000,42,unseen,exact_match,0.0
stgcn,cpr,0100000100000,7,seen,macro_f1,0.15384615384615385
stgcn,cpr,0100000100000,7,seen,micro_f1,1.0
stgcn,cpr,0100000100000,7,seen,bit_accuracy,1.0
stgcn,cpr,0100000100000,7,seen,exact_match,1.0
stgcn,cpr,0100000100000,7,unseen,macro_f1,0.07692307692307693
stgcn,cpr,0100000100000,7,unseen,micro_f1,0.625
stgcn,cpr,0100000100000,7,unseen,bit_accuracy,0.9076923076923077
stgcn,cpr,0100000100000,7,unseen,exact_match,0.0
stgcn,cpr,0100001000000,123,seen,macro_f1,0.15384615384615385
stgcn,cpr,0100001000000,123,seen,micro_f1,0.6666666666666666
stgcn,cpr,0100001000000,123,seen,bit_accuracy,0.8461538461538461
stgcn,cpr,0100001000000,123,seen,exact_match,0.0
stgcn,cpr,0100001000000,123,unseen,macro_f1,0.15384615384615385
stgcn,cpr,0100001000000,123,unseen,micro_f1,0.5
stgcn,cpr,0100001000000,123,unseen,bit_accuracy,0.6923076923076923
stgcn,cpr,0100001000000,123,unseen,exact_match,0.0
stgcn,cpr,0100001000000,42,seen,macro_f1,0.15384615384615385
stgcn,cpr,0100001000000,42,seen,micro_f1,0.6451612903225806
stgcn,cpr,0100001000000,42,seen,bit_accuracy,0.8307692307692308
stgcn,cpr,0100001000000,42,seen,exact_match,0.0
stgcn,cpr,0100001000000,42,unseen,macro_f1,0.15384615384615385
stgcn,cpr,0100001000000,42,unseen,micro_f1,0.6666666666666666
stgcn,cpr,0100001000000,42,unseen,bit_accuracy,0.8461538461538461
stgcn,cpr,0100001000000,42,unseen,exact_match,0.0
stgcn,cpr,0100001000000,7,seen,macro_f1,0.13675213675213674
stgcn,cpr,0100001000000,7,seen,micro_f1,0.5517241379310345
stgcn,cpr,0100001000000,7,seen,bit_accuracy,0.8
stgcn,cpr,0100001000000,7,seen,exact_match,0.0
stgcn,cpr,0100001000000,7,unseen,macro_f1,0.07692307692307693
stgcn,cpr,0100001000000,7,unseen,micro_f1,0.4
stgcn,cpr,0100001000000,7,unseen,bit_accuracy,0.7692307692307693
stgcn,cpr,0100001000000,7,unseen,exact_match,0.0
stgcn,cpr,0100010000000,123,seen,macro_f1,0.07692307692307693
stgcn,cpr,0100010000000,123,seen,micro_f1,0.38461538461538464
stgcn,cpr,0100010000000,123,seen,bit_accuracy,0.7538461538461538
stgcn,cpr,0100010000000,123,seen,exact_match,0.0
stgcn,cpr,0100010000000,123,unseen,macro_f1,0.14529914529914528
stgcn,cpr,0100010000000,123,unseen,micro_f1,0.4864864864864865
stgcn,cpr,0100010000000,123,unseen,bit_accuracy,0.7076923076923077
stgcn,cpr,0100010000000,123,unseen,exact_match,0.0
stgcn,cpr,0100010000000,42,seen,macro_f1,0.15384615384615385
stgcn,cpr,0100010000000,42,seen,micro_f1,0.6153846153846154
stgcn,cpr,0100010000000,42,seen,bit_accuracy,0.8076923076923077
stgcn,cpr,0100010000000,42,seen,exact_match,0.0
stgcn,cpr,0100010000000,42,unseen,macro_f1,0.07692307692307693
stgcn,cpr,0100010000000,42,unseen,micro_f1,0.36363636363636365
stgcn,cpr,0100010000000,42,unseen,bit_accuracy,0.7307692307692307
stgcn,cpr,0100010000000,42,unseen,exact_match,0.0
stgcn,cpr,0100010000000,7,seen,macro_f1,0.07692307692307693
stgcn,cpr,0100010000000,7,seen,micro_f1,0.38461538461538464
stgcn,cpr,0100010000000,7,seen,bit_accuracy,0.7538461538461538
stgcn,cpr,0100010000000,7,seen,exact_match,0.0
stgcn,cpr,0100010000000,7,unseen,macro_f1,0.07692307692307693
stgcn,cpr,0100010000000,7,unseen,micro_f1,0.3333333333333333
stgcn,cpr,0100010000000,7,unseen,bit_accuracy,0.6923076923076923
stgcn,cpr,0100010000000,7,unseen,exact_match,0.0
stgcn,cpr,1000000000000,123,seen,macro_f1,0.0
stgcn,cpr,1000000000000,123,seen,micro_f1,0.0
stgcn,cpr,1000000000000,123,seen,bit_accuracy,0.7192307692307692
stgcn,cpr,1000000000000,123,seen,exact_match,0.0
stgcn,cpr,1000000000000,123,unseen,macro_f1,0.0
stgcn,cpr,1000000000000,123,unseen,micro_f1,0.0
stgcn,cpr,1000000000000,123,unseen,bit_accuracy,0.8153846153846154
stgcn,cpr,1000000000000,123,unseen,exact_match,0.0
stgcn,cpr,1000000000000,42,seen,macro_f1,0.0
stgcn,cpr,1000000000000,42,seen,micro_f1,0.0
stgcn,cpr,1000000000000,42,seen,bit_accuracy,0.7307692307692307
stgcn,cpr,1000000000000,42,seen,exact_match,0.0
stgcn,cpr,1000000000000,42,unseen,macro_f1,0.0
stgcn,cpr,1000000000000,42,unseen,micro_f1,0.0
stgcn,cpr,1000000000000,42,unseen,bit_accuracy,0.6538461538461539
stgcn,cpr,1000000000000,42,unseen,exact_match,0.0
stgcn,cpr,1000000000000,7,seen,macro_f1,0.0
stgcn,cpr,1000000000000,7,seen,micro_f1,0.0
stgcn,cpr,1000000000000,7,seen,bit_accuracy,0.7346153846153847
stgcn,cpr,1000000000000,7,seen,exact_match,0.0
stgcn,cpr,1000000000000,7,unseen,macro_f1,0.0
stgcn,cpr,1000000000000,7,unseen,micro_f1,0.0
stgcn,cpr,1000000000000,7,unseen,bit_accuracy,0.8038461538461539
stgcn,cpr,1000000000000,7,unseen,exact_match,0.0
stgcn,cpr,1000000000001,123,seen,macro_f1,0.04395604395604395
stgcn,cpr,1000000000001,123,seen,micro_f1,0.12903225806451613
stgcn,cpr,1000000000001,123,seen,bit_accuracy,0.5846153846153846
stgcn,cpr,1000000000001,123,seen,exact_match,0.0
stgcn,cpr,1000000000001,123,unseen,macro_f1,0.06837606837606837
stgcn,cpr,1000000000001,123,unseen,micro_f1,0.24242424242424243
stgcn,cpr,1000000000001,123,unseen,bit_accuracy,0.6153846153846154
stgcn,cpr,1000000000001,123,unseen,exact_match,0.0
stgcn,cpr,1000000000001,42,seen,macro_f1,0.0
stgcn,cpr,1000000000001,42,seen,micro_f1,0.0
stgcn,cpr,1000000000001,42,seen,bit_accuracy,0.5230769230769231
stgcn,cpr,1000000000001,42,seen,exact_match,0.0
stgcn,cpr,1000000000001,42,unseen,macro_f1,0.0
stgcn,cpr,1000000000001,42,unseen,micro_f1,0.0
stgcn,cpr,1000000000001,42,unseen,bit_accuracy,0.6615384615384615
stgcn,cpr,1000000000001,42,unseen,exact_match,0.0
stgcn,cpr,1000000000001,7,seen,macro_f1,0.0
stgcn,cpr,1000000000001,7,seen,micro_f1,0.0
stgcn,cpr,1000000000001,7,seen,bit_accuracy,0.6153846153846154
stgcn,cpr,1000000000001,7,seen,exact_match,0.0
stgcn,cpr,1000000000001,7,unseen,macro_f1,0.05128205128205128
stgcn,cpr,1000000000001,7,unseen,micro_f1,0.18181818181818182
stgcn,cpr,1000000000001,7,unseen,bit_accuracy,0.6538461538461539
stgcn,cpr,1000000000001,7,unseen,exact_match,0.0
stgcn,cpr,1000000000010,123,seen,macro_f1,0.07692307692307693
stgcn,cpr,1000000000010,123,seen,micro_f1,0.4
stgcn,cpr,1000000000010,123,seen,bit_accuracy,0.7692307692307693
stgcn,cpr,1000000000010,123,seen,exact_match,0.0
stgcn,cpr,1000000000010,123,unseen,macro_f1,0.0
stgcn,cpr,1000000000010,123,unseen,micro_f1,0.0
stgcn,cpr,1000000000010,123,unseen,bit_accuracy,0.7307692307692307
stgcn,cpr,1000000000010,123,unseen,exact_match,0.0
stgcn,cpr,1000000000010,42,seen,macro_f1,0.07692307692307693
stgcn,cpr,1000000000010,42,seen,micro_f1,0.45454545454545453
stgcn,cpr,1000000000010,42,seen,bit_accuracy,0.8153846153846154
stgcn,cpr,1000000000010,42,seen,exact_match,0.0
stgcn,cpr,1000000000010,42,unseen,macro_f1,0.07692307692307693
stgcn,cpr,1000000000010,42,unseen,micro_f1,0.30303030303030304
stgcn,cpr,1000000000010,42,unseen,bit_accuracy,0.6461538461538462
stgcn,cpr,1000000000010,42,unseen,exact_match,0.0
stgcn,cpr,1000000000010,7,seen,macro_f1,0.06837606837606837
stgcn,cpr,1000000000010,7,seen,micro_f1,0.36363636363636365
stgcn,cpr,1000000000010,7,seen,bit_accuracy,0.7846153846153846
stgcn,cpr,1000000000010,7,seen,exact_match,0.0
stgcn,cpr,1000000000010,7,unseen,macro_f1,0.14529914529914528
stgcn,cpr,1000000000010,7,unseen,micro_f1,0.6428571428571429
stgcn,cpr,1000000000010,7,unseen,bit_accuracy,0.8461538461538461
stgcn,cpr,1000000000010,7,unseen,exact_match,0.0
stgcn,cpr,1000000000100,123,seen,macro_f1,0.02564102564102564
stgcn,cpr,1000000000100,123,seen,micro_f1,0.07407407407407407
stgcn,cpr,1000000000100,123,seen,bit_accuracy,0.6153846153846154
stgcn,cpr,1000000000100,123,seen,exact_match,0.0
stgcn,cpr,1000000000100,123,unseen,macro_f1,0.07692307692307693
stgcn,cpr,1000000000100,123,unseen,micro_f1,0.2702702702702703
stgcn,cpr,1000000000100,123,unseen,bit_accuracy,0.5846153846153846
stgcn,cpr,1000000000100,123,unseen,exact_match,0.0
stgcn,cpr,1000000000100,42,seen,macro_f1,0.07692307692307693
stgcn,cpr,1000000000100,42,seen,micro_f1,0.38461538461538464
stgcn,cpr,1000000000100,42,seen,bit_accuracy,0.7538461538461538
stgcn,cpr,1000000000100,42,seen,exact_match,0.0
stgcn,cpr,1000000000100,42,unseen,macro_f1,0.0
stgcn,cpr,1000000000100,42,unseen,micro_f1,0.0
stgcn,cpr,1000000000100,42,unseen,bit_accuracy,0.5384615384615384
stgcn,cpr,1000000000100,42,unseen,exact_match,0.0
stgcn,cpr,1000000000100,7,seen,macro_f1,0.0
stgcn,cpr,1000000000100,7,seen,micro_f1,0.0
stgcn,cpr,1000000000100,7,seen,bit_accuracy,0.6153846153846154
stgcn,cpr,1000000000100,7,seen,exact_match,0.0
stgcn,cpr,1000000000100,7,unseen,macro_f1,0.0
stgcn,cpr,1000000000100,7,unseen,micro_f1,0.0
stgcn,cpr,1000000000100,7,unseen,bit_accuracy,0.6538461538461539
stgcn,cpr,1000000000100,7,unseen,exact_match,0.0
stgcn,cpr,1000000001000,123,seen,macro_f1,0.05128205128205128
stgcn,cpr,1000000001000,123,seen,micro_f1,0.2222222222222222
stgcn,cpr,1000000001000,123,seen,bit_accuracy,0.7307692307692307
stgcn,cpr,1000000001000,123,seen,exact_match,0.0
stgcn,cpr,1000000001000,123,unseen,macro_f1,0.0
stgcn,cpr,1000000001000,123,unseen,micro_f1,0.0
stgcn,cpr,1000000001000,123,unseen,bit_accuracy,0.6153846153846154
stgcn,cpr,1000000001000,123,unseen,exact_match,0.0
stgcn,cpr,1000000001000,42,seen,macro_f1,0.0
stgcn,cpr,1000000001000,42,seen,micro_f1,0.0
stgcn,cpr,1000000001000,42,seen,bit_accuracy,0.5384615384615384
stgcn,cpr,1000000001000,42,seen,exact_match,0.0
stgcn,cpr,1000000001000,42,unseen,macro_f1,0.07692307692307693
stgcn,cpr,1000000001000,42,unseen,micro_f1,0.38461538461538464
stgcn,cpr,1000000001000,42,unseen,bit_accuracy,0.7538461538461538
stgcn,cpr,1000000001000,42,unseen,exact_match,0.0
stgcn,cpr,1000000001000,7,seen,macro_f1,0.10256410256410256
stgcn,cpr,1000000001000,7,seen,micro_f1,0.48
stgcn,cpr,1000000001000,7,seen,bit_accuracy,0.8
stgcn,cpr,1000000001000,7,seen,exact_match,0.0
stgcn,cpr,1000000001000,7,unseen,macro_f1,0.14529914529914528
stgcn,cpr,1000000001000,7,unseen,micro_f1,0.5625
stgcn,cpr,1000000001000,7,unseen,bit_accuracy,0.7846153846153846
stgcn,cpr,1000000001000,7,unseen,exact_match,0.0
stgcn,cpr,1000000010000,123,seen,macro_f1,0.04395604395604395
stgcn,cpr,1000000010000,123,seen,micro_f1,0.3333333333333333
stgcn,cpr,1000000010000,123,seen,bit_accuracy,0.8769230769230769
stgcn,cpr,1000000010000,123,seen,exact_match,0.0
stgcn,cpr,1000000010000,123,unseen,macro_f1,0.04395604395604395
stgcn,cpr,1000000010000,123,unseen,micro_f1,0.3333333333333333
stgcn,cpr,1000000010000,123,unseen,bit_accuracy,0.8769230769230769
stgcn,cpr,1000000010000,123,unseen,exact_match,0.0
stgcn,cpr,1000000010000,42,seen,macro_f1,0.07692307692307693
stgcn,cpr,1000000010000,42,seen,micro_f1,0.35714285714285715
stgcn,cpr,1000000010000,42,seen,bit_accuracy,0.7230769230769231
stgcn,cpr,1000000010000,42,seen,exact_match,0.0
stgcn,cpr,1000000010000,42,unseen,macro_f1,0.0
stgcn,cpr,1000000010000,42,unseen,micro_f1,0.0
stgcn,cpr,1000000010000,42,unseen,bit_accuracy,0.6461538461538462
stgcn,cpr,1000000010000,42,unseen,exact_match,0.0
stgcn,cpr,1000000010000,7,seen,macro_f1,0.0
stgcn,cpr,1000000010000,7,seen,micro_f1,0.0
stgcn,cpr,1000000010000,7,seen,bit_accuracy,0.6923076923076923
stgcn,cpr,1000000010000,7,seen,exact_match,0.0
stgcn,cpr,1000000010000,7,unseen,macro_f1,0.0
stgcn,cpr,1000000010000,7,unseen,micro_f1,0.0
stgcn,cpr,1000000010000,7,unseen,bit_accuracy,0.6153846153846154
stgcn,cpr,1000000010000,7,unseen,exact_match,0.0
stgcn,cpr,1000000100000,123,seen,macro_f1,0.07692307692307693
stgcn,cpr,1000000100000,123,seen,micro_f1,0.5
stgcn,cpr,1000000100000,123,seen,bit_accuracy,0.8461538461538461
stgcn,cpr,1000000100000,123,seen,exact_match,0.0
stgcn,cpr,1000000100000,123,unseen,macro_f1,0.07692307692307693
stgcn,cpr,1000000100000,123,unseen,micro_f1,0.4
stgcn,cpr,1000000100000,123,unseen,bit_accuracy,0.7692307692307693
stgcn,cpr,1000000100000,123,unseen,exact_match,0.0
stgcn,cpr,1000000100000,42,seen,macro_f1,0.07692307692307693
stgcn,cpr,1000000100000,42,seen,micro_f1,0.5
stgcn,cpr,1000000100000,42,seen,bit_accuracy,0.8461538461538461
stgcn,cpr,1000000100000,42,seen,exact_match,0.0
stgcn,cpr,1000000100000,42,unseen,macro_f1,0.07692307692307693
stgcn,cpr,1000000100000,42,unseen,micro_f1,0.5
stgcn,cpr,1000000100000,42,unseen,bit_accuracy,0.8461538461538461
stgcn,cpr,1000000100000,42,unseen,exact_match,0.0
stgcn,cpr,1000000100000,7,seen,macro_f1,0.10256410256410256
stgcn,cpr,1000000100000,7,seen,micro_f1,0.5714285714285714
stgcn,cpr,1000000100000,7,seen,bit_accuracy,0.8615384615384616
stgcn,cpr,1000000100000,7,seen,exact_match,0.0
stgcn,cpr,1000000100000,7,unseen,macro_f1,0.057692307692307696
stgcn,cpr,1000000100000,7,unseen,micro_f1,0.35294117647058826
stgcn,cpr,1000000100000,7,unseen,bit_accuracy,0.8307692307692308
stgcn,cpr,1000000100000,7,unseen,exact_match,0.0
stgcn,cpr,1000001000000,123,seen,macro_f1,0.15384615384615385
stgcn,cpr,1000001000000,123,seen,micro_f1,0.5405405405405406
stgcn,cpr,1000001000000,123,seen,bit_accuracy,0.7384615384615385
stgcn,cpr,1000001000000,123,seen,exact_match,0.0
stgcn,cpr,1000001000000,123,unseen,macro_f1,0.07692307692307693
stgcn,cpr,1000001000000,123,unseen,micro_f1,0.30303030303030304
stgcn,cpr,1000001000000,123,unseen,bit_accuracy,0.6461538461538462
stgcn,cpr,1000001000000,123,unseen,exact_match,0.0
stgcn,cpr,1000001000000,42,seen,macro_f1,0.07692307692307693
stgcn,cpr,1000001000000,42,seen,micro_f1,0.37037037037037035
stgcn,cpr,1000001000000,42,seen,bit_accuracy,0.7384615384615385
stgcn,cpr,1000001000000,42,seen,exact_match,0.0
stgcn,cpr,1000001000000,42,unseen,macro_f1,0.07692307692307693
stgcn,cpr,1000001000000,42,unseen,micro_f1,0.37037037037037035
stgcn,cpr,1000001000000,42,unseen,bit_accuracy,0.7384615384615385
stgcn,cpr,1000001000000,42,unseen,exact_match,0.0
stgcn,cpr,1000001000000,7,seen,macro_f1,0.07692307692307693
stgcn,cpr,1000001000000,7,seen,micro_f1,0.36363636363636365
stgcn,cpr,1000001000000,7,seen,bit_accuracy,0.7307692307692307
stgcn,cpr,1000001000000,7,seen,exact_match,0.0
stgcn,cpr,1000001000000,7,unseen,macro_f1,0.07692307692307693
stgcn,cpr,1000001000000,7,unseen,micro_f1,0.4444444444444444
stgcn,cpr,1000001000000,7,unseen,bit_accuracy,0.8076923076923077
stgcn,cpr,1000001000000,7,unseen,exact_match,0.0
stgcn,cpr,1000010000000,123,seen,macro_f1,0.0
stgcn,cpr,1000010000000,123,seen,micro_f1,0.0
stgcn,cpr,1000010000000,123,seen,bit_accuracy,0.5384615384615384
stgcn,cpr,1000010000000,123,seen,exact_match,0.0
stgcn,cpr,1000010000000,123,unseen,macro_f1,0.0
stgcn,cpr,1000010000000,123,unseen,micro_f1,0.0
stgcn,cpr,1000010000000,123,unseen,bit_accuracy,0.6923076923076923
stgcn,cpr,1000010000000,123,unseen,exact_match,0.0
stgcn,cpr,1000010000000,42,seen,macro_f1,0.0
stgcn,cpr,1000010000000,42,seen,micro_f1,0.0
stgcn,cpr,1000010000000,42,seen,bit_accuracy,0.6
stgcn,cpr,1000010000000,42,seen,exact_match,0.0
stgcn,cpr,1000010000000,42,unseen,macro_f1,0.0
stgcn,cpr,1000010000000,42,unseen,micro_f1,0.0
stgcn,cpr,1000010000000,42,unseen,bit_accuracy,0.5384615384615384
stgcn,cpr,1000010000000,42,unseen,exact_match,0.0
stgcn,cpr,1000010000000,7,seen,macro_f1,0.0
stgcn,cpr,1000010000000,7,seen,micro_f1,0.0
stgcn,cpr,1000010000000,7,seen,bit_accuracy,0.6307692307692307
stgcn,cpr,1000010000000,7,seen,exact_match,0.0
stgcn,cpr,1000010000000,7,unseen,macro_f1,0.04395604395604395
stgcn,cpr,1000010000000,7,unseen,micro_f1,0.14814814814814814
stgcn,cpr,1000010000000,7,unseen,bit_accuracy,0.6461538461538462
stgcn,cpr,1000010000000,7,unseen,exact_match,0.0
stgcn,cpr,1000100000000,123,seen,macro_f1,0.06837606837606837
stgcn,cpr,1000100000000,123,seen,micro_f1,0.25806451612903225
stgcn,cpr,1000100000000,123,seen,bit_accuracy,0.6461538461538462
stgcn,cpr,1000100000000,123,seen,exact_match,0.0
stgcn,cpr,1000100000000,123,unseen,macro_f1,0.07692307692307693
stgcn,cpr,1000100000000,123,unseen,micro_f1,0.30303030303030304
stgcn,cpr,1000100000000,123,unseen,bit_accuracy,0.6461538461538462
stgcn,cpr,1000100000000,123,unseen,exact_match,0.0
stgcn,cpr,1000100000000,42,seen,macro_f1,0.0
stgcn,cpr,1000100000000,42,seen,micro_f1,0.0
stgcn,cpr,1000100000000,42,seen,bit_accuracy,0.5846153846153846
stgcn,cpr,1000100000000,42,seen,exact_match,0.0
stgcn,cpr,1000100000000,42,unseen,macro_f1,0.0
stgcn,cpr,1000100000000,42,unseen,micro_f1,0.0
stgcn,cpr,1000100000000,42,unseen,bit_accuracy,0.47692307692307695
stgcn,cpr,1000100000000,42,unseen,exact_match,0.0
stgcn,cpr,1000100000000,7,seen,macro_f1,0.0
stgcn,cpr,1000100000000,7,seen,micro_f1,0.0
stgcn,cpr,1000100000000,7,seen,bit_accuracy,0.5384615384615384
stgcn,cpr,1000100000000,7,seen,exact_match,0.0
stgcn,cpr,1000100000000,7,unseen,macro_f1,0.05128205128205128
stgcn,cpr,1000100000000,7,unseen,micro_f1,0.18181818181818182
stgcn,cpr,1000100000000,7,unseen,bit_accuracy,0.6538461538461539
stgcn,cpr,1000100000000,7,unseen,exact_match,0.0
stgcn,cpr,1001000000000,123,seen,macro_f1,0.15384615384615385
stgcn,cpr,1001000000000,123,seen,micro_f1,0.8
stgcn,cpr,1001000000000,123,seen,bit_accuracy,0.9230769230769231
stgcn,cpr,1001000000000,123,seen,exact_match,0.0
stgcn,cpr,1001000000000,123,unseen,macro_f1,0.07692307692307693
stgcn,cpr,1001000000000,123,unseen,micro_f1,0.6666666666666666
stgcn,cpr,1001000000000,123,unseen,bit_accuracy,0.9230769230769231
stgcn,cpr,1001000000000,123,unseen,exact_match,0.0
stgcn,cpr,1001000000000,42,seen,macro_f1,0.0
stgcn,cpr,1001000000000,42,seen,micro_f1,0.0
stgcn,cpr,1001000000000,42,seen,bit_accuracy,0.6153846153846154
stgcn,cpr,1001000000000,42,seen,exact_match,0.0
stgcn,cpr,1001000000000,42,unseen,macro_f1,0.0
stgcn,cpr,1001000000000,42,unseen,micro_f1,0.0
stgcn,cpr,1001000000000,42,unseen,bit_accuracy,0.6307692307692307
stgcn,cpr,1001000000000,42,unseen,exact_match,0.0
stgcn,cpr,1001000000000,7,seen,macro_f1,0.04395604395604395
stgcn,cpr,1001000000000,7,seen,micro_f1,0.16666666666666666
stgcn,cpr,1001000000000,7,seen,bit_accuracy,0.6923076923076923
stgcn,cpr,1001000000000,7,seen,exact_match,0.0
stgcn,cpr,1001000000000,7,unseen,macro_f1,0.07692307692307693
stgcn,cpr,1001000000000,7,unseen,micro_f1,0.5
stgcn,cpr,1001000000000,7,unseen,bit_accuracy,0.8461538461538461
stgcn,cpr,1001000000000,7,unseen,exact_match,0.0
tcn,cpr,0000000000001,123,seen,macro_f1,0.03076923076923077
tcn,cpr,0000000000001,123,seen,micro_f1,0.20408163265306123
tcn,cpr,0000000000001,123,seen,bit_accuracy,0.85
tcn,cpr,0000000000001,123,seen,exact_match,0.1
tcn,cpr,0000000000001,123,unseen,macro_f1,0.020066889632107024
tcn,cpr,0000000000001,123,unseen,micro_f1,0.08823529411764706
tcn,cpr,0000000000001,123,unseen,bit_accuracy,0.7615384615384615
tcn,cpr,0000000000001,123,unseen,exact_match,0.0
tcn,cpr,0000000000001,42,seen,macro_f1,0.0
tcn,cpr,0000000000001,42,seen,micro_f1,0.0
tcn,cpr,0000000000001,42,seen,bit_accuracy,0.46153846153846156
tcn,cpr,0000000000001,42,seen,exact_match,0.0
tcn,cpr,0000000000001,42,unseen,macro_f1,0.0
tcn,cpr,0000000000001,42,unseen,micro_f1,0.0
tcn,cpr,0000000000001,42,unseen,bit_accuracy,0.7307692307692307
tcn,cpr,0000000000001,42,unseen,exact_match,0.0
tcn,cpr,0000000000001,7,seen,macro_f1,0.05128205128205128
tcn,cpr,0000000000001,7,seen,micro_f1,0.21052631578947367
tcn,cpr,0000000000001,7,seen,bit_accuracy,0.7115384615384616
tcn,cpr,0000000000001,7,seen,exact_match,0.0
tcn,cpr,0000000000001,7,unseen,macro_f1,0.007326007326007326
tcn,cpr,0000000000001,7,unseen,micro_f1,0.024691358024691357
tcn,cpr,0000000000001,7,unseen,bit_accuracy,0.6961538461538461
tcn,cpr,0000000000001,7,unseen,exact_match,0.0
tcn,cpr,0000000000010,123,seen,macro_f1,0.03550295857988166
tcn,cpr,0000000000010,123,seen,micro_f1,0.25
tcn,cpr,0000000000010,123,seen,bit_accuracy,0.8615384615384616
tcn,cpr,0000000000010,123,seen,exact_match,0.0
tcn,cpr,0000000000010,123,unseen,macro_f1,0.0
tcn,cpr,0000000000010,123,unseen,micro_f1,0.0
tcn,cpr,0000000000010,123,unseen,bit_accuracy,0.8423076923076923
tcn,cpr,0000000000010,123,unseen,exact_match,0.0
tcn,cpr,0000000000010,42,seen,macro_f1,0.06837606837606837
tcn,cpr,0000000000010,42,seen,micro_f1,0.5714285714285714
tcn,cpr,0000000000010,42,seen,bit_accuracy,0.9076923076923077
tcn,cpr,0000000000010,42,seen,exact_match,0.1
tcn,cpr,0000000000010,42,unseen,macro_f1,0.013986013986013986
tcn,cpr,0000000000010,42,unseen,micro_f1,0.08163265306122448
tcn,cpr,0000000000010,42,unseen,bit_accuracy,0.8269230769230769
tcn,cpr,0000000000010,42,unseen,exact_match,0.0
tcn,cpr,0000000000010,7,seen,macro_f1,0.07692307692307693
tcn,cpr,0000000000010,7,seen,micro_f1,0.4
tcn,cpr,0000000000010,7,seen,bit_accuracy,0.7692307692307693
tcn,cpr,0000000000010,7,seen,exact_match,0.0
tcn,cpr,0000000000010,7,unseen,macro_f1,0.05128205128205128
tcn,cpr,0000000000010,7,unseen,micro_f1,0.4
tcn,cpr,0000000000010,7,unseen,bit_accuracy,0.8846153846153846
tcn,cpr,0000000000010,7,unseen,exact_match,0.0
tcn,cpr,0000000000100,123,seen,macro_f1,0.03076923076923077
tcn,cpr,0000000000100,123,seen,micro_f1,0.25
tcn,cpr,0000000000100,123,seen,bit_accuracy,0.8846153846153846
tcn,cpr,0000000000100,123,seen,exact_match,0.2
tcn,cpr,0000000000100,123,unseen,macro_f1,0.013986013986013986
tcn,cpr,0000000000100,123,unseen,micro_f1,0.0851063829787234
tcn,cpr,0000000000100,123,unseen,bit_accuracy,0.8346153846153846
tcn,cpr,0000000000100,123,unseen,exact_match,0.0
tcn,cpr,0000000000100,42,seen,macro_f1,0.05128205128205128
tcn,cpr,0000000000100,42,seen,micro_f1,0.2222222222222222
tcn,cpr,0000000000100,42,seen,bit_accuracy,0.7307692307692307
tcn,cpr,0000000000100,42,seen,exact_match,0.0
tcn,cpr,0000000000100,42,unseen,macro_f1,0.05128205128205128
tcn,cpr,0000000000100,42,unseen,micro_f1,0.18181818181818182
tcn,cpr,0000000000100,42,unseen,bit_accuracy,0.6538461538461539
tcn,cpr,0000000000100,42,unseen,exact_match,0.0
tcn,cpr,0000000000100,7,seen,macro_f1,0.07495069033530571
tcn,cpr,0000000000100,7,seen,micro_f1,0.475
tcn,cpr,0000000000100,7,seen,bit_accuracy,0.8384615384615385
tcn,cpr,0000000000100,7,seen,exact_match,0.0
tcn,cpr,0000000000100,7,unseen,macro_f1,0.0
tcn,cpr,0000000000100,7,unseen,micro_f1,0.0
tcn,cpr,0000000000100,7,unseen,bit_accuracy,0.8038461538461539
tcn,cpr,0000000000100,7,unseen,exact_match,0.0
tcn,cpr,0000000001000,123,seen,macro_f1,0.057692307692307696
tcn,cpr,0000000001000,123,seen,micro_f1,0.4444444444444444
tcn,cpr,0000000001000,123,seen,bit_accuracy,0.8846153846153846
tcn,cpr,0000000001000,123,seen,exact_match,0.3
tcn,cpr,0000000001000,123,unseen,macro_f1,0.0
tcn,cpr,0000000001000,123,unseen,micro_f1,0.0
tcn,cpr,0000000001000,123,unseen,bit_accuracy,0.8423076923076923
tcn,cpr,0000000001000,123,unseen,exact_match,0.0
tcn,cpr,0000000001000,42,seen,macro_f1,0.02564102564102564
tcn,cpr,0000000001000,42,seen,micro_f1,0.18181818181818182
tcn,cpr,0000000001000,42,seen,bit_accuracy,0.8615384615384616
tcn,cpr,0000000001000,42,seen,exact_match,0.1
tcn,cpr,0000000001000,42,unseen,macro_f1,0.0
tcn,cpr,0000000001000,42,unseen,micro_f1,0.0
tcn,cpr,0000000001000,42,unseen,bit_accuracy,0.7961538461538461
tcn,cpr,0000000001000,42,unseen,exact_match,0.0
tcn,cpr,0000000001000,7,seen,macro_f1,0.05128205128205128
tcn,cpr,0000000001000,7,seen,micro_f1,0.25
tcn,cpr,0000000001000,7,seen,bit_accuracy,0.7692307692307693
tcn,cpr,0000000001000,7,seen,exact_match,0.0
tcn,cpr,0000000001000,7,unseen,macro_f1,0.07692307692307693
tcn,cpr,0000000001000,7,unseen,micro_f1,0.4444444444444444
tcn,cpr,0000000001000,7,unseen,bit_accuracy,0.8076923076923077
tcn,cpr,0000000001000,7,unseen,exact_match,0.0
tcn,cpr,0000000001001,123,seen,macro_f1,0.07692307692307693
tcn,cpr,0000000001001,123,seen,micro_f1,0.4
tcn,cpr,0000000001001,123,seen,bit_accuracy,0.7692307692307693
tcn,cpr,0000000001001,123,seen,exact_match,0.0
tcn,cpr,0000000001001,123,unseen,macro_f1,0.05128205128205128
tcn,cpr,0000000001001,123,unseen,micro_f1,0.2222222222222222
tcn,cpr,0000000001001,123,unseen,bit_accuracy,0.7307692307692307
tcn,cpr,0000000001001,123,unseen,exact_match,0.0
tcn,cpr,0000000001001,42,seen,macro_f1,0.10256410256410256
tcn,cpr,0000000001001,42,seen,micro_f1,0.46153846153846156
tcn,cpr,0000000001001,42,seen,bit_accuracy,0.7846153846153846
tcn,cpr,0000000001001,42,seen,exact_match,0.0
tcn,cpr,0000000001001,42,unseen,macro_f1,0.05128205128205128
tcn,cpr,0000000001001,42,unseen,micro_f1,0.21052631578947367
tcn,cpr,0000000001001,42,unseen,bit_accuracy,0.7692307692307693
tcn,cpr,0000000001001,42,unseen,exact_match,0.0
tcn,cpr,0000000001001,7,seen,macro_f1,0.12087912087912088
tcn,cpr,0000000001001,7,seen,micro_f1,0.6666666666666666
tcn,cpr,0000000001001,7,seen,bit_accuracy,0.8923076923076924
tcn,cpr,0000000001001,7,seen,exact_match,0.2
tcn,cpr,0000000001001,7,unseen,macro_f1,0.094017094017094
tcn,cpr,0000000001001,7,unseen,micro_f1,0.30303030303030304
tcn,cpr,0000000001001,7,unseen,bit_accuracy,0.6461538461538462
tcn,cpr,0000000001001,7,unseen,exact_match,0.0
tcn,cpr,0000000001010,123,seen,macro_f1,0.12087912087912088
tcn,cpr,0000000001010,123,seen,micro_f1,0.6086956521739131
tcn,cpr,0000000001010,123,seen,bit_accuracy,0.8615384615384616
tcn,cpr,0000000001010,123,seen,exact_match,0.0
tcn,cpr,0000000001010,123,unseen,macro_f1,0.094017094017094
tcn,cpr,0000000001010,123,unseen,micro_f1,0.45454545454545453
tcn,cpr,0000000001010,123,unseen,bit_accuracy,0.8153846153846154
tcn,cpr,0000000001010,123,unseen,exact_match,0.0
tcn,cpr,0000000001010,42,seen,macro_f1,0.07692307692307693
tcn,cpr,0000000001010,42,seen,micro_f1,0.2857142857142857
tcn,cpr,0000000001010,42,seen,bit_accuracy,0.6153846153846154
tcn,cpr,0000000001010,42,seen,exact_match,0.0
tcn,cpr,0000000001010,42,unseen,macro_f1,0.07692307692307693
tcn,cpr,0000000001010,42,unseen,micro_f1,0.26666666666666666
tcn,cpr,0000000001010,42,unseen,bit_accuracy,0.5769230769230769
tcn,cpr,0000000001010,42,unseen,exact_match,0.0
tcn,cpr,0000000001010,7,seen,macro_f1,0.1346153846153846
tcn,cpr,0000000001010,7,seen,micro_f1,0.64
tcn,cpr,0000000001010,7,seen,bit_accuracy,0.8615384615384616
tcn,cpr,0000000001010,7,seen,exact_match,0.0
tcn,cpr,0000000001010,7,unseen,macro_f1,0.12606837606837606
tcn,cpr,0000000001010,7,unseen,micro_f1,0.4827586206896552
tcn,cpr,0000000001010,7,unseen,bit_accuracy,0.7692307692307693
tcn,cpr,0000000001010,7,unseen,exact_match,0.0
tcn,cpr,0000000001100,123,seen,macro_f1,0.1282051282051282
tcn,cpr,0000000001100,123,seen,micro_f1,0.6
tcn,cpr,0000000001100,123,seen,bit_accuracy,0.8461538461538461
tcn,cpr,0000000001100,123,seen,exact_match,0.0
tcn,cpr,0000000001100,123,unseen,macro_f1,0.15384615384615385
tcn,cpr,0000000001100,123,unseen,micro_f1,1.0
tcn,cpr,0000000001100,123,unseen,bit_accuracy,1.0
tcn,cpr,0000000001100,123,unseen,exact_match,1.0
tcn,cpr,0000000001100,42,seen,macro_f1,0.12087912087912088
tcn,cpr,0000000001100,42,seen,micro_f1,0.4375
tcn,cpr,0000000001100,42,seen,bit_accuracy,0.7230769230769231
tcn,cpr,0000000001100,42,seen,exact_match,0.0
tcn,cpr,0000000001100,42,unseen,macro_f1,0.10256410256410256
tcn,cpr,0000000001100,42,unseen,micro_f1,0.5217391304347826
tcn,cpr,0000000001100,42,unseen,bit_accuracy,0.8307692307692308
tcn,cpr,0000000001100,42,unseen,exact_match,0.0
tcn,cpr,0000000001100,7,seen,macro_f1,0.15384615384615385
tcn,cpr,0000000001100,7,seen,micro_f1,0.8
tcn,cpr,0000000001100,7,seen,bit_accuracy,0.9230769230769231
tcn,cpr,0000000001100,7,seen,exact_match,0.2
tcn,cpr,0000000001100,7,unseen,macro_f1,0.15384615384615385
tcn,cpr,0000000001100,7,unseen,micro_f1,0.7407407407407407
tcn,cpr,0000000001100,7,unseen,bit_accuracy,0.8923076923076924
tcn,cpr,0000000001100,7,unseen,exact_match,0.0
tcn,cpr,0000000010000,123,seen,macro_f1,0.07692307692307693
tcn,cpr,0000000010000,123,seen,micro_f1,0.5333333333333333
tcn,cpr,0000000010000,123,seen,bit_accuracy,0.8653846153846154
tcn,cpr,0000000010000,123,seen,exact_match,0.0
tcn,cpr,0000000010000,123,unseen,macro_f1,0.07692307692307693
tcn,cpr,0000000010000,123,unseen,micro_f1,0.7142857142857143
tcn,cpr,0000000010000,123,unseen,bit_accuracy,0.9384615384615385
tcn,cpr,0000000010000,123,unseen,exact_match,0.3
tcn,cpr,0000000010000,42,seen,macro_f1,0.0
tcn,cpr,0000000010000,42,seen,micro_f1,0.0
tcn,cpr,0000000010000,42,seen,bit_accuracy,0.7692307692307693
tcn,cpr,0000000010000,42,seen,exact_match,0.0
tcn,cpr,0000000010000,42,unseen,macro_f1,0.0
tcn,cpr,0000000010000,42,unseen,micro_f1,0.0
tcn,cpr,0000000010000,42,unseen,bit_accuracy,0.7307692307692307
tcn,cpr,0000000010000,42,unseen,exact_match,0.0
tcn,cpr,0000000010000,7,seen,macro_f1,0.06837606837606837
tcn,cpr,0000000010000,7,seen,micro_f1,0.6037735849056604
tcn,cpr,0000000010000,7,seen,bit_accuracy,0.9192307692307692
tcn,cpr,0000000010000,7,seen,exact_match,0.3
tcn,cpr,0000000010000,7,unseen,macro_f1,0.06593406593406594
tcn,cpr,0000000010000,7,unseen,micro_f1,0.6
tcn,cpr,0000000010000,7,unseen,bit_accuracy,0.9230769230769231
tcn,cpr,0000000010000,7,unseen,exact_match,0.25
tcn,cpr,0000000010100,123,seen,macro_f1,0.12606837606837606
tcn,cpr,0000000010100,123,seen,micro_f1,0.6666666666666666
tcn,cpr,0000000010100,123,seen,bit_accuracy,0.8923076923076924
tcn,cpr,0000000010100,123,seen,exact_match,0.4
tcn,cpr,0000000010100,123,unseen,macro_f1,0.06959706959706959
tcn,cpr,0000000010100,123,unseen,micro_f1,0.24
tcn,cpr,0000000010100,123,unseen,bit_accuracy,0.7076923076923077
tcn,cpr,0000000010100,123,unseen,exact_match,0.0
tcn,cpr,0000000010100,42,seen,macro_f1,0.12606837606837606
tcn,cpr,0000000010100,42,seen,micro_f1,0.5833333333333334
tcn,cpr,0000000010100,42,seen,bit_accuracy,0.8461538461538461
tcn,cpr,0000000010100,42,seen,exact_match,0.2
tcn,cpr,0000000010100,42,unseen,macro_f1,0.08333333333333333
tcn,cpr,0000000010100,42,unseen,micro_f1,0.3333333333333333
tcn,cpr,0000000010100,42,unseen,bit_accuracy,0.7538461538461538
tcn,cpr,0000000010100,42,unseen,exact_match,0.0
tcn,cpr,0000000010100,7,seen,macro_f1,0.07692307692307693
tcn,cpr,0000000010100,7,seen,micro_f1,0.4444444444444444
tcn,cpr,0000000010100,7,seen,bit_accuracy,0.8076923076923077
tcn,cpr,0000000010100,7,seen,exact_match,0.0
tcn,cpr,0000000010100,7,unseen,macro_f1,0.07692307692307693
tcn,cpr,0000000010100,7,unseen,micro_f1,0.4444444444444444
tcn,cpr,0000000010100,7,unseen,bit_accuracy,0.8076923076923077
tcn,cpr,0000000010100,7,unseen,exact_match,0.0
tcn,cpr,0000000011000,123,seen,macro_f1,0.15384615384615385
tcn,cpr,0000000011000,123,seen,micro_f1,0.6666666666666666
tcn,cpr,0000000011000,123,seen,bit_accuracy,0.8461538461538461
tcn,cpr,0000000011000,123,seen,exact_match,0.0
tcn,cpr,0000000011000,123,unseen,macro_f1,0.07692307692307693
tcn,cpr,0000000011000,123,unseen,micro_f1,0.5
tcn,cpr,0000000011000,123,unseen,bit_accuracy,0.8461538461538461
tcn,cpr,0000000011000,123,unseen,exact_match,0.0
tcn,cpr,0000000011000,42,seen,macro_f1,0.10256410256410256
tcn,cpr,0000000011000,42,seen,micro_f1,0.5217391304347826
tcn,cpr,0000000011000,42,seen,bit_accuracy,0.8307692307692308
tcn,cpr,0000000011000,42,seen,exact_match,0.0
tcn,cpr,0000000011000,42,unseen,macro_f1,0.07692307692307693
tcn,cpr,0000000011000,42,unseen,micro_f1,0.5
tcn,cpr,0000000011000,42,unseen,bit_accuracy,0.8461538461538461
tcn,cpr,0000000011000,42,unseen,exact_match,0.0
tcn,cpr,0000000011000,7,seen,macro_f1,0.07692307692307693
tcn,cpr,0000000011000,7,seen,micro_f1,0.5882352941176471
tcn,cpr,0000000011000,7,seen,bit_accuracy,0.8923076923076924
tcn,cpr,0000000011000,7,seen,exact_match,0.0
tcn,cpr,0000000011000,7,unseen,macro_f1,0.07692307692307693
tcn,cpr,0000000011000,7,unseen,micro_f1,0.5555555555555556
tcn,cpr,0000000011000,7,unseen,bit_accuracy,0.8769230769230769
tcn,cpr,0000000011000,7,unseen,exact_match,0.0
tcn,cpr,0000000100000,123,seen,macro_f1,0.07692307692307693
tcn,cpr,0000000100000,123,seen,micro_f1,0.625
tcn,cpr,0000000100000,123,seen,bit_accuracy,0.9076923076923077
tcn,cpr,0000000100000,123,seen,exact_match,0.25
tcn,cpr,0000000100000,123,unseen,macro_f1,0.07692307692307693
tcn,cpr,0000000100000,123,unseen,micro_f1,0.43010752688172044
tcn,cpr,0000000100000,123,unseen,bit_accuracy,0.7961538461538461
tcn,cpr,0000000100000,123,unseen,exact_match,0.0
tcn,cpr,0000000100000,42,seen,macro_f1,0.07692307692307693
tcn,cpr,0000000100000,42,seen,micro_f1,0.9090909090909091
tcn,cpr,0000000100000,42,seen,bit_accuracy,0.9846153846153847
tcn,cpr,0000000100000,42,seen,exact_match,0.85
tcn,cpr,0000000100000,42,unseen,macro_f1,0.07692307692307693
tcn,cpr,0000000100000,42,unseen,micro_f1,0.5194805194805194
tcn,cpr,0000000100000,42,unseen,bit_accuracy,0.8576923076923076
tcn,cpr,0000000100000,42,unseen,exact_match,0.0
tcn,cpr,0000000100000,7,seen,macro_f1,0.07692307692307693
tcn,cpr,0000000100000,7,seen,micro_f1,0.6666666666666666
tcn,cpr,0000000100000,7,seen,bit_accuracy,0.9230769230769231
tcn,cpr,0000000100000,7,seen,exact_match,0.0
tcn,cpr,0000000100000,7,unseen,macro_f1,0.07692307692307693
tcn,cpr,0000000100000,7,unseen,micro_f1,0.4444444444444444
tcn,cpr,0000000100000,7,unseen,bit_accuracy,0.8076923076923077
tcn,cpr,0000000100000,7,unseen,exact_match,0.0
tcn,cpr,0000000100001,123,seen,macro_f1,0.07692307692307693
tcn,cpr,0000000100001,123,seen,micro_f1,0.4444444444444444
tcn,cpr,0000000100001,123,seen,bit_accuracy,0.8076923076923077
tcn,cpr,0000000100001,123,seen,exact_match,0.0
tcn,cpr,0000000100001,123,unseen,macro_f1,0.07692307692307693
tcn,cpr,0000000100001,123,unseen,micro_f1,0.5
tcn,cpr,0000000100001,123,unseen,bit_accuracy,0.8461538461538461
tcn,cpr,0000000100001,123,unseen,exact_match,0.0
tcn,cpr,0000000100001,42,seen,macro_f1,0.07692307692307693
tcn,cpr,0000000100001,42,seen,micro_f1,0.43478260869565216
tcn,cpr,0000000100001,42,seen,bit_accuracy,0.8
tcn,cpr,0000000100001,42,seen,exact_match,0.0
tcn,cpr,0000000100001,42,unseen,macro_f1,0.07692307692307693
tcn,cpr,0000000100001,42,unseen,micro_f1,0.4166666666666667
tcn,cpr,0000000100001,42,unseen,bit_accuracy,0.7846153846153846
tcn,cpr,0000000100001,42,unseen,exact_match,0.0
tcn,cpr,0000000100001,7,seen,macro_f1,0.1346153846153846
tcn,cpr,0000000100001,7,seen,micro_f1,0.6956521739130435
tcn,cpr,0000000100001,7,seen,bit_accuracy,0.8923076923076924
tcn,cpr,0000000100001,7,seen,exact_match,0.0
tcn,cpr,0000000100001,7,unseen,macro_f1,0.07692307692307693
tcn,cpr,0000000100001,7,unseen,micro_f1,0.4
tcn,cpr,0000000100001,7,unseen,bit_accuracy,0.7692307692307693
tcn,cpr,0000000100001,7,unseen,exact_match,0.0
tcn,cpr,0000000100010,123,seen,macro_f1,0.07692307692307693
tcn,cpr,0000000100010,123,seen,micro_f1,0.4166666666666667
tcn,cpr,0000000100010,123,seen,bit_accuracy,0.7846153846153846
tcn,cpr,0000000100010,123,seen,exact_match,0.0
tcn,cpr,0000000100010,123,unseen,macro_f1,0.07692307692307693
tcn,cpr,0000000100010,123,unseen,micro_f1,0.5
tcn,cpr,0000000100010,123,unseen,bit_accuracy,0.8461538461538461
tcn,cpr,0000000100010,123,unseen,exact_match,0.0
tcn,cpr,0000000100010,42,seen,macro_f1,0.07692307692307693
tcn,cpr,0000000100010,42,seen,micro_f1,0.36363636363636365
tcn,cpr,0000000100010,42,seen,bit_accuracy,0.7307692307692307
tcn,cpr,0000000100010,42,seen,exact_match,0.0
tcn,cpr,0000000100010,42,unseen,macro_f1,0.07692307692307693
tcn,cpr,0000000100010,42,unseen,micro_f1,0.3076923076923077
tcn,cpr,0000000100010,42,unseen,bit_accuracy,0.6538461538461539
tcn,cpr,0000000100010,42,unseen,exact_match,0.0
tcn,cpr,0000000100010,7,seen,macro_f1,0.07692307692307693
tcn,cpr,0000000100010,7,seen,micro_f1,0.5555555555555556
tcn,cpr,0000000100010,7,seen,bit_accuracy,0.8769230769230769
tcn,cpr,0000000100010,7,seen,exact_match,0.0
tcn,cpr,0000000100010,7,unseen,macro_f1,0.07692307692307693
tcn,cpr,0000000100010,7,unseen,micro_f1,0.38461538461538464
tcn,cpr,0000000100010,7,unseen,bit_accuracy,0.7538461538461538
tcn,cpr,0000000100010,7,unseen,exact_match,0.0
tcn,cpr,0000000100100,123,seen,macro_f1,0.07692307692307693
tcn,cpr,0000000100100,123,seen,micro_f1,0.4
tcn,cpr,0000000100100,123,seen,bit_accuracy,0.7692307692307693
tcn,cpr,0000000100100,123,seen,exact_match,0.0
tcn,cpr,0000000100100,123,unseen,macro_f1,0.07692307692307693
tcn,cpr,0000000100100,123,unseen,micro_f1,0.3076923076923077
tcn,cpr,0000000100100,123,unseen,bit_accuracy,0.6538461538461539
tcn,cpr,0000000100100,123,unseen,exact_match,0.0
tcn,cpr,0000000100100,42,seen,macro_f1,0.07692307692307693
tcn,cpr,0000000100100,42,seen,micro_f1,0.38461538461538464
tcn,cpr,0000000100100,42,seen,bit_accuracy,0.7538461538461538
tcn,cpr,0000000100100,42,seen,exact_match,0.0
tcn,cpr,0000000100100,42,unseen,macro_f1,0.07692307692307693
tcn,cpr,0000000100100,42,unseen,micro_f1,0.30303030303030304
tcn,cpr,0000000100100,42,unseen,bit_accuracy,0.6461538461538462
tcn,cpr,0000000100100,42,unseen,exact_match,0.0
tcn,cpr,0000000100100,7,seen,macro_f1,0.1346153846153846
tcn,cpr,0000000100100,7,seen,micro_f1,0.6153846153846154
tcn,cpr,0000000100100,7,seen,bit_accuracy,0.8461538461538461
tcn,cpr,0000000100100,7,seen,exact_match,0.0
tcn,cpr,0000000100100,7,unseen,macro_f1,0.07692307692307693
tcn,cpr,0000000100100,7,unseen,micro_f1,0.5882352941176471
tcn,cpr,0000000100100,7,unseen,bit_accuracy,0.8923076923076924
tcn,cpr,0000000100100,7,unseen,exact_match,0.0
tcn,cpr,0000000101000,123,seen,macro_f1,0.07692307692307693
tcn,cpr,0000000101000,123,seen,micro_f1,0.45454545454545453
tcn,cpr,0000000101000,123,seen,bit_accuracy,0.8153846153846154
tcn,cpr,0000000101000,123,seen,exact_match,0.0
tcn,cpr,0000000101000,123,unseen,macro_f1,0.07692307692307693
tcn,cpr,0000000101000,123,unseen,micro_f1,0.5263157894736842
tcn,cpr,0000000101000,123,unseen,bit_accuracy,0.8615384615384616
tcn,cpr,0000000101000,123,unseen,exact_match,0.0
tcn,cpr,0000000101000,42,seen,macro_f1,0.07692307692307693
tcn,cpr,0000000101000,42,seen,micro_f1,0.4
tcn,cpr,0000000101000,42,seen,bit_accuracy,0.7692307692307693
tcn,cpr,0000000101000,42,seen,exact_match,0.0
tcn,cpr,0000000101000,42,unseen,macro_f1,0.07692307692307693
tcn,cpr,0000000101000,42,unseen,micro_f1,0.4
tcn,cpr,0000000101000,42,unseen,bit_accuracy,0.7692307692307693
tcn,cpr,0000000101000,42,unseen,exact_match,0.0
tcn,cpr,0000000101000,7,seen,macro_f1,0.07692307692307693
tcn,cpr,0000000101000,7,seen,micro_f1,0.37037037037037035
tcn,cpr,0000000101000,7,seen,bit_accuracy,0.7384615384615385
tcn,cpr,0000000101000,7,seen,exact_match,0.0
tcn,cpr,0000000101000,7,unseen,macro_f1,0.07692307692307693
tcn,cpr,0000000101000,7,unseen,micro_f1,0.3125
tcn,cpr,0000000101000,7,unseen,bit_accuracy,0.6615384615384615
tcn,cpr,0000000101000,7,unseen,exact_match,0.0
tcn,cpr,0000000110000,123,seen,macro_f1,0.07692307692307693
tcn,cpr,0000000110000,123,seen,micro_f1,0.3333333333333333
tcn,cpr,0000000110000,123,seen,bit_accuracy,0.6923076923076923
tcn,cpr,0000000110000,123,seen,exact_match,0.0
tcn,cpr,0000000110000,123,unseen,macro_f1,0.07692307692307693
tcn,cpr,0000000110000,123,unseen,micro_f1,0.2857142857142857
tcn,cpr,0000000110000,123,unseen,bit_accuracy,0.6153846153846154
tcn,cpr,0000000110000,123,unseen,exact_match,0.0
tcn,cpr,0000000110000,42,seen,macro_f1,0.14529914529914528
tcn,cpr,0000000110000,42,seen,micro_f1,0.9
tcn,cpr,0000000110000,42,seen,bit_accuracy,0.9692307692307692
tcn,cpr,0000000110000,42,seen,exact_match,0.6
tcn,cpr,0000000110000,42,unseen,macro_f1,0.07692307692307693
tcn,cpr,0000000110000,42,unseen,micro_f1,0.38461538461538464
tcn,cpr,0000000110000,42,unseen,bit_accuracy,0.7538461538461538
tcn,cpr,0000000110000,42,unseen,exact_match,0.0
tcn,cpr,0000000110000,7,seen,macro_f1,0.12087912087912088
tcn,cpr,0000000110000,7,seen,micro_f1,0.5384615384615384
tcn,cpr,0000000110000,7,seen,bit_accuracy,0.8153846153846154
tcn,cpr,0000000110000,7,seen,exact_match,0.0
tcn,cpr,0000000110000,7,unseen,macro_f1,0.07692307692307693
tcn,cpr,0000000110000,7,unseen,micro_f1,0.37037037037037035
tcn,cpr,0000000110000,7,unseen,bit_accuracy,0.7384615384615385
tcn,cpr,0000000110000,7,unseen,exact_match,0.0
tcn,cpr,0000001000000,123,seen,macro_f1,0.07692307692307693
tcn,cpr,0000001000000,123,seen,micro_f1,0.8695652173913043
tcn,cpr,0000001000000,123,seen,bit_accuracy,0.9769230769230769
tcn,cpr,0000001000000,123,seen,exact_match,0.7
tcn,cpr,0000001000000,123,unseen,macro_f1,0.07692307692307693
tcn,cpr,0000001000000,123,unseen,micro_f1,0.4166666666666667
tcn,cpr,0000001000000,123,unseen,bit_accuracy,0.7846153846153846
tcn,cpr,0000001000000,123,unseen,exact_match,0.0
tcn,cpr,0000001000000,42,seen,macro_f1,0.07692307692307693
tcn,cpr,0000001000000,42,seen,micro_f1,1.0
tcn,cpr,0000001000000,42,seen,bit_accuracy,1.0
tcn,cpr,0000001000000,42,seen,exact_match,1.0
tcn,cpr,0000001000000,42,unseen,macro_f1,0.07692307692307693
tcn,cpr,0000001000000,42,unseen,micro_f1,0.8
tcn,cpr,0000001000000,42,unseen,bit_accuracy,0.9615384615384616
tcn,cpr,0000001000000,42,unseen,exact_match,0.5
tcn,cpr,0000001000000,7,seen,macro_f1,0.07692307692307693
tcn,cpr,0000001000000,7,seen,micro_f1,0.6779661016949152
tcn,cpr,0000001000000,7,seen,bit_accuracy,0.926923076923077
tcn,cpr,0000001000000,7,seen,exact_match,0.45
tcn,cpr,0000001000000,7,unseen,macro_f1,0.07692307692307693
tcn,cpr,0000001000000,7,unseen,micro_f1,0.5333333333333333
tcn,cpr,0000001000000,7,unseen,bit_accuracy,0.8653846153846154
tcn,cpr,0000001000000,7,unseen,exact_match,0.05
tcn,cpr,0000001000001,123,seen,macro_f1,0.1346153846153846
tcn,cpr,0000001000001,123,seen,micro_f1,0.7619047619047619
tcn,cpr,0000001000001,123,seen,bit_accuracy,0.9230769230769231
tcn,cpr,0000001000001,123,seen,exact_match,0.4
tcn,cpr,0000001000001,123,unseen,macro_f1,0.07692307692307693
tcn,cpr,0000001000001,123,unseen,micro_f1,0.43478260869565216
tcn,cpr,0000001000001,123,unseen,bit_accuracy,0.8
tcn,cpr,0000001000001,123,unseen,exact_match,0.0
tcn,cpr,0000001000001,42,seen,macro_f1,0.10256410256410256
tcn,cpr,0000001000001,42,seen,micro_f1,0.631578947368421
tcn,cpr,0000001000001,42,seen,bit_accuracy,0.8923076923076924
tcn,cpr,0000001000001,42,seen,exact_match,0.2
tcn,cpr,0000001000001,42,unseen,macro_f1,0.07692307692307693
tcn,cpr,0000001000001,42,unseen,micro_f1,0.5555555555555556
tcn,cpr,0000001000001,42,unseen,bit_accuracy,0.8769230769230769
tcn,cpr,0000001000001,42,unseen,exact_match,0.0
tcn,cpr,0000001000001,7,seen,macro_f1,0.15384615384615385
tcn,cpr,0000001000001,7,seen,micro_f1,0.5714285714285714
tcn,cpr,0000001000001,7,seen,bit_accuracy,0.7692307692307693
tcn,cpr,0000001000001,7,seen,exact_match,0.0
tcn,cpr,0000001000001,7,unseen,macro_f1,0.07692307692307693
tcn,cpr,0000001000001,7,unseen,micro_f1,0.4
tcn,cpr,0000001000001,7,unseen,bit_accuracy,0.7692307692307693
tcn,cpr,0000001000001,7,unseen,exact_match,0.0
tcn,cpr,0000001000010,123,seen,macro_f1,0.07692307692307693
tcn,cpr,0000001000010,123,seen,micro_f1,0.5
tcn,cpr,0000001000010,123,seen,bit_accuracy,0.8461538461538461
tcn,cpr,0000001000010,123,seen,exact_match,0.0
tcn,cpr,0000001000010,123,unseen,macro_f1,0.07692307692307693
tcn,cpr,0000001000010,123,unseen,micro_f1,0.6666666666666666
tcn,cpr,0000001000010,123,unseen,bit_accuracy,0.9230769230769231
tcn,cpr,0000001000010,123,unseen,exact_match,0.0
tcn,cpr,0000001000010,42,seen,macro_f1,0.10256410256410256
tcn,cpr,0000001000010,42,seen,micro_f1,0.5714285714285714
tcn,cpr,0000001000010,42,seen,bit_accuracy,0.8615384615384616
tcn,cpr,0000001000010,42,seen,exact_match,0.2
tcn,cpr,0000001000010,42,unseen,macro_f1,0.07692307692307693
tcn,cpr,0000001000010,42,unseen,micro_f1,0.37037037037037035
tcn,cpr,0000001000010,42,unseen,bit_accuracy,0.7384615384615385
tcn,cpr,0000001000010,42,unseen,exact_match,0.0
tcn,cpr,0000001000010,7,seen,macro_f1,0.12087912087912088
tcn,cpr,0000001000010,7,seen,micro_f1,0.6363636363636364
tcn,cpr,0000001000010,7,seen,bit_accuracy,0.8769230769230769
tcn,cpr,0000001000010,7,seen,exact_match,0.0
tcn,cpr,0000001000010,7,unseen,macro_f1,0.07692307692307693
tcn,cpr,0000001000010,7,unseen,micro_f1,0.5555555555555556
tcn,cpr,0000001000010,7,unseen,bit_accuracy,0.8769230769230769
tcn,cpr,0000001000010,7,unseen,exact_match,0.0
tcn,cpr,0000001000100,123,seen,macro_f1,0.12087912087912088
tcn,cpr,0000001000100,123,seen,micro_f1,0.6666666666666666
tcn,cpr,0000001000100,123,seen,bit_accuracy,0.8923076923076924
tcn,cpr,0000001000100,123,seen,exact_match,0.2
tcn,cpr,0000001000100,123,unseen,macro_f1,0.07692307692307693
tcn,cpr,0000001000100,123,unseen,micro_f1,0.5
tcn,cpr,0000001000100,123,unseen,bit_accuracy,0.8461538461538461
tcn,cpr,0000001000100,123,unseen,exact_match,0.0
tcn,cpr,0000001000100,42,seen,macro_f1,0.07692307692307693
tcn,cpr,0000001000100,42,seen,micro_f1,0.47619047619047616
tcn,cpr,0000001000100,42,seen,bit_accuracy,0.8307692307692308
tcn,cpr,0000001000100,42,seen,exact_match,0.0
tcn,cpr,0000001000100,42,unseen,macro_f1,0.07692307692307693
tcn,cpr,0000001000100,42,unseen,micro_f1,0.38461538461538464
tcn,cpr,0000001000100,42,unseen,bit_accuracy,0.7538461538461538
tcn,cpr,0000001000100,42,unseen,exact_match,0.0
tcn,cpr,0000001000100,7,seen,macro_f1,0.07692307692307693
tcn,cpr,0000001000100,7,seen,micro_f1,0.4
tcn,cpr,0000001000100,7,seen,bit_accuracy,0.7692307692307693
tcn,cpr,0000001000100,7,seen,exact_match,0.0
tcn,cpr,0000001000100,7,unseen,macro_f1,0.07692307692307693
tcn,cpr,0000001000100,7,unseen,micro_f1,0.4
tcn,cpr,0000001000100,7,unseen,bit_accuracy,0.7692307692307693
tcn,cpr,0000001000100,7,unseen,exact_match,0.0
tcn,cpr,0000001001000,123,seen,macro_f1,0.07692307692307693
tcn,cpr,0000001001000,123,seen,micro_f1,0.4
tcn,cpr,0000001001000,123,seen,bit_accuracy,0.7692307692307693
tcn,cpr,0000001001000,123,seen,exact_match,0.0
tcn,cpr,0000001001000,123,unseen,macro_f1,0.07692307692307693
tcn,cpr,0000001001000,123,unseen,micro_f1,0.4444444444444444
tcn,cpr,0000001001000,123,unseen,bit_accuracy,0.8076923076923077
tcn,cpr,0000001001000,123,unseen,exact_match,0.0
tcn,cpr,0000001001000,42,seen,macro_f1,0.07692307692307693
tcn,cpr,0000001001000,42,seen,micro_f1,0.4
tcn,cpr,0000001001000,42,seen,bit_accuracy,0.7692307692307693
tcn,cpr,0000001001000,42,seen,exact_match,0.0
tcn,cpr,0000001001000,42,unseen,macro_f1,0.07692307692307693
tcn,cpr,0000001001000,42,unseen,micro_f1,0.43478260869565216
tcn,cpr,0000001001000,42,unseen,bit_accuracy,0.8
tcn,cpr,0000001001000,42,unseen,exact_match,0.0
tcn,cpr,0000001001000,7,seen,macro_f1,0.07692307692307693
tcn,cpr,0000001001000,7,seen,micro_f1,0.4
tcn,cpr,0000001001000,7,seen,bit_accuracy,0.7692307692307693
tcn,cpr,0000001001000,7,seen,exact_match,0.0
tcn,cpr,0000001001000,7,unseen,macro_f1,0.07692307692307693
tcn,cpr,0000001001000,7,unseen,micro_f1,0.4166666666666667
tcn,cpr,0000001001000,7,unseen,bit_accuracy,0.7846153846153846
tcn,cpr,0000001001000,7,unseen,exact_match,0.0
tcn,cpr,0000001010000,123,seen,macro_f1,0.12087912087912088
tcn,cpr,0000001010000,123,seen,micro_f1,0.7
tcn,cpr,0000001010000,123,seen,bit_accuracy,0.9076923076923077
tcn,cpr,0000001010000,123,seen,exact_match,0.4
tcn,cpr,0000001010000,123,unseen,macro_f1,0.07692307692307693
tcn,cpr,0000001010000,123,unseen,micro_f1,0.5
tcn,cpr,0000001010000,123,unseen,bit_accuracy,0.8461538461538461
tcn,cpr,0000001010000,123,unseen,exact_match,0.0
tcn,cpr,0000001010000,42,seen,macro_f1,0.1346153846153846
tcn,cpr,0000001010000,42,seen,micro_f1,0.7272727272727273
tcn,cpr,0000001010000,42,seen,bit_accuracy,0.9076923076923077
tcn,cpr,0000001010000,42,seen,exact_match,0.0
tcn,cpr,0000001010000,42,unseen,macro_f1,0.07692307692307693
tcn,cpr,0000001010000,42,unseen,micro_f1,0.5
tcn,cpr,0000001010000,42,unseen,bit_accuracy,0.8461538461538461
tcn,cpr,0000001010000,42,unseen,exact_match,0.0
tcn,cpr,0000001010000,7,seen,macro_f1,0.15384615384615385
tcn,cpr,0000001010000,7,seen,micro_f1,1.0
tcn,cpr,0000001010000,7,seen,bit_accuracy,1.0
tcn,cpr,0000001010000,7,seen,exact_match,1.0
tcn,cpr,0000001010000,7,unseen,macro_f1,0.07692307692307693
tcn,cpr,0000001010000,7,unseen,micro_f1,0.5
tcn,cpr,0000001010000,7,unseen,bit_accuracy,0.8461538461538461
tcn,cpr,0000001010000,7,unseen,exact_match,0.0
tcn,cpr,0000010000000,123,seen,macro_f1,0.04395604395604395
tcn,cpr,0000010000000,123,seen,micro_f1,0.21333333333333335
tcn,cpr,0000010000000,123,seen,bit_accuracy,0.7730769230769231
tcn,cpr,0000010000000,123,seen,exact_match,0.0
tcn,cpr,0000010000000,123,unseen,macro_f1,0.04774535809018568
tcn,cpr,0000010000000,123,unseen,micro_f1,0.1956521739130435
tcn,cpr,0000010000000,123,unseen,bit_accuracy,0.7153846153846154
tcn,cpr,0000010000000,123,unseen,exact_match,0.0
tcn,cpr,0000010000000,42,seen,macro_f1,0.0
tcn,cpr,0000010000000,42,seen,micro_f1,0.0
tcn,cpr,0000010000000,42,seen,bit_accuracy,0.7923076923076923
tcn,cpr,0000010000000,42,seen,exact_match,0.0
tcn,cpr,0000010000000,42,unseen,macro_f1,0.03076923076923077
tcn,cpr,0000010000000,42,unseen,micro_f1,0.14925373134328357
tcn,cpr,0000010000000,42,unseen,bit_accuracy,0.7807692307692308
tcn,cpr,0000010000000,42,unseen,exact_match,0.0
tcn,cpr,0000010000000,7,seen,macro_f1,0.07692307692307693
tcn,cpr,0000010000000,7,seen,micro_f1,0.5
tcn,cpr,0000010000000,7,seen,bit_accuracy,0.8461538461538461
tcn,cpr,0000010000000,7,seen,exact_match,0.0
tcn,cpr,0000010000000,7,unseen,macro_f1,0.07692307692307693
tcn,cpr,0000010000000,7,unseen,micro_f1,0.4
tcn,cpr,0000010000000,7,unseen,bit_accuracy,0.7692307692307693
tcn,cpr,0000010000000,7,unseen,exact_match,0.0
tcn,cpr,0000010000010,123,seen,macro_f1,0.10256410256410256
tcn,cpr,0000010000010,123,seen,micro_f1,0.48
tcn,cpr,0000010000010,123,seen,bit_accuracy,0.8
tcn,cpr,0000010000010,123,seen,exact_match,0.0
tcn,cpr,0000010000010,123,unseen,macro_f1,0.07692307692307693
tcn,cpr,0000010000010,123,unseen,micro_f1,0.4166666666666667
tcn,cpr,0000010000010,123,unseen,bit_accuracy,0.7846153846153846
tcn,cpr,0000010000010,123,unseen,exact_match,0.0
tcn,cpr,0000010000010,42,seen,macro_f1,0.07692307692307693
tcn,cpr,0000010000010,42,seen,micro_f1,0.5714285714285714
tcn,cpr,0000010000010,42,seen,bit_accuracy,0.8846153846153846
tcn,cpr,0000010000010,42,seen,exact_match,0.0
tcn,cpr,0000010000010,42,unseen,macro_f1,0.07692307692307693
tcn,cpr,0000010000010,42,unseen,micro_f1,0.3333333333333333
tcn,cpr,0000010000010,42,unseen,bit_accuracy,0.6923076923076923
tcn,cpr,0000010000010,42,unseen,exact_match,0.0
tcn,cpr,0000010000010,7,seen,macro_f1,0.07692307692307693
tcn,cpr,0000010000010,7,seen,micro_f1,0.5
tcn,cpr,0000010000010,7,seen,bit_accuracy,0.8461538461538461
tcn,cpr,0000010000010,7,seen,exact_match,0.0
tcn,cpr,0000010000010,7,unseen,macro_f1,0.057692307692307696
tcn,cpr,0000010000010,7,unseen,micro_f1,0.2857142857142857
tcn,cpr,0000010000010,7,unseen,bit_accuracy,0.7692307692307693
tcn,cpr,0000010000010,7,unseen,exact_match,0.0
tcn,cpr,0000010000100,123,seen,macro_f1,0.07692307692307693
tcn,cpr,0000010000100,123,seen,micro_f1,0.5714285714285714
tcn,cpr,0000010000100,123,seen,bit_accuracy,0.8846153846153846
tcn,cpr,0000010000100,123,seen,exact_match,0.0
tcn,cpr,0000010000100,123,unseen,macro_f1,0.07692307692307693
tcn,cpr,0000010000100,123,unseen,micro_f1,0.5714285714285714
tcn,cpr,0000010000100,123,unseen,bit_accuracy,0.8846153846153846
tcn,cpr,0000010000100,123,unseen,exact_match,0.0
tcn,cpr,0000010000100,42,seen,macro_f1,0.14529914529914528
tcn,cpr,0000010000100,42,seen,micro_f1,0.8571428571428571
tcn,cpr,0000010000100,42,seen,bit_accuracy,0.9538461538461539
tcn,cpr,0000010000100,42,seen,exact_match,0.4
tcn,cpr,0000010000100,42,unseen,macro_f1,0.07692307692307693
tcn,cpr,0000010000100,42,unseen,micro_f1,0.35714285714285715
tcn,cpr,0000010000100,42,unseen,bit_accuracy,0.7230769230769231
tcn,cpr,0000010000100,42,unseen,exact_match,0.0
tcn,cpr,0000010000100,7,seen,macro_f1,0.12606837606837606
tcn,cpr,0000010000100,7,seen,micro_f1,0.5833333333333334
tcn,cpr,0000010000100,7,seen,bit_accuracy,0.8461538461538461
tcn,cpr,0000010000100,7,seen,exact_match,0.0
tcn,cpr,0000010000100,7,unseen,macro_f1,0.10256410256410256
tcn,cpr,0000010000100,7,unseen,micro_f1,0.6
tcn,cpr,0000010000100,7,unseen,bit_accuracy,0.8769230769230769
tcn,cpr,0000010000100,7,unseen,exact_match,0.0
tcn,cpr,0000010001000,123,seen,macro_f1,0.07692307692307693
tcn,cpr,0000010001000,123,seen,micro_f1,0.5555555555555556
tcn,cpr,0000010001000,123,seen,bit_accuracy,0.8769230769230769
tcn,cpr,0000010001000,123,seen,exact_match,0.0
tcn,cpr,0000010001000,123,unseen,macro_f1,0.07692307692307693
tcn,cpr,0000010001000,123,unseen,micro_f1,0.5
tcn,cpr,0000010001000,123,unseen,bit_accuracy,0.8461538461538461
tcn,cpr,0000010001000,123,unseen,exact_match,0.0
tcn,cpr,0000010001000,42,seen,macro_f1,0.15384615384615385
tcn,cpr,0000010001000,42,seen,micro_f1,0.5714285714285714
tcn,cpr,0000010001000,42,seen,bit_accuracy,0.7692307692307693
tcn,cpr,0000010001000,42,seen,exact_match,0.0
tcn,cpr,0000010001000,42,unseen,macro_f1,0.15384615384615385
tcn,cpr,0000010001000,42,unseen,micro_f1,0.6153846153846154
tcn,cpr,0000010001000,42,unseen,bit_accuracy,0.8076923076923077
tcn,cpr,0000010001000,42,unseen,exact_match,0.0
tcn,cpr,0000010001000,7,seen,macro_f1,0.1346153846153846
tcn,cpr,0000010001000,7,seen,micro_f1,0.64
tcn,cpr,0000010001000,7,seen,bit_accuracy,0.8615384615384616
tcn,cpr,0000010001000,7,seen,exact_match,0.0
tcn,cpr,0000010001000,7,unseen,macro_f1,0.06837606837606837
tcn,cpr,0000010001000,7,unseen,micro_f1,0.38095238095238093
tcn,cpr,0000010001000,7,unseen,bit_accuracy,0.8
tcn,cpr,0000010001000,7,unseen,exact_match,0.0
tcn,cpr,0000010010000,123,seen,macro_f1,0.15384615384615385
tcn,cpr,0000010010000,123,seen,micro_f1,0.8
tcn,cpr,0000010010000,123,seen,bit_accuracy,0.9230769230769231
tcn,cpr,0000010010000,123,seen,exact_match,0.0
tcn,cpr,0000010010000,123,unseen,macro_f1,0.07692307692307693
tcn,cpr,0000010010000,123,unseen,micro_f1,0.4
tcn,cpr,0000010010000,123,unseen,bit_accuracy,0.7692307692307693
tcn,cpr,0000010010000,123,unseen,exact_match,0.0
tcn,cpr,0000010010000,42,seen,macro_f1,0.07692307692307693
tcn,cpr,0000010010000,42,seen,micro_f1,0.47619047619047616
tcn,cpr,0000010010000,42,seen,bit_accuracy,0.8307692307692308
tcn,cpr,0000010010000,42,seen,exact_match,0.0
tcn,cpr,0000010010000,42,unseen,macro_f1,0.1346153846153846
tcn,cpr,0000010010000,42,unseen,micro_f1,0.7272727272727273
tcn,cpr,0000010010000,42,unseen,bit_accuracy,0.9076923076923077
tcn,cpr,0000010010000,42,unseen,exact_match,0.2
tcn,cpr,0000010010000,7,seen,macro_f1,0.094017094017094
tcn,cpr,0000010010000,7,seen,micro_f1,0.4166666666666667
tcn,cpr,0000010010000,7,seen,bit_accuracy,0.7846153846153846
tcn,cpr,0000010010000,7,seen,exact_match,0.0
tcn,cpr,0000010010000,7,unseen,macro_f1,0.10164835164835165
tcn,cpr,0000010010000,7,unseen,micro_f1,0.4166666666666667
tcn,cpr,0000010010000,7,unseen,bit_accuracy,0.7846153846153846
tcn,cpr,0000010010000,7,unseen,exact_match,0.0
tcn,cpr,0000010100000,123,seen,macro_f1,0.15384615384615385
tcn,cpr,0000010100000,123,seen,micro_f1,0.7142857142857143
tcn,cpr,0000010100000,123,seen,bit_accuracy,0.8769230769230769
tcn,cpr,0000010100000,123,seen,exact_match,0.0
tcn,cpr,0000010100000,123,unseen,macro_f1,0.07692307692307693
tcn,cpr,0000010100000,123,unseen,micro_f1,0.2857142857142857
tcn,cpr,0000010100000,123,unseen,bit_accuracy,0.6153846153846154
tcn,cpr,0000010100000,123,unseen,exact_match,0.0
tcn,cpr,0000010100000,42,seen,macro_f1,0.1282051282051282
tcn,cpr,0000010100000,42,seen,micro_f1,0.6666666666666666
tcn,cpr,0000010100000,42,seen,bit_accuracy,0.8846153846153846
tcn,cpr,0000010100000,42,seen,exact_match,0.0
tcn,cpr,0000010100000,42,unseen,macro_f1,0.07692307692307693
tcn,cpr,0000010100000,42,unseen,micro_f1,0.4
tcn,cpr,0000010100000,42,unseen,bit_accuracy,0.7692307692307693
tcn,cpr,0000010100000,42,unseen,exact_match,0.0
tcn,cpr,0000010100000,7,seen,macro_f1,0.10256410256410256
tcn,cpr,0000010100000,7,seen,micro_f1,0.5454545454545454
tcn,cpr,0000010100000,7,seen,bit_accuracy,0.8461538461538461
tcn,cpr,0000010100000,7,seen,exact_match,0.2
tcn,cpr,0000010100000,7,unseen,macro_f1,0.07692307692307693
tcn,cpr,0000010100000,7,unseen,micro_f1,0.5555555555555556
tcn,cpr,0000010100000,7,unseen,bit_accuracy,0.8769230769230769
tcn,cpr,0000010100000,7,unseen,exact_match,0.0
tcn,cpr,0000011000000,123,seen,macro_f1,0.07692307692307693
tcn,cpr,0000011000000,123,seen,micro_f1,0.5714285714285714
tcn,cpr,0000011000000,123,seen,bit_accuracy,0.8846153846153846
tcn,cpr,0000011000000,123,seen,exact_match,0.0
tcn,cpr,0000011000000,123,unseen,macro_f1,0.07692307692307693
tcn,cpr,0000011000000,123,unseen,micro_f1,0.5
tcn,cpr,0000011000000,123,unseen,bit_accuracy,0.8461538461538461
tcn,cpr,0000011000000,123,unseen,exact_match,0.0
tcn,cpr,0000011000000,42,seen,macro_f1,0.07692307692307693
tcn,cpr,0000011000000,42,seen,micro_f1,0.5
tcn,cpr,0000011000000,42,seen,bit_accuracy,0.8461538461538461
tcn,cpr,0000011000000,42,seen,exact_match,0.0
tcn,cpr,0000011000000,42,unseen,macro_f1,0.07692307692307693
tcn,cpr,0000011000000,42,unseen,micro_f1,0.625
tcn,cpr,0000011000000,42,unseen,bit_accuracy,0.9076923076923077
tcn,cpr,0000011000000,42,unseen,exact_match,0.0
tcn,cpr,0000011000000,7,seen,macro_f1,0.14529914529914528
tcn,cpr,0000011000000,7,seen,micro_f1,0.5806451612903226
tcn,cpr,0000011000000,7,seen,bit_accuracy,0.8
tcn,cpr,0000011000000,7,seen,exact_match,0.0
tcn,cpr,0000011000000,7,unseen,macro_f1,0.07692307692307693
tcn,cpr,0000011000000,7,unseen,micro_f1,0.5
tcn,cpr,0000011000000,7,unseen,bit_accuracy,0.8461538461538461
tcn,cpr,0000011000000,7,unseen,exact_match,0.0
tcn,cpr,0000100000000,123,seen,macro_f1,0.07692307692307693
tcn,cpr,0000100000000,123,seen,micro_f1,0.6060606060606061
tcn,cpr,0000100000000,123,seen,bit_accuracy,0.9
tcn,cpr,0000100000000,123,seen,exact_match,0.0
tcn,cpr,0000100000000,123,unseen,macro_f1,0.07692307692307693
tcn,cpr,0000100000000,123,unseen,micro_f1,0.5405405405405406
tcn,cpr,0000100000000,123,unseen,bit_accuracy,0.8692307692307693
tcn,cpr,0000100000000,123,unseen,exact_match,0.0
tcn,cpr,0000100000000,42,seen,macro_f1,0.07692307692307693
tcn,cpr,0000100000000,42,seen,micro_f1,0.6666666666666666
tcn,cpr,0000100000000,42,seen,bit_accuracy,0.9230769230769231
tcn,cpr,0000100000000,42,seen,exact_match,0.0
tcn,cpr,0000100000000,42,unseen,macro_f1,0.07692307692307693
tcn,cpr,0000100000000,42,unseen,micro_f1,0.5
tcn,cpr,0000100000000,42,unseen,bit_accuracy,0.8461538461538461
tcn,cpr,0000100000000,42,unseen,exact_match,0.0
tcn,cpr,0000100000000,7,seen,macro_f1,0.07692307692307693
tcn,cpr,0000100000000,7,seen,micro_f1,0.5882352941176471
tcn,cpr,0000100000000,7,seen,bit_accuracy,0.8923076923076924
tcn,cpr,0000100000000,7,seen,exact_match,0.1
tcn,cpr,0000100000000,7,unseen,macro_f1,0.07692307692307693
tcn,cpr,0000100000000,7,unseen,micro_f1,0.36036036036036034
tcn,cpr,0000100000000,7,unseen,bit_accuracy,0.7269230769230769
tcn,cpr,0000100000000,7,unseen,exact_match,0.0
tcn,cpr,0000100000001,123,seen,macro_f1,0.15384615384615385
tcn,cpr,0000100000001,123,seen,micro_f1,0.9523809523809523
tcn,cpr,0000100000001,123,seen,bit_accuracy,0.9846153846153847
tcn,cpr,0000100000001,123,seen,exact_match,0.8
tcn,cpr,0000100000001,123,unseen,macro_f1,0.07692307692307693
tcn,cpr,0000100000001,123,unseen,micro_f1,0.5
tcn,cpr,0000100000001,123,unseen,bit_accuracy,0.8461538461538461
tcn,cpr,0000100000001,123,unseen,exact_match,0.0
tcn,cpr,0000100000001,42,seen,macro_f1,0.15384615384615385
tcn,cpr,0000100000001,42,seen,micro_f1,0.8695652173913043
tcn,cpr,0000100000001,42,seen,bit_accuracy,0.9538461538461539
tcn,cpr,0000100000001,42,seen,exact_match,0.4
tcn,cpr,0000100000001,42,unseen,macro_f1,0.07692307692307693
tcn,cpr,0000100000001,42,unseen,micro_f1,0.47619047619047616
tcn,cpr,0000100000001,42,unseen,bit_accuracy,0.8307692307692308
tcn,cpr,0000100000001,42,unseen,exact_match,0.0
tcn,cpr,0000100000001,7,seen,macro_f1,0.07692307692307693
tcn,cpr,0000100000001,7,seen,micro_f1,0.5
tcn,cpr,0000100000001,7,seen,bit_accuracy,0.8461538461538461
tcn,cpr,0000100000001,7,seen,exact_match,0.0
tcn,cpr,0000100000001,7,unseen,macro_f1,0.07692307692307693
tcn,cpr,0000100000001,7,unseen,micro_f1,0.4444444444444444
tcn,cpr,0000100000001,7,unseen,bit_accuracy,0.8076923076923077
tcn,cpr,0000100000001,7,unseen,exact_match,0.0
tcn,cpr,0000100000100,123,seen,macro_f1,0.15384615384615385
tcn,cpr,0000100000100,123,seen,micro_f1,0.8333333333333334
tcn,cpr,0000100000100,123,seen,bit_accuracy,0.9384615384615385
tcn,cpr,0000100000100,123,seen,exact_match,0.4
tcn,cpr,0000100000100,123,unseen,macro_f1,0.07692307692307693
tcn,cpr,0000100000100,123,unseen,micro_f1,0.47619047619047616
tcn,cpr,0000100000100,123,unseen,bit_accuracy,0.8307692307692308
tcn,cpr,0000100000100,123,unseen,exact_match,0.0
tcn,cpr,0000100000100,42,seen,macro_f1,0.15384615384615385
tcn,cpr,0000100000100,42,seen,micro_f1,0.8
tcn,cpr,0000100000100,42,seen,bit_accuracy,0.9230769230769231
tcn,cpr,0000100000100,42,seen,exact_match,0.0
tcn,cpr,0000100000100,42,unseen,macro_f1,0.07692307692307693
tcn,cpr,0000100000100,42,unseen,micro_f1,0.4
tcn,cpr,0000100000100,42,unseen,bit_accuracy,0.7692307692307693
tcn,cpr,0000100000100,42,unseen,exact_match,0.0
tcn,cpr,0000100000100,7,seen,macro_f1,0.07692307692307693
tcn,cpr,0000100000100,7,seen,micro_f1,0.4444444444444444
tcn,cpr,0000100000100,7,seen,bit_accuracy,0.8076923076923077
tcn,cpr,0000100000100,7,seen,exact_match,0.0
tcn,cpr,0000100000100,7,unseen,macro_f1,0.07692307692307693
tcn,cpr,0000100000100,7,unseen,micro_f1,0.4444444444444444
tcn,cpr,0000100000100,7,unseen,bit_accuracy,0.8076923076923077
tcn,cpr,0000100000100,7,unseen,exact_match,0.0
tcn,cpr,0000100001000,123,seen,macro_f1,0.07692307692307693
tcn,cpr,0000100001000,123,seen,micro_f1,0.4
tcn,cpr,0000100001000,123,seen,bit_accuracy,0.7692307692307693
tcn,cpr,0000100001000,123,seen,exact_match,0.0
tcn,cpr,0000100001000,123,unseen,macro_f1,0.07692307692307693
tcn,cpr,0000100001000,123,unseen,micro_f1,0.3333333333333333
tcn,cpr,0000100001000,123,unseen,bit_accuracy,0.6923076923076923
tcn,cpr,0000100001000,123,unseen,exact_match,0.0
tcn,cpr,0000100001000,42,seen,macro_f1,0.07692307692307693
tcn,cpr,0000100001000,42,seen,micro_f1,0.47619047619047616
tcn,cpr,0000100001000,42,seen,bit_accuracy,0.8307692307692308
tcn,cpr,0000100001000,42,seen,exact_match,0.0
tcn,cpr,0000100001000,42,unseen,macro_f1,0.07692307692307693
tcn,cpr,0000100001000,42,unseen,micro_f1,0.35714285714285715
tcn,cpr,0000100001000,42,unseen,bit_accuracy,0.7230769230769231
tcn,cpr,0000100001000,42,unseen,exact_match,0.0
tcn,cpr,0000100001000,7,seen,macro_f1,0.07692307692307693
tcn,cpr,0000100001000,7,seen,micro_f1,0.5555555555555556
tcn,cpr,0000100001000,7,seen,bit_accuracy,0.8769230769230769
tcn,cpr,0000100001000,7,seen,exact_match,0.0
tcn,cpr,0000100001000,7,unseen,macro_f1,0.07692307692307693
tcn,cpr,0000100001000,7,unseen,micro_f1,0.47619047619047616
tcn,cpr,0000100001000,7,unseen,bit_accuracy,0.8307692307692308
tcn,cpr,0000100001000,7,unseen,exact_match,0.0
tcn,cpr,0000100010000,123,seen,macro_f1,0.12087912087912088
tcn,cpr,0000100010000,123,seen,micro_f1,0.7
tcn,cpr,0000100010000,123,seen,bit_accuracy,0.9076923076923077
tcn,cpr,0000100010000,123,seen,exact_match,0.2
tcn,cpr,0000100010000,123,unseen,macro_f1,0.07692307692307693
tcn,cpr,0000100010000,123,unseen,micro_f1,0.5
tcn,cpr,0000100010000,123,unseen,bit_accuracy,0.8461538461538461
tcn,cpr,0000100010000,123,unseen,exact_match,0.0
tcn,cpr,0000100010000,42,seen,macro_f1,0.14529914529914528
tcn,cpr,0000100010000,42,seen,micro_f1,0.8181818181818182
tcn,cpr,0000100010000,42,seen,bit_accuracy,0.9384615384615385
tcn,cpr,0000100010000,42,seen,exact_match,0.6
tcn,cpr,0000100010000,42,unseen,macro_f1,0.07692307692307693
tcn,cpr,0000100010000,42,unseen,micro_f1,0.45454545454545453
tcn,cpr,0000100010000,42,unseen,bit_accuracy,0.8153846153846154
tcn,cpr,0000100010000,42,unseen,exact_match,0.0
tcn,cpr,0000100010000,7,seen,macro_f1,0.15384615384615385
tcn,cpr,0000100010000,7,seen,micro_f1,0.6153846153846154
tcn,cpr,0000100010000,7,seen,bit_accuracy,0.8076923076923077
tcn,cpr,0000100010000,7,seen,exact_match,0.0
tcn,cpr,0000100010000,7,unseen,macro_f1,0.15384615384615385
tcn,cpr,0000100010000,7,unseen,micro_f1,0.7272727272727273
tcn,cpr,0000100010000,7,unseen,bit_accuracy,0.8846153846153846
tcn,cpr,0000100010000,7,unseen,exact_match,0.0
tcn,cpr,0000100100000,123,seen,macro_f1,0.07692307692307693
tcn,cpr,0000100100000,123,seen,micro_f1,0.36363636363636365
tcn,cpr,0000100100000,123,seen,bit_accuracy,0.7307692307692307
tcn,cpr,0000100100000,123,seen,exact_match,0.0
tcn,cpr,0000100100000,123,unseen,macro_f1,0.07692307692307693
tcn,cpr,0000100100000,123,unseen,micro_f1,0.5714285714285714
tcn,cpr,0000100100000,123,unseen,bit_accuracy,0.8846153846153846
tcn,cpr,0000100100000,123,unseen,exact_match,0.0
tcn,cpr,0000100100000,42,seen,macro_f1,0.15384615384615385
tcn,cpr,0000100100000,42,seen,micro_f1,1.0
tcn,cpr,0000100100000,42,seen,bit_accuracy,1.0
tcn,cpr,0000100100000,42,seen,exact_match,1.0
tcn,cpr,0000100100000,42,unseen,macro_f1,0.07692307692307693
tcn,cpr,0000100100000,42,unseen,micro_f1,0.38461538461538464
tcn,cpr,0000100100000,42,unseen,bit_accuracy,0.7538461538461538
tcn,cpr,0000100100000,42,unseen,exact_match,0.0
tcn,cpr,0000100100000,7,seen,macro_f1,0.15384615384615385
tcn,cpr,0000100100000,7,seen,micro_f1,1.0
tcn,cpr,0000100100000,7,seen,bit_accuracy,1.0
tcn,cpr,0000100100000,7,seen,exact_match,1.0
tcn,cpr,0000100100000,7,unseen,macro_f1,0.14529914529914528
tcn,cpr,0000100100000,7,unseen,micro_f1,0.75
tcn,cpr,0000100100000,7,unseen,bit_accuracy,0.9076923076923077
tcn,cpr,0000100100000,7,unseen,exact_match,0.0
tcn,cpr,0000101000000,123,seen,macro_f1,0.15384615384615385
tcn,cpr,0000101000000,123,seen,micro_f1,0.8333333333333334
tcn,cpr,0000101000000,123,seen,bit_accuracy,0.9384615384615385
tcn,cpr,0000101000000,123,seen,exact_match,0.2
tcn,cpr,0000101000000,123,unseen,macro_f1,0.14529914529914528
tcn,cpr,0000101000000,123,unseen,micro_f1,0.9
tcn,cpr,0000101000000,123,unseen,bit_accuracy,0.9692307692307692
tcn,cpr,0000101000000,123,unseen,exact_match,0.8
tcn,cpr,0000101000000,42,seen,macro_f1,0.15384615384615385
tcn,cpr,0000101000000,42,seen,micro_f1,0.9523809523809523
tcn,cpr,0000101000000,42,seen,bit_accuracy,0.9846153846153847
tcn,cpr,0000101000000,42,seen,exact_match,0.8
tcn,cpr,0000101000000,42,unseen,macro_f1,0.15384615384615385
tcn,cpr,0000101000000,42,unseen,micro_f1,0.9523809523809523
tcn,cpr,0000101000000,42,unseen,bit_accuracy,0.9846153846153847
tcn,cpr,0000101000000,42,unseen,exact_match,0.8
tcn,cpr,0000101000000,7,seen,macro_f1,0.15384615384615385
tcn,cpr,0000101000000,7,seen,micro_f1,1.0
tcn,cpr,0000101000000,7,seen,bit_accuracy,1.0
tcn,cpr,0000101000000,7,seen,exact_match,1.0
tcn,cpr,0000101000000,7,unseen,macro_f1,0.07692307692307693
tcn,cpr,0000101000000,7,unseen,micro_f1,0.5
tcn,cpr,0000101000000,7,unseen,bit_accuracy,0.8461538461538461
tcn,cpr,0000101000000,7,unseen,exact_match,0.0
tcn,cpr,0001000000000,123,seen,macro_f1,0.013986013986013986
tcn,cpr,0001000000000,123,seen,micro_f1,0.0975609756097561
tcn,cpr,0001000000000,123,seen,bit_accuracy,0.8576923076923076
tcn,cpr,0001000000000,123,seen,exact_match,0.05
tcn,cpr,0001000000000,123,unseen,macro_f1,0.007326007326007326
tcn,cpr,0001000000000,123,unseen,micro_f1,0.047619047619047616
tcn,cpr,0001000000000,123,unseen,bit_accuracy,0.8461538461538461
tcn,cpr,0001000000000,123,unseen,exact_match,0.0
tcn,cpr,0001000000000,42,seen,macro_f1,0.07692307692307693
tcn,cpr,0001000000000,42,seen,micro_f1,0.7692307692307693
tcn,cpr,0001000000000,42,seen,bit_accuracy,0.9538461538461539
tcn,cpr,0001000000000,42,seen,exact_match,0.45
tcn,cpr,0001000000000,42,unseen,macro_f1,0.0728744939271255
tcn,cpr,0001000000000,42,unseen,micro_f1,0.6428571428571429
tcn,cpr,0001000000000,42,unseen,bit_accuracy,0.9230769230769231
tcn,cpr,0001000000000,42,unseen,exact_match,0.15
tcn,cpr,0001000000000,7,seen,macro_f1,0.07692307692307693
tcn,cpr,0001000000000,7,seen,micro_f1,0.8
tcn,cpr,0001000000000,7,seen,bit_accuracy,0.9615384615384616
tcn,cpr,0001000000000,7,seen,exact_match,0.5
tcn,cpr,0001000000000,7,unseen,macro_f1,0.07692307692307693
tcn,cpr,0001000000000,7,unseen,micro_f1,0.6666666666666666
tcn,cpr,0001000000000,7,unseen,bit_accuracy,0.9230769230769231
tcn,cpr,0001000000000,7,unseen,exact_match,0.0
tcn,cpr,0001000000001,123,seen,macro_f1,0.07692307692307693
tcn,cpr,0001000000001,123,seen,micro_f1,0.3076923076923077
tcn,cpr,0001000000001,123,seen,bit_accuracy,0.6538461538461539
tcn,cpr,0001000000001,123,seen,exact_match,0.0
tcn,cpr,0001000000001,123,unseen,macro_f1,0.05128205128205128
tcn,cpr,0001000000001,123,unseen,micro_f1,0.2222222222222222
tcn,cpr,0001000000001,123,unseen,bit_accuracy,0.7307692307692307
tcn,cpr,0001000000001,123,unseen,exact_match,0.0
tcn,cpr,0001000000001,42,seen,macro_f1,0.14529914529914528
tcn,cpr,0001000000001,42,seen,micro_f1,0.75
tcn,cpr,0001000000001,42,seen,bit_accuracy,0.9076923076923077
tcn,cpr,0001000000001,42,seen,exact_match,0.0
tcn,cpr,0001000000001,42,unseen,macro_f1,0.07692307692307693
tcn,cpr,0001000000001,42,unseen,micro_f1,0.38461538461538464
tcn,cpr,0001000000001,42,unseen,bit_accuracy,0.7538461538461538
tcn,cpr,0001000000001,42,unseen,exact_match,0.0
tcn,cpr,0001000000001,7,seen,macro_f1,0.10256410256410256
tcn,cpr,0001000000001,7,seen,micro_f1,0.46153846153846156
tcn,cpr,0001000000001,7,seen,bit_accuracy,0.7846153846153846
tcn,cpr,0001000000001,7,seen,exact_match,0.0
tcn,cpr,0001000000001,7,unseen,macro_f1,0.07692307692307693
tcn,cpr,0001000000001,7,unseen,micro_f1,0.37037037037037035
tcn,cpr,0001000000001,7,unseen,bit_accuracy,0.7384615384615385
tcn,cpr,0001000000001,7,unseen,exact_match,0.0
tcn,cpr,0001000000100,123,seen,macro_f1,0.07692307692307693
tcn,cpr,0001000000100,123,seen,micro_f1,0.36363636363636365
tcn,cpr,0001000000100,123,seen,bit_accuracy,0.7307692307692307
tcn,cpr,0001000000100,123,seen,exact_match,0.0
tcn,cpr,0001000000100,123,unseen,macro_f1,0.07692307692307693
tcn,cpr,0001000000100,123,unseen,micro_f1,0.4444444444444444
tcn,cpr,0001000000100,123,unseen,bit_accuracy,0.8076923076923077
tcn,cpr,0001000000100,123,unseen,exact_match,0.0
tcn,cpr,0001000000100,42,seen,macro_f1,0.07692307692307693
tcn,cpr,0001000000100,42,seen,micro_f1,0.3448275862068966
tcn,cpr,0001000000100,42,seen,bit_accuracy,0.7076923076923077
tcn,cpr,0001000000100,42,seen,exact_match,0.0
tcn,cpr,0001000000100,42,unseen,macro_f1,0.07692307692307693
tcn,cpr,0001000000100,42,unseen,micro_f1,0.43478260869565216
tcn,cpr,0001000000100,42,unseen,bit_accuracy,0.8
tcn,cpr,0001000000100,42,unseen,exact_match,0.0
tcn,cpr,0001000000100,7,seen,macro_f1,0.07692307692307693
tcn,cpr,0001000000100,7,seen,micro_f1,0.4
tcn,cpr,0001000000100,7,seen,bit_accuracy,0.7692307692307693
tcn,cpr,0001000000100,7,seen,exact_match,0.0
tcn,cpr,0001000000100,7,unseen,macro_f1,0.07692307692307693
tcn,cpr,0001000000100,7,unseen,micro_f1,0.47619047619047616
tcn,cpr,0001000000100,7,unseen,bit_accuracy,0.8307692307692308
tcn,cpr,0001000000100,7,unseen,exact_match,0.0
tcn,cpr,0001000001000,123,seen,macro_f1,0.07692307692307693
tcn,cpr,0001000001000,123,seen,micro_f1,0.5714285714285714
tcn,cpr,0001000001000,123,seen,bit_accuracy,0.8846153846153846
tcn,cpr,0001000001000,123,seen,exact_match,0.0
tcn,cpr,0001000001000,123,unseen,macro_f1,0.07692307692307693
tcn,cpr,0001000001000,123,unseen,micro_f1,0.5714285714285714
tcn,cpr,0001000001000,123,unseen,bit_accuracy,0.8846153846153846
tcn,cpr,0001000001000,123,unseen,exact_match,0.0
tcn,cpr,0001000001000,42,seen,macro_f1,0.15384615384615385
tcn,cpr,0001000001000,42,seen,micro_f1,0.6666666666666666
tcn,cpr,0001000001000,42,seen,bit_accuracy,0.8461538461538461
tcn,cpr,0001000001000,42,seen,exact_match,0.0
tcn,cpr,0001000001000,42,unseen,macro_f1,0.07692307692307693
tcn,cpr,0001000001000,42,unseen,micro_f1,0.4444444444444444
tcn,cpr,0001000001000,42,unseen,bit_accuracy,0.8076923076923077
tcn,cpr,0001000001000,42,unseen,exact_match,0.0
tcn,cpr,0001000001000,7,seen,macro_f1,0.1346153846153846
tcn,cpr,0001000001000,7,seen,micro_f1,0.6956521739130435
tcn,cpr,0001000001000,7,seen,bit_accuracy,0.8923076923076924
tcn,cpr,0001000001000,7,seen,exact_match,0.2
tcn,cpr,0001000001000,7,unseen,macro_f1,0.07692307692307693
tcn,cpr,0001000001000,7,unseen,micro_f1,0.4166666666666667
tcn,cpr,0001000001000,7,unseen,bit_accuracy,0.7846153846153846
tcn,cpr,0001000001000,7,unseen,exact_match,0.0
tcn,cpr,0001000010000,123,seen,macro_f1,0.15384615384615385
tcn,cpr,0001000010000,123,seen,micro_f1,1.0
tcn,cpr,0001000010000,123,seen,bit_accuracy,1.0
tcn,cpr,0001000010000,123,seen,exact_match,1.0
tcn,cpr,0001000010000,123,unseen,macro_f1,0.07692307692307693
tcn,cpr,0001000010000,123,unseen,micro_f1,0.5714285714285714
tcn,cpr,0001000010000,123,unseen,bit_accuracy,0.8846153846153846
tcn,cpr,0001000010000,123,unseen,exact_match,0.0
tcn,cpr,0001000010000,42,seen,macro_f1,0.07692307692307693
tcn,cpr,0001000010000,42,seen,micro_f1,0.38461538461538464
tcn,cpr,0001000010000,42,seen,bit_accuracy,0.7538461538461538
tcn,cpr,0001000010000,42,seen,exact_match,0.0
tcn,cpr,0001000010000,42,unseen,macro_f1,0.14529914529914528
tcn,cpr,0001000010000,42,unseen,micro_f1,0.5806451612903226
tcn,cpr,0001000010000,42,unseen,bit_accuracy,0.8
tcn,cpr,0001000010000,42,unseen,exact_match,0.0
tcn,cpr,0001000010000,7,seen,macro_f1,0.15384615384615385
tcn,cpr,0001000010000,7,seen,micro_f1,1.0
tcn,cpr,0001000010000,7,seen,bit_accuracy,1.0
tcn,cpr,0001000010000,7,seen,exact_match,1.0
tcn,cpr,0001000010000,7,unseen,macro_f1,0.12087912087912088
tcn,cpr,0001000010000,7,unseen,micro_f1,0.56
tcn,cpr,0001000010000,7,unseen,bit_accuracy,0.8307692307692308
tcn,cpr,0001000010000,7,unseen,exact_match,0.0
tcn,cpr,0001000100000,123,seen,macro_f1,0.1346153846153846
tcn,cpr,0001000100000,123,seen,micro_f1,0.8
tcn,cpr,0001000100000,123,seen,bit_accuracy,0.9384615384615385
tcn,cpr,0001000100000,123,seen,exact_match,0.6
tcn,cpr,0001000100000,123,unseen,macro_f1,0.07692307692307693
tcn,cpr,0001000100000,123,unseen,micro_f1,0.5882352941176471
tcn,cpr,0001000100000,123,unseen,bit_accuracy,0.8923076923076924
tcn,cpr,0001000100000,123,unseen,exact_match,0.0
tcn,cpr,0001000100000,42,seen,macro_f1,0.1282051282051282
tcn,cpr,0001000100000,42,seen,micro_f1,0.6666666666666666
tcn,cpr,0001000100000,42,seen,bit_accuracy,0.8846153846153846
tcn,cpr,0001000100000,42,seen,exact_match,0.5
tcn,cpr,0001000100000,42,unseen,macro_f1,0.05128205128205128
tcn,cpr,0001000100000,42,unseen,micro_f1,0.2222222222222222
tcn,cpr,0001000100000,42,unseen,bit_accuracy,0.7307692307692307
tcn,cpr,0001000100000,42,unseen,exact_match,0.0
tcn,cpr,0001000100000,7,seen,macro_f1,0.15384615384615385
tcn,cpr,0001000100000,7,seen,micro_f1,0.9090909090909091
tcn,cpr,0001000100000,7,seen,bit_accuracy,0.9692307692307692
tcn,cpr,0001000100000,7,seen,exact_match,0.6
tcn,cpr,0001000100000,7,unseen,macro_f1,0.07692307692307693
tcn,cpr,0001000100000,7,unseen,micro_f1,0.43478260869565216
tcn,cpr,0001000100000,7,unseen,bit_accuracy,0.8
tcn,cpr,0001000100000,7,unseen,exact_match,0.0
tcn,cpr,0001001000000,123,seen,macro_f1,0.1282051282051282
tcn,cpr,0001001000000,123,seen,micro_f1,0.6
tcn,cpr,0001001000000,123,seen,bit_accuracy,0.8461538461538461
tcn,cpr,0001001000000,123,seen,exact_match,0.0
tcn,cpr,0001001000000,123,unseen,macro_f1,0.05128205128205128
tcn,cpr,0001001000000,123,unseen,micro_f1,0.2857142857142857
tcn,cpr,0001001000000,123,unseen,bit_accuracy,0.8076923076923077
tcn,cpr,0001001000000,123,unseen,exact_match,0.0
tcn,cpr,0001001000000,42,seen,macro_f1,0.15384615384615385
tcn,cpr,0001001000000,42,seen,micro_f1,1.0
tcn,cpr,0001001000000,42,seen,bit_accuracy,1.0
tcn,cpr,0001001000000,42,seen,exact_match,1.0
tcn,cpr,0001001000000,42,unseen,macro_f1,0.07692307692307693
tcn,cpr,0001001000000,42,unseen,micro_f1,0.45454545454545453
tcn,cpr,0001001000000,42,unseen,bit_accuracy,0.8153846153846154
tcn,cpr,0001001000000,42,unseen,exact_match,0.0
tcn,cpr,0001001000000,7,seen,macro_f1,0.15384615384615385
tcn,cpr,0001001000000,7,seen,micro_f1,1.0
tcn,cpr,0001001000000,7,seen,bit_accuracy,1.0
tcn,cpr,0001001000000,7,seen,exact_match,1.0
tcn,cpr,0001001000000,7,unseen,macro_f1,0.08333333333333333
tcn,cpr,0001001000000,7,unseen,micro_f1,0.47058823529411764
tcn,cpr,0001001000000,7,unseen,bit_accuracy,0.8615384615384616
tcn,cpr,0001001000000,7,unseen,exact_match,0.0
tcn,cpr,0001010000000,123,seen,macro_f1,0.057692307692307696
tcn,cpr,0001010000000,123,seen,micro_f1,0.25
tcn,cpr,0001010000000,123,seen,bit_accuracy,0.7230769230769231
tcn,cpr,0001010000000,123,seen,exact_match,0.0
tcn,cpr,0001010000000,123,unseen,macro_f1,0.02564102564102564
tcn,cpr,0001010000000,123,unseen,micro_f1,0.08695652173913043
tcn,cpr,0001010000000,123,unseen,bit_accuracy,0.676923076923077
tcn,cpr,0001010000000,123,unseen,exact_match,0.0
tcn,cpr,0001010000000,42,seen,macro_f1,0.07692307692307693
tcn,cpr,0001010000000,42,seen,micro_f1,0.5
tcn,cpr,0001010000000,42,seen,bit_accuracy,0.8461538461538461
tcn,cpr,0001010000000,42,seen,exact_match,0.0
tcn,cpr,0001010000000,42,unseen,macro_f1,0.07692307692307693
tcn,cpr,0001010000000,42,unseen,micro_f1,0.5
tcn,cpr,0001010000000,42,unseen,bit_accuracy,0.8461538461538461
tcn,cpr,0001010000000,42,unseen,exact_match,0.0
tcn,cpr,0001010000000,7,seen,macro_f1,0.07692307692307693
tcn,cpr,0001010000000,7,seen,micro_f1,0.38461538461538464
tcn,cpr,0001010000000,7,seen,bit_accuracy,0.7538461538461538
tcn,cpr,0001010000000,7,seen,exact_match,0.0
tcn,cpr,0001010000000,7,unseen,macro_f1,0.057692307692307696
tcn,cpr,0001010000000,7,unseen,micro_f1,0.20689655172413793
tcn,cpr,0001010000000,7,unseen,bit_accuracy,0.6461538461538462
tcn,cpr,0001010000000,7,unseen,exact_match,0.0
tcn,cpr,0001100000000,123,seen,macro_f1,0.07692307692307693
tcn,cpr,0001100000000,123,seen,micro_f1,0.4
tcn,cpr,0001100000000,123,seen,bit_accuracy,0.7692307692307693
tcn,cpr,0001100000000,123,seen,exact_match,0.0
tcn,cpr,0001100000000,123,unseen,macro_f1,0.07692307692307693
tcn,cpr,0001100000000,123,unseen,micro_f1,0.5714285714285714
tcn,cpr,0001100000000,123,unseen,bit_accuracy,0.8846153846153846
tcn,cpr,0001100000000,123,unseen,exact_match,0.0
tcn,cpr,0001100000000,42,seen,macro_f1,0.15384615384615385
tcn,cpr,0001100000000,42,seen,micro_f1,0.8
tcn,cpr,0001100000000,42,seen,bit_accuracy,0.9230769230769231
tcn,cpr,0001100000000,42,seen,exact_match,0.0
tcn,cpr,0001100000000,42,unseen,macro_f1,0.07692307692307693
tcn,cpr,0001100000000,42,unseen,micro_f1,0.5263157894736842
tcn,cpr,0001100000000,42,unseen,bit_accuracy,0.8615384615384616
tcn,cpr,0001100000000,42,unseen,exact_match,0.0
tcn,cpr,0001100000000,7,seen,macro_f1,0.10256410256410256
tcn,cpr,0001100000000,7,seen,micro_f1,0.5454545454545454
tcn,cpr,0001100000000,7,seen,bit_accuracy,0.8461538461538461
tcn,cpr,0001100000000,7,seen,exact_match,0.0
tcn,cpr,0001100000000,7,unseen,macro_f1,0.10164835164835165
tcn,cpr,0001100000000,7,unseen,micro_f1,0.5
tcn,cpr,0001100000000,7,unseen,bit_accuracy,0.8461538461538461
tcn,cpr,0001100000000,7,unseen,exact_match,0.0
tcn,cpr,0010000000000,123,seen,macro_f1,0.057692307692307696
tcn,cpr,0010000000000,123,seen,micro_f1,0.36923076923076925
tcn,cpr,0010000000000,123,seen,bit_accuracy,0.8423076923076923
tcn,cpr,0010000000000,123,seen,exact_match,0.0
tcn,cpr,0010000000000,123,unseen,macro_f1,0.05459057071960298
tcn,cpr,0010000000000,123,unseen,micro_f1,0.3142857142857143
tcn,cpr,0010000000000,123,unseen,bit_accuracy,0.8153846153846154
tcn,cpr,0010000000000,123,unseen,exact_match,0.05
tcn,cpr,0010000000000,42,seen,macro_f1,0.07692307692307693
tcn,cpr,0010000000000,42,seen,micro_f1,0.6666666666666666
tcn,cpr,0010000000000,42,seen,bit_accuracy,0.9230769230769231
tcn,cpr,0010000000000,42,seen,exact_match,0.0
tcn,cpr,0010000000000,42,unseen,macro_f1,0.07692307692307693
tcn,cpr,0010000000000,42,unseen,micro_f1,0.5
tcn,cpr,0010000000000,42,unseen,bit_accuracy,0.8461538461538461
tcn,cpr,0010000000000,42,unseen,exact_match,0.0
tcn,cpr,0010000000000,7,seen,macro_f1,0.07692307692307693
tcn,cpr,0010000000000,7,seen,micro_f1,0.8695652173913043
tcn,cpr,0010000000000,7,seen,bit_accuracy,0.9769230769230769
tcn,cpr,0010000000000,7,seen,exact_match,0.7
tcn,cpr,0010000000000,7,unseen,macro_f1,0.06334841628959276
tcn,cpr,0010000000000,7,unseen,micro_f1,0.5490196078431373
tcn,cpr,0010000000000,7,unseen,bit_accuracy,0.9115384615384615
tcn,cpr,0010000000000,7,unseen,exact_match,0.15
tcn,cpr,0010000000001,123,seen,macro_f1,0.1346153846153846
tcn,cpr,0010000000001,123,seen,micro_f1,0.5925925925925926
tcn,cpr,0010000000001,123,seen,bit_accuracy,0.8307692307692308
tcn,cpr,0010000000001,123,seen,exact_match,0.0
tcn,cpr,0010000000001,123,unseen,macro_f1,0.07692307692307693
tcn,cpr,0010000000001,123,unseen,micro_f1,0.4
tcn,cpr,0010000000001,123,unseen,bit_accuracy,0.7692307692307693
tcn,cpr,0010000000001,123,unseen,exact_match,0.0
tcn,cpr,0010000000001,42,seen,macro_f1,0.07692307692307693
tcn,cpr,0010000000001,42,seen,micro_f1,0.4166666666666667
tcn,cpr,0010000000001,42,seen,bit_accuracy,0.7846153846153846
tcn,cpr,0010000000001,42,seen,exact_match,0.0
tcn,cpr,0010000000001,42,unseen,macro_f1,0.07692307692307693
tcn,cpr,0010000000001,42,unseen,micro_f1,0.3333333333333333
tcn,cpr,0010000000001,42,unseen,bit_accuracy,0.6923076923076923
tcn,cpr,0010000000001,42,unseen,exact_match,0.0
tcn,cpr,0010000000001,7,seen,macro_f1,0.1282051282051282
tcn,cpr,0010000000001,7,seen,micro_f1,0.75
tcn,cpr,0010000000001,7,seen,bit_accuracy,0.9230769230769231
tcn,cpr,0010000000001,7,seen,exact_match,0.0
tcn,cpr,0010000000001,7,unseen,macro_f1,0.07692307692307693
tcn,cpr,0010000000001,7,unseen,micro_f1,0.5
tcn,cpr,0010000000001,7,unseen,bit_accuracy,0.8461538461538461
tcn,cpr,0010000000001,7,unseen,exact_match,0.0
tcn,cpr,0010000000100,123,seen,macro_f1,0.10256410256410256
tcn,cpr,0010000000100,123,seen,micro_f1,0.5217391304347826
tcn,cpr,0010000000100,123,seen,bit_accuracy,0.8307692307692308
tcn,cpr,0010000000100,123,seen,exact_match,0.0
tcn,cpr,0010000000100,123,unseen,macro_f1,0.07692307692307693
tcn,cpr,0010000000100,123,unseen,micro_f1,0.43478260869565216
tcn,cpr,0010000000100,123,unseen,bit_accuracy,0.8
tcn,cpr,0010000000100,123,unseen,exact_match,0.0
tcn,cpr,0010000000100,42,seen,macro_f1,0.07692307692307693
tcn,cpr,0010000000100,42,seen,micro_f1,0.38461538461538464
tcn,cpr,0010000000100,42,seen,bit_accuracy,0.7538461538461538
tcn,cpr,0010000000100,42,seen,exact_match,0.0
tcn,cpr,0010000000100,42,unseen,macro_f1,0.07692307692307693
tcn,cpr,0010000000100,42,unseen,micro_f1,0.35714285714285715
tcn,cpr,0010000000100,42,unseen,bit_accuracy,0.7230769230769231
tcn,cpr,0010000000100,42,unseen,exact_match,0.0
tcn,cpr,0010000000100,7,seen,macro_f1,0.07692307692307693
tcn,cpr,0010000000100,7,seen,micro_f1,0.4444444444444444
tcn,cpr,0010000000100,7,seen,bit_accuracy,0.8076923076923077
tcn,cpr,0010000000100,7,seen,exact_match,0.0
tcn,cpr,0010000000100,7,unseen,macro_f1,0.07692307692307693
tcn,cpr,0010000000100,7,unseen,micro_f1,0.4444444444444444
tcn,cpr,0010000000100,7,unseen,bit_accuracy,0.8076923076923077
tcn,cpr,0010000000100,7,unseen,exact_match,0.0
tcn,cpr,0010000001000,123,seen,macro_f1,0.1282051282051282
tcn,cpr,0010000001000,123,seen,micro_f1,0.6666666666666666
tcn,cpr,0010000001000,123,seen,bit_accuracy,0.8846153846153846
tcn,cpr,0010000001000,123,seen,exact_match,0.0
tcn,cpr,0010000001000,123,unseen,macro_f1,0.07692307692307693
tcn,cpr,0010000001000,123,unseen,micro_f1,0.5714285714285714
tcn,cpr,0010000001000,123,unseen,bit_accuracy,0.8846153846153846
tcn,cpr,0010000001000,123,unseen,exact_match,0.0
tcn,cpr,0010000001000,42,seen,macro_f1,0.07692307692307693
tcn,cpr,0010000001000,42,seen,micro_f1,0.5
tcn,cpr,0010000001000,42,seen,bit_accuracy,0.8461538461538461
tcn,cpr,0010000001000,42,seen,exact_match,0.0
tcn,cpr,0010000001000,42,unseen,macro_f1,0.07692307692307693
tcn,cpr,0010000001000,42,unseen,micro_f1,0.43478260869565216
tcn,cpr,0010000001000,42,unseen,bit_accuracy,0.8
tcn,cpr,0010000001000,42,unseen,exact_match,0.0
tcn,cpr,0010000001000,7,seen,macro_f1,0.10769230769230768
tcn,cpr,0010000001000,7,seen,micro_f1,0.45454545454545453
tcn,cpr,0010000001000,7,seen,bit_accuracy,0.7692307692307693
tcn,cpr,0010000001000,7,seen,exact_match,0.0
tcn,cpr,0010000001000,7,unseen,macro_f1,0.07692307692307693
tcn,cpr,0010000001000,7,unseen,micro_f1,0.38095238095238093
tcn,cpr,0010000001000,7,unseen,bit_accuracy,0.75
tcn,cpr,0010000001000,7,unseen,exact_match,0.0
tcn,cpr,0010000010000,123,seen,macro_f1,0.12087912087912088
tcn,cpr,0010000010000,123,seen,micro_f1,0.7777777777777778
tcn,cpr,0010000010000,123,seen,bit_accuracy,0.9384615384615385
tcn,cpr,0010000010000,123,seen,exact_match,0.2
tcn,cpr,0010000010000,123,unseen,macro_f1,0.08333333333333333
tcn,cpr,0010000010000,123,unseen,micro_f1,0.4444444444444444
tcn,cpr,0010000010000,123,unseen,bit_accuracy,0.8461538461538461
tcn,cpr,0010000010000,123,unseen,exact_match,0.0
tcn,cpr,0010000010000,42,seen,macro_f1,0.10256410256410256
tcn,cpr,0010000010000,42,seen,micro_f1,0.42857142857142855
tcn,cpr,0010000010000,42,seen,bit_accuracy,0.7538461538461538
tcn,cpr,0010000010000,42,seen,exact_match,0.0
tcn,cpr,0010000010000,42,unseen,macro_f1,0.07692307692307693
tcn,cpr,0010000010000,42,unseen,micro_f1,0.35714285714285715
tcn,cpr,0010000010000,42,unseen,bit_accuracy,0.7230769230769231
tcn,cpr,0010000010000,42,unseen,exact_match,0.0
tcn,cpr,0010000010000,7,seen,macro_f1,0.1282051282051282
tcn,cpr,0010000010000,7,seen,micro_f1,0.6666666666666666
tcn,cpr,0010000010000,7,seen,bit_accuracy,0.8846153846153846
tcn,cpr,0010000010000,7,seen,exact_match,0.5
tcn,cpr,0010000010000,7,unseen,macro_f1,0.05128205128205128
tcn,cpr,0010000010000,7,unseen,micro_f1,0.2222222222222222
tcn,cpr,0010000010000,7,unseen,bit_accuracy,0.7307692307692307
tcn,cpr,0010000010000,7,unseen,exact_match,0.0
tcn,cpr,0010000100000,123,seen,macro_f1,0.15384615384615385
tcn,cpr,0010000100000,123,seen,micro_f1,1.0
tcn,cpr,0010000100000,123,seen,bit_accuracy,1.0
tcn,cpr,0010000100000,123,seen,exact_match,1.0
tcn,cpr,0010000100000,123,unseen,macro_f1,0.07692307692307693
tcn,cpr,0010000100000,123,unseen,micro_f1,0.4
tcn,cpr,0010000100000,123,unseen,bit_accuracy,0.7692307692307693
tcn,cpr,0010000100000,123,unseen,exact_match,0.0
tcn,cpr,0010000100000,42,seen,macro_f1,0.1346153846153846
tcn,cpr,0010000100000,42,seen,micro_f1,0.6666666666666666
tcn,cpr,0010000100000,42,seen,bit_accuracy,0.8769230769230769
tcn,cpr,0010000100000,42,seen,exact_match,0.6
tcn,cpr,0010000100000,42,unseen,macro_f1,0.11233211233211232
tcn,cpr,0010000100000,42,unseen,micro_f1,0.5714285714285714
tcn,cpr,0010000100000,42,unseen,bit_accuracy,0.8615384615384616
tcn,cpr,0010000100000,42,unseen,exact_match,0.2
tcn,cpr,0010000100000,7,seen,macro_f1,0.15384615384615385
tcn,cpr,0010000100000,7,seen,micro_f1,1.0
tcn,cpr,0010000100000,7,seen,bit_accuracy,1.0
tcn,cpr,0010000100000,7,seen,exact_match,1.0
tcn,cpr,0010000100000,7,unseen,macro_f1,0.094017094017094
tcn,cpr,0010000100000,7,unseen,micro_f1,0.5555555555555556
tcn,cpr,0010000100000,7,unseen,bit_accuracy,0.8769230769230769
tcn,cpr,0010000100000,7,unseen,exact_match,0.0
tcn,cpr,0010001000000,123,seen,macro_f1,0.15384615384615385
tcn,cpr,0010001000000,123,seen,micro_f1,1.0
tcn,cpr,0010001000000,123,seen,bit_accuracy,1.0
tcn,cpr,0010001000000,123,seen,exact_match,1.0
tcn,cpr,0010001000000,123,unseen,macro_f1,0.08333333333333333
tcn,cpr,0010001000000,123,unseen,micro_f1,0.5
tcn,cpr,0010001000000,123,unseen,bit_accuracy,0.8769230769230769
tcn,cpr,0010001000000,123,unseen,exact_match,0.0
tcn,cpr,0010001000000,42,seen,macro_f1,0.15384615384615385
tcn,cpr,0010001000000,42,seen,micro_f1,0.7407407407407407
tcn,cpr,0010001000000,42,seen,bit_accuracy,0.8923076923076924
tcn,cpr,0010001000000,42,seen,exact_match,0.0
tcn,cpr,0010001000000,42,unseen,macro_f1,0.14529914529914528
tcn,cpr,0010001000000,42,unseen,micro_f1,0.9
tcn,cpr,0010001000000,42,unseen,bit_accuracy,0.9692307692307692
tcn,cpr,0010001000000,42,unseen,exact_match,0.8
tcn,cpr,0010001000000,7,seen,macro_f1,0.1282051282051282
tcn,cpr,0010001000000,7,seen,micro_f1,0.6666666666666666
tcn,cpr,0010001000000,7,seen,bit_accuracy,0.8846153846153846
tcn,cpr,0010001000000,7,seen,exact_match,0.0
tcn,cpr,0010001000000,7,unseen,macro_f1,0.05128205128205128
tcn,cpr,0010001000000,7,unseen,micro_f1,0.2
tcn,cpr,0010001000000,7,unseen,bit_accuracy,0.6923076923076923
tcn,cpr,0010001000000,7,unseen,exact_match,0.0
tcn,cpr,0010010000000,123,seen,macro_f1,0.10256410256410256
tcn,cpr,0010010000000,123,seen,micro_f1,0.4444444444444444
tcn,cpr,0010010000000,123,seen,bit_accuracy,0.8076923076923077
tcn,cpr,0010010000000,123,seen,exact_match,0.0
tcn,cpr,0010010000000,123,unseen,macro_f1,0.05128205128205128
tcn,cpr,0010010000000,123,unseen,micro_f1,0.2222222222222222
tcn,cpr,0010010000000,123,unseen,bit_accuracy,0.7307692307692307
tcn,cpr,0010010000000,123,unseen,exact_match,0.0
tcn,cpr,0010010000000,42,seen,macro_f1,0.1346153846153846
tcn,cpr,0010010000000,42,seen,micro_f1,0.5517241379310345
tcn,cpr,0010010000000,42,seen,bit_accuracy,0.8
tcn,cpr,0010010000000,42,seen,exact_match,0.0
tcn,cpr,0010010000000,42,unseen,macro_f1,0.07692307692307693
tcn,cpr,0010010000000,42,unseen,micro_f1,0.4166666666666667
tcn,cpr,0010010000000,42,unseen,bit_accuracy,0.7846153846153846
tcn,cpr,0010010000000,42,unseen,exact_match,0.0
tcn,cpr,0010010000000,7,seen,macro_f1,0.07692307692307693
tcn,cpr,0010010000000,7,seen,micro_f1,0.43478260869565216
tcn,cpr,0010010000000,7,seen,bit_accuracy,0.8
tcn,cpr,0010010000000,7,seen,exact_match,0.0
tcn,cpr,0010010000000,7,unseen,macro_f1,0.07692307692307693
tcn,cpr,0010010000000,7,unseen,micro_f1,0.45454545454545453
tcn,cpr,0010010000000,7,unseen,bit_accuracy,0.8153846153846154
tcn,cpr,0010010000000,7,unseen,exact_match,0.0
tcn,cpr,0100000000000,123,seen,macro_f1,0.013986013986013986
tcn,cpr,0100000000000,123,seen,micro_f1,0.13793103448275862
tcn,cpr,0100000000000,123,seen,bit_accuracy,0.9038461538461539
tcn,cpr,0100000000000,123,seen,exact_match,0.1
tcn,cpr,0100000000000,123,unseen,macro_f1,0.0
tcn,cpr,0100000000000,123,unseen,micro_f1,0.0
tcn,cpr,0100000000000,123,unseen,bit_accuracy,0.8884615384615384
tcn,cpr,0100000000000,123,unseen,exact_match,0.0
tcn,cpr,0100000000000,42,seen,macro_f1,0.007326007326007326
tcn,cpr,0100000000000,42,seen,micro_f1,0.04
tcn,cpr,0100000000000,42,seen,bit_accuracy,0.8153846153846154
tcn,cpr,0100000000000,42,seen,exact_match,0.0
tcn,cpr,0100000000000,42,unseen,macro_f1,0.02564102564102564
tcn,cpr,0100000000000,42,unseen,micro_f1,0.12903225806451613
tcn,cpr,0100000000000,42,unseen,bit_accuracy,0.7923076923076923
tcn,cpr,0100000000000,42,unseen,exact_match,0.0
tcn,cpr,0100000000000,7,seen,macro_f1,0.07692307692307693
tcn,cpr,0100000000000,7,seen,micro_f1,0.5
tcn,cpr,0100000000000,7,seen,bit_accuracy,0.8461538461538461
tcn,cpr,0100000000000,7,seen,exact_match,0.0
tcn,cpr,0100000000000,7,unseen,macro_f1,0.0
tcn,cpr,0100000000000,7,unseen,micro_f1,0.0
tcn,cpr,0100000000000,7,unseen,bit_accuracy,0.6153846153846154
tcn,cpr,0100000000000,7,unseen,exact_match,0.0
tcn,cpr,0100000000010,123,seen,macro_f1,0.11538461538461539
tcn,cpr,0100000000010,123,seen,micro_f1,0.5
tcn,cpr,0100000000010,123,seen,bit_accuracy,0.8153846153846154
tcn,cpr,0100000000010,123,seen,exact_match,0.0
tcn,cpr,0100000000010,123,unseen,macro_f1,0.02564102564102564
tcn,cpr,0100000000010,123,unseen,micro_f1,0.1111111111111111
tcn,cpr,0100000000010,123,unseen,bit_accuracy,0.7538461538461538
tcn,cpr,0100000000010,123,unseen,exact_match,0.0
tcn,cpr,0100000000010,42,seen,macro_f1,0.1282051282051282
tcn,cpr,0100000000010,42,seen,micro_f1,0.5454545454545454
tcn,cpr,0100000000010,42,seen,bit_accuracy,0.8076923076923077
tcn,cpr,0100000000010,42,seen,exact_match,0.0
tcn,cpr,0100000000010,42,unseen,macro_f1,0.10256410256410256
tcn,cpr,0100000000010,42,unseen,micro_f1,0.4444444444444444
tcn,cpr,0100000000010,42,unseen,bit_accuracy,0.8076923076923077
tcn,cpr,0100000000010,42,unseen,exact_match,0.0
tcn,cpr,0100000000010,7,seen,macro_f1,0.15384615384615385
tcn,cpr,0100000000010,7,seen,micro_f1,0.6666666666666666
tcn,cpr,0100000000010,7,seen,bit_accuracy,0.8461538461538461
tcn,cpr,0100000000010,7,seen,exact_match,0.0
tcn,cpr,0100000000010,7,unseen,macro_f1,0.14529914529914528
tcn,cpr,0100000000010,7,unseen,micro_f1,0.5625
tcn,cpr,0100000000010,7,unseen,bit_accuracy,0.7846153846153846
tcn,cpr,0100000000010,7,unseen,exact_match,0.0
tcn,cpr,0100000000100,123,seen,macro_f1,0.07692307692307693
tcn,cpr,0100000000100,123,seen,micro_f1,0.4
tcn,cpr,0100000000100,123,seen,bit_accuracy,0.7692307692307693
tcn,cpr,0100000000100,123,seen,exact_match,0.0
tcn,cpr,0100000000100,123,unseen,macro_f1,0.0
tcn,cpr,0100000000100,123,unseen,micro_f1,0.0
tcn,cpr,0100000000100,123,unseen,bit_accuracy,0.6923076923076923
tcn,cpr,0100000000100,123,unseen,exact_match,0.0
tcn,cpr,0100000000100,42,seen,macro_f1,0.06959706959706959
tcn,cpr,0100000000100,42,seen,micro_f1,0.2608695652173913
tcn,cpr,0100000000100,42,seen,bit_accuracy,0.7384615384615385
tcn,cpr,0100000000100,42,seen,exact_match,0.0
tcn,cpr,0100000000100,42,unseen,macro_f1,0.12087912087912088
tcn,cpr,0100000000100,42,unseen,micro_f1,0.4666666666666667
tcn,cpr,0100000000100,42,unseen,bit_accuracy,0.7538461538461538
tcn,cpr,0100000000100,42,unseen,exact_match,0.0
tcn,cpr,0100000000100,7,seen,macro_f1,0.07692307692307693
tcn,cpr,0100000000100,7,seen,micro_f1,0.43478260869565216
tcn,cpr,0100000000100,7,seen,bit_accuracy,0.8
tcn,cpr,0100000000100,7,seen,exact_match,0.0
tcn,cpr,0100000000100,7,unseen,macro_f1,0.12087912087912088
tcn,cpr,0100000000100,7,unseen,micro_f1,0.5384615384615384
tcn,cpr,0100000000100,7,unseen,bit_accuracy,0.8153846153846154
tcn,cpr,0100000000100,7,unseen,exact_match,0.0
tcn,cpr,0100000001000,123,seen,macro_f1,0.1346153846153846
tcn,cpr,0100000001000,123,seen,micro_f1,0.6956521739130435
tcn,cpr,0100000001000,123,seen,bit_accuracy,0.8923076923076924
tcn,cpr,0100000001000,123,seen,exact_match,0.0
tcn,cpr,0100000001000,123,unseen,macro_f1,0.07692307692307693
tcn,cpr,0100000001000,123,unseen,micro_f1,0.43478260869565216
tcn,cpr,0100000001000,123,unseen,bit_accuracy,0.8
tcn,cpr,0100000001000,123,unseen,exact_match,0.0
tcn,cpr,0100000001000,42,seen,macro_f1,0.0
tcn,cpr,0100000001000,42,seen,micro_f1,0.0
tcn,cpr,0100000001000,42,seen,bit_accuracy,0.6923076923076923
tcn,cpr,0100000001000,42,seen,exact_match,0.0
tcn,cpr,0100000001000,42,unseen,macro_f1,0.0
tcn,cpr,0100000001000,42,unseen,micro_f1,0.0
tcn,cpr,0100000001000,42,unseen,bit_accuracy,0.6538461538461539
tcn,cpr,0100000001000,42,unseen,exact_match,0.0
tcn,cpr,0100000001000,7,seen,macro_f1,0.15384615384615385
tcn,cpr,0100000001000,7,seen,micro_f1,0.7692307692307693
tcn,cpr,0100000001000,7,seen,bit_accuracy,0.9076923076923077
tcn,cpr,0100000001000,7,seen,exact_match,0.0
tcn,cpr,0100000001000,7,unseen,macro_f1,0.07692307692307693
tcn,cpr,0100000001000,7,unseen,micro_f1,0.4
tcn,cpr,0100000001000,7,unseen,bit_accuracy,0.7692307692307693
tcn,cpr,0100000001000,7,unseen,exact_match,0.0
tcn,cpr,0100000010000,123,seen,macro_f1,0.07692307692307693
tcn,cpr,0100000010000,123,seen,micro_f1,0.5
tcn,cpr,0100000010000,123,seen,bit_accuracy,0.8461538461538461
tcn,cpr,0100000010000,123,seen,exact_match,0.0
tcn,cpr,0100000010000,123,unseen,macro_f1,0.05128205128205128
tcn,cpr,0100000010000,123,unseen,micro_f1,0.25
tcn,cpr,0100000010000,123,unseen,bit_accuracy,0.7692307692307693
tcn,cpr,0100000010000,123,unseen,exact_match,0.0
tcn,cpr,0100000010000,42,seen,macro_f1,0.07692307692307693
tcn,cpr,0100000010000,42,seen,micro_f1,0.4166666666666667
tcn,cpr,0100000010000,42,seen,bit_accuracy,0.7846153846153846
tcn,cpr,0100000010000,42,seen,exact_match,0.0
tcn,cpr,0100000010000,42,unseen,macro_f1,0.07692307692307693
tcn,cpr,0100000010000,42,unseen,micro_f1,0.4
tcn,cpr,0100000010000,42,unseen,bit_accuracy,0.7692307692307693
tcn,cpr,0100000010000,42,unseen,exact_match,0.0
tcn,cpr,0100000010000,7,seen,macro_f1,0.10256410256410256
tcn,cpr,0100000010000,7,seen,micro_f1,0.6666666666666666
tcn,cpr,0100000010000,7,seen,bit_accuracy,0.9076923076923077
tcn,cpr,0100000010000,7,seen,exact_match,0.0
tcn,cpr,0100000010000,7,unseen,macro_f1,0.07692307692307693
tcn,cpr,0100000010000,7,unseen,micro_f1,0.3448275862068966
tcn,cpr,0100000010000,7,unseen,bit_accuracy,0.7076923076923077
tcn,cpr,0100000010000,7,unseen,exact_match,0.0
tcn,cpr,0100000100000,123,seen,macro_f1,0.10256410256410256
tcn,cpr,0100000100000,123,seen,micro_f1,0.75
tcn,cpr,0100000100000,123,seen,bit_accuracy,0.9384615384615385
tcn,cpr,0100000100000,123,seen,exact_match,0.2
tcn,cpr,0100000100000,123,unseen,macro_f1,0.07692307692307693
tcn,cpr,0100000100000,123,unseen,micro_f1,0.5882352941176471
tcn,cpr,0100000100000,123,unseen,bit_accuracy,0.8923076923076924
tcn,cpr,0100000100000,123,unseen,exact_match,0.0
tcn,cpr,0100000100000,42,seen,macro_f1,0.07692307692307693
tcn,cpr,0100000100000,42,seen,micro_f1,0.6666666666666666
tcn,cpr,0100000100000,42,seen,bit_accuracy,0.9230769230769231
tcn,cpr,0100000100000,42,seen,exact_match,0.0
tcn,cpr,0100000100000,42,unseen,macro_f1,0.07692307692307693
tcn,cpr,0100000100000,42,unseen,micro_f1,0.5
tcn,cpr,0100000100000,42,unseen,bit_accuracy,0.8461538461538461
tcn,cpr,0100000100000,42,unseen,exact_match,0.0
tcn,cpr,0100000100000,7,seen,macro_f1,0.07692307692307693
tcn,cpr,0100000100000,7,seen,micro_f1,0.38461538461538464
tcn,cpr,0100000100000,7,seen,bit_accuracy,0.7538461538461538
tcn,cpr,0100000100000,7,seen,exact_match,0.0
tcn,cpr,0100000100000,7,unseen,macro_f1,0.07692307692307693
tcn,cpr,0100000100000,7,unseen,micro_f1,0.3448275862068966
tcn,cpr,0100000100000,7,unseen,bit_accuracy,0.7076923076923077
tcn,cpr,0100000100000,7,unseen,exact_match,0.0
tcn,cpr,0100001000000,123,seen,macro_f1,0.07692307692307693
tcn,cpr,0100001000000,123,seen,micro_f1,0.5714285714285714
tcn,cpr,0100001000000,123,seen,bit_accuracy,0.8846153846153846
tcn,cpr,0100001000000,123,seen,exact_match,0.0
tcn,cpr,0100001000000,123,unseen,macro_f1,0.07692307692307693
tcn,cpr,0100001000000,123,unseen,micro_f1,0.4444444444444444
tcn,cpr,0100001000000,123,unseen,bit_accuracy,0.8076923076923077
tcn,cpr,0100001000000,123,unseen,exact_match,0.0
tcn,cpr,0100001000000,42,seen,macro_f1,0.12087912087912088
tcn,cpr,0100001000000,42,seen,micro_f1,0.6363636363636364
tcn,cpr,0100001000000,42,seen,bit_accuracy,0.8769230769230769
tcn,cpr,0100001000000,42,seen,exact_match,0.0
tcn,cpr,0100001000000,42,unseen,macro_f1,0.07692307692307693
tcn,cpr,0100001000000,42,unseen,micro_f1,0.45454545454545453
tcn,cpr,0100001000000,42,unseen,bit_accuracy,0.8153846153846154
tcn,cpr,0100001000000,42,unseen,exact_match,0.0
tcn,cpr,0100001000000,7,seen,macro_f1,0.07692307692307693
tcn,cpr,0100001000000,7,seen,micro_f1,0.5
tcn,cpr,0100001000000,7,seen,bit_accuracy,0.8461538461538461
tcn,cpr,0100001000000,7,seen,exact_match,0.0
tcn,cpr,0100001000000,7,unseen,macro_f1,0.07692307692307693
tcn,cpr,0100001000000,7,unseen,micro_f1,0.45454545454545453
tcn,cpr,0100001000000,7,unseen,bit_accuracy,0.8153846153846154
tcn,cpr,0100001000000,7,unseen,exact_match,0.0
tcn,cpr,0100010000000,123,seen,macro_f1,0.12087912087912088
tcn,cpr,0100010000000,123,seen,micro_f1,0.6666666666666666
tcn,cpr,0100010000000,123,seen,bit_accuracy,0.8923076923076924
tcn,cpr,0100010000000,123,seen,exact_match,0.2
tcn,cpr,0100010000000,123,unseen,macro_f1,0.11538461538461539
tcn,cpr,0100010000000,123,unseen,micro_f1,0.48
tcn,cpr,0100010000000,123,unseen,bit_accuracy,0.8
tcn,cpr,0100010000000,123,unseen,exact_match,0.0
tcn,cpr,0100010000000,42,seen,macro_f1,0.15384615384615385
tcn,cpr,0100010000000,42,seen,micro_f1,0.7272727272727273
tcn,cpr,0100010000000,42,seen,bit_accuracy,0.8846153846153846
tcn,cpr,0100010000000,42,seen,exact_match,0.0
tcn,cpr,0100010000000,42,unseen,macro_f1,0.07692307692307693
tcn,cpr,0100010000000,42,unseen,micro_f1,0.5
tcn,cpr,0100010000000,42,unseen,bit_accuracy,0.8461538461538461
tcn,cpr,0100010000000,42,unseen,exact_match,0.0
tcn,cpr,0100010000000,7,seen,macro_f1,0.07692307692307693
tcn,cpr,0100010000000,7,seen,micro_f1,0.5
tcn,cpr,0100010000000,7,seen,bit_accuracy,0.8461538461538461
tcn,cpr,0100010000000,7,seen,exact_match,0.0
tcn,cpr,0100010000000,7,unseen,macro_f1,0.10256410256410256
tcn,cpr,0100010000000,7,unseen,micro_f1,0.5714285714285714
tcn,cpr,0100010000000,7,unseen,bit_accuracy,0.8615384615384616
tcn,cpr,0100010000000,7,unseen,exact_match,0.0
tcn,cpr,1000000000000,123,seen,macro_f1,0.0
tcn,cpr,1000000000000,123,seen,micro_f1,0.0
tcn,cpr,1000000000000,123,seen,bit_accuracy,0.8538461538461538
tcn,cpr,1000000000000,123,seen,exact_match,0.0
tcn,cpr,1000000000000,123,unseen,macro_f1,0.0
tcn,cpr,1000000000000,123,unseen,micro_f1,0.0
tcn,cpr,1000000000000,123,unseen,bit_accuracy,0.8692307692307693
tcn,cpr,1000000000000,123,unseen,exact_match,0.0
tcn,cpr,1000000000000,42,seen,macro_f1,0.05128205128205128
tcn,cpr,1000000000000,42,seen,micro_f1,0.2222222222222222
tcn,cpr,1000000000000,42,seen,bit_accuracy,0.7307692307692307
tcn,cpr,1000000000000,42,seen,exact_match,0.0
tcn,cpr,1000000000000,42,unseen,macro_f1,0.0
tcn,cpr,1000000000000,42,unseen,micro_f1,0.0
tcn,cpr,1000000000000,42,unseen,bit_accuracy,0.8076923076923077
tcn,cpr,1000000000000,42,unseen,exact_match,0.0
tcn,cpr,1000000000000,7,seen,macro_f1,0.013986013986013986
tcn,cpr,1000000000000,7,seen,micro_f1,0.0975609756097561
tcn,cpr,1000000000000,7,seen,bit_accuracy,0.8576923076923076
tcn,cpr,1000000000000,7,seen,exact_match,0.05
tcn,cpr,1000000000000,7,unseen,macro_f1,0.007326007326007326
tcn,cpr,1000000000000,7,unseen,micro_f1,0.05263157894736842
tcn,cpr,1000000000000,7,unseen,bit_accuracy,0.8615384615384616
tcn,cpr,1000000000000,7,unseen,exact_match,0.0
tcn,cpr,1000000000001,123,seen,macro_f1,0.02564102564102564
tcn,cpr,1000000000001,123,seen,micro_f1,0.09090909090909091
tcn,cpr,1000000000001,123,seen,bit_accuracy,0.6923076923076923
tcn,cpr,1000000000001,123,seen,exact_match,0.0
tcn,cpr,1000000000001,123,unseen,macro_f1,0.0
tcn,cpr,1000000000001,123,unseen,micro_f1,0.0
tcn,cpr,1000000000001,123,unseen,bit_accuracy,0.6615384615384615
tcn,cpr,1000000000001,123,unseen,exact_match,0.0
tcn,cpr,1000000000001,42,seen,macro_f1,0.06959706959706959
tcn,cpr,1000000000001,42,seen,micro_f1,0.2608695652173913
tcn,cpr,1000000000001,42,seen,bit_accuracy,0.7384615384615385
tcn,cpr,1000000000001,42,seen,exact_match,0.0
tcn,cpr,1000000000001,42,unseen,macro_f1,0.02564102564102564
tcn,cpr,1000000000001,42,unseen,micro_f1,0.08695652173913043
tcn,cpr,1000000000001,42,unseen,bit_accuracy,0.676923076923077
tcn,cpr,1000000000001,42,unseen,exact_match,0.0
tcn,cpr,1000000000001,7,seen,macro_f1,0.05128205128205128
tcn,cpr,1000000000001,7,seen,micro_f1,0.2857142857142857
tcn,cpr,1000000000001,7,seen,bit_accuracy,0.8076923076923077
tcn,cpr,1000000000001,7,seen,exact_match,0.0
tcn,cpr,1000000000001,7,unseen,macro_f1,0.07692307692307693
tcn,cpr,1000000000001,7,unseen,micro_f1,0.5
tcn,cpr,1000000000001,7,unseen,bit_accuracy,0.8461538461538461
tcn,cpr,1000000000001,7,unseen,exact_match,0.0
tcn,cpr,1000000000010,123,seen,macro_f1,0.1282051282051282
tcn,cpr,1000000000010,123,seen,micro_f1,0.75
tcn,cpr,1000000000010,123,seen,bit_accuracy,0.9230769230769231
tcn,cpr,1000000000010,123,seen,exact_match,0.5
tcn,cpr,1000000000010,123,unseen,macro_f1,0.07692307692307693
tcn,cpr,1000000000010,123,unseen,micro_f1,0.4
tcn,cpr,1000000000010,123,unseen,bit_accuracy,0.7692307692307693
tcn,cpr,1000000000010,123,unseen,exact_match,0.0
tcn,cpr,1000000000010,42,seen,macro_f1,0.094017094017094
tcn,cpr,1000000000010,42,seen,micro_f1,0.4
tcn,cpr,1000000000010,42,seen,bit_accuracy,0.7692307692307693
tcn,cpr,1000000000010,42,seen,exact_match,0.0
tcn,cpr,1000000000010,42,unseen,macro_f1,0.06837606837606837
tcn,cpr,1000000000010,42,unseen,micro_f1,0.42105263157894735
tcn,cpr,1000000000010,42,unseen,bit_accuracy,0.8307692307692308
tcn,cpr,1000000000010,42,unseen,exact_match,0.0
tcn,cpr,1000000000010,7,seen,macro_f1,0.10256410256410256
tcn,cpr,1000000000010,7,seen,micro_f1,0.5454545454545454
tcn,cpr,1000000000010,7,seen,bit_accuracy,0.8461538461538461
tcn,cpr,1000000000010,7,seen,exact_match,0.0
tcn,cpr,1000000000010,7,unseen,macro_f1,0.07692307692307693
tcn,cpr,1000000000010,7,unseen,micro_f1,0.4
tcn,cpr,1000000000010,7,unseen,bit_accuracy,0.7692307692307693
tcn,cpr,1000000000010,7,unseen,exact_match,0.0
tcn,cpr,1000000000100,123,seen,macro_f1,0.15384615384615385
tcn,cpr,1000000000100,123,seen,micro_f1,0.7407407407407407
tcn,cpr,1000000000100,123,seen,bit_accuracy,0.8923076923076924
tcn,cpr,1000000000100,123,seen,exact_match,0.0
tcn,cpr,1000000000100,123,unseen,macro_f1,0.15384615384615385
tcn,cpr,1000000000100,123,unseen,micro_f1,0.6060606060606061
tcn,cpr,1000000000100,123,unseen,bit_accuracy,0.8
tcn,cpr,1000000000100,123,unseen,exact_match,0.0
tcn,cpr,1000000000100,42,seen,macro_f1,0.07692307692307693
tcn,cpr,1000000000100,42,seen,micro_f1,0.37037037037037035
tcn,cpr,1000000000100,42,seen,bit_accuracy,0.7384615384615385
tcn,cpr,1000000000100,42,seen,exact_match,0.0
tcn,cpr,1000000000100,42,unseen,macro_f1,0.07692307692307693
tcn,cpr,1000000000100,42,unseen,micro_f1,0.4166666666666667
tcn,cpr,1000000000100,42,unseen,bit_accuracy,0.7846153846153846
tcn,cpr,1000000000100,42,unseen,exact_match,0.0
tcn,cpr,1000000000100,7,seen,macro_f1,0.0
tcn,cpr,1000000000100,7,seen,micro_f1,0.0
tcn,cpr,1000000000100,7,seen,bit_accuracy,0.6923076923076923
tcn,cpr,1000000000100,7,seen,exact_match,0.0
tcn,cpr,1000000000100,7,unseen,macro_f1,0.0
tcn,cpr,1000000000100,7,unseen,micro_f1,0.0
tcn,cpr,1000000000100,7,unseen,bit_accuracy,0.7307692307692307
tcn,cpr,1000000000100,7,unseen,exact_match,0.0
tcn,cpr,1000000001000,123,seen,macro_f1,0.0
tcn,cpr,1000000001000,123,seen,micro_f1,0.0
tcn,cpr,1000000001000,123,seen,bit_accuracy,0.8461538461538461
tcn,cpr,1000000001000,123,seen,exact_match,0.0
tcn,cpr,1000000001000,123,unseen,macro_f1,0.0
tcn,cpr,1000000001000,123,unseen,micro_f1,0.0
tcn,cpr,1000000001000,123,unseen,bit_accuracy,0.7307692307692307
tcn,cpr,1000000001000,123,unseen,exact_match,0.0
tcn,cpr,1000000001000,42,seen,macro_f1,0.08333333333333333
tcn,cpr,1000000001000,42,seen,micro_f1,0.4
tcn,cpr,1000000001000,42,seen,bit_accuracy,0.8153846153846154
tcn,cpr,1000000001000,42,seen,exact_match,0.0
tcn,cpr,1000000001000,42,unseen,macro_f1,0.094017094017094
tcn,cpr,1000000001000,42,unseen,micro_f1,0.47619047619047616
tcn,cpr,1000000001000,42,unseen,bit_accuracy,0.8307692307692308
tcn,cpr,1000000001000,42,unseen,exact_match,0.0
tcn,cpr,1000000001000,7,seen,macro_f1,0.094017094017094
tcn,cpr,1000000001000,7,seen,micro_f1,0.4
tcn,cpr,1000000001000,7,seen,bit_accuracy,0.7692307692307693
tcn,cpr,1000000001000,7,seen,exact_match,0.0
tcn,cpr,1000000001000,7,unseen,macro_f1,0.14529914529914528
tcn,cpr,1000000001000,7,unseen,micro_f1,0.6
tcn,cpr,1000000001000,7,unseen,bit_accuracy,0.8153846153846154
tcn,cpr,1000000001000,7,unseen,exact_match,0.0
tcn,cpr,1000000010000,123,seen,macro_f1,0.07692307692307693
tcn,cpr,1000000010000,123,seen,micro_f1,0.625
tcn,cpr,1000000010000,123,seen,bit_accuracy,0.9076923076923077
tcn,cpr,1000000010000,123,seen,exact_match,0.0
tcn,cpr,1000000010000,123,unseen,macro_f1,0.07692307692307693
tcn,cpr,1000000010000,123,unseen,micro_f1,0.4166666666666667
tcn,cpr,1000000010000,123,unseen,bit_accuracy,0.7846153846153846
tcn,cpr,1000000010000,123,unseen,exact_match,0.0
tcn,cpr,1000000010000,42,seen,macro_f1,0.10164835164835165
tcn,cpr,1000000010000,42,seen,micro_f1,0.4166666666666667
tcn,cpr,1000000010000,42,seen,bit_accuracy,0.7846153846153846
tcn,cpr,1000000010000,42,seen,exact_match,0.0
tcn,cpr,1000000010000,42,unseen,macro_f1,0.07692307692307693
tcn,cpr,1000000010000,42,unseen,micro_f1,0.47619047619047616
tcn,cpr,1000000010000,42,unseen,bit_accuracy,0.8307692307692308
tcn,cpr,1000000010000,42,unseen,exact_match,0.0
tcn,cpr,1000000010000,7,seen,macro_f1,0.07692307692307693
tcn,cpr,1000000010000,7,seen,micro_f1,0.4
tcn,cpr,1000000010000,7,seen,bit_accuracy,0.7692307692307693
tcn,cpr,1000000010000,7,seen,exact_match,0.0
tcn,cpr,1000000010000,7,unseen,macro_f1,0.05128205128205128
tcn,cpr,1000000010000,7,unseen,micro_f1,0.2222222222222222
tcn,cpr,1000000010000,7,unseen,bit_accuracy,0.7307692307692307
tcn,cpr,1000000010000,7,unseen,exact_match,0.0
tcn,cpr,1000000100000,123,seen,macro_f1,0.07692307692307693
tcn,cpr,1000000100000,123,seen,micro_f1,0.5714285714285714
tcn,cpr,1000000100000,123,seen,bit_accuracy,0.8846153846153846
tcn,cpr,1000000100000,123,seen,exact_match,0.0
tcn,cpr,1000000100000,123,unseen,macro_f1,0.07692307692307693
tcn,cpr,1000000100000,123,unseen,micro_f1,0.6666666666666666
tcn,cpr,1000000100000,123,unseen,bit_accuracy,0.9230769230769231
tcn,cpr,1000000100000,123,unseen,exact_match,0.0
tcn,cpr,1000000100000,42,seen,macro_f1,0.07692307692307693
tcn,cpr,1000000100000,42,seen,micro_f1,0.45454545454545453
tcn,cpr,1000000100000,42,seen,bit_accuracy,0.8153846153846154
tcn,cpr,1000000100000,42,seen,exact_match,0.0
tcn,cpr,1000000100000,42,unseen,macro_f1,0.07692307692307693
tcn,cpr,1000000100000,42,unseen,micro_f1,0.4
tcn,cpr,1000000100000,42,unseen,bit_accuracy,0.7692307692307693
tcn,cpr,1000000100000,42,unseen,exact_match,0.0
tcn,cpr,1000000100000,7,seen,macro_f1,0.07692307692307693
tcn,cpr,1000000100000,7,seen,micro_f1,0.625
tcn,cpr,1000000100000,7,seen,bit_accuracy,0.9076923076923077
tcn,cpr,1000000100000,7,seen,exact_match,0.0
tcn,cpr,1000000100000,7,unseen,macro_f1,0.07692307692307693
tcn,cpr,1000000100000,7,unseen,micro_f1,0.47619047619047616
tcn,cpr,1000000100000,7,unseen,bit_accuracy,0.8307692307692308
tcn,cpr,1000000100000,7,unseen,exact_match,0.0
tcn,cpr,1000001000000,123,seen,macro_f1,0.14529914529914528
tcn,cpr,1000001000000,123,seen,micro_f1,0.782608695652174
tcn,cpr,1000001000000,123,seen,bit_accuracy,0.9230769230769231
tcn,cpr,1000001000000,123,seen,exact_match,0.4
tcn,cpr,1000001000000,123,unseen,macro_f1,0.07692307692307693
tcn,cpr,1000001000000,123,unseen,micro_f1,0.43478260869565216
tcn,cpr,1000001000000,123,unseen,bit_accuracy,0.8
tcn,cpr,1000001000000,123,unseen,exact_match,0.0
tcn,cpr,1000001000000,42,seen,macro_f1,0.12606837606837606
tcn,cpr,1000001000000,42,seen,micro_f1,0.7777777777777778
tcn,cpr,1000001000000,42,seen,bit_accuracy,0.9384615384615385
tcn,cpr,1000001000000,42,seen,exact_match,0.6
tcn,cpr,1000001000000,42,unseen,macro_f1,0.11538461538461539
tcn,cpr,1000001000000,42,unseen,micro_f1,0.631578947368421
tcn,cpr,1000001000000,42,unseen,bit_accuracy,0.8923076923076924
tcn,cpr,1000001000000,42,unseen,exact_match,0.2
tcn,cpr,1000001000000,7,seen,macro_f1,0.07692307692307693
tcn,cpr,1000001000000,7,seen,micro_f1,0.4444444444444444
tcn,cpr,1000001000000,7,seen,bit_accuracy,0.8076923076923077
tcn,cpr,1000001000000,7,seen,exact_match,0.0
tcn,cpr,1000001000000,7,unseen,macro_f1,0.05128205128205128
tcn,cpr,1000001000000,7,unseen,micro_f1,0.2857142857142857
tcn,cpr,1000001000000,7,unseen,bit_accuracy,0.8076923076923077
tcn,cpr,1000001000000,7,unseen,exact_match,0.0
tcn,cpr,1000010000000,123,seen,macro_f1,0.15384615384615385
tcn,cpr,1000010000000,123,seen,micro_f1,0.8
tcn,cpr,1000010000000,123,seen,bit_accuracy,0.9230769230769231
tcn,cpr,1000010000000,123,seen,exact_match,0.5
tcn,cpr,1000010000000,123,unseen,macro_f1,0.07692307692307693
tcn,cpr,1000010000000,123,unseen,micro_f1,0.6666666666666666
tcn,cpr,1000010000000,123,unseen,bit_accuracy,0.9230769230769231
tcn,cpr,1000010000000,123,unseen,exact_match,0.0
tcn,cpr,1000010000000,42,seen,macro_f1,0.07692307692307693
tcn,cpr,1000010000000,42,seen,micro_f1,0.4
tcn,cpr,1000010000000,42,seen,bit_accuracy,0.7692307692307693
tcn,cpr,1000010000000,42,seen,exact_match,0.0
tcn,cpr,1000010000000,42,unseen,macro_f1,0.07692307692307693
tcn,cpr,1000010000000,42,unseen,micro_f1,0.5
tcn,cpr,1000010000000,42,unseen,bit_accuracy,0.8461538461538461
tcn,cpr,1000010000000,42,unseen,exact_match,0.0
tcn,cpr,1000010000000,7,seen,macro_f1,0.1346153846153846
tcn,cpr,1000010000000,7,seen,micro_f1,0.7272727272727273
tcn,cpr,1000010000000,7,seen,bit_accuracy,0.9076923076923077
tcn,cpr,1000010000000,7,seen,exact_match,0.0
tcn,cpr,1000010000000,7,unseen,macro_f1,0.14529914529914528
tcn,cpr,1000010000000,7,unseen,micro_f1,0.72
tcn,cpr,1000010000000,7,unseen,bit_accuracy,0.8923076923076924
tcn,cpr,1000010000000,7,unseen,exact_match,0.0
tcn,cpr,1000100000000,123,seen,macro_f1,0.07692307692307693
tcn,cpr,1000100000000,123,seen,micro_f1,0.6666666666666666
tcn,cpr,1000100000000,123,seen,bit_accuracy,0.9230769230769231
tcn,cpr,1000100000000,123,seen,exact_match,0.0
tcn,cpr,1000100000000,123,unseen,macro_f1,0.07692307692307693
tcn,cpr,1000100000000,123,unseen,micro_f1,0.6666666666666666
tcn,cpr,1000100000000,123,unseen,bit_accuracy,0.9230769230769231
tcn,cpr,1000100000000,123,unseen,exact_match,0.0
tcn,cpr,1000100000000,42,seen,macro_f1,0.14529914529914528
tcn,cpr,1000100000000,42,seen,micro_f1,0.8571428571428571
tcn,cpr,1000100000000,42,seen,bit_accuracy,0.9538461538461539
tcn,cpr,1000100000000,42,seen,exact_match,0.4
tcn,cpr,1000100000000,42,unseen,macro_f1,0.07692307692307693
tcn,cpr,1000100000000,42,unseen,micro_f1,0.6666666666666666
tcn,cpr,1000100000000,42,unseen,bit_accuracy,0.9230769230769231
tcn,cpr,1000100000000,42,unseen,exact_match,0.0
tcn,cpr,1000100000000,7,seen,macro_f1,0.07692307692307693
tcn,cpr,1000100000000,7,seen,micro_f1,0.5
tcn,cpr,1000100000000,7,seen,bit_accuracy,0.8461538461538461
tcn,cpr,1000100000000,7,seen,exact_match,0.0
tcn,cpr,1000100000000,7,unseen,macro_f1,0.1282051282051282
tcn,cpr,1000100000000,7,unseen,micro_f1,0.75
tcn,cpr,1000100000000,7,unseen,bit_accuracy,0.9230769230769231
tcn,cpr,1000100000000,7,unseen,exact_match,0.0
tcn,cpr,1001000000000,123,seen,macro_f1,0.07692307692307693
tcn,cpr,1001000000000,123,seen,micro_f1,0.5
tcn,cpr,1001000000000,123,seen,bit_accuracy,0.8461538461538461
tcn,cpr,1001000000000,123,seen,exact_match,0.0
tcn,cpr,1001000000000,123,unseen,macro_f1,0.07692307692307693
tcn,cpr,1001000000000,123,unseen,micro_f1,0.5
tcn,cpr,1001000000000,123,unseen,bit_accuracy,0.8461538461538461
tcn,cpr,1001000000000,123,unseen,exact_match,0.0
tcn,cpr,1001000000000,42,seen,macro_f1,0.07692307692307693
tcn,cpr,1001000000000,42,seen,micro_f1,0.5555555555555556
tcn,cpr,1001000000000,42,seen,bit_accuracy,0.8769230769230769
tcn,cpr,1001000000000,42,seen,exact_match,0.0
tcn,cpr,1001000000000,42,unseen,macro_f1,0.07692307692307693
tcn,cpr,1001000000000,42,unseen,micro_f1,0.625
tcn,cpr,1001000000000,42,unseen,bit_accuracy,0.9076923076923077
tcn,cpr,1001000000000,42,unseen,exact_match,0.0
tcn,cpr,1001000000000,7,seen,macro_f1,0.15384615384615385
tcn,cpr,1001000000000,7,seen,micro_f1,0.9090909090909091
tcn,cpr,1001000000000,7,seen,bit_accuracy,0.9692307692307692
tcn,cpr,1001000000000,7,seen,exact_match,0.6
tcn,cpr,1001000000000,7,unseen,macro_f1,0.10256410256410256
tcn,cpr,1001000000000,7,unseen,micro_f1,0.5714285714285714
tcn,cpr,1001000000000,7,unseen,bit_accuracy,0.8615384615384616
tcn,cpr,1001000000000,7,unseen,exact_match,0.0
transformer,cpr,0000000000001,123,seen,macro_f1,0.07495069033530571
transformer,cpr,0000000000001,123,seen,micro_f1,0.4578313253012048
transformer,cpr,0000000000001,123,seen,bit_accuracy,0.8269230769230769
transformer,cpr,0000000000001,123,seen,exact_match,0.05
transformer,cpr,0000000000001,123,unseen,macro_f1,0.05459057071960298
transformer,cpr,0000000000001,123,unseen,micro_f1,0.3055555555555556
transformer,cpr,0000000000001,123,unseen,bit_accuracy,0.8076923076923077
transformer,cpr,0000000000001,123,unseen,exact_match,0.05
transformer,cpr,0000000000001,42,seen,macro_f1,0.0
transformer,cpr,0000000000001,42,seen,micro_f1,0.0
transformer,cpr,0000000000001,42,seen,bit_accuracy,0.6538461538461539
transformer,cpr,0000000000001,42,seen,exact_match,0.0
transformer,cpr,0000000000001,42,unseen,macro_f1,0.0
transformer,cpr,0000000000001,42,unseen,micro_f1,0.0
transformer,cpr,0000000000001,42,unseen,bit_accuracy,0.7692307692307693
transformer,cpr,0000000000001,42,unseen,exact_match,0.0
transformer,cpr,0000000000001,7,seen,macro_f1,0.057692307692307696
transformer,cpr,0000000000001,7,seen,micro_f1,0.4444444444444444
transformer,cpr,0000000000001,7,seen,bit_accuracy,0.8846153846153846
transformer,cpr,0000000000001,7,seen,exact_match,0.4
transformer,cpr,0000000000001,7,unseen,macro_f1,0.039886039886039885
transformer,cpr,0000000000001,7,unseen,micro_f1,0.208955223880597
transformer,cpr,0000000000001,7,unseen,bit_accuracy,0.7961538461538461
transformer,cpr,0000000000001,7,unseen,exact_match,0.1
transformer,cpr,0000000000010,123,seen,macro_f1,0.039886039886039885
transformer,cpr,0000000000010,123,seen,micro_f1,0.3684210526315789
transformer,cpr,0000000000010,123,seen,bit_accuracy,0.9076923076923077
transformer,cpr,0000000000010,123,seen,exact_match,0.35
transformer,cpr,0000000000010,123,unseen,macro_f1,0.03076923076923077
transformer,cpr,0000000000010,123,unseen,micro_f1,0.23255813953488372
transformer,cpr,0000000000010,123,unseen,bit_accuracy,0.8730769230769231
transformer,cpr,0000000000010,123,unseen,exact_match,0.05
transformer,cpr,0000000000010,42,seen,macro_f1,0.05128205128205128
transformer,cpr,0000000000010,42,seen,micro_f1,0.35714285714285715
transformer,cpr,0000000000010,42,seen,bit_accuracy,0.8615384615384616
transformer,cpr,0000000000010,42,seen,exact_match,0.0
transformer,cpr,0000000000010,42,unseen,macro_f1,0.039886039886039885
transformer,cpr,0000000000010,42,unseen,micro_f1,0.2692307692307692
transformer,cpr,0000000000010,42,unseen,bit_accuracy,0.8538461538461538
transformer,cpr,0000000000010,42,unseen,exact_match,0.05
transformer,cpr,0000000000010,7,seen,macro_f1,0.0
transformer,cpr,0000000000010,7,seen,micro_f1,0.0
transformer,cpr,0000000000010,7,seen,bit_accuracy,0.7307692307692307
transformer,cpr,0000000000010,7,seen,exact_match,0.0
transformer,cpr,0000000000010,7,unseen,macro_f1,0.0
transformer,cpr,0000000000010,7,unseen,micro_f1,0.0
transformer,cpr,0000000000010,7,unseen,bit_accuracy,0.8076923076923077
transformer,cpr,0000000000010,7,unseen,exact_match,0.0
transformer,cpr,0000000000100,123,seen,macro_f1,0.0728744939271255
transformer,cpr,0000000000100,123,seen,micro_f1,0.5806451612903226
transformer,cpr,0000000000100,123,seen,bit_accuracy,0.9
transformer,cpr,0000000000100,123,seen,exact_match,0.05
transformer,cpr,0000000000100,123,unseen,macro_f1,0.03076923076923077
transformer,cpr,0000000000100,123,unseen,micro_f1,0.16393442622950818
transformer,cpr,0000000000100,123,unseen,bit_accuracy,0.8038461538461539
transformer,cpr,0000000000100,123,unseen,exact_match,0.0
transformer,cpr,0000000000100,42,seen,macro_f1,0.0
transformer,cpr,0000000000100,42,seen,micro_f1,0.0
transformer,cpr,0000000000100,42,seen,bit_accuracy,0.7307692307692307
transformer,cpr,0000000000100,42,seen,exact_match,0.0
transformer,cpr,0000000000100,42,unseen,macro_f1,0.0
transformer,cpr,0000000000100,42,unseen,micro_f1,0.0
transformer,cpr,0000000000100,42,unseen,bit_accuracy,0.7692307692307693
transformer,cpr,0000000000100,42,unseen,exact_match,0.0
transformer,cpr,0000000000100,7,seen,macro_f1,0.07068607068607069
transformer,cpr,0000000000100,7,seen,micro_f1,0.5666666666666667
transformer,cpr,0000000000100,7,seen,bit_accuracy,0.9
transformer,cpr,0000000000100,7,seen,exact_match,0.05
transformer,cpr,0000000000100,7,unseen,macro_f1,0.03076923076923077
transformer,cpr,0000000000100,7,unseen,micro_f1,0.14925373134328357
transformer,cpr,0000000000100,7,unseen,bit_accuracy,0.7807692307692308
transformer,cpr,0000000000100,7,unseen,exact_match,0.0
transformer,cpr,0000000001000,123,seen,macro_f1,0.03550295857988166
transformer,cpr,0000000001000,123,seen,micro_f1,0.21818181818181817
transformer,cpr,0000000001000,123,seen,bit_accuracy,0.8346153846153846
transformer,cpr,0000000001000,123,seen,exact_match,0.0
transformer,cpr,0000000001000,123,unseen,macro_f1,0.007326007326007326
transformer,cpr,0000000001000,123,unseen,micro_f1,0.0425531914893617
transformer,cpr,0000000001000,123,unseen,bit_accuracy,0.8269230769230769
transformer,cpr,0000000001000,123,unseen,exact_match,0.0
transformer,cpr,0000000001000,42,seen,macro_f1,0.020066889632107024
transformer,cpr,0000000001000,42,seen,micro_f1,0.13953488372093023
transformer,cpr,0000000001000,42,seen,bit_accuracy,0.8576923076923076
transformer,cpr,0000000001000,42,seen,exact_match,0.0
transformer,cpr,0000000001000,42,unseen,macro_f1,0.007326007326007326
transformer,cpr,0000000001000,42,unseen,micro_f1,0.038461538461538464
transformer,cpr,0000000001000,42,unseen,bit_accuracy,0.8076923076923077
transformer,cpr,0000000001000,42,unseen,exact_match,0.0
transformer,cpr,0000000001000,7,seen,macro_f1,0.0
transformer,cpr,0000000001000,7,seen,micro_f1,0.0
transformer,cpr,0000000001000,7,seen,bit_accuracy,0.8461538461538461
transformer,cpr,0000000001000,7,seen,exact_match,0.0
transformer,cpr,0000000001000,7,unseen,macro_f1,0.0
transformer,cpr,0000000001000,7,unseen,micro_f1,0.0
transformer,cpr,0000000001000,7,unseen,bit_accuracy,0.8076923076923077
transformer,cpr,0000000001000,7,unseen,exact_match,0.0
transformer,cpr,0000000001001,123,seen,macro_f1,0.07692307692307693
transformer,cpr,0000000001001,123,seen,micro_f1,0.36363636363636365
transformer,cpr,0000000001001,123,seen,bit_accuracy,0.7307692307692307
transformer,cpr,0000000001001,123,seen,exact_match,0.0
transformer,cpr,0000000001001,123,unseen,macro_f1,0.05128205128205128
transformer,cpr,0000000001001,123,unseen,micro_f1,0.2
transformer,cpr,0000000001001,123,unseen,bit_accuracy,0.6923076923076923
transformer,cpr,0000000001001,123,unseen,exact_match,0.0
transformer,cpr,0000000001001,42,seen,macro_f1,0.06837606837606837
transformer,cpr,0000000001001,42,seen,micro_f1,0.4444444444444444
transformer,cpr,0000000001001,42,seen,bit_accuracy,0.8461538461538461
transformer,cpr,0000000001001,42,seen,exact_match,0.0
transformer,cpr,0000000001001,42,unseen,macro_f1,0.07692307692307693
transformer,cpr,0000000001001,42,unseen,micro_f1,0.43478260869565216
transformer,cpr,0000000001001,42,unseen,bit_accuracy,0.8
transformer,cpr,0000000001001,42,unseen,exact_match,0.0
transformer,cpr,0000000001001,7,seen,macro_f1,0.10164835164835165
transformer,cpr,0000000001001,7,seen,micro_f1,0.5263157894736842
transformer,cpr,0000000001001,7,seen,bit_accuracy,0.8615384615384616
transformer,cpr,0000000001001,7,seen,exact_match,0.0
transformer,cpr,0000000001001,7,unseen,macro_f1,0.057692307692307696
transformer,cpr,0000000001001,7,unseen,micro_f1,0.375
transformer,cpr,0000000001001,7,unseen,bit_accuracy,0.8461538461538461
transformer,cpr,0000000001001,7,unseen,exact_match,0.0
transformer,cpr,0000000001010,123,seen,macro_f1,0.12087912087912088
transformer,cpr,0000000001010,123,seen,micro_f1,0.6666666666666666
transformer,cpr,0000000001010,123,seen,bit_accuracy,0.8923076923076924
transformer,cpr,0000000001010,123,seen,exact_match,0.2
transformer,cpr,0000000001010,123,unseen,macro_f1,0.1346153846153846
transformer,cpr,0000000001010,123,unseen,micro_f1,0.6666666666666666
transformer,cpr,0000000001010,123,unseen,bit_accuracy,0.8769230769230769
transformer,cpr,0000000001010,123,unseen,exact_match,0.4
transformer,cpr,0000000001010,42,seen,macro_f1,0.07692307692307693
transformer,cpr,0000000001010,42,seen,micro_f1,0.36363636363636365
transformer,cpr,0000000001010,42,seen,bit_accuracy,0.7307692307692307
transformer,cpr,0000000001010,42,seen,exact_match,0.0
transformer,cpr,0000000001010,42,unseen,macro_f1,0.07692307692307693
transformer,cpr,0000000001010,42,unseen,micro_f1,0.36363636363636365
transformer,cpr,0000000001010,42,unseen,bit_accuracy,0.7307692307692307
transformer,cpr,0000000001010,42,unseen,exact_match,0.0
transformer,cpr,0000000001010,7,seen,macro_f1,0.1346153846153846
transformer,cpr,0000000001010,7,seen,micro_f1,0.8
transformer,cpr,0000000001010,7,seen,bit_accuracy,0.9384615384615385
transformer,cpr,0000000001010,7,seen,exact_match,0.6
transformer,cpr,0000000001010,7,unseen,macro_f1,0.094017094017094
transformer,cpr,0000000001010,7,unseen,micro_f1,0.43478260869565216
transformer,cpr,0000000001010,7,unseen,bit_accuracy,0.8
transformer,cpr,0000000001010,7,unseen,exact_match,0.0
transformer,cpr,0000000001100,123,seen,macro_f1,0.05128205128205128
transformer,cpr,0000000001100,123,seen,micro_f1,0.2
transformer,cpr,0000000001100,123,seen,bit_accuracy,0.6923076923076923
transformer,cpr,0000000001100,123,seen,exact_match,0.0
transformer,cpr,0000000001100,123,unseen,macro_f1,0.07692307692307693
transformer,cpr,0000000001100,123,unseen,micro_f1,0.4444444444444444
transformer,cpr,0000000001100,123,unseen,bit_accuracy,0.8076923076923077
transformer,cpr,0000000001100,123,unseen,exact_match,0.0
transformer,cpr,0000000001100,42,seen,macro_f1,0.06837606837606837
transformer,cpr,0000000001100,42,seen,micro_f1,0.4
transformer,cpr,0000000001100,42,seen,bit_accuracy,0.8153846153846154
transformer,cpr,0000000001100,42,seen,exact_match,0.0
transformer,cpr,0000000001100,42,unseen,macro_f1,0.12087912087912088
transformer,cpr,0000000001100,42,unseen,micro_f1,0.6363636363636364
transformer,cpr,0000000001100,42,unseen,bit_accuracy,0.8769230769230769
transformer,cpr,0000000001100,42,unseen,exact_match,0.0
transformer,cpr,0000000001100,7,seen,macro_f1,0.15384615384615385
transformer,cpr,0000000001100,7,seen,micro_f1,0.8695652173913043
transformer,cpr,0000000001100,7,seen,bit_accuracy,0.9538461538461539
transformer,cpr,0000000001100,7,seen,exact_match,0.4
transformer,cpr,0000000001100,7,unseen,macro_f1,0.15384615384615385
transformer,cpr,0000000001100,7,unseen,micro_f1,0.6666666666666666
transformer,cpr,0000000001100,7,unseen,bit_accuracy,0.8461538461538461
transformer,cpr,0000000001100,7,unseen,exact_match,0.0
transformer,cpr,0000000010000,123,seen,macro_f1,0.07692307692307693
transformer,cpr,0000000010000,123,seen,micro_f1,0.851063829787234
transformer,cpr,0000000010000,123,seen,bit_accuracy,0.9730769230769231
transformer,cpr,0000000010000,123,seen,exact_match,0.65
transformer,cpr,0000000010000,123,unseen,macro_f1,0.07692307692307693
transformer,cpr,0000000010000,123,unseen,micro_f1,0.6779661016949152
transformer,cpr,0000000010000,123,unseen,bit_accuracy,0.926923076923077
transformer,cpr,0000000010000,123,unseen,exact_match,0.2
transformer,cpr,0000000010000,42,seen,macro_f1,0.0
transformer,cpr,0000000010000,42,seen,micro_f1,0.0
transformer,cpr,0000000010000,42,seen,bit_accuracy,0.9230769230769231
transformer,cpr,0000000010000,42,seen,exact_match,0.0
transformer,cpr,0000000010000,42,unseen,macro_f1,0.0
transformer,cpr,0000000010000,42,unseen,micro_f1,0.0
transformer,cpr,0000000010000,42,unseen,bit_accuracy,0.7692307692307693
transformer,cpr,0000000010000,42,unseen,exact_match,0.0
transformer,cpr,0000000010000,7,seen,macro_f1,0.07495069033530571
transformer,cpr,0000000010000,7,seen,micro_f1,0.8085106382978723
transformer,cpr,0000000010000,7,seen,bit_accuracy,0.9653846153846154
transformer,cpr,0000000010000,7,seen,exact_match,0.6
transformer,cpr,0000000010000,7,unseen,macro_f1,0.07495069033530571
transformer,cpr,0000000010000,7,unseen,micro_f1,0.7755102040816326
transformer,cpr,0000000010000,7,unseen,bit_accuracy,0.9576923076923077
transformer,cpr,0000000010000,7,unseen,exact_match,0.5
transformer,cpr,0000000010100,123,seen,macro_f1,0.14529914529914528
transformer,cpr,0000000010100,123,seen,micro_f1,0.6206896551724138
transformer,cpr,0000000010100,123,seen,bit_accuracy,0.8307692307692308
transformer,cpr,0000000010100,123,seen,exact_match,0.0
transformer,cpr,0000000010100,123,unseen,macro_f1,0.10256410256410256
transformer,cpr,0000000010100,123,unseen,micro_f1,0.48
transformer,cpr,0000000010100,123,unseen,bit_accuracy,0.8
transformer,cpr,0000000010100,123,unseen,exact_match,0.0
transformer,cpr,0000000010100,42,seen,macro_f1,0.10256410256410256
transformer,cpr,0000000010100,42,seen,micro_f1,0.6
transformer,cpr,0000000010100,42,seen,bit_accuracy,0.8769230769230769
transformer,cpr,0000000010100,42,seen,exact_match,0.2
transformer,cpr,0000000010100,42,unseen,macro_f1,0.12087912087912088
transformer,cpr,0000000010100,42,unseen,micro_f1,0.5833333333333334
transformer,cpr,0000000010100,42,unseen,bit_accuracy,0.8461538461538461
transformer,cpr,0000000010100,42,unseen,exact_match,0.0
transformer,cpr,0000000010100,7,seen,macro_f1,0.07692307692307693
transformer,cpr,0000000010100,7,seen,micro_f1,0.4
transformer,cpr,0000000010100,7,seen,bit_accuracy,0.7692307692307693
transformer,cpr,0000000010100,7,seen,exact_match,0.0
transformer,cpr,0000000010100,7,unseen,macro_f1,0.07692307692307693
transformer,cpr,0000000010100,7,unseen,micro_f1,0.4
transformer,cpr,0000000010100,7,unseen,bit_accuracy,0.7692307692307693
transformer,cpr,0000000010100,7,unseen,exact_match,0.0
transformer,cpr,0000000011000,123,seen,macro_f1,0.15384615384615385
transformer,cpr,0000000011000,123,seen,micro_f1,0.6666666666666666
transformer,cpr,0000000011000,123,seen,bit_accuracy,0.8461538461538461
transformer,cpr,0000000011000,123,seen,exact_match,0.0
transformer,cpr,0000000011000,123,unseen,macro_f1,0.1282051282051282
transformer,cpr,0000000011000,123,unseen,micro_f1,0.6
transformer,cpr,0000000011000,123,unseen,bit_accuracy,0.8461538461538461
transformer,cpr,0000000011000,123,unseen,exact_match,0.0
transformer,cpr,0000000011000,42,seen,macro_f1,0.07692307692307693
transformer,cpr,0000000011000,42,seen,micro_f1,0.5
transformer,cpr,0000000011000,42,seen,bit_accuracy,0.8461538461538461
transformer,cpr,0000000011000,42,seen,exact_match,0.0
transformer,cpr,0000000011000,42,unseen,macro_f1,0.06837606837606837
transformer,cpr,0000000011000,42,unseen,micro_f1,0.3333333333333333
transformer,cpr,0000000011000,42,unseen,bit_accuracy,0.7538461538461538
transformer,cpr,0000000011000,42,unseen,exact_match,0.0
transformer,cpr,0000000011000,7,seen,macro_f1,0.07692307692307693
transformer,cpr,0000000011000,7,seen,micro_f1,0.5555555555555556
transformer,cpr,0000000011000,7,seen,bit_accuracy,0.8769230769230769
transformer,cpr,0000000011000,7,seen,exact_match,0.0
transformer,cpr,0000000011000,7,unseen,macro_f1,0.07692307692307693
transformer,cpr,0000000011000,7,unseen,micro_f1,0.625
transformer,cpr,0000000011000,7,unseen,bit_accuracy,0.9076923076923077
transformer,cpr,0000000011000,7,unseen,exact_match,0.0
transformer,cpr,0000000100000,123,seen,macro_f1,0.07692307692307693
transformer,cpr,0000000100000,123,seen,micro_f1,0.7407407407407407
transformer,cpr,0000000100000,123,seen,bit_accuracy,0.9461538461538461
transformer,cpr,0000000100000,123,seen,exact_match,0.35
transformer,cpr,0000000100000,123,unseen,macro_f1,0.07692307692307693
transformer,cpr,0000000100000,123,unseen,micro_f1,0.6153846153846154
transformer,cpr,0000000100000,123,unseen,bit_accuracy,0.9038461538461539
transformer,cpr,0000000100000,123,unseen,exact_match,0.15
transformer,cpr,0000000100000,42,seen,macro_f1,0.07692307692307693
transformer,cpr,0000000100000,42,seen,micro_f1,0.425531914893617
transformer,cpr,0000000100000,42,seen,bit_accuracy,0.7923076923076923
transformer,cpr,0000000100000,42,seen,exact_match,0.0
transformer,cpr,0000000100000,42,unseen,macro_f1,0.07692307692307693
transformer,cpr,0000000100000,42,unseen,micro_f1,0.46511627906976744
transformer,cpr,0000000100000,42,unseen,bit_accuracy,0.823076923076923
transformer,cpr,0000000100000,42,unseen,exact_match,0.0
transformer,cpr,0000000100000,7,seen,macro_f1,0.07692307692307693
transformer,cpr,0000000100000,7,seen,micro_f1,1.0
transformer,cpr,0000000100000,7,seen,bit_accuracy,1.0
transformer,cpr,0000000100000,7,seen,exact_match,1.0
transformer,cpr,0000000100000,7,unseen,macro_f1,0.07692307692307693
transformer,cpr,0000000100000,7,unseen,micro_f1,0.5
transformer,cpr,0000000100000,7,unseen,bit_accuracy,0.8461538461538461
transformer,cpr,0000000100000,7,unseen,exact_match,0.0
transformer,cpr,0000000100001,123,seen,macro_f1,0.07692307692307693
transformer,cpr,0000000100001,123,seen,micro_f1,0.4
transformer,cpr,0000000100001,123,seen,bit_accuracy,0.7692307692307693
transformer,cpr,0000000100001,123,seen,exact_match,0.0
transformer,cpr,0000000100001,123,unseen,macro_f1,0.07692307692307693
transformer,cpr,0000000100001,123,unseen,micro_f1,0.36363636363636365
transformer,cpr,0000000100001,123,unseen,bit_accuracy,0.7307692307692307
transformer,cpr,0000000100001,123,unseen,exact_match,0.0
transformer,cpr,0000000100001,42,seen,macro_f1,0.15384615384615385
transformer,cpr,0000000100001,42,seen,micro_f1,0.7692307692307693
transformer,cpr,0000000100001,42,seen,bit_accuracy,0.9076923076923077
transformer,cpr,0000000100001,42,seen,exact_match,0.2
transformer,cpr,0000000100001,42,unseen,macro_f1,0.07692307692307693
transformer,cpr,0000000100001,42,unseen,micro_f1,0.47619047619047616
transformer,cpr,0000000100001,42,unseen,bit_accuracy,0.8307692307692308
transformer,cpr,0000000100001,42,unseen,exact_match,0.0
transformer,cpr,0000000100001,7,seen,macro_f1,0.15384615384615385
transformer,cpr,0000000100001,7,seen,micro_f1,0.8333333333333334
transformer,cpr,0000000100001,7,seen,bit_accuracy,0.9384615384615385
transformer,cpr,0000000100001,7,seen,exact_match,0.2
transformer,cpr,0000000100001,7,unseen,macro_f1,0.07692307692307693
transformer,cpr,0000000100001,7,unseen,micro_f1,0.38461538461538464
transformer,cpr,0000000100001,7,unseen,bit_accuracy,0.7538461538461538
transformer,cpr,0000000100001,7,unseen,exact_match,0.0
transformer,cpr,0000000100010,123,seen,macro_f1,0.07692307692307693
transformer,cpr,0000000100010,123,seen,micro_f1,0.5263157894736842
transformer,cpr,0000000100010,123,seen,bit_accuracy,0.8615384615384616
transformer,cpr,0000000100010,123,seen,exact_match,0.0
transformer,cpr,0000000100010,123,unseen,macro_f1,0.07692307692307693
transformer,cpr,0000000100010,123,unseen,micro_f1,0.47619047619047616
transformer,cpr,0000000100010,123,unseen,bit_accuracy,0.8307692307692308
transformer,cpr,0000000100010,123,unseen,exact_match,0.0
transformer,cpr,0000000100010,42,seen,macro_f1,0.07692307692307693
transformer,cpr,0000000100010,42,seen,micro_f1,0.3333333333333333
transformer,cpr,0000000100010,42,seen,bit_accuracy,0.6923076923076923
transformer,cpr,0000000100010,42,seen,exact_match,0.0
transformer,cpr,0000000100010,42,unseen,macro_f1,0.07692307692307693
transformer,cpr,0000000100010,42,unseen,micro_f1,0.2857142857142857
transformer,cpr,0000000100010,42,unseen,bit_accuracy,0.6153846153846154
transformer,cpr,0000000100010,42,unseen,exact_match,0.0
transformer,cpr,0000000100010,7,seen,macro_f1,0.1346153846153846
transformer,cpr,0000000100010,7,seen,micro_f1,0.7272727272727273
transformer,cpr,0000000100010,7,seen,bit_accuracy,0.9076923076923077
transformer,cpr,0000000100010,7,seen,exact_match,0.2
transformer,cpr,0000000100010,7,unseen,macro_f1,0.07692307692307693
transformer,cpr,0000000100010,7,unseen,micro_f1,0.45454545454545453
transformer,cpr,0000000100010,7,unseen,bit_accuracy,0.8153846153846154
transformer,cpr,0000000100010,7,unseen,exact_match,0.0
transformer,cpr,0000000100100,123,seen,macro_f1,0.07692307692307693
transformer,cpr,0000000100100,123,seen,micro_f1,0.4
transformer,cpr,0000000100100,123,seen,bit_accuracy,0.7692307692307693
transformer,cpr,0000000100100,123,seen,exact_match,0.0
transformer,cpr,0000000100100,123,unseen,macro_f1,0.07692307692307693
transformer,cpr,0000000100100,123,unseen,micro_f1,0.4
transformer,cpr,0000000100100,123,unseen,bit_accuracy,0.7692307692307693
transformer,cpr,0000000100100,123,unseen,exact_match,0.0
transformer,cpr,0000000100100,42,seen,macro_f1,0.15384615384615385
transformer,cpr,0000000100100,42,seen,micro_f1,0.7407407407407407
transformer,cpr,0000000100100,42,seen,bit_accuracy,0.8923076923076924
transformer,cpr,0000000100100,42,seen,exact_match,0.0
transformer,cpr,0000000100100,42,unseen,macro_f1,0.07692307692307693
transformer,cpr,0000000100100,42,unseen,micro_f1,0.3125
transformer,cpr,0000000100100,42,unseen,bit_accuracy,0.6615384615384615
transformer,cpr,0000000100100,42,unseen,exact_match,0.0
transformer,cpr,0000000100100,7,seen,macro_f1,0.10256410256410256
transformer,cpr,0000000100100,7,seen,micro_f1,0.5217391304347826
transformer,cpr,0000000100100,7,seen,bit_accuracy,0.8307692307692308
transformer,cpr,0000000100100,7,seen,exact_match,0.0
transformer,cpr,0000000100100,7,unseen,macro_f1,0.07692307692307693
transformer,cpr,0000000100100,7,unseen,micro_f1,0.43478260869565216
transformer,cpr,0000000100100,7,unseen,bit_accuracy,0.8
transformer,cpr,0000000100100,7,unseen,exact_match,0.0
transformer,cpr,0000000101000,123,seen,macro_f1,0.07692307692307693
transformer,cpr,0000000101000,123,seen,micro_f1,0.38461538461538464
transformer,cpr,0000000101000,123,seen,bit_accuracy,0.7538461538461538
transformer,cpr,0000000101000,123,seen,exact_match,0.0
transformer,cpr,0000000101000,123,unseen,macro_f1,0.07692307692307693
transformer,cpr,0000000101000,123,unseen,micro_f1,0.45454545454545453
transformer,cpr,0000000101000,123,unseen,bit_accuracy,0.8153846153846154
transformer,cpr,0000000101000,123,unseen,exact_match,0.0
transformer,cpr,0000000101000,42,seen,macro_f1,0.07692307692307693
transformer,cpr,0000000101000,42,seen,micro_f1,0.4444444444444444
transformer,cpr,0000000101000,42,seen,bit_accuracy,0.8076923076923077
transformer,cpr,0000000101000,42,seen,exact_match,0.0
transformer,cpr,0000000101000,42,unseen,macro_f1,0.07692307692307693
transformer,cpr,0000000101000,42,unseen,micro_f1,0.3333333333333333
transformer,cpr,0000000101000,42,unseen,bit_accuracy,0.6923076923076923
transformer,cpr,0000000101000,42,unseen,exact_match,0.0
transformer,cpr,0000000101000,7,seen,macro_f1,0.07692307692307693
transformer,cpr,0000000101000,7,seen,micro_f1,0.45454545454545453
transformer,cpr,0000000101000,7,seen,bit_accuracy,0.8153846153846154
transformer,cpr,0000000101000,7,seen,exact_match,0.0
transformer,cpr,0000000101000,7,unseen,macro_f1,0.07692307692307693
transformer,cpr,0000000101000,7,unseen,micro_f1,0.5
transformer,cpr,0000000101000,7,unseen,bit_accuracy,0.8461538461538461
transformer,cpr,0000000101000,7,unseen,exact_match,0.0
transformer,cpr,0000000110000,123,seen,macro_f1,0.1282051282051282
transformer,cpr,0000000110000,123,seen,micro_f1,0.46153846153846156
transformer,cpr,0000000110000,123,seen,bit_accuracy,0.7307692307692307
transformer,cpr,0000000110000,123,seen,exact_match,0.0
transformer,cpr,0000000110000,123,unseen,macro_f1,0.07692307692307693
transformer,cpr,0000000110000,123,unseen,micro_f1,0.36363636363636365
transformer,cpr,0000000110000,123,unseen,bit_accuracy,0.7307692307692307
transformer,cpr,0000000110000,123,unseen,exact_match,0.0
transformer,cpr,0000000110000,42,seen,macro_f1,0.14529914529914528
transformer,cpr,0000000110000,42,seen,micro_f1,0.75
transformer,cpr,0000000110000,42,seen,bit_accuracy,0.9076923076923077
transformer,cpr,0000000110000,42,seen,exact_match,0.4
transformer,cpr,0000000110000,42,unseen,macro_f1,0.07692307692307693
transformer,cpr,0000000110000,42,unseen,micro_f1,0.4166666666666667
transformer,cpr,0000000110000,42,unseen,bit_accuracy,0.7846153846153846
transformer,cpr,0000000110000,42,unseen,exact_match,0.0
transformer,cpr,0000000110000,7,seen,macro_f1,0.15384615384615385
transformer,cpr,0000000110000,7,seen,micro_f1,0.8333333333333334
transformer,cpr,0000000110000,7,seen,bit_accuracy,0.9384615384615385
transformer,cpr,0000000110000,7,seen,exact_match,0.4
transformer,cpr,0000000110000,7,unseen,macro_f1,0.07692307692307693
transformer,cpr,0000000110000,7,unseen,micro_f1,0.37037037037037035
transformer,cpr,0000000110000,7,unseen,bit_accuracy,0.7384615384615385
transformer,cpr,0000000110000,7,unseen,exact_match,0.0
transformer,cpr,0000001000000,123,seen,macro_f1,0.07692307692307693
transformer,cpr,0000001000000,123,seen,micro_f1,0.547945205479452
transformer,cpr,0000001000000,123,seen,bit_accuracy,0.8730769230769231
transformer,cpr,0000001000000,123,seen,exact_match,0.1
transformer,cpr,0000001000000,123,unseen,macro_f1,0.07692307692307693
transformer,cpr,0000001000000,123,unseen,micro_f1,0.5263157894736842
transformer,cpr,0000001000000,123,unseen,bit_accuracy,0.8615384615384616
transformer,cpr,0000001000000,123,unseen,exact_match,0.0
transformer,cpr,0000001000000,42,seen,macro_f1,0.07692307692307693
transformer,cpr,0000001000000,42,seen,micro_f1,0.6666666666666666
transformer,cpr,0000001000000,42,seen,bit_accuracy,0.9230769230769231
transformer,cpr,0000001000000,42,seen,exact_match,0.0
transformer,cpr,0000001000000,42,unseen,macro_f1,0.07692307692307693
transformer,cpr,0000001000000,42,unseen,micro_f1,0.6666666666666666
transformer,cpr,0000001000000,42,unseen,bit_accuracy,0.9230769230769231
transformer,cpr,0000001000000,42,unseen,exact_match,0.5
transformer,cpr,0000001000000,7,seen,macro_f1,0.07495069033530571
transformer,cpr,0000001000000,7,seen,micro_f1,0.475
transformer,cpr,0000001000000,7,seen,bit_accuracy,0.8384615384615385
transformer,cpr,0000001000000,7,seen,exact_match,0.05
transformer,cpr,0000001000000,7,unseen,macro_f1,0.07692307692307693
transformer,cpr,0000001000000,7,unseen,micro_f1,0.4878048780487805
transformer,cpr,0000001000000,7,unseen,bit_accuracy,0.8384615384615385
transformer,cpr,0000001000000,7,unseen,exact_match,0.1
transformer,cpr,0000001000001,123,seen,macro_f1,0.15384615384615385
transformer,cpr,0000001000001,123,seen,micro_f1,0.7142857142857143
transformer,cpr,0000001000001,123,seen,bit_accuracy,0.8769230769230769
transformer,cpr,0000001000001,123,seen,exact_match,0.2
transformer,cpr,0000001000001,123,unseen,macro_f1,0.07692307692307693
transformer,cpr,0000001000001,123,unseen,micro_f1,0.4166666666666667
transformer,cpr,0000001000001,123,unseen,bit_accuracy,0.7846153846153846
transformer,cpr,0000001000001,123,unseen,exact_match,0.0
transformer,cpr,0000001000001,42,seen,macro_f1,0.15384615384615385
transformer,cpr,0000001000001,42,seen,micro_f1,0.7407407407407407
transformer,cpr,0000001000001,42,seen,bit_accuracy,0.8923076923076924
transformer,cpr,0000001000001,42,seen,exact_match,0.0
transformer,cpr,0000001000001,42,unseen,macro_f1,0.07692307692307693
transformer,cpr,0000001000001,42,unseen,micro_f1,0.4
transformer,cpr,0000001000001,42,unseen,bit_accuracy,0.7692307692307693
transformer,cpr,0000001000001,42,unseen,exact_match,0.0
transformer,cpr,0000001000001,7,seen,macro_f1,0.07692307692307693
transformer,cpr,0000001000001,7,seen,micro_f1,0.5
transformer,cpr,0000001000001,7,seen,bit_accuracy,0.8461538461538461
transformer,cpr,0000001000001,7,seen,exact_match,0.0
transformer,cpr,0000001000001,7,unseen,macro_f1,0.07692307692307693
transformer,cpr,0000001000001,7,unseen,micro_f1,0.4
transformer,cpr,0000001000001,7,unseen,bit_accuracy,0.7692307692307693
transformer,cpr,0000001000001,7,unseen,exact_match,0.0
transformer,cpr,0000001000010,123,seen,macro_f1,0.07692307692307693
transformer,cpr,0000001000010,123,seen,micro_f1,0.4444444444444444
transformer,cpr,0000001000010,123,seen,bit_accuracy,0.8076923076923077
transformer,cpr,0000001000010,123,seen,exact_match,0.0
transformer,cpr,0000001000010,123,unseen,macro_f1,0.07692307692307693
transformer,cpr,0000001000010,123,unseen,micro_f1,0.4
transformer,cpr,0000001000010,123,unseen,bit_accuracy,0.7692307692307693
transformer,cpr,0000001000010,123,unseen,exact_match,0.0
transformer,cpr,0000001000010,42,seen,macro_f1,0.10256410256410256
transformer,cpr,0000001000010,42,seen,micro_f1,0.6
transformer,cpr,0000001000010,42,seen,bit_accuracy,0.8769230769230769
transformer,cpr,0000001000010,42,seen,exact_match,0.2
transformer,cpr,0000001000010,42,unseen,macro_f1,0.07692307692307693
transformer,cpr,0000001000010,42,unseen,micro_f1,0.43478260869565216
transformer,cpr,0000001000010,42,unseen,bit_accuracy,0.8
transformer,cpr,0000001000010,42,unseen,exact_match,0.0
transformer,cpr,0000001000010,7,seen,macro_f1,0.14529914529914528
transformer,cpr,0000001000010,7,seen,micro_f1,0.8571428571428571
transformer,cpr,0000001000010,7,seen,bit_accuracy,0.9538461538461539
transformer,cpr,0000001000010,7,seen,exact_match,0.6
transformer,cpr,0000001000010,7,unseen,macro_f1,0.07692307692307693
transformer,cpr,0000001000010,7,unseen,micro_f1,0.5263157894736842
transformer,cpr,0000001000010,7,unseen,bit_accuracy,0.8615384615384616
transformer,cpr,0000001000010,7,unseen,exact_match,0.0
transformer,cpr,0000001000100,123,seen,macro_f1,0.15384615384615385
transformer,cpr,0000001000100,123,seen,micro_f1,0.7692307692307693
transformer,cpr,0000001000100,123,seen,bit_accuracy,0.9076923076923077
transformer,cpr,0000001000100,123,seen,exact_match,0.0
transformer,cpr,0000001000100,123,unseen,macro_f1,0.07692307692307693
transformer,cpr,0000001000100,123,unseen,micro_f1,0.5555555555555556
transformer,cpr,0000001000100,123,unseen,bit_accuracy,0.8769230769230769
transformer,cpr,0000001000100,123,unseen,exact_match,0.0
transformer,cpr,0000001000100,42,seen,macro_f1,0.07692307692307693
transformer,cpr,0000001000100,42,seen,micro_f1,0.45454545454545453
transformer,cpr,0000001000100,42,seen,bit_accuracy,0.8153846153846154
transformer,cpr,0000001000100,42,seen,exact_match,0.0
transformer,cpr,0000001000100,42,unseen,macro_f1,0.07692307692307693
transformer,cpr,0000001000100,42,unseen,micro_f1,0.4
transformer,cpr,0000001000100,42,unseen,bit_accuracy,0.7692307692307693
transformer,cpr,0000001000100,42,unseen,exact_match,0.0
transformer,cpr,0000001000100,7,seen,macro_f1,0.07692307692307693
transformer,cpr,0000001000100,7,seen,micro_f1,0.36363636363636365
transformer,cpr,0000001000100,7,seen,bit_accuracy,0.7307692307692307
transformer,cpr,0000001000100,7,seen,exact_match,0.0
transformer,cpr,0000001000100,7,unseen,macro_f1,0.07692307692307693
transformer,cpr,0000001000100,7,unseen,micro_f1,0.6666666666666666
transformer,cpr,0000001000100,7,unseen,bit_accuracy,0.9230769230769231
transformer,cpr,0000001000100,7,unseen,exact_match,0.0
transformer,cpr,0000001001000,123,seen,macro_f1,0.07692307692307693
transformer,cpr,0000001001000,123,seen,micro_f1,0.4444444444444444
transformer,cpr,0000001001000,123,seen,bit_accuracy,0.8076923076923077
transformer,cpr,0000001001000,123,seen,exact_match,0.0
transformer,cpr,0000001001000,123,unseen,macro_f1,0.07692307692307693
transformer,cpr,0000001001000,123,unseen,micro_f1,0.4444444444444444
transformer,cpr,0000001001000,123,unseen,bit_accuracy,0.8076923076923077
transformer,cpr,0000001001000,123,unseen,exact_match,0.0
transformer,cpr,0000001001000,42,seen,macro_f1,0.07692307692307693
transformer,cpr,0000001001000,42,seen,micro_f1,0.47619047619047616
transformer,cpr,0000001001000,42,seen,bit_accuracy,0.8307692307692308
transformer,cpr,0000001001000,42,seen,exact_match,0.0
transformer,cpr,0000001001000,42,unseen,macro_f1,0.07692307692307693
transformer,cpr,0000001001000,42,unseen,micro_f1,0.43478260869565216
transformer,cpr,0000001001000,42,unseen,bit_accuracy,0.8
transformer,cpr,0000001001000,42,unseen,exact_match,0.0
transformer,cpr,0000001001000,7,seen,macro_f1,0.07692307692307693
transformer,cpr,0000001001000,7,seen,micro_f1,0.43478260869565216
transformer,cpr,0000001001000,7,seen,bit_accuracy,0.8
transformer,cpr,0000001001000,7,seen,exact_match,0.0
transformer,cpr,0000001001000,7,unseen,macro_f1,0.07692307692307693
transformer,cpr,0000001001000,7,unseen,micro_f1,0.38461538461538464
transformer,cpr,0000001001000,7,unseen,bit_accuracy,0.7538461538461538
transformer,cpr,0000001001000,7,unseen,exact_match,0.0
transformer,cpr,0000001010000,123,seen,macro_f1,0.07692307692307693
transformer,cpr,0000001010000,123,seen,micro_f1,0.4166666666666667
transformer,cpr,0000001010000,123,seen,bit_accuracy,0.7846153846153846
transformer,cpr,0000001010000,123,seen,exact_match,0.0
transformer,cpr,0000001010000,123,unseen,macro_f1,0.12087912087912088
transformer,cpr,0000001010000,123,unseen,micro_f1,0.5185185185185185
transformer,cpr,0000001010000,123,unseen,bit_accuracy,0.8
transformer,cpr,0000001010000,123,unseen,exact_match,0.0
transformer,cpr,0000001010000,42,seen,macro_f1,0.15384615384615385
transformer,cpr,0000001010000,42,seen,micro_f1,1.0
transformer,cpr,0000001010000,42,seen,bit_accuracy,1.0
transformer,cpr,0000001010000,42,seen,exact_match,1.0
transformer,cpr,0000001010000,42,unseen,macro_f1,0.07692307692307693
transformer,cpr,0000001010000,42,unseen,micro_f1,0.5
transformer,cpr,0000001010000,42,unseen,bit_accuracy,0.8461538461538461
transformer,cpr,0000001010000,42,unseen,exact_match,0.0
transformer,cpr,0000001010000,7,seen,macro_f1,0.15384615384615385
transformer,cpr,0000001010000,7,seen,micro_f1,1.0
transformer,cpr,0000001010000,7,seen,bit_accuracy,1.0
transformer,cpr,0000001010000,7,seen,exact_match,1.0
transformer,cpr,0000001010000,7,unseen,macro_f1,0.07692307692307693
transformer,cpr,0000001010000,7,unseen,micro_f1,0.5714285714285714
transformer,cpr,0000001010000,7,unseen,bit_accuracy,0.8846153846153846
transformer,cpr,0000001010000,7,unseen,exact_match,0.0
transformer,cpr,0000010000000,123,seen,macro_f1,0.06593406593406594
transformer,cpr,0000010000000,123,seen,micro_f1,0.4
transformer,cpr,0000010000000,123,seen,bit_accuracy,0.8269230769230769
transformer,cpr,0000010000000,123,seen,exact_match,0.05
transformer,cpr,0000010000000,123,unseen,macro_f1,0.07495069033530571
transformer,cpr,0000010000000,123,unseen,micro_f1,0.40860215053763443
transformer,cpr,0000010000000,123,unseen,bit_accuracy,0.7884615384615384
transformer,cpr,0000010000000,123,unseen,exact_match,0.0
transformer,cpr,0000010000000,42,seen,macro_f1,0.03550295857988166
transformer,cpr,0000010000000,42,seen,micro_f1,0.2033898305084746
transformer,cpr,0000010000000,42,seen,bit_accuracy,0.8192307692307692
transformer,cpr,0000010000000,42,seen,exact_match,0.0
transformer,cpr,0000010000000,42,unseen,macro_f1,0.039886039886039885
transformer,cpr,0000010000000,42,unseen,micro_f1,0.19718309859154928
transformer,cpr,0000010000000,42,unseen,bit_accuracy,0.7807692307692308
transformer,cpr,0000010000000,42,unseen,exact_match,0.0
transformer,cpr,0000010000000,7,seen,macro_f1,0.07692307692307693
transformer,cpr,0000010000000,7,seen,micro_f1,0.5
transformer,cpr,0000010000000,7,seen,bit_accuracy,0.8461538461538461
transformer,cpr,0000010000000,7,seen,exact_match,0.0
transformer,cpr,0000010000000,7,unseen,macro_f1,0.07692307692307693
transformer,cpr,0000010000000,7,unseen,micro_f1,0.5714285714285714
transformer,cpr,0000010000000,7,unseen,bit_accuracy,0.8846153846153846
transformer,cpr,0000010000000,7,unseen,exact_match,0.0
transformer,cpr,0000010000010,123,seen,macro_f1,0.1346153846153846
transformer,cpr,0000010000010,123,seen,micro_f1,0.7272727272727273
transformer,cpr,0000010000010,123,seen,bit_accuracy,0.9076923076923077
transformer,cpr,0000010000010,123,seen,exact_match,0.2
transformer,cpr,0000010000010,123,unseen,macro_f1,0.07692307692307693
transformer,cpr,0000010000010,123,unseen,micro_f1,0.5
transformer,cpr,0000010000010,123,unseen,bit_accuracy,0.8461538461538461
transformer,cpr,0000010000010,123,unseen,exact_match,0.0
transformer,cpr,0000010000010,42,seen,macro_f1,0.10256410256410256
transformer,cpr,0000010000010,42,seen,micro_f1,0.4444444444444444
transformer,cpr,0000010000010,42,seen,bit_accuracy,0.8076923076923077
transformer,cpr,0000010000010,42,seen,exact_match,0.0
transformer,cpr,0000010000010,42,unseen,macro_f1,0.07692307692307693
transformer,cpr,0000010000010,42,unseen,micro_f1,0.4444444444444444
transformer,cpr,0000010000010,42,unseen,bit_accuracy,0.8076923076923077
transformer,cpr,0000010000010,42,unseen,exact_match,0.0
transformer,cpr,0000010000010,7,seen,macro_f1,0.07692307692307693
transformer,cpr,0000010000010,7,seen,micro_f1,0.47619047619047616
transformer,cpr,0000010000010,7,seen,bit_accuracy,0.8307692307692308
transformer,cpr,0000010000010,7,seen,exact_match,0.0
transformer,cpr,0000010000010,7,unseen,macro_f1,0.07692307692307693
transformer,cpr,0000010000010,7,unseen,micro_f1,0.43478260869565216
transformer,cpr,0000010000010,7,unseen,bit_accuracy,0.8
transformer,cpr,0000010000010,7,unseen,exact_match,0.0
transformer,cpr,0000010000100,123,seen,macro_f1,0.1282051282051282
transformer,cpr,0000010000100,123,seen,micro_f1,0.6666666666666666
transformer,cpr,0000010000100,123,seen,bit_accuracy,0.8846153846153846
transformer,cpr,0000010000100,123,seen,exact_match,0.0
transformer,cpr,0000010000100,123,unseen,macro_f1,0.10256410256410256
transformer,cpr,0000010000100,123,unseen,micro_f1,0.5
transformer,cpr,0000010000100,123,unseen,bit_accuracy,0.8461538461538461
transformer,cpr,0000010000100,123,unseen,exact_match,0.0
transformer,cpr,0000010000100,42,seen,macro_f1,0.07692307692307693
transformer,cpr,0000010000100,42,seen,micro_f1,0.5882352941176471
transformer,cpr,0000010000100,42,seen,bit_accuracy,0.8923076923076924
transformer,cpr,0000010000100,42,seen,exact_match,0.0
transformer,cpr,0000010000100,42,unseen,macro_f1,0.07692307692307693
transformer,cpr,0000010000100,42,unseen,micro_f1,0.5555555555555556
transformer,cpr,0000010000100,42,unseen,bit_accuracy,0.8769230769230769
transformer,cpr,0000010000100,42,unseen,exact_match,0.0
transformer,cpr,0000010000100,7,seen,macro_f1,0.1346153846153846
transformer,cpr,0000010000100,7,seen,micro_f1,0.5925925925925926
transformer,cpr,0000010000100,7,seen,bit_accuracy,0.8307692307692308
transformer,cpr,0000010000100,7,seen,exact_match,0.0
transformer,cpr,0000010000100,7,unseen,macro_f1,0.07692307692307693
transformer,cpr,0000010000100,7,unseen,micro_f1,0.5
transformer,cpr,0000010000100,7,unseen,bit_accuracy,0.8461538461538461
transformer,cpr,0000010000100,7,unseen,exact_match,0.0
transformer,cpr,0000010001000,123,seen,macro_f1,0.07692307692307693
transformer,cpr,0000010001000,123,seen,micro_f1,0.47619047619047616
transformer,cpr,0000010001000,123,seen,bit_accuracy,0.8307692307692308
transformer,cpr,0000010001000,123,seen,exact_match,0.0
transformer,cpr,0000010001000,123,unseen,macro_f1,0.07692307692307693
transformer,cpr,0000010001000,123,unseen,micro_f1,0.5
transformer,cpr,0000010001000,123,unseen,bit_accuracy,0.8461538461538461
transformer,cpr,0000010001000,123,unseen,exact_match,0.0
transformer,cpr,0000010001000,42,seen,macro_f1,0.07692307692307693
transformer,cpr,0000010001000,42,seen,micro_f1,0.5
transformer,cpr,0000010001000,42,seen,bit_accuracy,0.8461538461538461
transformer,cpr,0000010001000,42,seen,exact_match,0.0
transformer,cpr,0000010001000,42,unseen,macro_f1,0.05128205128205128
transformer,cpr,0000010001000,42,unseen,micro_f1,0.25
transformer,cpr,0000010001000,42,unseen,bit_accuracy,0.7692307692307693
transformer,cpr,0000010001000,42,unseen,exact_match,0.0
transformer,cpr,0000010001000,7,seen,macro_f1,0.15384615384615385
transformer,cpr,0000010001000,7,seen,micro_f1,0.8333333333333334
transformer,cpr,0000010001000,7,seen,bit_accuracy,0.9384615384615385
transformer,cpr,0000010001000,7,seen,exact_match,0.2
transformer,cpr,0000010001000,7,unseen,macro_f1,0.07692307692307693
transformer,cpr,0000010001000,7,unseen,micro_f1,0.5263157894736842
transformer,cpr,0000010001000,7,unseen,bit_accuracy,0.8615384615384616
transformer,cpr,0000010001000,7,unseen,exact_match,0.0
transformer,cpr,0000010010000,123,seen,macro_f1,0.07692307692307693
transformer,cpr,0000010010000,123,seen,micro_f1,0.36363636363636365
transformer,cpr,0000010010000,123,seen,bit_accuracy,0.7307692307692307
transformer,cpr,0000010010000,123,seen,exact_match,0.0
transformer,cpr,0000010010000,123,unseen,macro_f1,0.05128205128205128
transformer,cpr,0000010010000,123,unseen,micro_f1,0.25
transformer,cpr,0000010010000,123,unseen,bit_accuracy,0.7692307692307693
transformer,cpr,0000010010000,123,unseen,exact_match,0.0
transformer,cpr,0000010010000,42,seen,macro_f1,0.14529914529914528
transformer,cpr,0000010010000,42,seen,micro_f1,0.72
transformer,cpr,0000010010000,42,seen,bit_accuracy,0.8923076923076924
transformer,cpr,0000010010000,42,seen,exact_match,0.0
transformer,cpr,0000010010000,42,unseen,macro_f1,0.11233211233211232
transformer,cpr,0000010010000,42,unseen,micro_f1,0.7058823529411765
transformer,cpr,0000010010000,42,unseen,bit_accuracy,0.9230769230769231
transformer,cpr,0000010010000,42,unseen,exact_match,0.2
transformer,cpr,0000010010000,7,seen,macro_f1,0.14529914529914528
transformer,cpr,0000010010000,7,seen,micro_f1,0.72
transformer,cpr,0000010010000,7,seen,bit_accuracy,0.8923076923076924
transformer,cpr,0000010010000,7,seen,exact_match,0.2
transformer,cpr,0000010010000,7,unseen,macro_f1,0.07692307692307693
transformer,cpr,0000010010000,7,unseen,micro_f1,0.5
transformer,cpr,0000010010000,7,unseen,bit_accuracy,0.8461538461538461
transformer,cpr,0000010010000,7,unseen,exact_match,0.0
transformer,cpr,0000010100000,123,seen,macro_f1,0.10256410256410256
transformer,cpr,0000010100000,123,seen,micro_f1,0.6
transformer,cpr,0000010100000,123,seen,bit_accuracy,0.8769230769230769
transformer,cpr,0000010100000,123,seen,exact_match,0.2
transformer,cpr,0000010100000,123,unseen,macro_f1,0.07692307692307693
transformer,cpr,0000010100000,123,unseen,micro_f1,0.38461538461538464
transformer,cpr,0000010100000,123,unseen,bit_accuracy,0.7538461538461538
transformer,cpr,0000010100000,123,unseen,exact_match,0.0
transformer,cpr,0000010100000,42,seen,macro_f1,0.1282051282051282
transformer,cpr,0000010100000,42,seen,micro_f1,0.6666666666666666
transformer,cpr,0000010100000,42,seen,bit_accuracy,0.8846153846153846
transformer,cpr,0000010100000,42,seen,exact_match,0.0
transformer,cpr,0000010100000,42,unseen,macro_f1,0.07692307692307693
transformer,cpr,0000010100000,42,unseen,micro_f1,0.4444444444444444
transformer,cpr,0000010100000,42,unseen,bit_accuracy,0.8076923076923077
transformer,cpr,0000010100000,42,unseen,exact_match,0.0
transformer,cpr,0000010100000,7,seen,macro_f1,0.15384615384615385
transformer,cpr,0000010100000,7,seen,micro_f1,0.8
transformer,cpr,0000010100000,7,seen,bit_accuracy,0.9230769230769231
transformer,cpr,0000010100000,7,seen,exact_match,0.2
transformer,cpr,0000010100000,7,unseen,macro_f1,0.07692307692307693
transformer,cpr,0000010100000,7,unseen,micro_f1,0.38461538461538464
transformer,cpr,0000010100000,7,unseen,bit_accuracy,0.7538461538461538
transformer,cpr,0000010100000,7,unseen,exact_match,0.0
transformer,cpr,0000011000000,123,seen,macro_f1,0.07692307692307693
transformer,cpr,0000011000000,123,seen,micro_f1,0.4
transformer,cpr,0000011000000,123,seen,bit_accuracy,0.7692307692307693
transformer,cpr,0000011000000,123,seen,exact_match,0.0
transformer,cpr,0000011000000,123,unseen,macro_f1,0.07692307692307693
transformer,cpr,0000011000000,123,unseen,micro_f1,0.4444444444444444
transformer,cpr,0000011000000,123,unseen,bit_accuracy,0.8076923076923077
transformer,cpr,0000011000000,123,unseen,exact_match,0.0
transformer,cpr,0000011000000,42,seen,macro_f1,0.07692307692307693
transformer,cpr,0000011000000,42,seen,micro_f1,0.5263157894736842
transformer,cpr,0000011000000,42,seen,bit_accuracy,0.8615384615384616
transformer,cpr,0000011000000,42,seen,exact_match,0.0
transformer,cpr,0000011000000,42,unseen,macro_f1,0.07692307692307693
transformer,cpr,0000011000000,42,unseen,micro_f1,0.43478260869565216
transformer,cpr,0000011000000,42,unseen,bit_accuracy,0.8
transformer,cpr,0000011000000,42,unseen,exact_match,0.0
transformer,cpr,0000011000000,7,seen,macro_f1,0.07692307692307693
transformer,cpr,0000011000000,7,seen,micro_f1,0.4
transformer,cpr,0000011000000,7,seen,bit_accuracy,0.7692307692307693
transformer,cpr,0000011000000,7,seen,exact_match,0.0
transformer,cpr,0000011000000,7,unseen,macro_f1,0.07692307692307693
transformer,cpr,0000011000000,7,unseen,micro_f1,0.47619047619047616
transformer,cpr,0000011000000,7,unseen,bit_accuracy,0.8307692307692308
transformer,cpr,0000011000000,7,unseen,exact_match,0.0
transformer,cpr,0000100000000,123,seen,macro_f1,0.07692307692307693
transformer,cpr,0000100000000,123,seen,micro_f1,0.6779661016949152
transformer,cpr,0000100000000,123,seen,bit_accuracy,0.926923076923077
transformer,cpr,0000100000000,123,seen,exact_match,0.25
transformer,cpr,0000100000000,123,unseen,macro_f1,0.07692307692307693
transformer,cpr,0000100000000,123,unseen,micro_f1,0.6557377049180327
transformer,cpr,0000100000000,123,unseen,bit_accuracy,0.9192307692307692
transformer,cpr,0000100000000,123,unseen,exact_match,0.0
transformer,cpr,0000100000000,42,seen,macro_f1,0.07692307692307693
transformer,cpr,0000100000000,42,seen,micro_f1,0.4
transformer,cpr,0000100000000,42,seen,bit_accuracy,0.7692307692307693
transformer,cpr,0000100000000,42,seen,exact_match,0.0
transformer,cpr,0000100000000,42,unseen,macro_f1,0.07692307692307693
transformer,cpr,0000100000000,42,unseen,micro_f1,0.5714285714285714
transformer,cpr,0000100000000,42,unseen,bit_accuracy,0.8846153846153846
transformer,cpr,0000100000000,42,unseen,exact_match,0.0
transformer,cpr,0000100000000,7,seen,macro_f1,0.07692307692307693
transformer,cpr,0000100000000,7,seen,micro_f1,0.7142857142857143
transformer,cpr,0000100000000,7,seen,bit_accuracy,0.9384615384615385
transformer,cpr,0000100000000,7,seen,exact_match,0.3
transformer,cpr,0000100000000,7,unseen,macro_f1,0.07692307692307693
transformer,cpr,0000100000000,7,unseen,micro_f1,0.6153846153846154
transformer,cpr,0000100000000,7,unseen,bit_accuracy,0.9038461538461539
transformer,cpr,0000100000000,7,unseen,exact_match,0.15
transformer,cpr,0000100000001,123,seen,macro_f1,0.15384615384615385
transformer,cpr,0000100000001,123,seen,micro_f1,0.9090909090909091
transformer,cpr,0000100000001,123,seen,bit_accuracy,0.9692307692307692
transformer,cpr,0000100000001,123,seen,exact_match,0.8
transformer,cpr,0000100000001,123,unseen,macro_f1,0.07692307692307693
transformer,cpr,0000100000001,123,unseen,micro_f1,0.47619047619047616
transformer,cpr,0000100000001,123,unseen,bit_accuracy,0.8307692307692308
transformer,cpr,0000100000001,123,unseen,exact_match,0.0
transformer,cpr,0000100000001,42,seen,macro_f1,0.14529914529914528
transformer,cpr,0000100000001,42,seen,micro_f1,0.75
transformer,cpr,0000100000001,42,seen,bit_accuracy,0.9076923076923077
transformer,cpr,0000100000001,42,seen,exact_match,0.0
transformer,cpr,0000100000001,42,unseen,macro_f1,0.07692307692307693
transformer,cpr,0000100000001,42,unseen,micro_f1,0.47619047619047616
transformer,cpr,0000100000001,42,unseen,bit_accuracy,0.8307692307692308
transformer,cpr,0000100000001,42,unseen,exact_match,0.0
transformer,cpr,0000100000001,7,seen,macro_f1,0.07692307692307693
transformer,cpr,0000100000001,7,seen,micro_f1,0.36363636363636365
transformer,cpr,0000100000001,7,seen,bit_accuracy,0.7307692307692307
transformer,cpr,0000100000001,7,seen,exact_match,0.0
transformer,cpr,0000100000001,7,unseen,macro_f1,0.07692307692307693
transformer,cpr,0000100000001,7,unseen,micro_f1,0.4
transformer,cpr,0000100000001,7,unseen,bit_accuracy,0.7692307692307693
transformer,cpr,0000100000001,7,unseen,exact_match,0.0
transformer,cpr,0000100000100,123,seen,macro_f1,0.12087912087912088
transformer,cpr,0000100000100,123,seen,micro_f1,0.6363636363636364
transformer,cpr,0000100000100,123,seen,bit_accuracy,0.8769230769230769
transformer,cpr,0000100000100,123,seen,exact_match,0.0
transformer,cpr,0000100000100,123,unseen,macro_f1,0.07692307692307693
transformer,cpr,0000100000100,123,unseen,micro_f1,0.47619047619047616
transformer,cpr,0000100000100,123,unseen,bit_accuracy,0.8307692307692308
transformer,cpr,0000100000100,123,unseen,exact_match,0.0
transformer,cpr,0000100000100,42,seen,macro_f1,0.12087912087912088
transformer,cpr,0000100000100,42,seen,micro_f1,0.6666666666666666
transformer,cpr,0000100000100,42,seen,bit_accuracy,0.8923076923076924
transformer,cpr,0000100000100,42,seen,exact_match,0.2
transformer,cpr,0000100000100,42,unseen,macro_f1,0.07692307692307693
transformer,cpr,0000100000100,42,unseen,micro_f1,0.47619047619047616
transformer,cpr,0000100000100,42,unseen,bit_accuracy,0.8307692307692308
transformer,cpr,0000100000100,42,unseen,exact_match,0.0
transformer,cpr,0000100000100,7,seen,macro_f1,0.07692307692307693
transformer,cpr,0000100000100,7,seen,micro_f1,0.4444444444444444
transformer,cpr,0000100000100,7,seen,bit_accuracy,0.8076923076923077
transformer,cpr,0000100000100,7,seen,exact_match,0.0
transformer,cpr,0000100000100,7,unseen,macro_f1,0.07692307692307693
transformer,cpr,0000100000100,7,unseen,micro_f1,0.4
transformer,cpr,0000100000100,7,unseen,bit_accuracy,0.7692307692307693
transformer,cpr,0000100000100,7,unseen,exact_match,0.0
transformer,cpr,0000100001000,123,seen,macro_f1,0.1282051282051282
transformer,cpr,0000100001000,123,seen,micro_f1,0.6666666666666666
transformer,cpr,0000100001000,123,seen,bit_accuracy,0.8846153846153846
transformer,cpr,0000100001000,123,seen,exact_match,0.0
transformer,cpr,0000100001000,123,unseen,macro_f1,0.07692307692307693
transformer,cpr,0000100001000,123,unseen,micro_f1,0.4444444444444444
transformer,cpr,0000100001000,123,unseen,bit_accuracy,0.8076923076923077
transformer,cpr,0000100001000,123,unseen,exact_match,0.0
transformer,cpr,0000100001000,42,seen,macro_f1,0.07692307692307693
transformer,cpr,0000100001000,42,seen,micro_f1,0.4
transformer,cpr,0000100001000,42,seen,bit_accuracy,0.7692307692307693
transformer,cpr,0000100001000,42,seen,exact_match,0.0
transformer,cpr,0000100001000,42,unseen,macro_f1,0.07692307692307693
transformer,cpr,0000100001000,42,unseen,micro_f1,0.47619047619047616
transformer,cpr,0000100001000,42,unseen,bit_accuracy,0.8307692307692308
transformer,cpr,0000100001000,42,unseen,exact_match,0.0
transformer,cpr,0000100001000,7,seen,macro_f1,0.07692307692307693
transformer,cpr,0000100001000,7,seen,micro_f1,0.5882352941176471
transformer,cpr,0000100001000,7,seen,bit_accuracy,0.8923076923076924
transformer,cpr,0000100001000,7,seen,exact_match,0.0
transformer,cpr,0000100001000,7,unseen,macro_f1,0.07692307692307693
transformer,cpr,0000100001000,7,unseen,micro_f1,0.5263157894736842
transformer,cpr,0000100001000,7,unseen,bit_accuracy,0.8615384615384616
transformer,cpr,0000100001000,7,unseen,exact_match,0.0
transformer,cpr,0000100010000,123,seen,macro_f1,0.14529914529914528
transformer,cpr,0000100010000,123,seen,micro_f1,0.72
transformer,cpr,0000100010000,123,seen,bit_accuracy,0.8923076923076924
transformer,cpr,0000100010000,123,seen,exact_match,0.0
transformer,cpr,0000100010000,123,unseen,macro_f1,0.07692307692307693
transformer,cpr,0000100010000,123,unseen,micro_f1,0.45454545454545453
transformer,cpr,0000100010000,123,unseen,bit_accuracy,0.8153846153846154
transformer,cpr,0000100010000,123,unseen,exact_match,0.0
transformer,cpr,0000100010000,42,seen,macro_f1,0.15384615384615385
transformer,cpr,0000100010000,42,seen,micro_f1,0.9523809523809523
transformer,cpr,0000100010000,42,seen,bit_accuracy,0.9846153846153847
transformer,cpr,0000100010000,42,seen,exact_match,0.8
transformer,cpr,0000100010000,42,unseen,macro_f1,0.12087912087912088
transformer,cpr,0000100010000,42,unseen,micro_f1,0.6363636363636364
transformer,cpr,0000100010000,42,unseen,bit_accuracy,0.8769230769230769
transformer,cpr,0000100010000,42,unseen,exact_match,0.0
transformer,cpr,0000100010000,7,seen,macro_f1,0.15384615384615385
transformer,cpr,0000100010000,7,seen,micro_f1,0.7272727272727273
transformer,cpr,0000100010000,7,seen,bit_accuracy,0.8846153846153846
transformer,cpr,0000100010000,7,seen,exact_match,0.0
transformer,cpr,0000100010000,7,unseen,macro_f1,0.15384615384615385
transformer,cpr,0000100010000,7,unseen,micro_f1,0.8
transformer,cpr,0000100010000,7,unseen,bit_accuracy,0.9230769230769231
transformer,cpr,0000100010000,7,unseen,exact_match,0.0
transformer,cpr,0000100100000,123,seen,macro_f1,0.15384615384615385
transformer,cpr,0000100100000,123,seen,micro_f1,1.0
transformer,cpr,0000100100000,123,seen,bit_accuracy,1.0
transformer,cpr,0000100100000,123,seen,exact_match,1.0
transformer,cpr,0000100100000,123,unseen,macro_f1,0.07692307692307693
transformer,cpr,0000100100000,123,unseen,micro_f1,0.5
transformer,cpr,0000100100000,123,unseen,bit_accuracy,0.8461538461538461
transformer,cpr,0000100100000,123,unseen,exact_match,0.0
transformer,cpr,0000100100000,42,seen,macro_f1,0.15384615384615385
transformer,cpr,0000100100000,42,seen,micro_f1,0.9090909090909091
transformer,cpr,0000100100000,42,seen,bit_accuracy,0.9692307692307692
transformer,cpr,0000100100000,42,seen,exact_match,0.6
transformer,cpr,0000100100000,42,unseen,macro_f1,0.14529914529914528
transformer,cpr,0000100100000,42,unseen,micro_f1,0.72
transformer,cpr,0000100100000,42,unseen,bit_accuracy,0.8923076923076924
transformer,cpr,0000100100000,42,unseen,exact_match,0.0
transformer,cpr,0000100100000,7,seen,macro_f1,0.15384615384615385
transformer,cpr,0000100100000,7,seen,micro_f1,0.9090909090909091
transformer,cpr,0000100100000,7,seen,bit_accuracy,0.9692307692307692
transformer,cpr,0000100100000,7,seen,exact_match,0.6
transformer,cpr,0000100100000,7,unseen,macro_f1,0.10256410256410256
transformer,cpr,0000100100000,7,unseen,micro_f1,0.3870967741935484
transformer,cpr,0000100100000,7,unseen,bit_accuracy,0.7076923076923077
transformer,cpr,0000100100000,7,unseen,exact_match,0.0
transformer,cpr,0000101000000,123,seen,macro_f1,0.15384615384615385
transformer,cpr,0000101000000,123,seen,micro_f1,1.0
transformer,cpr,0000101000000,123,seen,bit_accuracy,1.0
transformer,cpr,0000101000000,123,seen,exact_match,1.0
transformer,cpr,0000101000000,123,unseen,macro_f1,0.07692307692307693
transformer,cpr,0000101000000,123,unseen,micro_f1,0.5263157894736842
transformer,cpr,0000101000000,123,unseen,bit_accuracy,0.8615384615384616
transformer,cpr,0000101000000,123,unseen,exact_match,0.0
transformer,cpr,0000101000000,42,seen,macro_f1,0.15384615384615385
transformer,cpr,0000101000000,42,seen,micro_f1,0.9523809523809523
transformer,cpr,0000101000000,42,seen,bit_accuracy,0.9846153846153847
transformer,cpr,0000101000000,42,seen,exact_match,0.8
transformer,cpr,0000101000000,42,unseen,macro_f1,0.15384615384615385
transformer,cpr,0000101000000,42,unseen,micro_f1,0.9090909090909091
transformer,cpr,0000101000000,42,unseen,bit_accuracy,0.9692307692307692
transformer,cpr,0000101000000,42,unseen,exact_match,0.6
transformer,cpr,0000101000000,7,seen,macro_f1,0.15384615384615385
transformer,cpr,0000101000000,7,seen,micro_f1,1.0
transformer,cpr,0000101000000,7,seen,bit_accuracy,1.0
transformer,cpr,0000101000000,7,seen,exact_match,1.0
transformer,cpr,0000101000000,7,unseen,macro_f1,0.15384615384615385
transformer,cpr,0000101000000,7,unseen,micro_f1,1.0
transformer,cpr,0000101000000,7,unseen,bit_accuracy,1.0
transformer,cpr,0000101000000,7,unseen,exact_match,1.0
transformer,cpr,0001000000000,123,seen,macro_f1,0.07068607068607069
transformer,cpr,0001000000000,123,seen,micro_f1,0.6296296296296297
transformer,cpr,0001000000000,123,seen,bit_accuracy,0.9230769230769231
transformer,cpr,0001000000000,123,seen,exact_match,0.1
transformer,cpr,0001000000000,123,unseen,macro_f1,0.013986013986013986
transformer,cpr,0001000000000,123,unseen,micro_f1,0.0851063829787234
transformer,cpr,0001000000000,123,unseen,bit_accuracy,0.8346153846153846
transformer,cpr,0001000000000,123,unseen,exact_match,0.0
transformer,cpr,0001000000000,42,seen,macro_f1,0.07692307692307693
transformer,cpr,0001000000000,42,seen,micro_f1,0.8695652173913043
transformer,cpr,0001000000000,42,seen,bit_accuracy,0.9769230769230769
transformer,cpr,0001000000000,42,seen,exact_match,0.7
transformer,cpr,0001000000000,42,unseen,macro_f1,0.04774535809018568
transformer,cpr,0001000000000,42,unseen,micro_f1,0.36
transformer,cpr,0001000000000,42,unseen,bit_accuracy,0.8769230769230769
transformer,cpr,0001000000000,42,unseen,exact_match,0.0
transformer,cpr,0001000000000,7,seen,macro_f1,0.07692307692307693
transformer,cpr,0001000000000,7,seen,micro_f1,0.6666666666666666
transformer,cpr,0001000000000,7,seen,bit_accuracy,0.9230769230769231
transformer,cpr,0001000000000,7,seen,exact_match,0.0
transformer,cpr,0001000000000,7,unseen,macro_f1,0.07692307692307693
transformer,cpr,0001000000000,7,unseen,micro_f1,0.8
transformer,cpr,0001000000000,7,unseen,bit_accuracy,0.9615384615384616
transformer,cpr,0001000000000,7,unseen,exact_match,0.5
transformer,cpr,0001000000001,123,seen,macro_f1,0.1282051282051282
transformer,cpr,0001000000001,123,seen,micro_f1,0.6
transformer,cpr,0001000000001,123,seen,bit_accuracy,0.8461538461538461
transformer,cpr,0001000000001,123,seen,exact_match,0.5
transformer,cpr,0001000000001,123,unseen,macro_f1,0.1282051282051282
transformer,cpr,0001000000001,123,unseen,micro_f1,0.5454545454545454
transformer,cpr,0001000000001,123,unseen,bit_accuracy,0.8076923076923077
transformer,cpr,0001000000001,123,unseen,exact_match,0.0
transformer,cpr,0001000000001,42,seen,macro_f1,0.15384615384615385
transformer,cpr,0001000000001,42,seen,micro_f1,0.9090909090909091
transformer,cpr,0001000000001,42,seen,bit_accuracy,0.9692307692307692
transformer,cpr,0001000000001,42,seen,exact_match,0.6
transformer,cpr,0001000000001,42,unseen,macro_f1,0.14529914529914528
transformer,cpr,0001000000001,42,unseen,micro_f1,0.8181818181818182
transformer,cpr,0001000000001,42,unseen,bit_accuracy,0.9384615384615385
transformer,cpr,0001000000001,42,unseen,exact_match,0.4
transformer,cpr,0001000000001,7,seen,macro_f1,0.07692307692307693
transformer,cpr,0001000000001,7,seen,micro_f1,0.5555555555555556
transformer,cpr,0001000000001,7,seen,bit_accuracy,0.8769230769230769
transformer,cpr,0001000000001,7,seen,exact_match,0.0
transformer,cpr,0001000000001,7,unseen,macro_f1,0.07692307692307693
transformer,cpr,0001000000001,7,unseen,micro_f1,0.38461538461538464
transformer,cpr,0001000000001,7,unseen,bit_accuracy,0.7538461538461538
transformer,cpr,0001000000001,7,unseen,exact_match,0.0
transformer,cpr,0001000000100,123,seen,macro_f1,0.07692307692307693
transformer,cpr,0001000000100,123,seen,micro_f1,0.3333333333333333
transformer,cpr,0001000000100,123,seen,bit_accuracy,0.6923076923076923
transformer,cpr,0001000000100,123,seen,exact_match,0.0
transformer,cpr,0001000000100,123,unseen,macro_f1,0.07692307692307693
transformer,cpr,0001000000100,123,unseen,micro_f1,0.3333333333333333
transformer,cpr,0001000000100,123,unseen,bit_accuracy,0.6923076923076923
transformer,cpr,0001000000100,123,unseen,exact_match,0.0
transformer,cpr,0001000000100,42,seen,macro_f1,0.07692307692307693
transformer,cpr,0001000000100,42,seen,micro_f1,0.45454545454545453
transformer,cpr,0001000000100,42,seen,bit_accuracy,0.8153846153846154
transformer,cpr,0001000000100,42,seen,exact_match,0.0
transformer,cpr,0001000000100,42,unseen,macro_f1,0.07692307692307693
transformer,cpr,0001000000100,42,unseen,micro_f1,0.43478260869565216
transformer,cpr,0001000000100,42,unseen,bit_accuracy,0.8
transformer,cpr,0001000000100,42,unseen,exact_match,0.0
transformer,cpr,0001000000100,7,seen,macro_f1,0.10256410256410256
transformer,cpr,0001000000100,7,seen,micro_f1,0.75
transformer,cpr,0001000000100,7,seen,bit_accuracy,0.9384615384615385
transformer,cpr,0001000000100,7,seen,exact_match,0.2
transformer,cpr,0001000000100,7,unseen,macro_f1,0.07692307692307693
transformer,cpr,0001000000100,7,unseen,micro_f1,0.625
transformer,cpr,0001000000100,7,unseen,bit_accuracy,0.9076923076923077
transformer,cpr,0001000000100,7,unseen,exact_match,0.0
transformer,cpr,0001000001000,123,seen,macro_f1,0.07692307692307693
transformer,cpr,0001000001000,123,seen,micro_f1,0.6153846153846154
transformer,cpr,0001000001000,123,seen,bit_accuracy,0.9038461538461539
transformer,cpr,0001000001000,123,seen,exact_match,0.0
transformer,cpr,0001000001000,123,unseen,macro_f1,0.07692307692307693
transformer,cpr,0001000001000,123,unseen,micro_f1,0.5333333333333333
transformer,cpr,0001000001000,123,unseen,bit_accuracy,0.8653846153846154
transformer,cpr,0001000001000,123,unseen,exact_match,0.0
transformer,cpr,0001000001000,42,seen,macro_f1,0.07692307692307693
transformer,cpr,0001000001000,42,seen,micro_f1,0.5
transformer,cpr,0001000001000,42,seen,bit_accuracy,0.8461538461538461
transformer,cpr,0001000001000,42,seen,exact_match,0.0
transformer,cpr,0001000001000,42,unseen,macro_f1,0.07692307692307693
transformer,cpr,0001000001000,42,unseen,micro_f1,0.36363636363636365
transformer,cpr,0001000001000,42,unseen,bit_accuracy,0.7307692307692307
transformer,cpr,0001000001000,42,unseen,exact_match,0.0
transformer,cpr,0001000001000,7,seen,macro_f1,0.07692307692307693
transformer,cpr,0001000001000,7,seen,micro_f1,0.5
transformer,cpr,0001000001000,7,seen,bit_accuracy,0.8461538461538461
transformer,cpr,0001000001000,7,seen,exact_match,0.0
transformer,cpr,0001000001000,7,unseen,macro_f1,0.07692307692307693
transformer,cpr,0001000001000,7,unseen,micro_f1,0.5
transformer,cpr,0001000001000,7,unseen,bit_accuracy,0.8461538461538461
transformer,cpr,0001000001000,7,unseen,exact_match,0.0
transformer,cpr,0001000010000,123,seen,macro_f1,0.07692307692307693
transformer,cpr,0001000010000,123,seen,micro_f1,0.6666666666666666
transformer,cpr,0001000010000,123,seen,bit_accuracy,0.9230769230769231
transformer,cpr,0001000010000,123,seen,exact_match,0.0
transformer,cpr,0001000010000,123,unseen,macro_f1,0.1282051282051282
transformer,cpr,0001000010000,123,unseen,micro_f1,0.6666666666666666
transformer,cpr,0001000010000,123,unseen,bit_accuracy,0.8846153846153846
transformer,cpr,0001000010000,123,unseen,exact_match,0.0
transformer,cpr,0001000010000,42,seen,macro_f1,0.12087912087912088
transformer,cpr,0001000010000,42,seen,micro_f1,0.56
transformer,cpr,0001000010000,42,seen,bit_accuracy,0.8307692307692308
transformer,cpr,0001000010000,42,seen,exact_match,0.0
transformer,cpr,0001000010000,42,unseen,macro_f1,0.15384615384615385
transformer,cpr,0001000010000,42,unseen,micro_f1,0.7692307692307693
transformer,cpr,0001000010000,42,unseen,bit_accuracy,0.9076923076923077
transformer,cpr,0001000010000,42,unseen,exact_match,0.0
transformer,cpr,0001000010000,7,seen,macro_f1,0.15384615384615385
transformer,cpr,0001000010000,7,seen,micro_f1,0.9523809523809523
transformer,cpr,0001000010000,7,seen,bit_accuracy,0.9846153846153847
transformer,cpr,0001000010000,7,seen,exact_match,0.8
transformer,cpr,0001000010000,7,unseen,macro_f1,0.1346153846153846
transformer,cpr,0001000010000,7,unseen,micro_f1,0.7272727272727273
transformer,cpr,0001000010000,7,unseen,bit_accuracy,0.9076923076923077
transformer,cpr,0001000010000,7,unseen,exact_match,0.2
transformer,cpr,0001000100000,123,seen,macro_f1,0.12087912087912088
transformer,cpr,0001000100000,123,seen,micro_f1,0.6363636363636364
transformer,cpr,0001000100000,123,seen,bit_accuracy,0.8769230769230769
transformer,cpr,0001000100000,123,seen,exact_match,0.0
transformer,cpr,0001000100000,123,unseen,macro_f1,0.07692307692307693
transformer,cpr,0001000100000,123,unseen,micro_f1,0.4
transformer,cpr,0001000100000,123,unseen,bit_accuracy,0.7692307692307693
transformer,cpr,0001000100000,123,unseen,exact_match,0.0
transformer,cpr,0001000100000,42,seen,macro_f1,0.10256410256410256
transformer,cpr,0001000100000,42,seen,micro_f1,0.5
transformer,cpr,0001000100000,42,seen,bit_accuracy,0.8461538461538461
transformer,cpr,0001000100000,42,seen,exact_match,0.0
transformer,cpr,0001000100000,42,unseen,macro_f1,0.05128205128205128
transformer,cpr,0001000100000,42,unseen,micro_f1,0.25
transformer,cpr,0001000100000,42,unseen,bit_accuracy,0.7692307692307693
transformer,cpr,0001000100000,42,unseen,exact_match,0.0
transformer,cpr,0001000100000,7,seen,macro_f1,0.15384615384615385
transformer,cpr,0001000100000,7,seen,micro_f1,0.9523809523809523
transformer,cpr,0001000100000,7,seen,bit_accuracy,0.9846153846153847
transformer,cpr,0001000100000,7,seen,exact_match,0.8
transformer,cpr,0001000100000,7,unseen,macro_f1,0.07692307692307693
transformer,cpr,0001000100000,7,unseen,micro_f1,0.6666666666666666
transformer,cpr,0001000100000,7,unseen,bit_accuracy,0.9230769230769231
transformer,cpr,0001000100000,7,unseen,exact_match,0.0
transformer,cpr,0001001000000,123,seen,macro_f1,0.05128205128205128
transformer,cpr,0001001000000,123,seen,micro_f1,0.4
transformer,cpr,0001001000000,123,seen,bit_accuracy,0.8846153846153846
transformer,cpr,0001001000000,123,seen,exact_match,0.0
transformer,cpr,0001001000000,123,unseen,macro_f1,0.05128205128205128
transformer,cpr,0001001000000,123,unseen,micro_f1,0.2857142857142857
transformer,cpr,0001001000000,123,unseen,bit_accuracy,0.8076923076923077
transformer,cpr,0001001000000,123,unseen,exact_match,0.0
transformer,cpr,0001001000000,42,seen,macro_f1,0.15384615384615385
transformer,cpr,0001001000000,42,seen,micro_f1,0.9523809523809523
transformer,cpr,0001001000000,42,seen,bit_accuracy,0.9846153846153847
transformer,cpr,0001001000000,42,seen,exact_match,0.8
transformer,cpr,0001001000000,42,unseen,macro_f1,0.14529914529914528
transformer,cpr,0001001000000,42,unseen,micro_f1,0.8181818181818182
transformer,cpr,0001001000000,42,unseen,bit_accuracy,0.9384615384615385
transformer,cpr,0001001000000,42,unseen,exact_match,0.4
transformer,cpr,0001001000000,7,seen,macro_f1,0.15384615384615385
transformer,cpr,0001001000000,7,seen,micro_f1,0.9090909090909091
transformer,cpr,0001001000000,7,seen,bit_accuracy,0.9692307692307692
transformer,cpr,0001001000000,7,seen,exact_match,0.6
transformer,cpr,0001001000000,7,unseen,macro_f1,0.07692307692307693
transformer,cpr,0001001000000,7,unseen,micro_f1,0.5882352941176471
transformer,cpr,0001001000000,7,unseen,bit_accuracy,0.8923076923076924
transformer,cpr,0001001000000,7,unseen,exact_match,0.0
transformer,cpr,0001010000000,123,seen,macro_f1,0.10256410256410256
transformer,cpr,0001010000000,123,seen,micro_f1,0.4444444444444444
transformer,cpr,0001010000000,123,seen,bit_accuracy,0.7692307692307693
transformer,cpr,0001010000000,123,seen,exact_match,0.0
transformer,cpr,0001010000000,123,unseen,macro_f1,0.094017094017094
transformer,cpr,0001010000000,123,unseen,micro_f1,0.47619047619047616
transformer,cpr,0001010000000,123,unseen,bit_accuracy,0.8307692307692308
transformer,cpr,0001010000000,123,unseen,exact_match,0.0
transformer,cpr,0001010000000,42,seen,macro_f1,0.07692307692307693
transformer,cpr,0001010000000,42,seen,micro_f1,0.6666666666666666
transformer,cpr,0001010000000,42,seen,bit_accuracy,0.9230769230769231
transformer,cpr,0001010000000,42,seen,exact_match,0.0
transformer,cpr,0001010000000,42,unseen,macro_f1,0.07692307692307693
transformer,cpr,0001010000000,42,unseen,micro_f1,0.4444444444444444
transformer,cpr,0001010000000,42,unseen,bit_accuracy,0.8076923076923077
transformer,cpr,0001010000000,42,unseen,exact_match,0.0
transformer,cpr,0001010000000,7,seen,macro_f1,0.06837606837606837
transformer,cpr,0001010000000,7,seen,micro_f1,0.32
transformer,cpr,0001010000000,7,seen,bit_accuracy,0.7384615384615385
transformer,cpr,0001010000000,7,seen,exact_match,0.0
transformer,cpr,0001010000000,7,unseen,macro_f1,0.02564102564102564
transformer,cpr,0001010000000,7,unseen,micro_f1,0.08333333333333333
transformer,cpr,0001010000000,7,unseen,bit_accuracy,0.6615384615384615
transformer,cpr,0001010000000,7,unseen,exact_match,0.0
transformer,cpr,0001100000000,123,seen,macro_f1,0.0
transformer,cpr,0001100000000,123,seen,micro_f1,0.0
transformer,cpr,0001100000000,123,seen,bit_accuracy,0.6153846153846154
transformer,cpr,0001100000000,123,seen,exact_match,0.0
transformer,cpr,0001100000000,123,unseen,macro_f1,0.05128205128205128
transformer,cpr,0001100000000,123,unseen,micro_f1,0.2222222222222222
transformer,cpr,0001100000000,123,unseen,bit_accuracy,0.7307692307692307
transformer,cpr,0001100000000,123,unseen,exact_match,0.0
transformer,cpr,0001100000000,42,seen,macro_f1,0.15384615384615385
transformer,cpr,0001100000000,42,seen,micro_f1,0.9523809523809523
transformer,cpr,0001100000000,42,seen,bit_accuracy,0.9846153846153847
transformer,cpr,0001100000000,42,seen,exact_match,0.8
transformer,cpr,0001100000000,42,unseen,macro_f1,0.15384615384615385
transformer,cpr,0001100000000,42,unseen,micro_f1,0.8
transformer,cpr,0001100000000,42,unseen,bit_accuracy,0.9230769230769231
transformer,cpr,0001100000000,42,unseen,exact_match,0.0
transformer,cpr,0001100000000,7,seen,macro_f1,0.06959706959706959
transformer,cpr,0001100000000,7,seen,micro_f1,0.35294117647058826
transformer,cpr,0001100000000,7,seen,bit_accuracy,0.8307692307692308
transformer,cpr,0001100000000,7,seen,exact_match,0.0
transformer,cpr,0001100000000,7,unseen,macro_f1,0.05128205128205128
transformer,cpr,0001100000000,7,unseen,micro_f1,0.23529411764705882
transformer,cpr,0001100000000,7,unseen,bit_accuracy,0.8
transformer,cpr,0001100000000,7,unseen,exact_match,0.0
transformer,cpr,0010000000000,123,seen,macro_f1,0.057692307692307696
transformer,cpr,0010000000000,123,seen,micro_f1,0.3380281690140845
transformer,cpr,0010000000000,123,seen,bit_accuracy,0.8192307692307692
transformer,cpr,0010000000000,123,seen,exact_match,0.0
transformer,cpr,0010000000000,123,unseen,macro_f1,0.057692307692307696
transformer,cpr,0010000000000,123,unseen,micro_f1,0.36363636363636365
transformer,cpr,0010000000000,123,unseen,bit_accuracy,0.8384615384615385
transformer,cpr,0010000000000,123,unseen,exact_match,0.1
transformer,cpr,0010000000000,42,seen,macro_f1,0.07692307692307693
transformer,cpr,0010000000000,42,seen,micro_f1,0.6666666666666666
transformer,cpr,0010000000000,42,seen,bit_accuracy,0.9230769230769231
transformer,cpr,0010000000000,42,seen,exact_match,0.0
transformer,cpr,0010000000000,42,unseen,macro_f1,0.07692307692307693
transformer,cpr,0010000000000,42,unseen,micro_f1,0.5
transformer,cpr,0010000000000,42,unseen,bit_accuracy,0.8461538461538461
transformer,cpr,0010000000000,42,unseen,exact_match,0.0
transformer,cpr,0010000000000,7,seen,macro_f1,0.07692307692307693
transformer,cpr,0010000000000,7,seen,micro_f1,0.6779661016949152
transformer,cpr,0010000000000,7,seen,bit_accuracy,0.926923076923077
transformer,cpr,0010000000000,7,seen,exact_match,0.05
transformer,cpr,0010000000000,7,unseen,macro_f1,0.07068607068607069
transformer,cpr,0010000000000,7,unseen,micro_f1,0.6538461538461539
transformer,cpr,0010000000000,7,unseen,bit_accuracy,0.9307692307692308
transformer,cpr,0010000000000,7,unseen,exact_match,0.35
transformer,cpr,0010000000001,123,seen,macro_f1,0.15384615384615385
transformer,cpr,0010000000001,123,seen,micro_f1,0.9090909090909091
transformer,cpr,0010000000001,123,seen,bit_accuracy,0.9692307692307692
transformer,cpr,0010000000001,123,seen,exact_match,0.6
transformer,cpr,0010000000001,123,unseen,macro_f1,0.07692307692307693
transformer,cpr,0010000000001,123,unseen,micro_f1,0.4166666666666667
transformer,cpr,0010000000001,123,unseen,bit_accuracy,0.7846153846153846
transformer,cpr,0010000000001,123,unseen,exact_match,0.0
transformer,cpr,0010000000001,42,seen,macro_f1,0.1346153846153846
transformer,cpr,0010000000001,42,seen,micro_f1,0.7619047619047619
transformer,cpr,0010000000001,42,seen,bit_accuracy,0.9230769230769231
transformer,cpr,0010000000001,42,seen,exact_match,0.2
transformer,cpr,0010000000001,42,unseen,macro_f1,0.07692307692307693
transformer,cpr,0010000000001,42,unseen,micro_f1,0.5555555555555556
transformer,cpr,0010000000001,42,unseen,bit_accuracy,0.8769230769230769
transformer,cpr,0010000000001,42,unseen,exact_match,0.0
transformer,cpr,0010000000001,7,seen,macro_f1,0.07692307692307693
transformer,cpr,0010000000001,7,seen,micro_f1,0.6666666666666666
transformer,cpr,0010000000001,7,seen,bit_accuracy,0.9230769230769231
transformer,cpr,0010000000001,7,seen,exact_match,0.0
transformer,cpr,0010000000001,7,unseen,macro_f1,0.07692307692307693
transformer,cpr,0010000000001,7,unseen,micro_f1,0.4444444444444444
transformer,cpr,0010000000001,7,unseen,bit_accuracy,0.8076923076923077
transformer,cpr,0010000000001,7,unseen,exact_match,0.0
transformer,cpr,0010000000100,123,seen,macro_f1,0.10256410256410256
transformer,cpr,0010000000100,123,seen,micro_f1,0.5454545454545454
transformer,cpr,0010000000100,123,seen,bit_accuracy,0.8461538461538461
transformer,cpr,0010000000100,123,seen,exact_match,0.0
transformer,cpr,0010000000100,123,unseen,macro_f1,0.07692307692307693
transformer,cpr,0010000000100,123,unseen,micro_f1,0.5
transformer,cpr,0010000000100,123,unseen,bit_accuracy,0.8461538461538461
transformer,cpr,0010000000100,123,unseen,exact_match,0.0
transformer,cpr,0010000000100,42,seen,macro_f1,0.12087912087912088
transformer,cpr,0010000000100,42,seen,micro_f1,0.5833333333333334
transformer,cpr,0010000000100,42,seen,bit_accuracy,0.8461538461538461
transformer,cpr,0010000000100,42,seen,exact_match,0.0
transformer,cpr,0010000000100,42,unseen,macro_f1,0.07692307692307693
transformer,cpr,0010000000100,42,unseen,micro_f1,0.47619047619047616
transformer,cpr,0010000000100,42,unseen,bit_accuracy,0.8307692307692308
transformer,cpr,0010000000100,42,unseen,exact_match,0.0
transformer,cpr,0010000000100,7,seen,macro_f1,0.07692307692307693
transformer,cpr,0010000000100,7,seen,micro_f1,0.5
transformer,cpr,0010000000100,7,seen,bit_accuracy,0.8461538461538461
transformer,cpr,0010000000100,7,seen,exact_match,0.0
transformer,cpr,0010000000100,7,unseen,macro_f1,0.1282051282051282
transformer,cpr,0010000000100,7,unseen,micro_f1,0.6
transformer,cpr,0010000000100,7,unseen,bit_accuracy,0.8461538461538461
transformer,cpr,0010000000100,7,unseen,exact_match,0.0
transformer,cpr,0010000001000,123,seen,macro_f1,0.07692307692307693
transformer,cpr,0010000001000,123,seen,micro_f1,0.5
transformer,cpr,0010000001000,123,seen,bit_accuracy,0.8461538461538461
transformer,cpr,0010000001000,123,seen,exact_match,0.0
transformer,cpr,0010000001000,123,unseen,macro_f1,0.07692307692307693
transformer,cpr,0010000001000,123,unseen,micro_f1,0.4444444444444444
transformer,cpr,0010000001000,123,unseen,bit_accuracy,0.8076923076923077
transformer,cpr,0010000001000,123,unseen,exact_match,0.0
transformer,cpr,0010000001000,42,seen,macro_f1,0.10256410256410256
transformer,cpr,0010000001000,42,seen,micro_f1,0.631578947368421
transformer,cpr,0010000001000,42,seen,bit_accuracy,0.8923076923076924
transformer,cpr,0010000001000,42,seen,exact_match,0.0
transformer,cpr,0010000001000,42,unseen,macro_f1,0.07692307692307693
transformer,cpr,0010000001000,42,unseen,micro_f1,0.35714285714285715
transformer,cpr,0010000001000,42,unseen,bit_accuracy,0.7230769230769231
transformer,cpr,0010000001000,42,unseen,exact_match,0.0
transformer,cpr,0010000001000,7,seen,macro_f1,0.1282051282051282
transformer,cpr,0010000001000,7,seen,micro_f1,0.6666666666666666
transformer,cpr,0010000001000,7,seen,bit_accuracy,0.8846153846153846
transformer,cpr,0010000001000,7,seen,exact_match,0.0
transformer,cpr,0010000001000,7,unseen,macro_f1,0.07692307692307693
transformer,cpr,0010000001000,7,unseen,micro_f1,0.38095238095238093
transformer,cpr,0010000001000,7,unseen,bit_accuracy,0.75
transformer,cpr,0010000001000,7,unseen,exact_match,0.0
transformer,cpr,0010000010000,123,seen,macro_f1,0.12606837606837606
transformer,cpr,0010000010000,123,seen,micro_f1,0.7777777777777778
transformer,cpr,0010000010000,123,seen,bit_accuracy,0.9384615384615385
transformer,cpr,0010000010000,123,seen,exact_match,0.4
transformer,cpr,0010000010000,123,unseen,macro_f1,0.1346153846153846
transformer,cpr,0010000010000,123,unseen,micro_f1,0.5714285714285714
transformer,cpr,0010000010000,123,unseen,bit_accuracy,0.8153846153846154
transformer,cpr,0010000010000,123,unseen,exact_match,0.0
transformer,cpr,0010000010000,42,seen,macro_f1,0.1346153846153846
transformer,cpr,0010000010000,42,seen,micro_f1,0.6956521739130435
transformer,cpr,0010000010000,42,seen,bit_accuracy,0.8923076923076924
transformer,cpr,0010000010000,42,seen,exact_match,0.2
transformer,cpr,0010000010000,42,unseen,macro_f1,0.07692307692307693
transformer,cpr,0010000010000,42,unseen,micro_f1,0.43478260869565216
transformer,cpr,0010000010000,42,unseen,bit_accuracy,0.8
transformer,cpr,0010000010000,42,unseen,exact_match,0.0
transformer,cpr,0010000010000,7,seen,macro_f1,0.1282051282051282
transformer,cpr,0010000010000,7,seen,micro_f1,0.6
transformer,cpr,0010000010000,7,seen,bit_accuracy,0.8461538461538461
transformer,cpr,0010000010000,7,seen,exact_match,0.0
transformer,cpr,0010000010000,7,unseen,macro_f1,0.05128205128205128
transformer,cpr,0010000010000,7,unseen,micro_f1,0.2
transformer,cpr,0010000010000,7,unseen,bit_accuracy,0.6923076923076923
transformer,cpr,0010000010000,7,unseen,exact_match,0.0
transformer,cpr,0010000100000,123,seen,macro_f1,0.15384615384615385
transformer,cpr,0010000100000,123,seen,micro_f1,0.8
transformer,cpr,0010000100000,123,seen,bit_accuracy,0.9230769230769231
transformer,cpr,0010000100000,123,seen,exact_match,0.5
transformer,cpr,0010000100000,123,unseen,macro_f1,0.10256410256410256
transformer,cpr,0010000100000,123,unseen,micro_f1,0.4444444444444444
transformer,cpr,0010000100000,123,unseen,bit_accuracy,0.8076923076923077
transformer,cpr,0010000100000,123,unseen,exact_match,0.0
transformer,cpr,0010000100000,42,seen,macro_f1,0.1346153846153846
transformer,cpr,0010000100000,42,seen,micro_f1,0.6666666666666666
transformer,cpr,0010000100000,42,seen,bit_accuracy,0.8769230769230769
transformer,cpr,0010000100000,42,seen,exact_match,0.0
transformer,cpr,0010000100000,42,unseen,macro_f1,0.10164835164835165
transformer,cpr,0010000100000,42,unseen,micro_f1,0.37037037037037035
transformer,cpr,0010000100000,42,unseen,bit_accuracy,0.7384615384615385
transformer,cpr,0010000100000,42,unseen,exact_match,0.0
transformer,cpr,0010000100000,7,seen,macro_f1,0.15384615384615385
transformer,cpr,0010000100000,7,seen,micro_f1,0.8333333333333334
transformer,cpr,0010000100000,7,seen,bit_accuracy,0.9384615384615385
transformer,cpr,0010000100000,7,seen,exact_match,0.2
transformer,cpr,0010000100000,7,unseen,macro_f1,0.10164835164835165
transformer,cpr,0010000100000,7,unseen,micro_f1,0.5
transformer,cpr,0010000100000,7,unseen,bit_accuracy,0.8461538461538461
transformer,cpr,0010000100000,7,unseen,exact_match,0.2
transformer,cpr,0010001000000,123,seen,macro_f1,0.15384615384615385
transformer,cpr,0010001000000,123,seen,micro_f1,0.9090909090909091
transformer,cpr,0010001000000,123,seen,bit_accuracy,0.9692307692307692
transformer,cpr,0010001000000,123,seen,exact_match,0.6
transformer,cpr,0010001000000,123,unseen,macro_f1,0.07692307692307693
transformer,cpr,0010001000000,123,unseen,micro_f1,0.47619047619047616
transformer,cpr,0010001000000,123,unseen,bit_accuracy,0.8307692307692308
transformer,cpr,0010001000000,123,unseen,exact_match,0.0
transformer,cpr,0010001000000,42,seen,macro_f1,0.15384615384615385
transformer,cpr,0010001000000,42,seen,micro_f1,0.7407407407407407
transformer,cpr,0010001000000,42,seen,bit_accuracy,0.8923076923076924
transformer,cpr,0010001000000,42,seen,exact_match,0.0
transformer,cpr,0010001000000,42,unseen,macro_f1,0.14529914529914528
transformer,cpr,0010001000000,42,unseen,micro_f1,0.8181818181818182
transformer,cpr,0010001000000,42,unseen,bit_accuracy,0.9384615384615385
transformer,cpr,0010001000000,42,unseen,exact_match,0.2
transformer,cpr,0010001000000,7,seen,macro_f1,0.05128205128205128
transformer,cpr,0010001000000,7,seen,micro_f1,0.2857142857142857
transformer,cpr,0010001000000,7,seen,bit_accuracy,0.8076923076923077
transformer,cpr,0010001000000,7,seen,exact_match,0.0
transformer,cpr,0010001000000,7,unseen,macro_f1,0.1282051282051282
transformer,cpr,0010001000000,7,unseen,micro_f1,0.6
transformer,cpr,0010001000000,7,unseen,bit_accuracy,0.8461538461538461
transformer,cpr,0010001000000,7,unseen,exact_match,0.0
transformer,cpr,0010010000000,123,seen,macro_f1,0.10256410256410256
transformer,cpr,0010010000000,123,seen,micro_f1,0.4
transformer,cpr,0010010000000,123,seen,bit_accuracy,0.7692307692307693
transformer,cpr,0010010000000,123,seen,exact_match,0.0
transformer,cpr,0010010000000,123,unseen,macro_f1,0.10256410256410256
transformer,cpr,0010010000000,123,unseen,micro_f1,0.5
transformer,cpr,0010010000000,123,unseen,bit_accuracy,0.8461538461538461
transformer,cpr,0010010000000,123,unseen,exact_match,0.0
transformer,cpr,0010010000000,42,seen,macro_f1,0.07692307692307693
transformer,cpr,0010010000000,42,seen,micro_f1,0.4
transformer,cpr,0010010000000,42,seen,bit_accuracy,0.7692307692307693
transformer,cpr,0010010000000,42,seen,exact_match,0.0
transformer,cpr,0010010000000,42,unseen,macro_f1,0.07692307692307693
transformer,cpr,0010010000000,42,unseen,micro_f1,0.4166666666666667
transformer,cpr,0010010000000,42,unseen,bit_accuracy,0.7846153846153846
transformer,cpr,0010010000000,42,unseen,exact_match,0.0
transformer,cpr,0010010000000,7,seen,macro_f1,0.07692307692307693
transformer,cpr,0010010000000,7,seen,micro_f1,0.5
transformer,cpr,0010010000000,7,seen,bit_accuracy,0.8461538461538461
transformer,cpr,0010010000000,7,seen,exact_match,0.0
transformer,cpr,0010010000000,7,unseen,macro_f1,0.07692307692307693
transformer,cpr,0010010000000,7,unseen,micro_f1,0.43478260869565216
transformer,cpr,0010010000000,7,unseen,bit_accuracy,0.8
transformer,cpr,0010010000000,7,unseen,exact_match,0.0
transformer,cpr,0100000000000,123,seen,macro_f1,0.02564102564102564
transformer,cpr,0100000000000,123,seen,micro_f1,0.20512820512820512
transformer,cpr,0100000000000,123,seen,bit_accuracy,0.8807692307692307
transformer,cpr,0100000000000,123,seen,exact_match,0.05
transformer,cpr,0100000000000,123,unseen,macro_f1,0.0
transformer,cpr,0100000000000,123,unseen,micro_f1,0.0
transformer,cpr,0100000000000,123,unseen,bit_accuracy,0.8461538461538461
transformer,cpr,0100000000000,123,unseen,exact_match,0.0
transformer,cpr,0100000000000,42,seen,macro_f1,0.0
transformer,cpr,0100000000000,42,seen,micro_f1,0.0
transformer,cpr,0100000000000,42,seen,bit_accuracy,0.7769230769230769
transformer,cpr,0100000000000,42,seen,exact_match,0.0
transformer,cpr,0100000000000,42,unseen,macro_f1,0.007326007326007326
transformer,cpr,0100000000000,42,unseen,micro_f1,0.03773584905660377
transformer,cpr,0100000000000,42,unseen,bit_accuracy,0.8038461538461539
transformer,cpr,0100000000000,42,unseen,exact_match,0.0
transformer,cpr,0100000000000,7,seen,macro_f1,0.05128205128205128
transformer,cpr,0100000000000,7,seen,micro_f1,0.3333333333333333
transformer,cpr,0100000000000,7,seen,bit_accuracy,0.8461538461538461
transformer,cpr,0100000000000,7,seen,exact_match,0.0
transformer,cpr,0100000000000,7,unseen,macro_f1,0.0
transformer,cpr,0100000000000,7,unseen,micro_f1,0.0
transformer,cpr,0100000000000,7,unseen,bit_accuracy,0.8846153846153846
transformer,cpr,0100000000000,7,unseen,exact_match,0.0
transformer,cpr,0100000000010,123,seen,macro_f1,0.14529914529914528
transformer,cpr,0100000000010,123,seen,micro_f1,0.6206896551724138
transformer,cpr,0100000000010,123,seen,bit_accuracy,0.8307692307692308
transformer,cpr,0100000000010,123,seen,exact_match,0.0
transformer,cpr,0100000000010,123,unseen,macro_f1,0.02564102564102564
transformer,cpr,0100000000010,123,unseen,micro_f1,0.09523809523809523
transformer,cpr,0100000000010,123,unseen,bit_accuracy,0.7076923076923077
transformer,cpr,0100000000010,123,unseen,exact_match,0.0
transformer,cpr,0100000000010,42,seen,macro_f1,0.10256410256410256
transformer,cpr,0100000000010,42,seen,micro_f1,0.5
transformer,cpr,0100000000010,42,seen,bit_accuracy,0.8461538461538461
transformer,cpr,0100000000010,42,seen,exact_match,0.0
transformer,cpr,0100000000010,42,unseen,macro_f1,0.10256410256410256
transformer,cpr,0100000000010,42,unseen,micro_f1,0.5714285714285714
transformer,cpr,0100000000010,42,unseen,bit_accuracy,0.8846153846153846
transformer,cpr,0100000000010,42,unseen,exact_match,0.0
transformer,cpr,0100000000010,7,seen,macro_f1,0.10256410256410256
transformer,cpr,0100000000010,7,seen,micro_f1,0.48
transformer,cpr,0100000000010,7,seen,bit_accuracy,0.8
transformer,cpr,0100000000010,7,seen,exact_match,0.0
transformer,cpr,0100000000010,7,unseen,macro_f1,0.07692307692307693
transformer,cpr,0100000000010,7,unseen,micro_f1,0.47619047619047616
transformer,cpr,0100000000010,7,unseen,bit_accuracy,0.8307692307692308
transformer,cpr,0100000000010,7,unseen,exact_match,0.0
transformer,cpr,0100000000100,123,seen,macro_f1,0.15384615384615385
transformer,cpr,0100000000100,123,seen,micro_f1,0.7272727272727273
transformer,cpr,0100000000100,123,seen,bit_accuracy,0.8846153846153846
transformer,cpr,0100000000100,123,seen,exact_match,0.0
transformer,cpr,0100000000100,123,unseen,macro_f1,0.07692307692307693
transformer,cpr,0100000000100,123,unseen,micro_f1,0.4
transformer,cpr,0100000000100,123,unseen,bit_accuracy,0.7692307692307693
transformer,cpr,0100000000100,123,unseen,exact_match,0.0
transformer,cpr,0100000000100,42,seen,macro_f1,0.14529914529914528
transformer,cpr,0100000000100,42,seen,micro_f1,0.75
transformer,cpr,0100000000100,42,seen,bit_accuracy,0.9076923076923077
transformer,cpr,0100000000100,42,seen,exact_match,0.0
transformer,cpr,0100000000100,42,unseen,macro_f1,0.1346153846153846
transformer,cpr,0100000000100,42,unseen,micro_f1,0.5333333333333333
transformer,cpr,0100000000100,42,unseen,bit_accuracy,0.7846153846153846
transformer,cpr,0100000000100,42,unseen,exact_match,0.0
transformer,cpr,0100000000100,7,seen,macro_f1,0.1346153846153846
transformer,cpr,0100000000100,7,seen,micro_f1,0.7272727272727273
transformer,cpr,0100000000100,7,seen,bit_accuracy,0.9076923076923077
transformer,cpr,0100000000100,7,seen,exact_match,0.2
transformer,cpr,0100000000100,7,unseen,macro_f1,0.12087912087912088
transformer,cpr,0100000000100,7,unseen,micro_f1,0.5833333333333334
transformer,cpr,0100000000100,7,unseen,bit_accuracy,0.8461538461538461
transformer,cpr,0100000000100,7,unseen,exact_match,0.0
transformer,cpr,0100000001000,123,seen,macro_f1,0.12087912087912088
transformer,cpr,0100000001000,123,seen,micro_f1,0.56
transformer,cpr,0100000001000,123,seen,bit_accuracy,0.8307692307692308
transformer,cpr,0100000001000,123,seen,exact_match,0.0
transformer,cpr,0100000001000,123,unseen,macro_f1,0.07692307692307693
transformer,cpr,0100000001000,123,unseen,micro_f1,0.45454545454545453
transformer,cpr,0100000001000,123,unseen,bit_accuracy,0.8153846153846154
transformer,cpr,0100000001000,123,unseen,exact_match,0.0
transformer,cpr,0100000001000,42,seen,macro_f1,0.0
transformer,cpr,0100000001000,42,seen,micro_f1,0.0
transformer,cpr,0100000001000,42,seen,bit_accuracy,0.6153846153846154
transformer,cpr,0100000001000,42,seen,exact_match,0.0
transformer,cpr,0100000001000,42,unseen,macro_f1,0.0
transformer,cpr,0100000001000,42,unseen,micro_f1,0.0
transformer,cpr,0100000001000,42,unseen,bit_accuracy,0.7307692307692307
transformer,cpr,0100000001000,42,unseen,exact_match,0.0
transformer,cpr,0100000001000,7,seen,macro_f1,0.06837606837606837
transformer,cpr,0100000001000,7,seen,micro_f1,0.42105263157894735
transformer,cpr,0100000001000,7,seen,bit_accuracy,0.8307692307692308
transformer,cpr,0100000001000,7,seen,exact_match,0.0
transformer,cpr,0100000001000,7,unseen,macro_f1,0.07692307692307693
transformer,cpr,0100000001000,7,unseen,micro_f1,0.5
transformer,cpr,0100000001000,7,unseen,bit_accuracy,0.8461538461538461
transformer,cpr,0100000001000,7,unseen,exact_match,0.0
transformer,cpr,0100000010000,123,seen,macro_f1,0.05128205128205128
transformer,cpr,0100000010000,123,seen,micro_f1,0.2
transformer,cpr,0100000010000,123,seen,bit_accuracy,0.6923076923076923
transformer,cpr,0100000010000,123,seen,exact_match,0.0
transformer,cpr,0100000010000,123,unseen,macro_f1,0.0
transformer,cpr,0100000010000,123,unseen,micro_f1,0.0
transformer,cpr,0100000010000,123,unseen,bit_accuracy,0.7692307692307693
transformer,cpr,0100000010000,123,unseen,exact_match,0.0
transformer,cpr,0100000010000,42,seen,macro_f1,0.14529914529914528
transformer,cpr,0100000010000,42,seen,micro_f1,0.8181818181818182
transformer,cpr,0100000010000,42,seen,bit_accuracy,0.9384615384615385
transformer,cpr,0100000010000,42,seen,exact_match,0.6
transformer,cpr,0100000010000,42,unseen,macro_f1,0.07692307692307693
transformer,cpr,0100000010000,42,unseen,micro_f1,0.5
transformer,cpr,0100000010000,42,unseen,bit_accuracy,0.8461538461538461
transformer,cpr,0100000010000,42,unseen,exact_match,0.0
transformer,cpr,0100000010000,7,seen,macro_f1,0.14529914529914528
transformer,cpr,0100000010000,7,seen,micro_f1,0.75
transformer,cpr,0100000010000,7,seen,bit_accuracy,0.9076923076923077
transformer,cpr,0100000010000,7,seen,exact_match,0.0
transformer,cpr,0100000010000,7,unseen,macro_f1,0.07692307692307693
transformer,cpr,0100000010000,7,unseen,micro_f1,0.4
transformer,cpr,0100000010000,7,unseen,bit_accuracy,0.7692307692307693
transformer,cpr,0100000010000,7,unseen,exact_match,0.0
transformer,cpr,0100000100000,123,seen,macro_f1,0.12087912087912088
transformer,cpr,0100000100000,123,seen,micro_f1,0.6666666666666666
transformer,cpr,0100000100000,123,seen,bit_accuracy,0.8923076923076924
transformer,cpr,0100000100000,123,seen,exact_match,0.0
transformer,cpr,0100000100000,123,unseen,macro_f1,0.07692307692307693
transformer,cpr,0100000100000,123,unseen,micro_f1,0.5263157894736842
transformer,cpr,0100000100000,123,unseen,bit_accuracy,0.8615384615384616
transformer,cpr,0100000100000,123,unseen,exact_match,0.0
transformer,cpr,0100000100000,42,seen,macro_f1,0.1282051282051282
transformer,cpr,0100000100000,42,seen,micro_f1,0.6666666666666666
transformer,cpr,0100000100000,42,seen,bit_accuracy,0.8846153846153846
transformer,cpr,0100000100000,42,seen,exact_match,0.0
transformer,cpr,0100000100000,42,unseen,macro_f1,0.07692307692307693
transformer,cpr,0100000100000,42,unseen,micro_f1,0.5
transformer,cpr,0100000100000,42,unseen,bit_accuracy,0.8461538461538461
transformer,cpr,0100000100000,42,unseen,exact_match,0.0
transformer,cpr,0100000100000,7,seen,macro_f1,0.07692307692307693
transformer,cpr,0100000100000,7,seen,micro_f1,0.47619047619047616
transformer,cpr,0100000100000,7,seen,bit_accuracy,0.8307692307692308
transformer,cpr,0100000100000,7,seen,exact_match,0.0
transformer,cpr,0100000100000,7,unseen,macro_f1,0.07692307692307693
transformer,cpr,0100000100000,7,unseen,micro_f1,0.4166666666666667
transformer,cpr,0100000100000,7,unseen,bit_accuracy,0.7846153846153846
transformer,cpr,0100000100000,7,unseen,exact_match,0.0
transformer,cpr,0100001000000,123,seen,macro_f1,0.15384615384615385
transformer,cpr,0100001000000,123,seen,micro_f1,0.8
transformer,cpr,0100001000000,123,seen,bit_accuracy,0.9230769230769231
transformer,cpr,0100001000000,123,seen,exact_match,0.0
transformer,cpr,0100001000000,123,unseen,macro_f1,0.07692307692307693
transformer,cpr,0100001000000,123,unseen,micro_f1,0.5
transformer,cpr,0100001000000,123,unseen,bit_accuracy,0.8461538461538461
transformer,cpr,0100001000000,123,unseen,exact_match,0.0
transformer,cpr,0100001000000,42,seen,macro_f1,0.14529914529914528
transformer,cpr,0100001000000,42,seen,micro_f1,0.6206896551724138
transformer,cpr,0100001000000,42,seen,bit_accuracy,0.8307692307692308
transformer,cpr,0100001000000,42,seen,exact_match,0.0
transformer,cpr,0100001000000,42,unseen,macro_f1,0.07692307692307693
transformer,cpr,0100001000000,42,unseen,micro_f1,0.43478260869565216
transformer,cpr,0100001000000,42,unseen,bit_accuracy,0.8
transformer,cpr,0100001000000,42,unseen,exact_match,0.0
transformer,cpr,0100001000000,7,seen,macro_f1,0.14529914529914528
transformer,cpr,0100001000000,7,seen,micro_f1,0.8181818181818182
transformer,cpr,0100001000000,7,seen,bit_accuracy,0.9384615384615385
transformer,cpr,0100001000000,7,seen,exact_match,0.4
transformer,cpr,0100001000000,7,unseen,macro_f1,0.07692307692307693
transformer,cpr,0100001000000,7,unseen,micro_f1,0.45454545454545453
transformer,cpr,0100001000000,7,unseen,bit_accuracy,0.8153846153846154
transformer,cpr,0100001000000,7,unseen,exact_match,0.0
transformer,cpr,0100010000000,123,seen,macro_f1,0.14529914529914528
transformer,cpr,0100010000000,123,seen,micro_f1,0.782608695652174
transformer,cpr,0100010000000,123,seen,bit_accuracy,0.9230769230769231
transformer,cpr,0100010000000,123,seen,exact_match,0.2
transformer,cpr,0100010000000,123,unseen,macro_f1,0.11538461538461539
transformer,cpr,0100010000000,123,unseen,micro_f1,0.5454545454545454
transformer,cpr,0100010000000,123,unseen,bit_accuracy,0.8461538461538461
transformer,cpr,0100010000000,123,unseen,exact_match,0.2
transformer,cpr,0100010000000,42,seen,macro_f1,0.15384615384615385
transformer,cpr,0100010000000,42,seen,micro_f1,0.8888888888888888
transformer,cpr,0100010000000,42,seen,bit_accuracy,0.9615384615384616
transformer,cpr,0100010000000,42,seen,exact_match,0.5
transformer,cpr,0100010000000,42,unseen,macro_f1,0.07692307692307693
transformer,cpr,0100010000000,42,unseen,micro_f1,0.5714285714285714
transformer,cpr,0100010000000,42,unseen,bit_accuracy,0.8846153846153846
transformer,cpr,0100010000000,42,unseen,exact_match,0.0
transformer,cpr,0100010000000,7,seen,macro_f1,0.15384615384615385
transformer,cpr,0100010000000,7,seen,micro_f1,0.9523809523809523
transformer,cpr,0100010000000,7,seen,bit_accuracy,0.9846153846153847
transformer,cpr,0100010000000,7,seen,exact_match,0.8
transformer,cpr,0100010000000,7,unseen,macro_f1,0.14529914529914528
transformer,cpr,0100010000000,7,unseen,micro_f1,0.6923076923076923
transformer,cpr,0100010000000,7,unseen,bit_accuracy,0.8769230769230769
transformer,cpr,0100010000000,7,unseen,exact_match,0.0
transformer,cpr,1000000000000,123,seen,macro_f1,0.0
transformer,cpr,1000000000000,123,seen,micro_f1,0.0
transformer,cpr,1000000000000,123,seen,bit_accuracy,0.8346153846153846
transformer,cpr,1000000000000,123,seen,exact_match,0.0
transformer,cpr,1000000000000,123,unseen,macro_f1,0.0
transformer,cpr,1000000000000,123,unseen,micro_f1,0.0
transformer,cpr,1000000000000,123,unseen,bit_accuracy,0.8730769230769231
transformer,cpr,1000000000000,123,unseen,exact_match,0.0
transformer,cpr,1000000000000,42,seen,macro_f1,0.05128205128205128
transformer,cpr,1000000000000,42,seen,micro_f1,0.4
transformer,cpr,1000000000000,42,seen,bit_accuracy,0.8846153846153846
transformer,cpr,1000000000000,42,seen,exact_match,0.5
transformer,cpr,1000000000000,42,unseen,macro_f1,0.0
transformer,cpr,1000000000000,42,unseen,micro_f1,0.0
transformer,cpr,1000000000000,42,unseen,bit_accuracy,0.7692307692307693
transformer,cpr,1000000000000,42,unseen,exact_match,0.0
transformer,cpr,1000000000000,7,seen,macro_f1,0.05459057071960298
transformer,cpr,1000000000000,7,seen,micro_f1,0.5238095238095238
transformer,cpr,1000000000000,7,seen,bit_accuracy,0.9230769230769231
transformer,cpr,1000000000000,7,seen,exact_match,0.2
transformer,cpr,1000000000000,7,unseen,macro_f1,0.013986013986013986
transformer,cpr,1000000000000,7,unseen,micro_f1,0.11428571428571428
transformer,cpr,1000000000000,7,unseen,bit_accuracy,0.8807692307692307
transformer,cpr,1000000000000,7,unseen,exact_match,0.1
transformer,cpr,1000000000001,123,seen,macro_f1,0.11233211233211232
transformer,cpr,1000000000001,123,seen,micro_f1,0.6
transformer,cpr,1000000000001,123,seen,bit_accuracy,0.8769230769230769
transformer,cpr,1000000000001,123,seen,exact_match,0.0
transformer,cpr,1000000000001,123,unseen,macro_f1,0.06959706959706959
transformer,cpr,1000000000001,123,unseen,micro_f1,0.3
transformer,cpr,1000000000001,123,unseen,bit_accuracy,0.7846153846153846
transformer,cpr,1000000000001,123,unseen,exact_match,0.0
transformer,cpr,1000000000001,42,seen,macro_f1,0.06837606837606837
transformer,cpr,1000000000001,42,seen,micro_f1,0.34782608695652173
transformer,cpr,1000000000001,42,seen,bit_accuracy,0.7692307692307693
transformer,cpr,1000000000001,42,seen,exact_match,0.0
transformer,cpr,1000000000001,42,unseen,macro_f1,0.07692307692307693
transformer,cpr,1000000000001,42,unseen,micro_f1,0.4
transformer,cpr,1000000000001,42,unseen,bit_accuracy,0.7692307692307693
transformer,cpr,1000000000001,42,unseen,exact_match,0.0
transformer,cpr,1000000000001,7,seen,macro_f1,0.07692307692307693
transformer,cpr,1000000000001,7,seen,micro_f1,0.5
transformer,cpr,1000000000001,7,seen,bit_accuracy,0.8461538461538461
transformer,cpr,1000000000001,7,seen,exact_match,0.0
transformer,cpr,1000000000001,7,unseen,macro_f1,0.07692307692307693
transformer,cpr,1000000000001,7,unseen,micro_f1,0.4444444444444444
transformer,cpr,1000000000001,7,unseen,bit_accuracy,0.8076923076923077
transformer,cpr,1000000000001,7,unseen,exact_match,0.0
transformer,cpr,1000000000010,123,seen,macro_f1,0.07692307692307693
transformer,cpr,1000000000010,123,seen,micro_f1,0.5714285714285714
transformer,cpr,1000000000010,123,seen,bit_accuracy,0.8846153846153846
transformer,cpr,1000000000010,123,seen,exact_match,0.0
transformer,cpr,1000000000010,123,unseen,macro_f1,0.10256410256410256
transformer,cpr,1000000000010,123,unseen,micro_f1,0.5
transformer,cpr,1000000000010,123,unseen,bit_accuracy,0.8461538461538461
transformer,cpr,1000000000010,123,unseen,exact_match,0.0
transformer,cpr,1000000000010,42,seen,macro_f1,0.0879120879120879
transformer,cpr,1000000000010,42,seen,micro_f1,0.4
transformer,cpr,1000000000010,42,seen,bit_accuracy,0.8153846153846154
transformer,cpr,1000000000010,42,seen,exact_match,0.2
transformer,cpr,1000000000010,42,unseen,macro_f1,0.094017094017094
transformer,cpr,1000000000010,42,unseen,micro_f1,0.5263157894736842
transformer,cpr,1000000000010,42,unseen,bit_accuracy,0.8615384615384616
transformer,cpr,1000000000010,42,unseen,exact_match,0.0
transformer,cpr,1000000000010,7,seen,macro_f1,0.06837606837606837
transformer,cpr,1000000000010,7,seen,micro_f1,0.34782608695652173
transformer,cpr,1000000000010,7,seen,bit_accuracy,0.7692307692307693
transformer,cpr,1000000000010,7,seen,exact_match,0.0
transformer,cpr,1000000000010,7,unseen,macro_f1,0.07692307692307693
transformer,cpr,1000000000010,7,unseen,micro_f1,0.43478260869565216
transformer,cpr,1000000000010,7,unseen,bit_accuracy,0.8
transformer,cpr,1000000000010,7,unseen,exact_match,0.0
transformer,cpr,1000000000100,123,seen,macro_f1,0.06837606837606837
transformer,cpr,1000000000100,123,seen,micro_f1,0.3333333333333333
transformer,cpr,1000000000100,123,seen,bit_accuracy,0.7538461538461538
transformer,cpr,1000000000100,123,seen,exact_match,0.0
transformer,cpr,1000000000100,123,unseen,macro_f1,0.057692307692307696
transformer,cpr,1000000000100,123,unseen,micro_f1,0.2608695652173913
transformer,cpr,1000000000100,123,unseen,bit_accuracy,0.7384615384615385
transformer,cpr,1000000000100,123,unseen,exact_match,0.0
transformer,cpr,1000000000100,42,seen,macro_f1,0.12606837606837606
transformer,cpr,1000000000100,42,seen,micro_f1,0.56
transformer,cpr,1000000000100,42,seen,bit_accuracy,0.8307692307692308
transformer,cpr,1000000000100,42,seen,exact_match,0.0
transformer,cpr,1000000000100,42,unseen,macro_f1,0.15384615384615385
transformer,cpr,1000000000100,42,unseen,micro_f1,0.7407407407407407
transformer,cpr,1000000000100,42,unseen,bit_accuracy,0.8923076923076924
transformer,cpr,1000000000100,42,unseen,exact_match,0.0
transformer,cpr,1000000000100,7,seen,macro_f1,0.07692307692307693
transformer,cpr,1000000000100,7,seen,micro_f1,0.5
transformer,cpr,1000000000100,7,seen,bit_accuracy,0.8461538461538461
transformer,cpr,1000000000100,7,seen,exact_match,0.0
transformer,cpr,1000000000100,7,unseen,macro_f1,0.07692307692307693
transformer,cpr,1000000000100,7,unseen,micro_f1,0.5
transformer,cpr,1000000000100,7,unseen,bit_accuracy,0.8461538461538461
transformer,cpr,1000000000100,7,unseen,exact_match,0.0
transformer,cpr,1000000001000,123,seen,macro_f1,0.0
transformer,cpr,1000000001000,123,seen,micro_f1,0.0
transformer,cpr,1000000001000,123,seen,bit_accuracy,0.6538461538461539
transformer,cpr,1000000001000,123,seen,exact_match,0.0
transformer,cpr,1000000001000,123,unseen,macro_f1,0.0
transformer,cpr,1000000001000,123,unseen,micro_f1,0.0
transformer,cpr,1000000001000,123,unseen,bit_accuracy,0.7692307692307693
transformer,cpr,1000000001000,123,unseen,exact_match,0.0
transformer,cpr,1000000001000,42,seen,macro_f1,0.10256410256410256
transformer,cpr,1000000001000,42,seen,micro_f1,0.5714285714285714
transformer,cpr,1000000001000,42,seen,bit_accuracy,0.8615384615384616
transformer,cpr,1000000001000,42,seen,exact_match,0.2
transformer,cpr,1000000001000,42,unseen,macro_f1,0.07692307692307693
transformer,cpr,1000000001000,42,unseen,micro_f1,0.43478260869565216
transformer,cpr,1000000001000,42,unseen,bit_accuracy,0.8
transformer,cpr,1000000001000,42,unseen,exact_match,0.0
transformer,cpr,1000000001000,7,seen,macro_f1,0.06959706959706959
transformer,cpr,1000000001000,7,seen,micro_f1,0.2608695652173913
transformer,cpr,1000000001000,7,seen,bit_accuracy,0.7384615384615385
transformer,cpr,1000000001000,7,seen,exact_match,0.0
transformer,cpr,1000000001000,7,unseen,macro_f1,0.08333333333333333
transformer,cpr,1000000001000,7,unseen,micro_f1,0.38095238095238093
transformer,cpr,1000000001000,7,unseen,bit_accuracy,0.8
transformer,cpr,1000000001000,7,unseen,exact_match,0.0
transformer,cpr,1000000010000,123,seen,macro_f1,0.10256410256410256
transformer,cpr,1000000010000,123,seen,micro_f1,0.6666666666666666
transformer,cpr,1000000010000,123,seen,bit_accuracy,0.9076923076923077
transformer,cpr,1000000010000,123,seen,exact_match,0.2
transformer,cpr,1000000010000,123,unseen,macro_f1,0.07692307692307693
transformer,cpr,1000000010000,123,unseen,micro_f1,0.5882352941176471
transformer,cpr,1000000010000,123,unseen,bit_accuracy,0.8923076923076924
transformer,cpr,1000000010000,123,unseen,exact_match,0.0
transformer,cpr,1000000010000,42,seen,macro_f1,0.12087912087912088
transformer,cpr,1000000010000,42,seen,micro_f1,0.7368421052631579
transformer,cpr,1000000010000,42,seen,bit_accuracy,0.9230769230769231
transformer,cpr,1000000010000,42,seen,exact_match,0.2
transformer,cpr,1000000010000,42,unseen,macro_f1,0.07692307692307693
transformer,cpr,1000000010000,42,unseen,micro_f1,0.45454545454545453
transformer,cpr,1000000010000,42,unseen,bit_accuracy,0.8153846153846154
transformer,cpr,1000000010000,42,unseen,exact_match,0.0
transformer,cpr,1000000010000,7,seen,macro_f1,0.07692307692307693
transformer,cpr,1000000010000,7,seen,micro_f1,0.5
transformer,cpr,1000000010000,7,seen,bit_accuracy,0.8461538461538461
transformer,cpr,1000000010000,7,seen,exact_match,0.0
transformer,cpr,1000000010000,7,unseen,macro_f1,0.07692307692307693
transformer,cpr,1000000010000,7,unseen,micro_f1,0.4444444444444444
transformer,cpr,1000000010000,7,unseen,bit_accuracy,0.8076923076923077
transformer,cpr,1000000010000,7,unseen,exact_match,0.0
transformer,cpr,1000000100000,123,seen,macro_f1,0.1282051282051282
transformer,cpr,1000000100000,123,seen,micro_f1,0.8571428571428571
transformer,cpr,1000000100000,123,seen,bit_accuracy,0.9615384615384616
transformer,cpr,1000000100000,123,seen,exact_match,0.5
transformer,cpr,1000000100000,123,unseen,macro_f1,0.07692307692307693
transformer,cpr,1000000100000,123,unseen,micro_f1,0.6666666666666666
transformer,cpr,1000000100000,123,unseen,bit_accuracy,0.9230769230769231
transformer,cpr,1000000100000,123,unseen,exact_match,0.0
transformer,cpr,1000000100000,42,seen,macro_f1,0.07692307692307693
transformer,cpr,1000000100000,42,seen,micro_f1,0.38461538461538464
transformer,cpr,1000000100000,42,seen,bit_accuracy,0.7538461538461538
transformer,cpr,1000000100000,42,seen,exact_match,0.0
transformer,cpr,1000000100000,42,unseen,macro_f1,0.07692307692307693
transformer,cpr,1000000100000,42,unseen,micro_f1,0.5555555555555556
transformer,cpr,1000000100000,42,unseen,bit_accuracy,0.8769230769230769
transformer,cpr,1000000100000,42,unseen,exact_match,0.0
transformer,cpr,1000000100000,7,seen,macro_f1,0.12087912087912088
transformer,cpr,1000000100000,7,seen,micro_f1,0.6666666666666666
transformer,cpr,1000000100000,7,seen,bit_accuracy,0.8923076923076924
transformer,cpr,1000000100000,7,seen,exact_match,0.4
transformer,cpr,1000000100000,7,unseen,macro_f1,0.07692307692307693
transformer,cpr,1000000100000,7,unseen,micro_f1,0.47619047619047616
transformer,cpr,1000000100000,7,unseen,bit_accuracy,0.8307692307692308
transformer,cpr,1000000100000,7,unseen,exact_match,0.0
transformer,cpr,1000001000000,123,seen,macro_f1,0.12087912087912088
transformer,cpr,1000001000000,123,seen,micro_f1,0.4666666666666667
transformer,cpr,1000001000000,123,seen,bit_accuracy,0.7538461538461538
transformer,cpr,1000001000000,123,seen,exact_match,0.0
transformer,cpr,1000001000000,123,unseen,macro_f1,0.07692307692307693
transformer,cpr,1000001000000,123,unseen,micro_f1,0.5882352941176471
transformer,cpr,1000001000000,123,unseen,bit_accuracy,0.8923076923076924
transformer,cpr,1000001000000,123,unseen,exact_match,0.0
transformer,cpr,1000001000000,42,seen,macro_f1,0.11233211233211232
transformer,cpr,1000001000000,42,seen,micro_f1,0.5714285714285714
transformer,cpr,1000001000000,42,seen,bit_accuracy,0.8615384615384616
transformer,cpr,1000001000000,42,seen,exact_match,0.2
transformer,cpr,1000001000000,42,unseen,macro_f1,0.08333333333333333
transformer,cpr,1000001000000,42,unseen,micro_f1,0.32
transformer,cpr,1000001000000,42,unseen,bit_accuracy,0.7384615384615385
transformer,cpr,1000001000000,42,unseen,exact_match,0.0
transformer,cpr,1000001000000,7,seen,macro_f1,0.1282051282051282
transformer,cpr,1000001000000,7,seen,micro_f1,0.75
transformer,cpr,1000001000000,7,seen,bit_accuracy,0.9230769230769231
transformer,cpr,1000001000000,7,seen,exact_match,0.5
transformer,cpr,1000001000000,7,unseen,macro_f1,0.07692307692307693
transformer,cpr,1000001000000,7,unseen,micro_f1,0.5714285714285714
transformer,cpr,1000001000000,7,unseen,bit_accuracy,0.8846153846153846
transformer,cpr,1000001000000,7,unseen,exact_match,0.0
transformer,cpr,1000010000000,123,seen,macro_f1,0.1282051282051282
transformer,cpr,1000010000000,123,seen,micro_f1,0.75
transformer,cpr,1000010000000,123,seen,bit_accuracy,0.9230769230769231
transformer,cpr,1000010000000,123,seen,exact_match,0.5
transformer,cpr,1000010000000,123,unseen,macro_f1,0.1282051282051282
transformer,cpr,1000010000000,123,unseen,micro_f1,0.5454545454545454
transformer,cpr,1000010000000,123,unseen,bit_accuracy,0.8076923076923077
transformer,cpr,1000010000000,123,unseen,exact_match,0.0
transformer,cpr,1000010000000,42,seen,macro_f1,0.07692307692307693
transformer,cpr,1000010000000,42,seen,micro_f1,0.5
transformer,cpr,1000010000000,42,seen,bit_accuracy,0.8461538461538461
transformer,cpr,1000010000000,42,seen,exact_match,0.0
transformer,cpr,1000010000000,42,unseen,macro_f1,0.07692307692307693
transformer,cpr,1000010000000,42,unseen,micro_f1,0.5
transformer,cpr,1000010000000,42,unseen,bit_accuracy,0.8461538461538461
transformer,cpr,1000010000000,42,unseen,exact_match,0.0
transformer,cpr,1000010000000,7,seen,macro_f1,0.10256410256410256
transformer,cpr,1000010000000,7,seen,micro_f1,0.5714285714285714
transformer,cpr,1000010000000,7,seen,bit_accuracy,0.8615384615384616
transformer,cpr,1000010000000,7,seen,exact_match,0.0
transformer,cpr,1000010000000,7,unseen,macro_f1,0.12606837606837606
transformer,cpr,1000010000000,7,unseen,micro_f1,0.5
transformer,cpr,1000010000000,7,unseen,bit_accuracy,0.7846153846153846
transformer,cpr,1000010000000,7,unseen,exact_match,0.0
transformer,cpr,1000100000000,123,seen,macro_f1,0.07692307692307693
transformer,cpr,1000100000000,123,seen,micro_f1,0.625
transformer,cpr,1000100000000,123,seen,bit_accuracy,0.9076923076923077
transformer,cpr,1000100000000,123,seen,exact_match,0.0
transformer,cpr,1000100000000,123,unseen,macro_f1,0.07692307692307693
transformer,cpr,1000100000000,123,unseen,micro_f1,0.5263157894736842
transformer,cpr,1000100000000,123,unseen,bit_accuracy,0.8615384615384616
transformer,cpr,1000100000000,123,unseen,exact_match,0.0
transformer,cpr,1000100000000,42,seen,macro_f1,0.15384615384615385
transformer,cpr,1000100000000,42,seen,micro_f1,0.8695652173913043
transformer,cpr,1000100000000,42,seen,bit_accuracy,0.9538461538461539
transformer,cpr,1000100000000,42,seen,exact_match,0.4
transformer,cpr,1000100000000,42,unseen,macro_f1,0.15384615384615385
transformer,cpr,1000100000000,42,unseen,micro_f1,0.7692307692307693
transformer,cpr,1000100000000,42,unseen,bit_accuracy,0.9076923076923077
transformer,cpr,1000100000000,42,unseen,exact_match,0.0
transformer,cpr,1000100000000,7,seen,macro_f1,0.07692307692307693
transformer,cpr,1000100000000,7,seen,micro_f1,0.5
transformer,cpr,1000100000000,7,seen,bit_accuracy,0.8461538461538461
transformer,cpr,1000100000000,7,seen,exact_match,0.0
transformer,cpr,1000100000000,7,unseen,macro_f1,0.07692307692307693
transformer,cpr,1000100000000,7,unseen,micro_f1,0.6666666666666666
transformer,cpr,1000100000000,7,unseen,bit_accuracy,0.9230769230769231
transformer,cpr,1000100000000,7,unseen,exact_match,0.0
transformer,cpr,1001000000000,123,seen,macro_f1,0.07692307692307693
transformer,cpr,1001000000000,123,seen,micro_f1,0.5
transformer,cpr,1001000000000,123,seen,bit_accuracy,0.8461538461538461
transformer,cpr,1001000000000,123,seen,exact_match,0.0
transformer,cpr,1001000000000,123,unseen,macro_f1,0.07692307692307693
transformer,cpr,1001000000000,123,unseen,micro_f1,0.5
transformer,cpr,1001000000000,123,unseen,bit_accuracy,0.8461538461538461
transformer,cpr,1001000000000,123,unseen,exact_match,0.0
transformer,cpr,1001000000000,42,seen,macro_f1,0.07692307692307693
transformer,cpr,1001000000000,42,seen,micro_f1,0.47619047619047616
transformer,cpr,1001000000000,42,seen,bit_accuracy,0.8307692307692308
transformer,cpr,1001000000000,42,seen,exact_match,0.0
transformer,cpr,1001000000000,42,unseen,macro_f1,0.10256410256410256
transformer,cpr,1001000000000,42,unseen,micro_f1,0.6
transformer,cpr,1001000000000,42,unseen,bit_accuracy,0.8769230769230769
transformer,cpr,1001000000000,42,unseen,exact_match,0.0
transformer,cpr,1001000000000,7,seen,macro_f1,0.15384615384615385
transformer,cpr,1001000000000,7,seen,micro_f1,0.8695652173913043
transformer,cpr,1001000000000,7,seen,bit_accuracy,0.9538461538461539
transformer,cpr,1001000000000,7,seen,exact_match,0.6
transformer,cpr,1001000000000,7,unseen,macro_f1,0.1346153846153846
transformer,cpr,1001000000000,7,unseen,micro_f1,0.6153846153846154
transformer,cpr,1001000000000,7,unseen,bit_accuracy,0.8461538461538461
transformer,cpr,1001000000000,7,unseen,exact_match,0.0
