model,exercise,target,condition,metric,value
gru,cpr,0000000000001,seen,bit_accuracy,0.8102564102564104
gru,cpr,0000000000001,seen,exact_match,0.08333333333333333
gru,cpr,0000000000001,seen,macro_f1,0.03454790823211876
gru,cpr,0000000000001,seen,micro_f1,0.23076923076923075
gru,cpr,0000000000001,unseen,bit_accuracy,0.7807692307692308
gru,cpr,0000000000001,unseen,exact_match,0.016666666666666666
gru,cpr,0000000000001,unseen,macro_f1,0.009130965652704784
gru,cpr,0000000000001,unseen,micro_f1,0.04311490978157645
gru,cpr,0000000000010,seen,bit_accuracy,0.8910256410256411
gru,cpr,0000000000010,seen,exact_match,0.06666666666666667
gru,cpr,0000000000010,seen,macro_f1,0.05698005698005698
gru,cpr,0000000000010,seen,micro_f1,0.4522144522144522
gru,cpr,0000000000010,unseen,bit_accuracy,0.8512820512820513
gru,cpr,0000000000010,unseen,exact_match,0.0
gru,cpr,0000000000010,unseen,macro_f1,0.028083028083028084
gru,cpr,0000000000010,unseen,micro_f1,0.18376068376068377
gru,cpr,0000000000100,seen,bit_accuracy,0.8871794871794871
gru,cpr,0000000000100,seen,exact_match,0.16666666666666666
gru,cpr,0000000000100,seen,macro_f1,0.03529087400055142
gru,cpr,0000000000100,seen,micro_f1,0.3115079365079365
gru,cpr,0000000000100,unseen,bit_accuracy,0.817948717948718
gru,cpr,0000000000100,unseen,exact_match,0.0
gru,cpr,0000000000100,unseen,macro_f1,0.03232998885172798
gru,cpr,0000000000100,unseen,micro_f1,0.18810222036028487
gru,cpr,0000000001000,seen,bit_accuracy,0.8807692307692307
gru,cpr,0000000001000,seen,exact_match,0.06666666666666667
gru,cpr,0000000001000,seen,macro_f1,0.019536019536019536
gru,cpr,0000000001000,seen,micro_f1,0.1593878312803285
gru,cpr,0000000001000,unseen,bit_accuracy,0.8320512820512821
gru,cpr,0000000001000,unseen,exact_match,0.0
gru,cpr,0000000001000,unseen,macro_f1,0.002442002442002442
gru,cpr,0000000001000,unseen,micro_f1,0.015873015873015872
gru,cpr,0000000001001,seen,bit_accuracy,0.8435897435897436
gru,cpr,0000000001001,seen,exact_match,0.06666666666666667
gru,cpr,0000000001001,seen,macro_f1,0.10612535612535612
gru,cpr,0000000001001,seen,micro_f1,0.5481481481481482
gru,cpr,0000000001001,unseen,bit_accuracy,0.8205128205128206
gru,cpr,0000000001001,unseen,exact_match,0.0
gru,cpr,0000000001001,unseen,macro_f1,0.07448107448107448
gru,cpr,0000000001001,unseen,micro_f1,0.43467492260061924
gru,cpr,0000000001010,seen,bit_accuracy,0.7923076923076923
gru,cpr,0000000001010,seen,exact_match,0.06666666666666667
gru,cpr,0000000001010,seen,macro_f1,0.09340659340659341
gru,cpr,0000000001010,seen,micro_f1,0.43715415019762843
gru,cpr,0000000001010,unseen,bit_accuracy,0.8153846153846155
gru,cpr,0000000001010,unseen,exact_match,0.13333333333333333
gru,cpr,0000000001010,unseen,macro_f1,0.11721611721611723
gru,cpr,0000000001010,unseen,micro_f1,0.5683760683760684
gru,cpr,0000000001100,seen,bit_accuracy,0.882051282051282
gru,cpr,0000000001100,seen,exact_match,0.16666666666666666
gru,cpr,0000000001100,seen,macro_f1,0.1339031339031339
gru,cpr,0000000001100,seen,micro_f1,0.6630769230769231
gru,cpr,0000000001100,unseen,bit_accuracy,0.858974358974359
gru,cpr,0000000001100,unseen,exact_match,0.06666666666666667
gru,cpr,0000000001100,unseen,macro_f1,0.1274928774928775
gru,cpr,0000000001100,unseen,micro_f1,0.6092592592592593
gru,cpr,0000000010000,seen,bit_accuracy,0.8974358974358975
gru,cpr,0000000010000,seen,exact_match,0.5166666666666667
gru,cpr,0000000010000,seen,macro_f1,0.05062458908612755
gru,cpr,0000000010000,seen,micro_f1,0.5909090909090909
gru,cpr,0000000010000,unseen,bit_accuracy,0.8038461538461538
gru,cpr,0000000010000,unseen,exact_match,0.2333333333333333
gru,cpr,0000000010000,unseen,macro_f1,0.05062458908612755
gru,cpr,0000000010000,unseen,micro_f1,0.47552910052910047
gru,cpr,0000000010100,seen,bit_accuracy,0.8538461538461538
gru,cpr,0000000010100,seen,exact_match,0.0
gru,cpr,0000000010100,seen,macro_f1,0.1286121286121286
gru,cpr,0000000010100,seen,micro_f1,0.6125874125874126
gru,cpr,0000000010100,unseen,bit_accuracy,0.7948717948717948
gru,cpr,0000000010100,unseen,exact_match,0.0
gru,cpr,0000000010100,unseen,macro_f1,0.1108058608058608
gru,cpr,0000000010100,unseen,micro_f1,0.48534798534798534
gru,cpr,0000000011000,seen,bit_accuracy,0.8948717948717949
gru,cpr,0000000011000,seen,exact_match,0.13333333333333333
gru,cpr,0000000011000,seen,macro_f1,0.1168091168091168
gru,cpr,0000000011000,seen,micro_f1,0.670388091440723
gru,cpr,0000000011000,unseen,bit_accuracy,0.8589743589743589
gru,cpr,0000000011000,unseen,exact_match,0.0
gru,cpr,0000000011000,unseen,macro_f1,0.09401709401709402
gru,cpr,0000000011000,unseen,micro_f1,0.5589225589225589
gru,cpr,0000000100000,seen,bit_accuracy,0.9243589743589743
gru,cpr,0000000100000,seen,exact_match,0.3
gru,cpr,0000000100000,seen,macro_f1,0.07692307692307693
gru,cpr,0000000100000,seen,micro_f1,0.672979797979798
gru,cpr,0000000100000,unseen,bit_accuracy,0.8358974358974359
gru,cpr,0000000100000,unseen,exact_match,0.03333333333333333
gru,cpr,0000000100000,unseen,macro_f1,0.07692307692307693
gru,cpr,0000000100000,unseen,micro_f1,0.4942869337235534
gru,cpr,0000000100001,seen,bit_accuracy,0.8564102564102565
gru,cpr,0000000100001,seen,exact_match,0.20000000000000004
gru,cpr,0000000100001,seen,macro_f1,0.11111111111111112
gru,cpr,0000000100001,seen,micro_f1,0.6
gru,cpr,0000000100001,unseen,bit_accuracy,0.7692307692307692
gru,cpr,0000000100001,unseen,exact_match,0.0
gru,cpr,0000000100001,unseen,macro_f1,0.07692307692307693
gru,cpr,0000000100001,unseen,micro_f1,0.41111111111111115
gru,cpr,0000000100010,seen,bit_accuracy,0.7948717948717948
gru,cpr,0000000100010,seen,exact_match,0.0
gru,cpr,0000000100010,seen,macro_f1,0.09157509157509158
gru,cpr,0000000100010,seen,micro_f1,0.47474747474747475
gru,cpr,0000000100010,unseen,bit_accuracy,0.8051282051282053
gru,cpr,0000000100010,unseen,exact_match,0.0
gru,cpr,0000000100010,unseen,macro_f1,0.07692307692307693
gru,cpr,0000000100010,unseen,micro_f1,0.4518518518518519
gru,cpr,0000000100100,seen,bit_accuracy,0.8153846153846155
gru,cpr,0000000100100,seen,exact_match,0.0
gru,cpr,0000000100100,seen,macro_f1,0.10826210826210825
gru,cpr,0000000100100,seen,micro_f1,0.5215320910973085
gru,cpr,0000000100100,unseen,bit_accuracy,0.7846153846153846
gru,cpr,0000000100100,unseen,exact_match,0.0
gru,cpr,0000000100100,unseen,macro_f1,0.07692307692307693
gru,cpr,0000000100100,unseen,micro_f1,0.4202686202686203
gru,cpr,0000000101000,seen,bit_accuracy,0.7974358974358974
gru,cpr,0000000101000,seen,exact_match,0.0
gru,cpr,0000000101000,seen,macro_f1,0.07692307692307693
gru,cpr,0000000101000,seen,micro_f1,0.432996632996633
gru,cpr,0000000101000,unseen,bit_accuracy,0.7538461538461538
gru,cpr,0000000101000,unseen,exact_match,0.0
gru,cpr,0000000101000,unseen,macro_f1,0.07692307692307693
gru,cpr,0000000101000,unseen,micro_f1,0.3888888888888889
gru,cpr,0000000110000,seen,bit_accuracy,0.8666666666666667
gru,cpr,0000000110000,seen,exact_match,0.3333333333333333
gru,cpr,0000000110000,seen,macro_f1,0.12535612535612536
gru,cpr,0000000110000,seen,micro_f1,0.6735632183908047
gru,cpr,0000000110000,unseen,bit_accuracy,0.7615384615384615
gru,cpr,0000000110000,unseen,exact_match,0.0
gru,cpr,0000000110000,unseen,macro_f1,0.07692307692307693
gru,cpr,0000000110000,unseen,micro_f1,0.43099415204678365
gru,cpr,0000001000000,seen,bit_accuracy,0.9243589743589743
gru,cpr,0000001000000,seen,exact_match,0.3833333333333333
gru,cpr,0000001000000,seen,macro_f1,0.07692307692307693
gru,cpr,0000001000000,seen,micro_f1,0.7021097046413503
gru,cpr,0000001000000,unseen,bit_accuracy,0.8794871794871795
gru,cpr,0000001000000,unseen,exact_match,0.21666666666666667
gru,cpr,0000001000000,unseen,macro_f1,0.07692307692307693
gru,cpr,0000001000000,unseen,micro_f1,0.6002542588354945
gru,cpr,0000001000001,seen,bit_accuracy,0.8794871794871795
gru,cpr,0000001000001,seen,exact_match,0.3333333333333333
gru,cpr,0000001000001,seen,macro_f1,0.11894586894586893
gru,cpr,0000001000001,seen,micro_f1,0.6902356902356903
gru,cpr,0000001000001,unseen,bit_accuracy,0.8230769230769232
gru,cpr,0000001000001,unseen,exact_match,0.0
gru,cpr,0000001000001,unseen,macro_f1,0.07692307692307693
gru,cpr,0000001000001,unseen,micro_f1,0.4775599128540305
gru,cpr,0000001000010,seen,bit_accuracy,0.9384615384615386
gru,cpr,0000001000010,seen,exact_match,0.3333333333333333
gru,cpr,0000001000010,seen,macro_f1,0.12250712250712249
gru,cpr,0000001000010,seen,micro_f1,0.7806637806637807
gru,cpr,0000001000010,unseen,bit_accuracy,0.8282051282051283
gru,cpr,0000001000010,unseen,exact_match,0.0
gru,cpr,0000001000010,unseen,macro_f1,0.07692307692307693
gru,cpr,0000001000010,unseen,micro_f1,0.483115468409586
gru,cpr,0000001000100,seen,bit_accuracy,0.8512820512820513
gru,cpr,0000001000100,seen,exact_match,0.0
gru,cpr,0000001000100,seen,macro_f1,0.10012210012210011
gru,cpr,0000001000100,seen,micro_f1,0.5513833992094862
gru,cpr,0000001000100,unseen,bit_accuracy,0.7769230769230769
gru,cpr,0000001000100,unseen,exact_match,0.0
gru,cpr,0000001000100,unseen,macro_f1,0.07692307692307693
gru,cpr,0000001000100,unseen,micro_f1,0.4096866096866097
gru,cpr,0000001001000,seen,bit_accuracy,0.8205128205128206
gru,cpr,0000001001000,seen,exact_match,0.0
gru,cpr,0000001001000,seen,macro_f1,0.09401709401709402
gru,cpr,0000001001000,seen,micro_f1,0.4976190476190476
gru,cpr,0000001001000,unseen,bit_accuracy,0.8205128205128206
gru,cpr,0000001001000,unseen,exact_match,0.0
gru,cpr,0000001001000,unseen,macro_f1,0.07692307692307693
gru,cpr,0000001001000,unseen,micro_f1,0.47031039136302294
gru,cpr,0000001010000,seen,bit_accuracy,0.882051282051282
gru,cpr,0000001010000,seen,exact_match,0.0
gru,cpr,0000001010000,seen,macro_f1,0.1217948717948718
gru,cpr,0000001010000,seen,micro_f1,0.6606060606060606
gru,cpr,0000001010000,unseen,bit_accuracy,0.8333333333333334
gru,cpr,0000001010000,unseen,exact_match,0.0
gru,cpr,0000001010000,unseen,macro_f1,0.07692307692307693
gru,cpr,0000001010000,unseen,micro_f1,0.48691887822322605
gru,cpr,0000010000000,seen,bit_accuracy,0.8166666666666668
gru,cpr,0000010000000,seen,exact_match,0.016666666666666666
gru,cpr,0000010000000,seen,macro_f1,0.03885003885003885
gru,cpr,0000010000000,seen,micro_f1,0.24185759209344115
gru,cpr,0000010000000,unseen,bit_accuracy,0.7833333333333333
gru,cpr,0000010000000,unseen,exact_match,0.0
gru,cpr,0000010000000,unseen,macro_f1,0.028928336620644313
gru,cpr,0000010000000,unseen,micro_f1,0.1659056316590563
gru,cpr,0000010000010,seen,bit_accuracy,0.8512820512820513
gru,cpr,0000010000010,seen,exact_match,0.06666666666666667
gru,cpr,0000010000010,seen,macro_f1,0.09401709401709402
gru,cpr,0000010000010,seen,micro_f1,0.538961038961039
gru,cpr,0000010000010,unseen,bit_accuracy,0.8615384615384616
gru,cpr,0000010000010,unseen,exact_match,0.0
gru,cpr,0000010000010,unseen,macro_f1,0.07692307692307693
gru,cpr,0000010000010,unseen,micro_f1,0.5294117647058824
gru,cpr,0000010000100,seen,bit_accuracy,0.9333333333333332
gru,cpr,0000010000100,seen,exact_match,0.3666666666666667
gru,cpr,0000010000100,seen,macro_f1,0.12179487179487179
gru,cpr,0000010000100,seen,micro_f1,0.7666666666666666
gru,cpr,0000010000100,unseen,bit_accuracy,0.9025641025641026
gru,cpr,0000010000100,unseen,exact_match,0.16666666666666666
gru,cpr,0000010000100,unseen,macro_f1,0.09401709401709402
gru,cpr,0000010000100,unseen,micro_f1,0.6435185185185185
gru,cpr,0000010001000,seen,bit_accuracy,0.8230769230769232
gru,cpr,0000010001000,seen,exact_match,0.0
gru,cpr,0000010001000,seen,macro_f1,0.07692307692307693
gru,cpr,0000010001000,seen,micro_f1,0.45126705653021437
gru,cpr,0000010001000,unseen,bit_accuracy,0.8589743589743589
gru,cpr,0000010001000,unseen,exact_match,0.0
gru,cpr,0000010001000,unseen,macro_f1,0.07692307692307693
gru,cpr,0000010001000,unseen,micro_f1,0.5238095238095238
gru,cpr,0000010010000,seen,bit_accuracy,0.8846153846153846
gru,cpr,0000010010000,seen,exact_match,0.06666666666666667
gru,cpr,0000010010000,seen,macro_f1,0.1274928774928775
gru,cpr,0000010010000,seen,micro_f1,0.6594934855804421
gru,cpr,0000010010000,unseen,bit_accuracy,0.8333333333333334
gru,cpr,0000010010000,unseen,exact_match,0.0
gru,cpr,0000010010000,unseen,macro_f1,0.07621082621082621
gru,cpr,0000010010000,unseen,micro_f1,0.4444444444444444
gru,cpr,0000010100000,seen,bit_accuracy,0.8538461538461538
gru,cpr,0000010100000,seen,exact_match,0.0
gru,cpr,0000010100000,seen,macro_f1,0.07692307692307693
gru,cpr,0000010100000,seen,micro_f1,0.51742993848257
gru,cpr,0000010100000,unseen,bit_accuracy,0.7999999999999999
gru,cpr,0000010100000,unseen,exact_match,0.0
gru,cpr,0000010100000,unseen,macro_f1,0.07692307692307693
gru,cpr,0000010100000,unseen,micro_f1,0.43888888888888894
gru,cpr,0000011000000,seen,bit_accuracy,0.8717948717948718
gru,cpr,0000011000000,seen,exact_match,0.16666666666666666
gru,cpr,0000011000000,seen,macro_f1,0.09401709401709402
gru,cpr,0000011000000,seen,micro_f1,0.5841687552213868
gru,cpr,0000011000000,unseen,bit_accuracy,0.8717948717948718
gru,cpr,0000011000000,unseen,exact_match,0.0
gru,cpr,0000011000000,unseen,macro_f1,0.07692307692307693
gru,cpr,0000011000000,unseen,micro_f1,0.5589225589225589
gru,cpr,0000100000000,seen,bit_accuracy,0.9269230769230768
gru,cpr,0000100000000,seen,exact_match,0.26666666666666666
gru,cpr,0000100000000,seen,macro_f1,0.06837606837606837
gru,cpr,0000100000000,seen,micro_f1,0.6321678321678322
gru,cpr,0000100000000,unseen,bit_accuracy,0.8833333333333333
gru,cpr,0000100000000,unseen,exact_match,0.03333333333333333
gru,cpr,0000100000000,unseen,macro_f1,0.0762656147271532
gru,cpr,0000100000000,unseen,micro_f1,0.5728508984944147
gru,cpr,0000100000001,seen,bit_accuracy,0.9435897435897437
gru,cpr,0000100000001,seen,exact_match,0.3333333333333333
gru,cpr,0000100000001,seen,macro_f1,0.12250712250712249
gru,cpr,0000100000001,seen,micro_f1,0.7936507936507936
gru,cpr,0000100000001,unseen,bit_accuracy,0.8923076923076924
gru,cpr,0000100000001,unseen,exact_match,0.16666666666666666
gru,cpr,0000100000001,unseen,macro_f1,0.09401709401709402
gru,cpr,0000100000001,unseen,micro_f1,0.625
gru,cpr,0000100000100,seen,bit_accuracy,0.9256410256410256
gru,cpr,0000100000100,seen,exact_match,0.26666666666666666
gru,cpr,0000100000100,seen,macro_f1,0.12535612535612536
gru,cpr,0000100000100,seen,micro_f1,0.7579365079365079
gru,cpr,0000100000100,unseen,bit_accuracy,0.8384615384615385
gru,cpr,0000100000100,unseen,exact_match,0.0
gru,cpr,0000100000100,unseen,macro_f1,0.07692307692307693
gru,cpr,0000100000100,unseen,micro_f1,0.4902534113060429
gru,cpr,0000100001000,seen,bit_accuracy,0.8435897435897436
gru,cpr,0000100001000,seen,exact_match,0.06666666666666667
gru,cpr,0000100001000,seen,macro_f1,0.08547008547008546
gru,cpr,0000100001000,seen,micro_f1,0.5148148148148147
gru,cpr,0000100001000,unseen,bit_accuracy,0.8692307692307693
gru,cpr,0000100001000,unseen,exact_match,0.0
gru,cpr,0000100001000,unseen,macro_f1,0.07692307692307693
gru,cpr,0000100001000,unseen,micro_f1,0.5576259489302967
gru,cpr,0000100010000,seen,bit_accuracy,0.9256410256410256
gru,cpr,0000100010000,seen,exact_match,0.26666666666666666
gru,cpr,0000100010000,seen,macro_f1,0.15384615384615385
gru,cpr,0000100010000,seen,micro_f1,0.8162948162948163
gru,cpr,0000100010000,unseen,bit_accuracy,0.9025641025641026
gru,cpr,0000100010000,unseen,exact_match,0.19999999999999998
gru,cpr,0000100010000,unseen,macro_f1,0.12820512820512822
gru,cpr,0000100010000,unseen,micro_f1,0.7111111111111111
gru,cpr,0000100100000,seen,bit_accuracy,0.9435897435897437
gru,cpr,0000100100000,seen,exact_match,0.43333333333333335
gru,cpr,0000100100000,seen,macro_f1,0.1452991452991453
gru,cpr,0000100100000,seen,micro_f1,0.8341269841269842
gru,cpr,0000100100000,unseen,bit_accuracy,0.8435897435897436
gru,cpr,0000100100000,unseen,exact_match,0.0
gru,cpr,0000100100000,unseen,macro_f1,0.09401709401709402
gru,cpr,0000100100000,unseen,micro_f1,0.5322943722943723
gru,cpr,0000101000000,seen,bit_accuracy,0.9282051282051281
gru,cpr,0000101000000,seen,exact_match,0.06666666666666667
gru,cpr,0000101000000,seen,macro_f1,0.15384615384615385
gru,cpr,0000101000000,seen,micro_f1,0.8111111111111112
gru,cpr,0000101000000,unseen,bit_accuracy,0.923076923076923
gru,cpr,0000101000000,unseen,exact_match,0.26666666666666666
gru,cpr,0000101000000,unseen,macro_f1,0.14285714285714288
gru,cpr,0000101000000,unseen,micro_f1,0.7870255348516219
gru,cpr,0001000000000,seen,bit_accuracy,0.9461538461538462
gru,cpr,0001000000000,seen,exact_match,0.43333333333333335
gru,cpr,0001000000000,seen,macro_f1,0.07341661187815034
gru,cpr,0001000000000,seen,micro_f1,0.7501339333547626
gru,cpr,0001000000000,unseen,bit_accuracy,0.9038461538461539
gru,cpr,0001000000000,unseen,exact_match,0.06666666666666667
gru,cpr,0001000000000,unseen,macro_f1,0.06947890818858561
gru,cpr,0001000000000,unseen,micro_f1,0.5692426688189399
gru,cpr,0001000000001,seen,bit_accuracy,0.7307692307692308
gru,cpr,0001000000001,seen,exact_match,0.0
gru,cpr,0001000000001,seen,macro_f1,0.10826210826210825
gru,cpr,0001000000001,seen,micro_f1,0.4384929123527566
gru,cpr,0001000000001,unseen,bit_accuracy,0.7717948717948718
gru,cpr,0001000000001,unseen,exact_match,0.0
gru,cpr,0001000000001,unseen,macro_f1,0.09615384615384615
gru,cpr,0001000000001,unseen,micro_f1,0.4677814938684504
gru,cpr,0001000000100,seen,bit_accuracy,0.7974358974358974
gru,cpr,0001000000100,seen,exact_match,0.0
gru,cpr,0001000000100,seen,macro_f1,0.09157509157509158
gru,cpr,0001000000100,seen,micro_f1,0.46736596736596736
gru,cpr,0001000000100,unseen,bit_accuracy,0.8307692307692308
gru,cpr,0001000000100,unseen,exact_match,0.0
gru,cpr,0001000000100,unseen,macro_f1,0.07692307692307693
gru,cpr,0001000000100,unseen,micro_f1,0.49318181818181817
gru,cpr,0001000001000,seen,bit_accuracy,0.8769230769230769
gru,cpr,0001000001000,seen,exact_match,0.06666666666666667
gru,cpr,0001000001000,seen,macro_f1,0.10256410256410257
gru,cpr,0001000001000,seen,micro_f1,0.6164021164021164
gru,cpr,0001000001000,unseen,bit_accuracy,0.8564102564102564
gru,cpr,0001000001000,unseen,exact_match,0.0
gru,cpr,0001000001000,unseen,macro_f1,0.10256410256410257
gru,cpr,0001000001000,unseen,micro_f1,0.5740740740740741
gru,cpr,0001000010000,seen,bit_accuracy,0.9435897435897437
gru,cpr,0001000010000,seen,exact_match,0.3333333333333333
gru,cpr,0001000010000,seen,macro_f1,0.12535612535612536
gru,cpr,0001000010000,seen,micro_f1,0.800552104899931
gru,cpr,0001000010000,unseen,bit_accuracy,0.8384615384615385
gru,cpr,0001000010000,unseen,exact_match,0.06666666666666667
gru,cpr,0001000010000,unseen,macro_f1,0.1047008547008547
gru,cpr,0001000010000,unseen,micro_f1,0.5505723905723906
gru,cpr,0001000100000,seen,bit_accuracy,0.8743589743589744
gru,cpr,0001000100000,seen,exact_match,0.26666666666666666
gru,cpr,0001000100000,seen,macro_f1,0.10826210826210825
gru,cpr,0001000100000,seen,micro_f1,0.6148148148148148
gru,cpr,0001000100000,unseen,bit_accuracy,0.8871794871794871
gru,cpr,0001000100000,unseen,exact_match,0.0
gru,cpr,0001000100000,unseen,macro_f1,0.08547008547008546
gru,cpr,0001000100000,unseen,micro_f1,0.5833333333333334
gru,cpr,0001001000000,seen,bit_accuracy,0.9487179487179488
gru,cpr,0001001000000,seen,exact_match,0.6666666666666666
gru,cpr,0001001000000,seen,macro_f1,0.13675213675213674
gru,cpr,0001001000000,seen,micro_f1,0.8333333333333334
gru,cpr,0001001000000,unseen,bit_accuracy,0.923076923076923
gru,cpr,0001001000000,unseen,exact_match,0.3333333333333333
gru,cpr,0001001000000,unseen,macro_f1,0.09401709401709402
gru,cpr,0001001000000,unseen,micro_f1,0.6666666666666666
gru,cpr,0001010000000,seen,bit_accuracy,0.805128205128205
gru,cpr,0001010000000,seen,exact_match,0.0
gru,cpr,0001010000000,seen,macro_f1,0.09971509971509972
gru,cpr,0001010000000,seen,micro_f1,0.47972027972027975
gru,cpr,0001010000000,unseen,bit_accuracy,0.7871794871794872
gru,cpr,0001010000000,unseen,exact_match,0.0
gru,cpr,0001010000000,unseen,macro_f1,0.054945054945054944
gru,cpr,0001010000000,unseen,micro_f1,0.3186226435654353
gru,cpr,0001100000000,seen,bit_accuracy,0.8615384615384616
gru,cpr,0001100000000,seen,exact_match,0.3333333333333333
gru,cpr,0001100000000,seen,macro_f1,0.09615384615384615
gru,cpr,0001100000000,seen,micro_f1,0.5565217391304348
gru,cpr,0001100000000,unseen,bit_accuracy,0.817948717948718
gru,cpr,0001100000000,unseen,exact_match,0.0
gru,cpr,0001100000000,unseen,macro_f1,0.05698005698005698
gru,cpr,0001100000000,unseen,micro_f1,0.35185185185185186
gru,cpr,0010000000000,seen,bit_accuracy,0.9371794871794871
gru,cpr,0010000000000,seen,exact_match,0.5
gru,cpr,0010000000000,seen,macro_f1,0.06719717064544652
gru,cpr,0010000000000,seen,micro_f1,0.6990127758420441
gru,cpr,0010000000000,unseen,bit_accuracy,0.9205128205128205
gru,cpr,0010000000000,unseen,exact_match,0.4666666666666666
gru,cpr,0010000000000,unseen,macro_f1,0.06593406593406594
gru,cpr,0010000000000,unseen,micro_f1,0.6333333333333333
gru,cpr,0010000000001,seen,bit_accuracy,0.8205128205128206
gru,cpr,0010000000001,seen,exact_match,0.0
gru,cpr,0010000000001,seen,macro_f1,0.10256410256410257
gru,cpr,0010000000001,seen,micro_f1,0.5328585707146427
gru,cpr,0010000000001,unseen,bit_accuracy,0.805128205128205
gru,cpr,0010000000001,unseen,exact_match,0.0
gru,cpr,0010000000001,unseen,macro_f1,0.07692307692307693
gru,cpr,0010000000001,unseen,micro_f1,0.4523809523809524
gru,cpr,0010000000100,seen,bit_accuracy,0.858974358974359
gru,cpr,0010000000100,seen,exact_match,0.16666666666666666
gru,cpr,0010000000100,seen,macro_f1,0.10582010582010581
gru,cpr,0010000000100,seen,micro_f1,0.5985162180814355
gru,cpr,0010000000100,unseen,bit_accuracy,0.8333333333333334
gru,cpr,0010000000100,unseen,exact_match,0.0
gru,cpr,0010000000100,unseen,macro_f1,0.07407407407407407
gru,cpr,0010000000100,unseen,micro_f1,0.46873706004140786
gru,cpr,0010000001000,seen,bit_accuracy,0.8128205128205129
gru,cpr,0010000001000,seen,exact_match,0.0
gru,cpr,0010000001000,seen,macro_f1,0.10866910866910867
gru,cpr,0010000001000,seen,micro_f1,0.5241106719367589
gru,cpr,0010000001000,unseen,bit_accuracy,0.764102564102564
gru,cpr,0010000001000,unseen,exact_match,0.0
gru,cpr,0010000001000,unseen,macro_f1,0.07692307692307693
gru,cpr,0010000001000,unseen,micro_f1,0.3975653975653976
gru,cpr,0010000010000,seen,bit_accuracy,0.8384615384615385
gru,cpr,0010000010000,seen,exact_match,0.13333333333333333
gru,cpr,0010000010000,seen,macro_f1,0.09157509157509158
gru,cpr,0010000010000,seen,micro_f1,0.5471380471380471
gru,cpr,0010000010000,unseen,bit_accuracy,0.8256410256410257
gru,cpr,0010000010000,unseen,exact_match,0.0
gru,cpr,0010000010000,unseen,macro_f1,0.07661782661782662
gru,cpr,0010000010000,unseen,micro_f1,0.41414141414141414
gru,cpr,0010000100000,seen,bit_accuracy,0.9205128205128205
gru,cpr,0010000100000,seen,exact_match,0.4666666666666666
gru,cpr,0010000100000,seen,macro_f1,0.1396011396011396
gru,cpr,0010000100000,seen,micro_f1,0.7976076555023924
gru,cpr,0010000100000,unseen,bit_accuracy,0.8128205128205129
gru,cpr,0010000100000,unseen,exact_match,0.0
gru,cpr,0010000100000,unseen,macro_f1,0.08516483516483515
gru,cpr,0010000100000,unseen,micro_f1,0.46331738437001596
gru,cpr,0010001000000,seen,bit_accuracy,0.9307692307692307
gru,cpr,0010001000000,seen,exact_match,0.6
gru,cpr,0010001000000,seen,macro_f1,0.12820512820512822
gru,cpr,0010001000000,seen,micro_f1,0.798941798941799
gru,cpr,0010001000000,unseen,bit_accuracy,0.841025641025641
gru,cpr,0010001000000,unseen,exact_match,0.0
gru,cpr,0010001000000,unseen,macro_f1,0.09727309727309726
gru,cpr,0010001000000,unseen,micro_f1,0.5343358395989974
gru,cpr,0010010000000,seen,bit_accuracy,0.8256410256410257
gru,cpr,0010010000000,seen,exact_match,0.06666666666666667
gru,cpr,0010010000000,seen,macro_f1,0.1047008547008547
gru,cpr,0010010000000,seen,micro_f1,0.5133333333333333
gru,cpr,0010010000000,unseen,bit_accuracy,0.7974358974358974
gru,cpr,0010010000000,unseen,exact_match,0.0
gru,cpr,0010010000000,unseen,macro_f1,0.06837606837606837
gru,cpr,0010010000000,unseen,micro_f1,0.3800865800865801
gru,cpr,0100000000000,seen,bit_accuracy,0.8705128205128205
gru,cpr,0100000000000,seen,exact_match,0.0
gru,cpr,0100000000000,seen,macro_f1,0.025641025641025644
gru,cpr,0100000000000,seen,micro_f1,0.19047619047619047
gru,cpr,0100000000000,unseen,bit_accuracy,0.8705128205128205
gru,cpr,0100000000000,unseen,exact_match,0.18333333333333335
gru,cpr,0100000000000,unseen,macro_f1,0.019536019536019536
gru,cpr,0100000000000,unseen,micro_f1,0.16
gru,cpr,0100000000010,seen,bit_accuracy,0.8692307692307693
gru,cpr,0100000000010,seen,exact_match,0.2333333333333333
gru,cpr,0100000000010,seen,macro_f1,0.10225885225885227
gru,cpr,0100000000010,seen,micro_f1,0.557142857142857
gru,cpr,0100000000010,unseen,bit_accuracy,0.8153846153846155
gru,cpr,0100000000010,unseen,exact_match,0.0
gru,cpr,0100000000010,unseen,macro_f1,0.06593406593406594
gru,cpr,0100000000010,unseen,micro_f1,0.3695652173913044
gru,cpr,0100000000100,seen,bit_accuracy,0.8307692307692308
gru,cpr,0100000000100,seen,exact_match,0.0
gru,cpr,0100000000100,seen,macro_f1,0.09523809523809523
gru,cpr,0100000000100,seen,micro_f1,0.495906432748538
gru,cpr,0100000000100,unseen,bit_accuracy,0.8076923076923078
gru,cpr,0100000000100,unseen,exact_match,0.0
gru,cpr,0100000000100,unseen,macro_f1,0.1051078551078551
gru,cpr,0100000000100,unseen,micro_f1,0.4866096866096867
gru,cpr,0100000001000,seen,bit_accuracy,0.8153846153846155
gru,cpr,0100000001000,seen,exact_match,0.0
gru,cpr,0100000001000,seen,macro_f1,0.07692307692307693
gru,cpr,0100000001000,seen,micro_f1,0.4305555555555555
gru,cpr,0100000001000,unseen,bit_accuracy,0.7717948717948717
gru,cpr,0100000001000,unseen,exact_match,0.0
gru,cpr,0100000001000,unseen,macro_f1,0.06837606837606837
gru,cpr,0100000001000,unseen,micro_f1,0.3589225589225589
gru,cpr,0100000010000,seen,bit_accuracy,0.8435897435897436
gru,cpr,0100000010000,seen,exact_match,0.0
gru,cpr,0100000010000,seen,macro_f1,0.09401709401709402
gru,cpr,0100000010000,seen,micro_f1,0.5293209876543209
gru,cpr,0100000010000,unseen,bit_accuracy,0.7717948717948717
gru,cpr,0100000010000,unseen,exact_match,0.0
gru,cpr,0100000010000,unseen,macro_f1,0.06837606837606837
gru,cpr,0100000010000,unseen,micro_f1,0.35789049919484706
gru,cpr,0100000100000,seen,bit_accuracy,0.8641025641025641
gru,cpr,0100000100000,seen,exact_match,0.16666666666666666
gru,cpr,0100000100000,seen,macro_f1,0.10256410256410257
gru,cpr,0100000100000,seen,micro_f1,0.599953991258339
gru,cpr,0100000100000,unseen,bit_accuracy,0.817948717948718
gru,cpr,0100000100000,unseen,exact_match,0.0
gru,cpr,0100000100000,unseen,macro_f1,0.07692307692307693
gru,cpr,0100000100000,unseen,micro_f1,0.45839345839345835
gru,cpr,0100001000000,seen,bit_accuracy,0.8692307692307693
gru,cpr,0100001000000,seen,exact_match,0.0
gru,cpr,0100001000000,seen,macro_f1,0.09971509971509972
gru,cpr,0100001000000,seen,micro_f1,0.5879120879120879
gru,cpr,0100001000000,unseen,bit_accuracy,0.8307692307692308
gru,cpr,0100001000000,unseen,exact_match,0.0
gru,cpr,0100001000000,unseen,macro_f1,0.07692307692307693
gru,cpr,0100001000000,unseen,micro_f1,0.4769119769119769
gru,cpr,0100010000000,seen,bit_accuracy,0.9128205128205128
gru,cpr,0100010000000,seen,exact_match,0.2333333333333333
gru,cpr,0100010000000,seen,macro_f1,0.14245014245014245
gru,cpr,0100010000000,seen,micro_f1,0.7585470085470085
gru,cpr,0100010000000,unseen,bit_accuracy,0.8641025641025641
gru,cpr,0100010000000,unseen,exact_match,0.06666666666666667
gru,cpr,0100010000000,unseen,macro_f1,0.11894586894586895
gru,cpr,0100010000000,unseen,micro_f1,0.6148056923918993
gru,cpr,1000000000000,seen,bit_accuracy,0.9
gru,cpr,1000000000000,seen,exact_match,0.11666666666666665
gru,cpr,1000000000000,seen,macro_f1,0.013295346628679962
gru,cpr,1000000000000,seen,micro_f1,0.1414141414141414
gru,cpr,1000000000000,unseen,bit_accuracy,0.8448717948717949
gru,cpr,1000000000000,unseen,exact_match,0.0
gru,cpr,1000000000000,unseen,macro_f1,0.0
gru,cpr,1000000000000,unseen,micro_f1,0.0
gru,cpr,1000000000001,seen,bit_accuracy,0.8230769230769232
gru,cpr,1000000000001,seen,exact_match,0.0
gru,cpr,1000000000001,seen,macro_f1,0.07203907203907203
gru,cpr,1000000000001,seen,micro_f1,0.3990323402088108
gru,cpr,1000000000001,unseen,bit_accuracy,0.7512820512820513
gru,cpr,1000000000001,unseen,exact_match,0.0
gru,cpr,1000000000001,unseen,macro_f1,0.04884004884004883
gru,cpr,1000000000001,unseen,micro_f1,0.23905723905723905
gru,cpr,1000000000010,seen,bit_accuracy,0.8871794871794872
gru,cpr,1000000000010,seen,exact_match,0.3333333333333333
gru,cpr,1000000000010,seen,macro_f1,0.1217948717948718
gru,cpr,1000000000010,seen,micro_f1,0.689594356261023
gru,cpr,1000000000010,unseen,bit_accuracy,0.8461538461538461
gru,cpr,1000000000010,unseen,exact_match,0.0
gru,cpr,1000000000010,unseen,macro_f1,0.07692307692307693
gru,cpr,1000000000010,unseen,micro_f1,0.5008354218880534
gru,cpr,1000000000100,seen,bit_accuracy,0.8153846153846155
gru,cpr,1000000000100,seen,exact_match,0.06666666666666667
gru,cpr,1000000000100,seen,macro_f1,0.08302808302808302
gru,cpr,1000000000100,seen,micro_f1,0.45715249662618085
gru,cpr,1000000000100,unseen,bit_accuracy,0.8153846153846155
gru,cpr,1000000000100,unseen,exact_match,0.0
gru,cpr,1000000000100,unseen,macro_f1,0.08760683760683761
gru,cpr,1000000000100,unseen,micro_f1,0.4471916971916972
gru,cpr,1000000001000,seen,bit_accuracy,0.882051282051282
gru,cpr,1000000001000,seen,exact_match,0.0
gru,cpr,1000000001000,seen,macro_f1,0.1051078551078551
gru,cpr,1000000001000,seen,micro_f1,0.6166666666666667
gru,cpr,1000000001000,unseen,bit_accuracy,0.8538461538461538
gru,cpr,1000000001000,unseen,exact_match,0.0
gru,cpr,1000000001000,unseen,macro_f1,0.07733007733007732
gru,cpr,1000000001000,unseen,micro_f1,0.4555023923444976
gru,cpr,1000000010000,seen,bit_accuracy,0.8948717948717949
gru,cpr,1000000010000,seen,exact_match,0.19999999999999998
gru,cpr,1000000010000,seen,macro_f1,0.09971509971509972
gru,cpr,1000000010000,seen,micro_f1,0.6564814814814816
gru,cpr,1000000010000,unseen,bit_accuracy,0.8512820512820513
gru,cpr,1000000010000,unseen,exact_match,0.0
gru,cpr,1000000010000,unseen,macro_f1,0.09157509157509158
gru,cpr,1000000010000,unseen,micro_f1,0.5537878787878788
gru,cpr,1000000100000,seen,bit_accuracy,0.8717948717948718
gru,cpr,1000000100000,seen,exact_match,0.0
gru,cpr,1000000100000,seen,macro_f1,0.08547008547008546
gru,cpr,1000000100000,seen,micro_f1,0.5740740740740741
gru,cpr,1000000100000,unseen,bit_accuracy,0.8615384615384616
gru,cpr,1000000100000,unseen,exact_match,0.0
gru,cpr,1000000100000,unseen,macro_f1,0.07692307692307693
gru,cpr,1000000100000,unseen,micro_f1,0.5404040404040403
gru,cpr,1000001000000,seen,bit_accuracy,0.9435897435897437
gru,cpr,1000001000000,seen,exact_match,0.4000000000000001
gru,cpr,1000001000000,seen,macro_f1,0.11436711436711437
gru,cpr,1000001000000,seen,micro_f1,0.7814814814814816
gru,cpr,1000001000000,unseen,bit_accuracy,0.8769230769230769
gru,cpr,1000001000000,unseen,exact_match,0.0
gru,cpr,1000001000000,unseen,macro_f1,0.07692307692307693
gru,cpr,1000001000000,unseen,micro_f1,0.5601851851851852
gru,cpr,1000010000000,seen,bit_accuracy,0.8641025641025641
gru,cpr,1000010000000,seen,exact_match,0.0
gru,cpr,1000010000000,seen,macro_f1,0.11894586894586895
gru,cpr,1000010000000,seen,micro_f1,0.6119894598155468
gru,cpr,1000010000000,unseen,bit_accuracy,0.8384615384615385
gru,cpr,1000010000000,unseen,exact_match,0.0
gru,cpr,1000010000000,unseen,macro_f1,0.11080586080586081
gru,cpr,1000010000000,unseen,micro_f1,0.5460819373862852
gru,cpr,1000100000000,seen,bit_accuracy,0.9358974358974358
gru,cpr,1000100000000,seen,exact_match,0.3333333333333333
gru,cpr,1000100000000,seen,macro_f1,0.12820512820512822
gru,cpr,1000100000000,seen,micro_f1,0.797979797979798
gru,cpr,1000100000000,unseen,bit_accuracy,0.9487179487179488
gru,cpr,1000100000000,unseen,exact_match,0.5
gru,cpr,1000100000000,unseen,macro_f1,0.12820512820512822
gru,cpr,1000100000000,unseen,micro_f1,0.8222222222222223
gru,cpr,1001000000000,seen,bit_accuracy,0.9487179487179488
gru,cpr,1001000000000,seen,exact_match,0.3333333333333333
gru,cpr,1001000000000,seen,macro_f1,0.13675213675213674
gru,cpr,1001000000000,seen,micro_f1,0.8341269841269842
gru,cpr,1001000000000,unseen,bit_accuracy,0.9128205128205128
gru,cpr,1001000000000,unseen,exact_match,0.06666666666666667
gru,cpr,1001000000000,unseen,macro_f1,0.11721611721611723
gru,cpr,1001000000000,unseen,micro_f1,0.708359133126935
ssm,cpr,0000000000001,seen,bit_accuracy,0.8243589743589744
ssm,cpr,0000000000001,seen,exact_match,0.11666666666666665
ssm,cpr,0000000000001,seen,macro_f1,0.057268895978573396
ssm,cpr,0000000000001,seen,micro_f1,0.36853558627752175
ssm,cpr,0000000000001,unseen,bit_accuracy,0.7935897435897435
ssm,cpr,0000000000001,unseen,exact_match,0.0
ssm,cpr,0000000000001,unseen,macro_f1,0.0126984126984127
ssm,cpr,0000000000001,unseen,micro_f1,0.061808561808561806
ssm,cpr,0000000000010,seen,bit_accuracy,0.8576923076923076
ssm,cpr,0000000000010,seen,exact_match,0.03333333333333333
ssm,cpr,0000000000010,seen,macro_f1,0.04604751973173025
ssm,cpr,0000000000010,seen,micro_f1,0.3185894512843897
ssm,cpr,0000000000010,unseen,bit_accuracy,0.8435897435897436
ssm,cpr,0000000000010,unseen,exact_match,0.0
ssm,cpr,0000000000010,unseen,macro_f1,0.030389363722697054
ssm,cpr,0000000000010,unseen,micro_f1,0.18888888888888888
ssm,cpr,0000000000100,seen,bit_accuracy,0.8346153846153846
ssm,cpr,0000000000100,seen,exact_match,0.08333333333333333
ssm,cpr,0000000000100,seen,macro_f1,0.04854558700712547
ssm,cpr,0000000000100,seen,micro_f1,0.3967470760233918
ssm,cpr,0000000000100,unseen,bit_accuracy,0.791025641025641
ssm,cpr,0000000000100,unseen,exact_match,0.0
ssm,cpr,0000000000100,unseen,macro_f1,0.02948717948717949
ssm,cpr,0000000000100,unseen,micro_f1,0.2070175438596491
ssm,cpr,0000000001000,seen,bit_accuracy,0.8320512820512821
ssm,cpr,0000000001000,seen,exact_match,0.0
ssm,cpr,0000000001000,seen,macro_f1,0.03300913645741232
ssm,cpr,0000000001000,seen,micro_f1,0.2202020202020202
ssm,cpr,0000000001000,unseen,bit_accuracy,0.8192307692307693
ssm,cpr,0000000001000,unseen,exact_match,0.0
ssm,cpr,0000000001000,unseen,macro_f1,0.0
ssm,cpr,0000000001000,unseen,micro_f1,0.0
ssm,cpr,0000000001001,seen,bit_accuracy,0.8358974358974359
ssm,cpr,0000000001001,seen,exact_match,0.0
ssm,cpr,0000000001001,seen,macro_f1,0.09157509157509158
ssm,cpr,0000000001001,seen,micro_f1,0.5208931419457735
ssm,cpr,0000000001001,unseen,bit_accuracy,0.8230769230769232
ssm,cpr,0000000001001,unseen,exact_match,0.0
ssm,cpr,0000000001001,unseen,macro_f1,0.09116809116809116
ssm,cpr,0000000001001,unseen,micro_f1,0.48821548821548816
ssm,cpr,0000000001010,seen,bit_accuracy,0.7692307692307692
ssm,cpr,0000000001010,seen,exact_match,0.06666666666666667
ssm,cpr,0000000001010,seen,macro_f1,0.10012210012210011
ssm,cpr,0000000001010,seen,micro_f1,0.45164835164835165
ssm,cpr,0000000001010,unseen,bit_accuracy,0.7794871794871795
ssm,cpr,0000000001010,unseen,exact_match,0.0
ssm,cpr,0000000001010,unseen,macro_f1,0.1047008547008547
ssm,cpr,0000000001010,unseen,micro_f1,0.4761904761904762
ssm,cpr,0000000001100,seen,bit_accuracy,0.8794871794871795
ssm,cpr,0000000001100,seen,exact_match,0.06666666666666667
ssm,cpr,0000000001100,seen,macro_f1,0.12820512820512822
ssm,cpr,0000000001100,seen,micro_f1,0.6712250712250712
ssm,cpr,0000000001100,unseen,bit_accuracy,0.8282051282051283
ssm,cpr,0000000001100,unseen,exact_match,0.06666666666666667
ssm,cpr,0000000001100,unseen,macro_f1,0.09971509971509972
ssm,cpr,0000000001100,unseen,micro_f1,0.537878787878788
ssm,cpr,0000000010000,seen,bit_accuracy,0.9243589743589743
ssm,cpr,0000000010000,seen,exact_match,0.5333333333333333
ssm,cpr,0000000010000,seen,macro_f1,0.05128205128205129
ssm,cpr,0000000010000,seen,micro_f1,0.6011482607227289
ssm,cpr,0000000010000,unseen,bit_accuracy,0.9384615384615386
ssm,cpr,0000000010000,unseen,exact_match,0.31666666666666665
ssm,cpr,0000000010000,unseen,macro_f1,0.05128205128205129
ssm,cpr,0000000010000,unseen,micro_f1,0.5
ssm,cpr,0000000010100,seen,bit_accuracy,0.9076923076923077
ssm,cpr,0000000010100,seen,exact_match,0.13333333333333333
ssm,cpr,0000000010100,seen,macro_f1,0.1172161172161172
ssm,cpr,0000000010100,seen,micro_f1,0.6944444444444443
ssm,cpr,0000000010100,unseen,bit_accuracy,0.8358974358974359
ssm,cpr,0000000010100,unseen,exact_match,0.0
ssm,cpr,0000000010100,unseen,macro_f1,0.07407407407407407
ssm,cpr,0000000010100,unseen,micro_f1,0.4666666666666666
ssm,cpr,0000000011000,seen,bit_accuracy,0.8717948717948718
ssm,cpr,0000000011000,seen,exact_match,0.13333333333333333
ssm,cpr,0000000011000,seen,macro_f1,0.12820512820512822
ssm,cpr,0000000011000,seen,micro_f1,0.6543209876543209
ssm,cpr,0000000011000,unseen,bit_accuracy,0.858974358974359
ssm,cpr,0000000011000,unseen,exact_match,0.0
ssm,cpr,0000000011000,unseen,macro_f1,0.10866910866910867
ssm,cpr,0000000011000,unseen,micro_f1,0.5984848484848485
ssm,cpr,0000000100000,seen,bit_accuracy,0.8897435897435898
ssm,cpr,0000000100000,seen,exact_match,0.25
ssm,cpr,0000000100000,seen,macro_f1,0.07692307692307693
ssm,cpr,0000000100000,seen,micro_f1,0.5916603423560165
ssm,cpr,0000000100000,unseen,bit_accuracy,0.9217948717948717
ssm,cpr,0000000100000,unseen,exact_match,0.19999999999999998
ssm,cpr,0000000100000,unseen,macro_f1,0.07692307692307693
ssm,cpr,0000000100000,unseen,micro_f1,0.6666666666666666
ssm,cpr,0000000100001,seen,bit_accuracy,0.7974358974358974
ssm,cpr,0000000100001,seen,exact_match,0.13333333333333333
ssm,cpr,0000000100001,seen,macro_f1,0.1108058608058608
ssm,cpr,0000000100001,seen,micro_f1,0.5316550116550117
ssm,cpr,0000000100001,unseen,bit_accuracy,0.7769230769230769
ssm,cpr,0000000100001,unseen,exact_match,0.0
ssm,cpr,0000000100001,unseen,macro_f1,0.07692307692307693
ssm,cpr,0000000100001,unseen,micro_f1,0.4422657952069717
ssm,cpr,0000000100010,seen,bit_accuracy,0.8205128205128206
ssm,cpr,0000000100010,seen,exact_match,0.0
ssm,cpr,0000000100010,seen,macro_f1,0.1108058608058608
ssm,cpr,0000000100010,seen,micro_f1,0.5329059829059829
ssm,cpr,0000000100010,unseen,bit_accuracy,0.8153846153846155
ssm,cpr,0000000100010,unseen,exact_match,0.0
ssm,cpr,0000000100010,unseen,macro_f1,0.07692307692307693
ssm,cpr,0000000100010,unseen,micro_f1,0.47500000000000003
ssm,cpr,0000000100100,seen,bit_accuracy,0.8282051282051283
ssm,cpr,0000000100100,seen,exact_match,0.06666666666666667
ssm,cpr,0000000100100,seen,macro_f1,0.08547008547008546
ssm,cpr,0000000100100,seen,micro_f1,0.5077667430608607
ssm,cpr,0000000100100,unseen,bit_accuracy,0.817948717948718
ssm,cpr,0000000100100,unseen,exact_match,0.0
ssm,cpr,0000000100100,unseen,macro_f1,0.07692307692307693
ssm,cpr,0000000100100,unseen,micro_f1,0.4624756335282651
ssm,cpr,0000000101000,seen,bit_accuracy,0.8333333333333334
ssm,cpr,0000000101000,seen,exact_match,0.0
ssm,cpr,0000000101000,seen,macro_f1,0.11111111111111112
ssm,cpr,0000000101000,seen,micro_f1,0.5552261747913921
ssm,cpr,0000000101000,unseen,bit_accuracy,0.7794871794871795
ssm,cpr,0000000101000,unseen,exact_match,0.0
ssm,cpr,0000000101000,unseen,macro_f1,0.07692307692307693
ssm,cpr,0000000101000,unseen,micro_f1,0.41111111111111115
ssm,cpr,0000000110000,seen,bit_accuracy,0.923076923076923
ssm,cpr,0000000110000,seen,exact_match,0.6666666666666666
ssm,cpr,0000000110000,seen,macro_f1,0.12820512820512822
ssm,cpr,0000000110000,seen,micro_f1,0.7999999999999999
ssm,cpr,0000000110000,unseen,bit_accuracy,0.7974358974358974
ssm,cpr,0000000110000,unseen,exact_match,0.0
ssm,cpr,0000000110000,unseen,macro_f1,0.07692307692307693
ssm,cpr,0000000110000,unseen,micro_f1,0.4386724386724386
ssm,cpr,0000001000000,seen,bit_accuracy,0.9346153846153845
ssm,cpr,0000001000000,seen,exact_match,0.55
ssm,cpr,0000001000000,seen,macro_f1,0.07692307692307693
ssm,cpr,0000001000000,seen,micro_f1,0.7558458313175294
ssm,cpr,0000001000000,unseen,bit_accuracy,0.9333333333333332
ssm,cpr,0000001000000,unseen,exact_match,0.3
ssm,cpr,0000001000000,unseen,macro_f1,0.07692307692307693
ssm,cpr,0000001000000,unseen,micro_f1,0.7042955788718501
ssm,cpr,0000001000001,seen,bit_accuracy,0.9384615384615386
ssm,cpr,0000001000001,seen,exact_match,0.6
ssm,cpr,0000001000001,seen,macro_f1,0.12535612535612536
ssm,cpr,0000001000001,seen,micro_f1,0.7999999999999999
ssm,cpr,0000001000001,unseen,bit_accuracy,0.8666666666666667
ssm,cpr,0000001000001,unseen,exact_match,0.0
ssm,cpr,0000001000001,unseen,macro_f1,0.07692307692307693
ssm,cpr,0000001000001,unseen,micro_f1,0.5638888888888889
ssm,cpr,0000001000010,seen,bit_accuracy,0.8461538461538461
ssm,cpr,0000001000010,seen,exact_match,0.0
ssm,cpr,0000001000010,seen,macro_f1,0.10622710622710622
ssm,cpr,0000001000010,seen,micro_f1,0.5582750582750583
ssm,cpr,0000001000010,unseen,bit_accuracy,0.8461538461538461
ssm,cpr,0000001000010,unseen,exact_match,0.0
ssm,cpr,0000001000010,unseen,macro_f1,0.07692307692307693
ssm,cpr,0000001000010,unseen,micro_f1,0.5145969498910675
ssm,cpr,0000001000100,seen,bit_accuracy,0.8282051282051283
ssm,cpr,0000001000100,seen,exact_match,0.0
ssm,cpr,0000001000100,seen,macro_f1,0.07692307692307693
ssm,cpr,0000001000100,seen,micro_f1,0.4751018961545277
ssm,cpr,0000001000100,unseen,bit_accuracy,0.8153846153846155
ssm,cpr,0000001000100,unseen,exact_match,0.0
ssm,cpr,0000001000100,unseen,macro_f1,0.07692307692307693
ssm,cpr,0000001000100,unseen,micro_f1,0.457070707070707
ssm,cpr,0000001001000,seen,bit_accuracy,0.841025641025641
ssm,cpr,0000001001000,seen,exact_match,0.0
ssm,cpr,0000001001000,seen,macro_f1,0.11111111111111112
ssm,cpr,0000001001000,seen,micro_f1,0.5766899766899767
ssm,cpr,0000001001000,unseen,bit_accuracy,0.8051282051282053
ssm,cpr,0000001001000,unseen,exact_match,0.0
ssm,cpr,0000001001000,unseen,macro_f1,0.07692307692307693
ssm,cpr,0000001001000,unseen,micro_f1,0.4449275362318841
ssm,cpr,0000001010000,seen,bit_accuracy,0.9128205128205128
ssm,cpr,0000001010000,seen,exact_match,0.39999999999999997
ssm,cpr,0000001010000,seen,macro_f1,0.1217948717948718
ssm,cpr,0000001010000,seen,micro_f1,0.7345399698340875
ssm,cpr,0000001010000,unseen,bit_accuracy,0.8461538461538461
ssm,cpr,0000001010000,unseen,exact_match,0.0
ssm,cpr,0000001010000,unseen,macro_f1,0.07692307692307693
ssm,cpr,0000001010000,unseen,micro_f1,0.5
ssm,cpr,0000010000000,seen,bit_accuracy,0.8089743589743591
ssm,cpr,0000010000000,seen,exact_match,0.016666666666666666
ssm,cpr,0000010000000,seen,macro_f1,0.039917347609655304
ssm,cpr,0000010000000,seen,micro_f1,0.22497354497354496
ssm,cpr,0000010000000,unseen,bit_accuracy,0.7999999999999999
ssm,cpr,0000010000000,unseen,exact_match,0.0
ssm,cpr,0000010000000,unseen,macro_f1,0.058650162098437965
ssm,cpr,0000010000000,unseen,micro_f1,0.33206494165398276
ssm,cpr,0000010000010,seen,bit_accuracy,0.7717948717948717
ssm,cpr,0000010000010,seen,exact_match,0.0
ssm,cpr,0000010000010,seen,macro_f1,0.12250712250712249
ssm,cpr,0000010000010,seen,micro_f1,0.4883658008658009
ssm,cpr,0000010000010,unseen,bit_accuracy,0.8282051282051283
ssm,cpr,0000010000010,unseen,exact_match,0.0
ssm,cpr,0000010000010,unseen,macro_f1,0.07692307692307693
ssm,cpr,0000010000010,unseen,micro_f1,0.4357864357864358
ssm,cpr,0000010000100,seen,bit_accuracy,0.8871794871794871
ssm,cpr,0000010000100,seen,exact_match,0.13333333333333333
ssm,cpr,0000010000100,seen,macro_f1,0.1168091168091168
ssm,cpr,0000010000100,seen,micro_f1,0.6579124579124579
ssm,cpr,0000010000100,unseen,bit_accuracy,0.8205128205128206
ssm,cpr,0000010000100,unseen,exact_match,0.0
ssm,cpr,0000010000100,unseen,macro_f1,0.10225885225885227
ssm,cpr,0000010000100,unseen,micro_f1,0.48290598290598297
ssm,cpr,0000010001000,seen,bit_accuracy,0.7948717948717948
ssm,cpr,0000010001000,seen,exact_match,0.0
ssm,cpr,0000010001000,seen,macro_f1,0.09157509157509158
ssm,cpr,0000010001000,seen,micro_f1,0.45768799102132435
ssm,cpr,0000010001000,unseen,bit_accuracy,0.8000000000000002
ssm,cpr,0000010001000,unseen,exact_match,0.0
ssm,cpr,0000010001000,unseen,macro_f1,0.1047008547008547
ssm,cpr,0000010001000,unseen,micro_f1,0.4911544227886057
ssm,cpr,0000010010000,seen,bit_accuracy,0.8743589743589744
ssm,cpr,0000010010000,seen,exact_match,0.13333333333333333
ssm,cpr,0000010010000,seen,macro_f1,0.1108058608058608
ssm,cpr,0000010010000,seen,micro_f1,0.6256462412068818
ssm,cpr,0000010010000,unseen,bit_accuracy,0.8358974358974359
ssm,cpr,0000010010000,unseen,exact_match,0.13333333333333333
ssm,cpr,0000010010000,unseen,macro_f1,0.09157509157509158
ssm,cpr,0000010010000,unseen,micro_f1,0.5222222222222223
ssm,cpr,0000010100000,seen,bit_accuracy,0.8641025641025641
ssm,cpr,0000010100000,seen,exact_match,0.13333333333333333
ssm,cpr,0000010100000,seen,macro_f1,0.10256410256410257
ssm,cpr,0000010100000,seen,micro_f1,0.5925925925925926
ssm,cpr,0000010100000,unseen,bit_accuracy,0.8205128205128206
ssm,cpr,0000010100000,unseen,exact_match,0.0
ssm,cpr,0000010100000,unseen,macro_f1,0.07692307692307693
ssm,cpr,0000010100000,unseen,micro_f1,0.4753086419753087
ssm,cpr,0000011000000,seen,bit_accuracy,0.8282051282051283
ssm,cpr,0000011000000,seen,exact_match,0.0
ssm,cpr,0000011000000,seen,macro_f1,0.08547008547008546
ssm,cpr,0000011000000,seen,micro_f1,0.5004995004995004
ssm,cpr,0000011000000,unseen,bit_accuracy,0.8256410256410257
ssm,cpr,0000011000000,unseen,exact_match,0.0
ssm,cpr,0000011000000,unseen,macro_f1,0.07692307692307693
ssm,cpr,0000011000000,unseen,micro_f1,0.48620188816267246
ssm,cpr,0000100000000,seen,bit_accuracy,0.9243589743589743
ssm,cpr,0000100000000,seen,exact_match,0.11666666666666665
ssm,cpr,0000100000000,seen,macro_f1,0.07692307692307693
ssm,cpr,0000100000000,seen,micro_f1,0.671957671957672
ssm,cpr,0000100000000,unseen,bit_accuracy,0.8397435897435898
ssm,cpr,0000100000000,unseen,exact_match,0.016666666666666666
ssm,cpr,0000100000000,unseen,macro_f1,0.07692307692307693
ssm,cpr,0000100000000,unseen,micro_f1,0.5041299066615522
ssm,cpr,0000100000001,seen,bit_accuracy,0.858974358974359
ssm,cpr,0000100000001,seen,exact_match,0.06666666666666667
ssm,cpr,0000100000001,seen,macro_f1,0.14245014245014245
ssm,cpr,0000100000001,seen,micro_f1,0.6649099692577953
ssm,cpr,0000100000001,unseen,bit_accuracy,0.8128205128205129
ssm,cpr,0000100000001,unseen,exact_match,0.0
ssm,cpr,0000100000001,unseen,macro_f1,0.07692307692307693
ssm,cpr,0000100000001,unseen,micro_f1,0.45692007797270956
ssm,cpr,0000100000100,seen,bit_accuracy,0.7974358974358974
ssm,cpr,0000100000100,seen,exact_match,0.0
ssm,cpr,0000100000100,seen,macro_f1,0.09971509971509972
ssm,cpr,0000100000100,seen,micro_f1,0.48148148148148145
ssm,cpr,0000100000100,unseen,bit_accuracy,0.8384615384615385
ssm,cpr,0000100000100,unseen,exact_match,0.0
ssm,cpr,0000100000100,unseen,macro_f1,0.07692307692307693
ssm,cpr,0000100000100,unseen,micro_f1,0.4902534113060429
ssm,cpr,0000100001000,seen,bit_accuracy,0.8487179487179487
ssm,cpr,0000100001000,seen,exact_match,0.0
ssm,cpr,0000100001000,seen,macro_f1,0.10256410256410257
ssm,cpr,0000100001000,seen,micro_f1,0.5678733031674209
ssm,cpr,0000100001000,unseen,bit_accuracy,0.8128205128205129
ssm,cpr,0000100001000,unseen,exact_match,0.0
ssm,cpr,0000100001000,unseen,macro_f1,0.08547008547008546
ssm,cpr,0000100001000,unseen,micro_f1,0.4717348927875243
ssm,cpr,0000100010000,seen,bit_accuracy,0.9538461538461539
ssm,cpr,0000100010000,seen,exact_match,0.4000000000000001
ssm,cpr,0000100010000,seen,macro_f1,0.15384615384615385
ssm,cpr,0000100010000,seen,micro_f1,0.8739820565907522
ssm,cpr,0000100010000,unseen,bit_accuracy,0.8871794871794871
ssm,cpr,0000100010000,unseen,exact_match,0.13333333333333333
ssm,cpr,0000100010000,unseen,macro_f1,0.11721611721611723
ssm,cpr,0000100010000,unseen,micro_f1,0.6666666666666666
ssm,cpr,0000100100000,seen,bit_accuracy,0.9487179487179488
ssm,cpr,0000100100000,seen,exact_match,0.3333333333333333
ssm,cpr,0000100100000,seen,macro_f1,0.15384615384615385
ssm,cpr,0000100100000,seen,micro_f1,0.861904761904762
ssm,cpr,0000100100000,unseen,bit_accuracy,0.8538461538461538
ssm,cpr,0000100100000,unseen,exact_match,0.16666666666666666
ssm,cpr,0000100100000,unseen,macro_f1,0.10256410256410257
ssm,cpr,0000100100000,unseen,micro_f1,0.5867003367003366
ssm,cpr,0000101000000,seen,bit_accuracy,0.9794871794871796
ssm,cpr,0000101000000,seen,exact_match,0.7333333333333334
ssm,cpr,0000101000000,seen,macro_f1,0.15384615384615385
ssm,cpr,0000101000000,seen,micro_f1,0.9444444444444445
ssm,cpr,0000101000000,unseen,bit_accuracy,0.9512820512820513
ssm,cpr,0000101000000,unseen,exact_match,0.5333333333333333
ssm,cpr,0000101000000,unseen,macro_f1,0.12820512820512822
ssm,cpr,0000101000000,unseen,micro_f1,0.8268398268398268
ssm,cpr,0001000000000,seen,bit_accuracy,0.9307692307692307
ssm,cpr,0001000000000,seen,exact_match,0.35000000000000003
ssm,cpr,0001000000000,seen,macro_f1,0.07272454640875693
ssm,cpr,0001000000000,seen,micro_f1,0.6891523935002196
ssm,cpr,0001000000000,unseen,bit_accuracy,0.8974358974358975
ssm,cpr,0001000000000,unseen,exact_match,0.016666666666666666
ssm,cpr,0001000000000,unseen,macro_f1,0.07560815253122945
ssm,cpr,0001000000000,unseen,micro_f1,0.5929982585720291
ssm,cpr,0001000000001,seen,bit_accuracy,0.8538461538461538
ssm,cpr,0001000000001,seen,exact_match,0.3333333333333333
ssm,cpr,0001000000001,seen,macro_f1,0.10826210826210825
ssm,cpr,0001000000001,seen,micro_f1,0.6116883116883117
ssm,cpr,0001000000001,unseen,bit_accuracy,0.8205128205128206
ssm,cpr,0001000000001,unseen,exact_match,0.19999999999999998
ssm,cpr,0001000000001,unseen,macro_f1,0.09686609686609686
ssm,cpr,0001000000001,unseen,micro_f1,0.5720182809966091
ssm,cpr,0001000000100,seen,bit_accuracy,0.8307692307692308
ssm,cpr,0001000000100,seen,exact_match,0.06666666666666667
ssm,cpr,0001000000100,seen,macro_f1,0.09615384615384615
ssm,cpr,0001000000100,seen,micro_f1,0.5496137849079026
ssm,cpr,0001000000100,unseen,bit_accuracy,0.7794871794871795
ssm,cpr,0001000000100,unseen,exact_match,0.0
ssm,cpr,0001000000100,unseen,macro_f1,0.07692307692307693
ssm,cpr,0001000000100,unseen,micro_f1,0.42962962962962964
ssm,cpr,0001000001000,seen,bit_accuracy,0.8512820512820513
ssm,cpr,0001000001000,seen,exact_match,0.0
ssm,cpr,0001000001000,seen,macro_f1,0.12820512820512822
ssm,cpr,0001000001000,seen,micro_f1,0.62548945307566
ssm,cpr,0001000001000,unseen,bit_accuracy,0.841025641025641
ssm,cpr,0001000001000,unseen,exact_match,0.0
ssm,cpr,0001000001000,unseen,macro_f1,0.11111111111111112
ssm,cpr,0001000001000,unseen,micro_f1,0.5866114561766735
ssm,cpr,0001000010000,seen,bit_accuracy,0.8846153846153846
ssm,cpr,0001000010000,seen,exact_match,0.06666666666666667
ssm,cpr,0001000010000,seen,macro_f1,0.12535612535612536
ssm,cpr,0001000010000,seen,micro_f1,0.6714285714285714
ssm,cpr,0001000010000,unseen,bit_accuracy,0.8666666666666667
ssm,cpr,0001000010000,unseen,exact_match,0.13333333333333333
ssm,cpr,0001000010000,unseen,macro_f1,0.11721611721611723
ssm,cpr,0001000010000,unseen,micro_f1,0.635357624831309
ssm,cpr,0001000100000,seen,bit_accuracy,0.8897435897435898
ssm,cpr,0001000100000,seen,exact_match,0.26666666666666666
ssm,cpr,0001000100000,seen,macro_f1,0.10826210826210825
ssm,cpr,0001000100000,seen,micro_f1,0.6442265795206972
ssm,cpr,0001000100000,unseen,bit_accuracy,0.8923076923076924
ssm,cpr,0001000100000,unseen,exact_match,0.16666666666666666
ssm,cpr,0001000100000,unseen,macro_f1,0.08547008547008546
ssm,cpr,0001000100000,unseen,micro_f1,0.5972222222222222
ssm,cpr,0001001000000,seen,bit_accuracy,0.9692307692307693
ssm,cpr,0001001000000,seen,exact_match,0.7666666666666666
ssm,cpr,0001001000000,seen,macro_f1,0.1452991452991453
ssm,cpr,0001001000000,seen,micro_f1,0.9007936507936508
ssm,cpr,0001001000000,unseen,bit_accuracy,0.8871794871794871
ssm,cpr,0001001000000,unseen,exact_match,0.20000000000000004
ssm,cpr,0001001000000,unseen,macro_f1,0.10012210012210011
ssm,cpr,0001001000000,unseen,micro_f1,0.6287878787878788
ssm,cpr,0001010000000,seen,bit_accuracy,0.8256410256410257
ssm,cpr,0001010000000,seen,exact_match,0.0
ssm,cpr,0001010000000,seen,macro_f1,0.08872608872608873
ssm,cpr,0001010000000,seen,micro_f1,0.4897248345524208
ssm,cpr,0001010000000,unseen,bit_accuracy,0.7846153846153846
ssm,cpr,0001010000000,unseen,exact_match,0.0
ssm,cpr,0001010000000,unseen,macro_f1,0.05952380952380953
ssm,cpr,0001010000000,unseen,micro_f1,0.3299008390541571
ssm,cpr,0001100000000,seen,bit_accuracy,0.8794871794871795
ssm,cpr,0001100000000,seen,exact_match,0.3333333333333333
ssm,cpr,0001100000000,seen,macro_f1,0.1168091168091168
ssm,cpr,0001100000000,seen,micro_f1,0.6574074074074074
ssm,cpr,0001100000000,unseen,bit_accuracy,0.8358974358974359
ssm,cpr,0001100000000,unseen,exact_match,0.0
ssm,cpr,0001100000000,unseen,macro_f1,0.06196581196581197
ssm,cpr,0001100000000,unseen,micro_f1,0.391812865497076
ssm,cpr,0010000000000,seen,bit_accuracy,0.944871794871795
ssm,cpr,0010000000000,seen,exact_match,0.3333333333333333
ssm,cpr,0010000000000,seen,macro_f1,0.06771860618014464
ssm,cpr,0010000000000,seen,micro_f1,0.6823652537938253
ssm,cpr,0010000000000,unseen,bit_accuracy,0.8692307692307693
ssm,cpr,0010000000000,unseen,exact_match,0.18333333333333335
ssm,cpr,0010000000000,unseen,macro_f1,0.061002178649237467
ssm,cpr,0010000000000,unseen,micro_f1,0.45792221962434726
ssm,cpr,0010000000001,seen,bit_accuracy,0.8974358974358975
ssm,cpr,0010000000001,seen,exact_match,0.3333333333333333
ssm,cpr,0010000000001,seen,macro_f1,0.12820512820512822
ssm,cpr,0010000000001,seen,micro_f1,0.7222222222222222
ssm,cpr,0010000000001,unseen,bit_accuracy,0.7999999999999999
ssm,cpr,0010000000001,unseen,exact_match,0.0
ssm,cpr,0010000000001,unseen,macro_f1,0.07692307692307693
ssm,cpr,0010000000001,unseen,micro_f1,0.43888888888888894
ssm,cpr,0010000000100,seen,bit_accuracy,0.8384615384615385
ssm,cpr,0010000000100,seen,exact_match,0.0
ssm,cpr,0010000000100,seen,macro_f1,0.11721611721611723
ssm,cpr,0010000000100,seen,micro_f1,0.5746934225195095
ssm,cpr,0010000000100,unseen,bit_accuracy,0.7487179487179487
ssm,cpr,0010000000100,unseen,exact_match,0.0
ssm,cpr,0010000000100,unseen,macro_f1,0.07692307692307693
ssm,cpr,0010000000100,unseen,micro_f1,0.38888888888888884
ssm,cpr,0010000001000,seen,bit_accuracy,0.8128205128205129
ssm,cpr,0010000001000,seen,exact_match,0.0
ssm,cpr,0010000001000,seen,macro_f1,0.09157509157509158
ssm,cpr,0010000001000,seen,micro_f1,0.4843800322061192
ssm,cpr,0010000001000,unseen,bit_accuracy,0.7653846153846153
ssm,cpr,0010000001000,unseen,exact_match,0.0
ssm,cpr,0010000001000,unseen,macro_f1,0.07692307692307693
ssm,cpr,0010000001000,unseen,micro_f1,0.39858906525573196
ssm,cpr,0010000010000,seen,bit_accuracy,0.8333333333333334
ssm,cpr,0010000010000,seen,exact_match,0.20000000000000004
ssm,cpr,0010000010000,seen,macro_f1,0.12006512006512006
ssm,cpr,0010000010000,seen,micro_f1,0.6042476042476043
ssm,cpr,0010000010000,unseen,bit_accuracy,0.8051282051282053
ssm,cpr,0010000010000,unseen,exact_match,0.13333333333333333
ssm,cpr,0010000010000,unseen,macro_f1,0.10185185185185186
ssm,cpr,0010000010000,unseen,micro_f1,0.49206349206349204
ssm,cpr,0010000100000,seen,bit_accuracy,0.923076923076923
ssm,cpr,0010000100000,seen,exact_match,0.3
ssm,cpr,0010000100000,seen,macro_f1,0.14102564102564102
ssm,cpr,0010000100000,seen,micro_f1,0.7746031746031745
ssm,cpr,0010000100000,unseen,bit_accuracy,0.8205128205128206
ssm,cpr,0010000100000,unseen,exact_match,0.0
ssm,cpr,0010000100000,unseen,macro_f1,0.1047008547008547
ssm,cpr,0010000100000,unseen,micro_f1,0.5146464646464647
ssm,cpr,0010001000000,seen,bit_accuracy,0.9435897435897437
ssm,cpr,0010001000000,seen,exact_match,0.3333333333333333
ssm,cpr,0010001000000,seen,macro_f1,0.12820512820512822
ssm,cpr,0010001000000,seen,micro_f1,0.8063492063492063
ssm,cpr,0010001000000,unseen,bit_accuracy,0.817948717948718
ssm,cpr,0010001000000,unseen,exact_match,0.0
ssm,cpr,0010001000000,unseen,macro_f1,0.0762108262108262
ssm,cpr,0010001000000,unseen,micro_f1,0.3952380952380952
ssm,cpr,0010010000000,seen,bit_accuracy,0.8487179487179487
ssm,cpr,0010010000000,seen,exact_match,0.06666666666666667
ssm,cpr,0010010000000,seen,macro_f1,0.10866910866910867
ssm,cpr,0010010000000,seen,micro_f1,0.5521885521885522
ssm,cpr,0010010000000,unseen,bit_accuracy,0.7974358974358974
ssm,cpr,0010010000000,unseen,exact_match,0.0
ssm,cpr,0010010000000,unseen,macro_f1,0.08547008547008546
ssm,cpr,0010010000000,unseen,micro_f1,0.4393939393939394
ssm,cpr,0100000000000,seen,bit_accuracy,0.8423076923076923
ssm,cpr,0100000000000,seen,exact_match,0.049999999999999996
ssm,cpr,0100000000000,seen,macro_f1,0.03300913645741232
ssm,cpr,0100000000000,seen,micro_f1,0.25396825396825395
ssm,cpr,0100000000000,unseen,bit_accuracy,0.7961538461538461
ssm,cpr,0100000000000,unseen,exact_match,0.016666666666666666
ssm,cpr,0100000000000,unseen,macro_f1,0.0126984126984127
ssm,cpr,0100000000000,unseen,micro_f1,0.09640522875816993
ssm,cpr,0100000000010,seen,bit_accuracy,0.7923076923076923
ssm,cpr,0100000000010,seen,exact_match,0.0
ssm,cpr,0100000000010,seen,macro_f1,0.10225885225885227
ssm,cpr,0100000000010,seen,micro_f1,0.4523809523809524
ssm,cpr,0100000000010,unseen,bit_accuracy,0.7769230769230769
ssm,cpr,0100000000010,unseen,exact_match,0.06666666666666667
ssm,cpr,0100000000010,unseen,macro_f1,0.0811965811965812
ssm,cpr,0100000000010,unseen,micro_f1,0.3743639291465379
ssm,cpr,0100000000100,seen,bit_accuracy,0.8358974358974359
ssm,cpr,0100000000100,seen,exact_match,0.0
ssm,cpr,0100000000100,seen,macro_f1,0.13644688644688643
ssm,cpr,0100000000100,seen,micro_f1,0.6150258204231217
ssm,cpr,0100000000100,unseen,bit_accuracy,0.8076923076923078
ssm,cpr,0100000000100,unseen,exact_match,0.0
ssm,cpr,0100000000100,unseen,macro_f1,0.10337810337810338
ssm,cpr,0100000000100,unseen,micro_f1,0.49074074074074076
ssm,cpr,0100000001000,seen,bit_accuracy,0.7615384615384615
ssm,cpr,0100000001000,seen,exact_match,0.0
ssm,cpr,0100000001000,seen,macro_f1,0.07407407407407407
ssm,cpr,0100000001000,seen,micro_f1,0.39151515151515154
ssm,cpr,0100000001000,unseen,bit_accuracy,0.7076923076923077
ssm,cpr,0100000001000,unseen,exact_match,0.0
ssm,cpr,0100000001000,unseen,macro_f1,0.05128205128205129
ssm,cpr,0100000001000,unseen,micro_f1,0.25793650793650796
ssm,cpr,0100000010000,seen,bit_accuracy,0.841025641025641
ssm,cpr,0100000010000,seen,exact_match,0.0
ssm,cpr,0100000010000,seen,macro_f1,0.09157509157509158
ssm,cpr,0100000010000,seen,micro_f1,0.5246913580246914
ssm,cpr,0100000010000,unseen,bit_accuracy,0.8282051282051283
ssm,cpr,0100000010000,unseen,exact_match,0.0
ssm,cpr,0100000010000,unseen,macro_f1,0.09971509971509972
ssm,cpr,0100000010000,unseen,micro_f1,0.48872785829307563
ssm,cpr,0100000100000,seen,bit_accuracy,0.9025641025641026
ssm,cpr,0100000100000,seen,exact_match,0.3333333333333333
ssm,cpr,0100000100000,seen,macro_f1,0.10256410256410257
ssm,cpr,0100000100000,seen,micro_f1,0.6944444444444445
ssm,cpr,0100000100000,unseen,bit_accuracy,0.7897435897435897
ssm,cpr,0100000100000,unseen,exact_match,0.0
ssm,cpr,0100000100000,unseen,macro_f1,0.07692307692307693
ssm,cpr,0100000100000,unseen,micro_f1,0.4331243469174504
ssm,cpr,0100001000000,seen,bit_accuracy,0.817948717948718
ssm,cpr,0100001000000,seen,exact_match,0.0
ssm,cpr,0100001000000,seen,macro_f1,0.1108058608058608
ssm,cpr,0100001000000,seen,micro_f1,0.5323123710220484
ssm,cpr,0100001000000,unseen,bit_accuracy,0.8282051282051283
ssm,cpr,0100001000000,unseen,exact_match,0.0
ssm,cpr,0100001000000,unseen,macro_f1,0.07692307692307693
ssm,cpr,0100001000000,unseen,micro_f1,0.48534798534798534
ssm,cpr,0100010000000,seen,bit_accuracy,0.9487179487179488
ssm,cpr,0100010000000,seen,exact_match,0.4666666666666666
ssm,cpr,0100010000000,seen,macro_f1,0.15384615384615385
ssm,cpr,0100010000000,seen,micro_f1,0.8666666666666667
ssm,cpr,0100010000000,unseen,bit_accuracy,0.8794871794871795
ssm,cpr,0100010000000,unseen,exact_match,0.0
ssm,cpr,0100010000000,unseen,macro_f1,0.11894586894586895
ssm,cpr,0100010000000,unseen,micro_f1,0.6438095238095238
ssm,cpr,1000000000000,seen,bit_accuracy,0.8756410256410256
ssm,cpr,1000000000000,seen,exact_match,0.06666666666666667
ssm,cpr,1000000000000,seen,macro_f1,0.015915119363395226
ssm,cpr,1000000000000,seen,micro_f1,0.12244897959183675
ssm,cpr,1000000000000,unseen,bit_accuracy,0.8525641025641025
ssm,cpr,1000000000000,unseen,exact_match,0.0
ssm,cpr,1000000000000,unseen,macro_f1,0.0
ssm,cpr,1000000000000,unseen,micro_f1,0.0
ssm,cpr,1000000000001,seen,bit_accuracy,0.7794871794871795
ssm,cpr,1000000000001,seen,exact_match,0.0
ssm,cpr,1000000000001,seen,macro_f1,0.07905982905982906
ssm,cpr,1000000000001,seen,micro_f1,0.40165631469979296
ssm,cpr,1000000000001,unseen,bit_accuracy,0.7769230769230769
ssm,cpr,1000000000001,unseen,exact_match,0.0
ssm,cpr,1000000000001,unseen,macro_f1,0.057387057387057384
ssm,cpr,1000000000001,unseen,micro_f1,0.28323586744639373
ssm,cpr,1000000000010,seen,bit_accuracy,0.8358974358974359
ssm,cpr,1000000000010,seen,exact_match,0.0
ssm,cpr,1000000000010,seen,macro_f1,0.10256410256410257
ssm,cpr,1000000000010,seen,micro_f1,0.5326432022084195
ssm,cpr,1000000000010,unseen,bit_accuracy,0.7717948717948717
ssm,cpr,1000000000010,unseen,exact_match,0.0
ssm,cpr,1000000000010,unseen,macro_f1,0.06593406593406594
ssm,cpr,1000000000010,unseen,micro_f1,0.343019943019943
ssm,cpr,1000000000100,seen,bit_accuracy,0.8256410256410257
ssm,cpr,1000000000100,seen,exact_match,0.0
ssm,cpr,1000000000100,seen,macro_f1,0.08760683760683761
ssm,cpr,1000000000100,seen,micro_f1,0.47308488612836436
ssm,cpr,1000000000100,unseen,bit_accuracy,0.8025641025641025
ssm,cpr,1000000000100,unseen,exact_match,0.0
ssm,cpr,1000000000100,unseen,macro_f1,0.07407407407407407
ssm,cpr,1000000000100,unseen,micro_f1,0.4299840510366826
ssm,cpr,1000000001000,seen,bit_accuracy,0.7717948717948717
ssm,cpr,1000000001000,seen,exact_match,0.0
ssm,cpr,1000000001000,seen,macro_f1,0.07417582417582418
ssm,cpr,1000000001000,seen,micro_f1,0.32769726247987113
ssm,cpr,1000000001000,unseen,bit_accuracy,0.7666666666666666
ssm,cpr,1000000001000,unseen,exact_match,0.0
ssm,cpr,1000000001000,unseen,macro_f1,0.06807081807081806
ssm,cpr,1000000001000,unseen,micro_f1,0.32666666666666666
ssm,cpr,1000000010000,seen,bit_accuracy,0.8692307692307693
ssm,cpr,1000000010000,seen,exact_match,0.06666666666666667
ssm,cpr,1000000010000,seen,macro_f1,0.09971509971509972
ssm,cpr,1000000010000,seen,micro_f1,0.5963140173666489
ssm,cpr,1000000010000,unseen,bit_accuracy,0.8487179487179487
ssm,cpr,1000000010000,unseen,exact_match,0.06666666666666667
ssm,cpr,1000000010000,unseen,macro_f1,0.09157509157509158
ssm,cpr,1000000010000,unseen,micro_f1,0.5629045876723895
ssm,cpr,1000000100000,seen,bit_accuracy,0.8897435897435898
ssm,cpr,1000000100000,seen,exact_match,0.06666666666666667
ssm,cpr,1000000100000,seen,macro_f1,0.10256410256410257
ssm,cpr,1000000100000,seen,micro_f1,0.6325814536340851
ssm,cpr,1000000100000,unseen,bit_accuracy,0.8358974358974359
ssm,cpr,1000000100000,unseen,exact_match,0.0
ssm,cpr,1000000100000,unseen,macro_f1,0.07692307692307693
ssm,cpr,1000000100000,unseen,micro_f1,0.48484848484848486
ssm,cpr,1000001000000,seen,bit_accuracy,0.9333333333333335
ssm,cpr,1000001000000,seen,exact_match,0.26666666666666666
ssm,cpr,1000001000000,seen,macro_f1,0.09971509971509972
ssm,cpr,1000001000000,seen,micro_f1,0.7340901272789817
ssm,cpr,1000001000000,unseen,bit_accuracy,0.8769230769230769
ssm,cpr,1000001000000,unseen,exact_match,0.0
ssm,cpr,1000001000000,unseen,macro_f1,0.08547008547008546
ssm,cpr,1000001000000,unseen,micro_f1,0.5793650793650794
ssm,cpr,1000010000000,seen,bit_accuracy,0.7589743589743589
ssm,cpr,1000010000000,seen,exact_match,0.0
ssm,cpr,1000010000000,seen,macro_f1,0.10866910866910867
ssm,cpr,1000010000000,seen,micro_f1,0.45543672014260245
ssm,cpr,1000010000000,unseen,bit_accuracy,0.8205128205128206
ssm,cpr,1000010000000,unseen,exact_match,0.0
ssm,cpr,1000010000000,unseen,macro_f1,0.11111111111111112
ssm,cpr,1000010000000,unseen,micro_f1,0.5373737373737374
ssm,cpr,1000100000000,seen,bit_accuracy,0.9487179487179488
ssm,cpr,1000100000000,seen,exact_match,0.3333333333333333
ssm,cpr,1000100000000,seen,macro_f1,0.12820512820512822
ssm,cpr,1000100000000,seen,micro_f1,0.8222222222222223
ssm,cpr,1000100000000,unseen,bit_accuracy,0.9179487179487179
ssm,cpr,1000100000000,unseen,exact_match,0.43333333333333335
ssm,cpr,1000100000000,unseen,macro_f1,0.12535612535612536
ssm,cpr,1000100000000,unseen,micro_f1,0.7491228070175439
ssm,cpr,1001000000000,seen,bit_accuracy,0.9102564102564102
ssm,cpr,1001000000000,seen,exact_match,0.3333333333333333
ssm,cpr,1001000000000,seen,macro_f1,0.10256410256410257
ssm,cpr,1001000000000,seen,micro_f1,0.7037037037037037
ssm,cpr,1001000000000,unseen,bit_accuracy,0.9205128205128205
ssm,cpr,1001000000000,unseen,exact_match,0.4666666666666666
ssm,cpr,1001000000000,unseen,macro_f1,0.12250712250712249
ssm,cpr,1001000000000,unseen,micro_f1,0.7639376218323587
stgcn,cpr,0000000000001,seen,bit_accuracy,0.7000000000000001
stgcn,cpr,0000000000001,seen,exact_match,0.0
stgcn,cpr,0000000000001,seen,macro_f1,0.0
stgcn,cpr,0000000000001,seen,micro_f1,0.0
stgcn,cpr,0000000000001,unseen,bit_accuracy,0.6987179487179488
stgcn,cpr,0000000000001,unseen,exact_match,0.0
stgcn,cpr,0000000000001,unseen,macro_f1,0.0
stgcn,cpr,0000000000001,unseen,micro_f1,0.0
stgcn,cpr,0000000000010,seen,bit_accuracy,0.8346153846153846
stgcn,cpr,0000000000010,seen,exact_match,0.0
stgcn,cpr,0000000000010,seen,macro_f1,0.07692307692307693
stgcn,cpr,0000000000010,seen,micro_f1,0.5102880658436214
stgcn,cpr,0000000000010,unseen,bit_accuracy,0.7576923076923077
stgcn,cpr,0000000000010,unseen,exact_match,0.0
stgcn,cpr,0000000000010,unseen,macro_f1,0.040293040293040296
stgcn,cpr,0000000000010,unseen,micro_f1,0.2479423868312757
stgcn,cpr,0000000000100,seen,bit_accuracy,0.6717948717948717
stgcn,cpr,0000000000100,seen,exact_match,0.0
stgcn,cpr,0000000000100,seen,macro_f1,0.02197802197802198
stgcn,cpr,0000000000100,seen,micro_f1,0.10416666666666667
stgcn,cpr,0000000000100,unseen,bit_accuracy,0.7628205128205128
stgcn,cpr,0000000000100,unseen,exact_match,0.0
stgcn,cpr,0000000000100,unseen,macro_f1,0.010256410256410256
stgcn,cpr,0000000000100,unseen,micro_f1,0.050505050505050504
stgcn,cpr,0000000001000,seen,bit_accuracy,0.8628205128205129
stgcn,cpr,0000000001000,seen,exact_match,0.0
stgcn,cpr,0000000001000,seen,macro_f1,0.025641025641025644
stgcn,cpr,0000000001000,seen,micro_f1,0.2222222222222222
stgcn,cpr,0000000001000,unseen,bit_accuracy,0.8294871794871795
stgcn,cpr,0000000001000,unseen,exact_match,0.0
stgcn,cpr,0000000001000,unseen,macro_f1,0.0
stgcn,cpr,0000000001000,unseen,micro_f1,0.0
stgcn,cpr,0000000001001,seen,bit_accuracy,0.5897435897435898
stgcn,cpr,0000000001001,seen,exact_match,0.0
stgcn,cpr,0000000001001,seen,macro_f1,0.07692307692307693
stgcn,cpr,0000000001001,seen,micro_f1,0.28160919540229884
stgcn,cpr,0000000001001,unseen,bit_accuracy,0.558974358974359
stgcn,cpr,0000000001001,unseen,exact_match,0.0
stgcn,cpr,0000000001001,unseen,macro_f1,0.07692307692307693
stgcn,cpr,0000000001001,unseen,micro_f1,0.26648599819331525
stgcn,cpr,0000000001010,seen,bit_accuracy,0.8205128205128206
stgcn,cpr,0000000001010,seen,exact_match,0.0
stgcn,cpr,0000000001010,seen,macro_f1,0.12820512820512822
stgcn,cpr,0000000001010,seen,micro_f1,0.583774250440917
stgcn,cpr,0000000001010,unseen,bit_accuracy,0.7589743589743589
stgcn,cpr,0000000001010,unseen,exact_match,0.13333333333333333
stgcn,cpr,0000000001010,unseen,macro_f1,0.12820512820512822
stgcn,cpr,0000000001010,unseen,micro_f1,0.544973544973545
stgcn,cpr,0000000001100,seen,bit_accuracy,0.717948717948718
stgcn,cpr,0000000001100,seen,exact_match,0.0
stgcn,cpr,0000000001100,seen,macro_f1,0.13146113146113145
stgcn,cpr,0000000001100,seen,micro_f1,0.46336996336996333
stgcn,cpr,0000000001100,unseen,bit_accuracy,0.6923076923076924
stgcn,cpr,0000000001100,unseen,exact_match,0.0
stgcn,cpr,0000000001100,unseen,macro_f1,0.1047008547008547
stgcn,cpr,0000000001100,unseen,micro_f1,0.3893405600722674
stgcn,cpr,0000000010000,seen,bit_accuracy,0.7679487179487179
stgcn,cpr,0000000010000,seen,exact_match,0.0
stgcn,cpr,0000000010000,seen,macro_f1,0.0
stgcn,cpr,0000000010000,seen,micro_f1,0.0
stgcn,cpr,0000000010000,unseen,bit_accuracy,0.7192307692307692
stgcn,cpr,0000000010000,unseen,exact_match,0.0
stgcn,cpr,0000000010000,unseen,macro_f1,0.0
stgcn,cpr,0000000010000,unseen,micro_f1,0.0
stgcn,cpr,0000000010100,seen,bit_accuracy,0.6102564102564103
stgcn,cpr,0000000010100,seen,exact_match,0.0
stgcn,cpr,0000000010100,seen,macro_f1,0.025641025641025644
stgcn,cpr,0000000010100,seen,micro_f1,0.1111111111111111
stgcn,cpr,0000000010100,unseen,bit_accuracy,0.6153846153846154
stgcn,cpr,0000000010100,unseen,exact_match,0.0
stgcn,cpr,0000000010100,unseen,macro_f1,0.025641025641025644
stgcn,cpr,0000000010100,unseen,micro_f1,0.1111111111111111
stgcn,cpr,0000000011000,seen,bit_accuracy,0.7333333333333334
stgcn,cpr,0000000011000,seen,exact_match,0.0
stgcn,cpr,0000000011000,seen,macro_f1,0.07692307692307693
stgcn,cpr,0000000011000,seen,micro_f1,0.38972431077694236
stgcn,cpr,0000000011000,unseen,bit_accuracy,0.7333333333333334
stgcn,cpr,0000000011000,unseen,exact_match,0.0
stgcn,cpr,0000000011000,unseen,macro_f1,0.07692307692307693
stgcn,cpr,0000000011000,unseen,micro_f1,0.4024276377217553
stgcn,cpr,0000000100000,seen,bit_accuracy,0.9205128205128205
stgcn,cpr,0000000100000,seen,exact_match,0.3
stgcn,cpr,0000000100000,seen,macro_f1,0.07692307692307693
stgcn,cpr,0000000100000,seen,micro_f1,0.7063492063492064
stgcn,cpr,0000000100000,unseen,bit_accuracy,0.7923076923076923
stgcn,cpr,0000000100000,unseen,exact_match,0.0
stgcn,cpr,0000000100000,unseen,macro_f1,0.07692307692307693
stgcn,cpr,0000000100000,unseen,micro_f1,0.4769585253456221
stgcn,cpr,0000000100001,seen,bit_accuracy,0.8025641025641025
stgcn,cpr,0000000100001,seen,exact_match,0.0
stgcn,cpr,0000000100001,seen,macro_f1,0.07692307692307693
stgcn,cpr,0000000100001,seen,micro_f1,0.4466089466089466
stgcn,cpr,0000000100001,unseen,bit_accuracy,0.7128205128205128
stgcn,cpr,0000000100001,unseen,exact_match,0.0
stgcn,cpr,0000000100001,unseen,macro_f1,0.07692307692307693
stgcn,cpr,0000000100001,unseen,micro_f1,0.38935574229691877
stgcn,cpr,0000000100010,seen,bit_accuracy,0.7923076923076923
stgcn,cpr,0000000100010,seen,exact_match,0.0
stgcn,cpr,0000000100010,seen,macro_f1,0.07692307692307693
stgcn,cpr,0000000100010,seen,micro_f1,0.45441595441595445
stgcn,cpr,0000000100010,unseen,bit_accuracy,0.8205128205128206
stgcn,cpr,0000000100010,unseen,exact_match,0.0
stgcn,cpr,0000000100010,unseen,macro_f1,0.07692307692307693
stgcn,cpr,0000000100010,unseen,micro_f1,0.48055555555555557
stgcn,cpr,0000000100100,seen,bit_accuracy,0.7923076923076923
stgcn,cpr,0000000100100,seen,exact_match,0.0
stgcn,cpr,0000000100100,seen,macro_f1,0.07692307692307693
stgcn,cpr,0000000100100,seen,micro_f1,0.43280632411067194
stgcn,cpr,0000000100100,unseen,bit_accuracy,0.7794871794871795
stgcn,cpr,0000000100100,unseen,exact_match,0.0
stgcn,cpr,0000000100100,unseen,macro_f1,0.07692307692307693
stgcn,cpr,0000000100100,unseen,micro_f1,0.4523809523809524
stgcn,cpr,0000000101000,seen,bit_accuracy,0.8230769230769232
stgcn,cpr,0000000101000,seen,exact_match,0.0
stgcn,cpr,0000000101000,seen,macro_f1,0.10256410256410257
stgcn,cpr,0000000101000,seen,micro_f1,0.5345399698340875
stgcn,cpr,0000000101000,unseen,bit_accuracy,0.8282051282051283
stgcn,cpr,0000000101000,unseen,exact_match,0.0
stgcn,cpr,0000000101000,unseen,macro_f1,0.07692307692307693
stgcn,cpr,0000000101000,unseen,micro_f1,0.49621212121212127
stgcn,cpr,0000000110000,seen,bit_accuracy,0.8256410256410257
stgcn,cpr,0000000110000,seen,exact_match,0.0
stgcn,cpr,0000000110000,seen,macro_f1,0.10256410256410257
stgcn,cpr,0000000110000,seen,micro_f1,0.5632183908045977
stgcn,cpr,0000000110000,unseen,bit_accuracy,0.6923076923076924
stgcn,cpr,0000000110000,unseen,exact_match,0.0
stgcn,cpr,0000000110000,unseen,macro_f1,0.07692307692307693
stgcn,cpr,0000000110000,unseen,micro_f1,0.33838575217885564
stgcn,cpr,0000001000000,seen,bit_accuracy,0.7999999999999999
stgcn,cpr,0000001000000,seen,exact_match,0.0
stgcn,cpr,0000001000000,seen,macro_f1,0.07692307692307693
stgcn,cpr,0000001000000,seen,micro_f1,0.4462273570104122
stgcn,cpr,0000001000000,unseen,bit_accuracy,0.8782051282051282
stgcn,cpr,0000001000000,unseen,exact_match,0.11666666666666665
stgcn,cpr,0000001000000,unseen,macro_f1,0.07692307692307693
stgcn,cpr,0000001000000,unseen,micro_f1,0.5654260818195245
stgcn,cpr,0000001000001,seen,bit_accuracy,0.6358974358974359
stgcn,cpr,0000001000001,seen,exact_match,0.0
stgcn,cpr,0000001000001,seen,macro_f1,0.07692307692307693
stgcn,cpr,0000001000001,seen,micro_f1,0.2992404168874757
stgcn,cpr,0000001000001,unseen,bit_accuracy,0.6717948717948717
stgcn,cpr,0000001000001,unseen,exact_match,0.0
stgcn,cpr,0000001000001,unseen,macro_f1,0.07692307692307693
stgcn,cpr,0000001000001,unseen,micro_f1,0.3266106442577031
stgcn,cpr,0000001000010,seen,bit_accuracy,0.9256410256410256
stgcn,cpr,0000001000010,seen,exact_match,0.5333333333333333
stgcn,cpr,0000001000010,seen,macro_f1,0.15384615384615385
stgcn,cpr,0000001000010,seen,micro_f1,0.8400488400488401
stgcn,cpr,0000001000010,unseen,bit_accuracy,0.8128205128205129
stgcn,cpr,0000001000010,unseen,exact_match,0.0
stgcn,cpr,0000001000010,unseen,macro_f1,0.1217948717948718
stgcn,cpr,0000001000010,unseen,micro_f1,0.5864174140036209
stgcn,cpr,0000001000100,seen,bit_accuracy,0.7230769230769232
stgcn,cpr,0000001000100,seen,exact_match,0.0
stgcn,cpr,0000001000100,seen,macro_f1,0.07692307692307693
stgcn,cpr,0000001000100,seen,micro_f1,0.36356552906342526
stgcn,cpr,0000001000100,unseen,bit_accuracy,0.6615384615384615
stgcn,cpr,0000001000100,unseen,exact_match,0.0
stgcn,cpr,0000001000100,unseen,macro_f1,0.07692307692307693
stgcn,cpr,0000001000100,unseen,micro_f1,0.32264957264957267
stgcn,cpr,0000001001000,seen,bit_accuracy,0.841025641025641
stgcn,cpr,0000001001000,seen,exact_match,0.0
stgcn,cpr,0000001001000,seen,macro_f1,0.11721611721611723
stgcn,cpr,0000001001000,seen,micro_f1,0.5753968253968255
stgcn,cpr,0000001001000,unseen,bit_accuracy,0.7692307692307692
stgcn,cpr,0000001001000,unseen,exact_match,0.0
stgcn,cpr,0000001001000,unseen,macro_f1,0.07692307692307693
stgcn,cpr,0000001001000,unseen,micro_f1,0.41111111111111115
stgcn,cpr,0000001010000,seen,bit_accuracy,0.7999999999999999
stgcn,cpr,0000001010000,seen,exact_match,0.0
stgcn,cpr,0000001010000,seen,macro_f1,0.07692307692307693
stgcn,cpr,0000001010000,seen,micro_f1,0.43888888888888894
stgcn,cpr,0000001010000,unseen,bit_accuracy,0.7384615384615385
stgcn,cpr,0000001010000,unseen,exact_match,0.0
stgcn,cpr,0000001010000,unseen,macro_f1,0.07692307692307693
stgcn,cpr,0000001010000,unseen,micro_f1,0.38730158730158726
stgcn,cpr,0000010000000,seen,bit_accuracy,0.7282051282051283
stgcn,cpr,0000010000000,seen,exact_match,0.0
stgcn,cpr,0000010000000,seen,macro_f1,0.03821015585721468
stgcn,cpr,0000010000000,seen,micro_f1,0.1711188540456833
stgcn,cpr,0000010000000,unseen,bit_accuracy,0.7333333333333334
stgcn,cpr,0000010000000,unseen,exact_match,0.0
stgcn,cpr,0000010000000,unseen,macro_f1,0.025641025641025644
stgcn,cpr,0000010000000,unseen,micro_f1,0.11654263339656597
stgcn,cpr,0000010000010,seen,bit_accuracy,0.8358974358974359
stgcn,cpr,0000010000010,seen,exact_match,0.06666666666666667
stgcn,cpr,0000010000010,seen,macro_f1,0.10256410256410257
stgcn,cpr,0000010000010,seen,micro_f1,0.5567204301075269
stgcn,cpr,0000010000010,unseen,bit_accuracy,0.782051282051282
stgcn,cpr,0000010000010,unseen,exact_match,0.0
stgcn,cpr,0000010000010,unseen,macro_f1,0.12535612535612536
stgcn,cpr,0000010000010,unseen,micro_f1,0.525984870812457
stgcn,cpr,0000010000100,seen,bit_accuracy,0.7230769230769232
stgcn,cpr,0000010000100,seen,exact_match,0.0
stgcn,cpr,0000010000100,seen,macro_f1,0.11538461538461538
stgcn,cpr,0000010000100,seen,micro_f1,0.4458128078817734
stgcn,cpr,0000010000100,unseen,bit_accuracy,0.7128205128205128
stgcn,cpr,0000010000100,unseen,exact_match,0.0
stgcn,cpr,0000010000100,unseen,macro_f1,0.10256410256410257
stgcn,cpr,0000010000100,unseen,micro_f1,0.4185139573070608
stgcn,cpr,0000010001000,seen,bit_accuracy,0.735897435897436
stgcn,cpr,0000010001000,seen,exact_match,0.0
stgcn,cpr,0000010001000,seen,macro_f1,0.08547008547008546
stgcn,cpr,0000010001000,seen,micro_f1,0.3861693861693862
stgcn,cpr,0000010001000,unseen,bit_accuracy,0.7076923076923077
stgcn,cpr,0000010001000,unseen,exact_match,0.0
stgcn,cpr,0000010001000,unseen,macro_f1,0.08760683760683761
stgcn,cpr,0000010001000,unseen,micro_f1,0.3523809523809524
stgcn,cpr,0000010010000,seen,bit_accuracy,0.6897435897435896
stgcn,cpr,0000010010000,seen,exact_match,0.0
stgcn,cpr,0000010010000,seen,macro_f1,0.05128205128205129
stgcn,cpr,0000010010000,seen,micro_f1,0.2446153846153846
stgcn,cpr,0000010010000,unseen,bit_accuracy,0.7230769230769232
stgcn,cpr,0000010010000,unseen,exact_match,0.0
stgcn,cpr,0000010010000,unseen,macro_f1,0.04273504273504273
stgcn,cpr,0000010010000,unseen,micro_f1,0.20048309178743962
stgcn,cpr,0000010100000,seen,bit_accuracy,0.7871794871794872
stgcn,cpr,0000010100000,seen,exact_match,0.0
stgcn,cpr,0000010100000,seen,macro_f1,0.10256410256410257
stgcn,cpr,0000010100000,seen,micro_f1,0.4776556776556777
stgcn,cpr,0000010100000,unseen,bit_accuracy,0.7692307692307692
stgcn,cpr,0000010100000,unseen,exact_match,0.0
stgcn,cpr,0000010100000,unseen,macro_f1,0.07692307692307693
stgcn,cpr,0000010100000,unseen,micro_f1,0.41111111111111115
stgcn,cpr,0000011000000,seen,bit_accuracy,0.7871794871794872
stgcn,cpr,0000011000000,seen,exact_match,0.0
stgcn,cpr,0000011000000,seen,macro_f1,0.10256410256410257
stgcn,cpr,0000011000000,seen,micro_f1,0.4808080808080808
stgcn,cpr,0000011000000,unseen,bit_accuracy,0.7666666666666666
stgcn,cpr,0000011000000,unseen,exact_match,0.0
stgcn,cpr,0000011000000,unseen,macro_f1,0.10256410256410257
stgcn,cpr,0000011000000,unseen,micro_f1,0.45749805749805744
stgcn,cpr,0000100000000,seen,bit_accuracy,0.5346153846153846
stgcn,cpr,0000100000000,seen,exact_match,0.0
stgcn,cpr,0000100000000,seen,macro_f1,0.0
stgcn,cpr,0000100000000,seen,micro_f1,0.0
stgcn,cpr,0000100000000,unseen,bit_accuracy,0.5897435897435898
stgcn,cpr,0000100000000,unseen,exact_match,0.0
stgcn,cpr,0000100000000,unseen,macro_f1,0.0
stgcn,cpr,0000100000000,unseen,micro_f1,0.0
stgcn,cpr,0000100000001,seen,bit_accuracy,0.5102564102564102
stgcn,cpr,0000100000001,seen,exact_match,0.0
stgcn,cpr,0000100000001,seen,macro_f1,0.025641025641025644
stgcn,cpr,0000100000001,seen,micro_f1,0.08130081300813008
stgcn,cpr,0000100000001,unseen,bit_accuracy,0.46666666666666673
stgcn,cpr,0000100000001,unseen,exact_match,0.0
stgcn,cpr,0000100000001,unseen,macro_f1,0.025641025641025644
stgcn,cpr,0000100000001,unseen,micro_f1,0.07407407407407407
stgcn,cpr,0000100000100,seen,bit_accuracy,0.6410256410256411
stgcn,cpr,0000100000100,seen,exact_match,0.0
stgcn,cpr,0000100000100,seen,macro_f1,0.07692307692307693
stgcn,cpr,0000100000100,seen,micro_f1,0.3119047619047619
stgcn,cpr,0000100000100,unseen,bit_accuracy,0.6717948717948717
stgcn,cpr,0000100000100,unseen,exact_match,0.0
stgcn,cpr,0000100000100,unseen,macro_f1,0.07407407407407407
stgcn,cpr,0000100000100,unseen,micro_f1,0.3062678062678063
stgcn,cpr,0000100001000,seen,bit_accuracy,0.6358974358974359
stgcn,cpr,0000100001000,seen,exact_match,0.0
stgcn,cpr,0000100001000,seen,macro_f1,0.07407407407407407
stgcn,cpr,0000100001000,seen,micro_f1,0.2863984674329502
stgcn,cpr,0000100001000,unseen,bit_accuracy,0.6461538461538462
stgcn,cpr,0000100001000,unseen,exact_match,0.0
stgcn,cpr,0000100001000,unseen,macro_f1,0.07692307692307693
stgcn,cpr,0000100001000,unseen,micro_f1,0.30438842203548083
stgcn,cpr,0000100010000,seen,bit_accuracy,0.4615384615384615
stgcn,cpr,0000100010000,seen,exact_match,0.0
stgcn,cpr,0000100010000,seen,macro_f1,0.0
stgcn,cpr,0000100010000,seen,micro_f1,0.0
stgcn,cpr,0000100010000,unseen,bit_accuracy,0.4794871794871795
stgcn,cpr,0000100010000,unseen,exact_match,0.0
stgcn,cpr,0000100010000,unseen,macro_f1,0.0
stgcn,cpr,0000100010000,unseen,micro_f1,0.0
stgcn,cpr,0000100100000,seen,bit_accuracy,0.8128205128205129
stgcn,cpr,0000100100000,seen,exact_match,0.0
stgcn,cpr,0000100100000,seen,macro_f1,0.07692307692307693
stgcn,cpr,0000100100000,seen,micro_f1,0.4537037037037037
stgcn,cpr,0000100100000,unseen,bit_accuracy,0.8230769230769232
stgcn,cpr,0000100100000,unseen,exact_match,0.0
stgcn,cpr,0000100100000,unseen,macro_f1,0.07692307692307693
stgcn,cpr,0000100100000,unseen,micro_f1,0.4663299663299663
stgcn,cpr,0000101000000,seen,bit_accuracy,0.6205128205128205
stgcn,cpr,0000101000000,seen,exact_match,0.0
stgcn,cpr,0000101000000,seen,macro_f1,0.07692307692307693
stgcn,cpr,0000101000000,seen,micro_f1,0.2904842752041394
stgcn,cpr,0000101000000,unseen,bit_accuracy,0.6076923076923078
stgcn,cpr,0000101000000,unseen,exact_match,0.0
stgcn,cpr,0000101000000,unseen,macro_f1,0.07692307692307693
stgcn,cpr,0000101000000,unseen,micro_f1,0.28327228327228327
stgcn,cpr,0001000000000,seen,bit_accuracy,0.8038461538461538
stgcn,cpr,0001000000000,seen,exact_match,0.03333333333333333
stgcn,cpr,0001000000000,seen,macro_f1,0.049942888652566075
stgcn,cpr,0001000000000,seen,micro_f1,0.2968944099378882
stgcn,cpr,0001000000000,unseen,bit_accuracy,0.7320512820512821
stgcn,cpr,0001000000000,unseen,exact_match,0.0
stgcn,cpr,0001000000000,unseen,macro_f1,0.05982905982905983
stgcn,cpr,0001000000000,unseen,micro_f1,0.27992009543372226
stgcn,cpr,0001000000001,seen,bit_accuracy,0.6641025641025641
stgcn,cpr,0001000000001,seen,exact_match,0.0
stgcn,cpr,0001000000001,seen,macro_f1,0.04843304843304843
stgcn,cpr,0001000000001,seen,micro_f1,0.18414918414918416
stgcn,cpr,0001000000001,unseen,bit_accuracy,0.6333333333333333
stgcn,cpr,0001000000001,unseen,exact_match,0.0
stgcn,cpr,0001000000001,unseen,macro_f1,0.034188034188034185
stgcn,cpr,0001000000001,unseen,micro_f1,0.11241446725317694
stgcn,cpr,0001000000100,seen,bit_accuracy,0.6974358974358975
stgcn,cpr,0001000000100,seen,exact_match,0.0
stgcn,cpr,0001000000100,seen,macro_f1,0.040293040293040296
stgcn,cpr,0001000000100,seen,micro_f1,0.18881118881118883
stgcn,cpr,0001000000100,unseen,bit_accuracy,0.6256410256410256
stgcn,cpr,0001000000100,unseen,exact_match,0.0
stgcn,cpr,0001000000100,unseen,macro_f1,0.034188034188034185
stgcn,cpr,0001000000100,unseen,micro_f1,0.12978524743230627
stgcn,cpr,0001000001000,seen,bit_accuracy,0.7628205128205128
stgcn,cpr,0001000001000,seen,exact_match,0.0
stgcn,cpr,0001000001000,seen,macro_f1,0.12136752136752137
stgcn,cpr,0001000001000,seen,micro_f1,0.47702589807852963
stgcn,cpr,0001000001000,unseen,bit_accuracy,0.826923076923077
stgcn,cpr,0001000001000,unseen,exact_match,0.0
stgcn,cpr,0001000001000,unseen,macro_f1,0.15384615384615385
stgcn,cpr,0001000001000,unseen,micro_f1,0.653968253968254
stgcn,cpr,0001000010000,seen,bit_accuracy,0.7384615384615385
stgcn,cpr,0001000010000,seen,exact_match,0.0
stgcn,cpr,0001000010000,seen,macro_f1,0.05128205128205129
stgcn,cpr,0001000010000,seen,micro_f1,0.26153846153846155
stgcn,cpr,0001000010000,unseen,bit_accuracy,0.717948717948718
stgcn,cpr,0001000010000,unseen,exact_match,0.0
stgcn,cpr,0001000010000,unseen,macro_f1,0.05698005698005698
stgcn,cpr,0001000010000,unseen,micro_f1,0.24444444444444446
stgcn,cpr,0001000100000,seen,bit_accuracy,0.9025641025641026
stgcn,cpr,0001000100000,seen,exact_match,0.3333333333333333
stgcn,cpr,0001000100000,seen,macro_f1,0.09971509971509972
stgcn,cpr,0001000100000,seen,micro_f1,0.6568627450980392
stgcn,cpr,0001000100000,unseen,bit_accuracy,0.8128205128205129
stgcn,cpr,0001000100000,unseen,exact_match,0.0
stgcn,cpr,0001000100000,unseen,macro_f1,0.05128205128205129
stgcn,cpr,0001000100000,unseen,micro_f1,0.31729055258467026
stgcn,cpr,0001001000000,seen,bit_accuracy,0.8205128205128206
stgcn,cpr,0001001000000,seen,exact_match,0.0
stgcn,cpr,0001001000000,seen,macro_f1,0.1168091168091168
stgcn,cpr,0001001000000,seen,micro_f1,0.5651515151515151
stgcn,cpr,0001001000000,unseen,bit_accuracy,0.7435897435897436
stgcn,cpr,0001001000000,unseen,exact_match,0.0
stgcn,cpr,0001001000000,unseen,macro_f1,0.07407407407407407
stgcn,cpr,0001001000000,unseen,micro_f1,0.33968253968253964
stgcn,cpr,0001010000000,seen,bit_accuracy,0.6666666666666666
stgcn,cpr,0001010000000,seen,exact_match,0.0
stgcn,cpr,0001010000000,seen,macro_f1,0.019230769230769232
stgcn,cpr,0001010000000,seen,micro_f1,0.08
stgcn,cpr,0001010000000,unseen,bit_accuracy,0.5948717948717949
stgcn,cpr,0001010000000,unseen,exact_match,0.0
stgcn,cpr,0001010000000,unseen,macro_f1,0.0
stgcn,cpr,0001010000000,unseen,micro_f1,0.0
stgcn,cpr,0001100000000,seen,bit_accuracy,0.5564102564102563
stgcn,cpr,0001100000000,seen,exact_match,0.0
stgcn,cpr,0001100000000,seen,macro_f1,0.034188034188034185
stgcn,cpr,0001100000000,seen,micro_f1,0.10792131844763424
stgcn,cpr,0001100000000,unseen,bit_accuracy,0.6333333333333333
stgcn,cpr,0001100000000,unseen,exact_match,0.0
stgcn,cpr,0001100000000,unseen,macro_f1,0.04487179487179488
stgcn,cpr,0001100000000,unseen,micro_f1,0.16351010101010102
stgcn,cpr,0010000000000,seen,bit_accuracy,0.6256410256410256
stgcn,cpr,0010000000000,seen,exact_match,0.0
stgcn,cpr,0010000000000,seen,macro_f1,0.0
stgcn,cpr,0010000000000,seen,micro_f1,0.0
stgcn,cpr,0010000000000,unseen,bit_accuracy,0.6333333333333333
stgcn,cpr,0010000000000,unseen,exact_match,0.0
stgcn,cpr,0010000000000,unseen,macro_f1,0.0
stgcn,cpr,0010000000000,unseen,micro_f1,0.0
stgcn,cpr,0010000000001,seen,bit_accuracy,0.4871794871794872
stgcn,cpr,0010000000001,seen,exact_match,0.0
stgcn,cpr,0010000000001,seen,macro_f1,0.01465201465201465
stgcn,cpr,0010000000001,seen,micro_f1,0.036036036036036036
stgcn,cpr,0010000000001,unseen,bit_accuracy,0.5
stgcn,cpr,0010000000001,unseen,exact_match,0.0
stgcn,cpr,0010000000001,unseen,macro_f1,0.008547008547008546
stgcn,cpr,0010000000001,unseen,micro_f1,0.020202020202020204
stgcn,cpr,0010000000100,seen,bit_accuracy,0.6205128205128205
stgcn,cpr,0010000000100,seen,exact_match,0.0
stgcn,cpr,0010000000100,seen,macro_f1,0.07051282051282053
stgcn,cpr,0010000000100,seen,micro_f1,0.26133040935672514
stgcn,cpr,0010000000100,unseen,bit_accuracy,0.6025641025641025
stgcn,cpr,0010000000100,unseen,exact_match,0.0
stgcn,cpr,0010000000100,unseen,macro_f1,0.06593406593406594
stgcn,cpr,0010000000100,unseen,micro_f1,0.23148396319128026
stgcn,cpr,0010000001000,seen,bit_accuracy,0.6794871794871794
stgcn,cpr,0010000001000,seen,exact_match,0.0
stgcn,cpr,0010000001000,seen,macro_f1,0.07692307692307693
stgcn,cpr,0010000001000,seen,micro_f1,0.32756132756132755
stgcn,cpr,0010000001000,unseen,bit_accuracy,0.694871794871795
stgcn,cpr,0010000001000,unseen,exact_match,0.0
stgcn,cpr,0010000001000,unseen,macro_f1,0.07692307692307693
stgcn,cpr,0010000001000,unseen,micro_f1,0.34006410256410263
stgcn,cpr,0010000010000,seen,bit_accuracy,0.617948717948718
stgcn,cpr,0010000010000,seen,exact_match,0.0
stgcn,cpr,0010000010000,seen,macro_f1,0.008547008547008546
stgcn,cpr,0010000010000,seen,micro_f1,0.03508771929824561
stgcn,cpr,0010000010000,unseen,bit_accuracy,0.6564102564102564
stgcn,cpr,0010000010000,unseen,exact_match,0.0
stgcn,cpr,0010000010000,unseen,macro_f1,0.019230769230769232
stgcn,cpr,0010000010000,unseen,micro_f1,0.08333333333333333
stgcn,cpr,0010000100000,seen,bit_accuracy,0.6897435897435896
stgcn,cpr,0010000100000,seen,exact_match,0.0
stgcn,cpr,0010000100000,seen,macro_f1,0.06552706552706553
stgcn,cpr,0010000100000,seen,micro_f1,0.2874367012298047
stgcn,cpr,0010000100000,unseen,bit_accuracy,0.7410256410256411
stgcn,cpr,0010000100000,unseen,exact_match,0.0
stgcn,cpr,0010000100000,unseen,macro_f1,0.06837606837606837
stgcn,cpr,0010000100000,unseen,micro_f1,0.33886693017127795
stgcn,cpr,0010001000000,seen,bit_accuracy,0.635897435897436
stgcn,cpr,0010001000000,seen,exact_match,0.0
stgcn,cpr,0010001000000,seen,macro_f1,0.06837606837606837
stgcn,cpr,0010001000000,seen,micro_f1,0.26058817438127785
stgcn,cpr,0010001000000,unseen,bit_accuracy,0.6564102564102564
stgcn,cpr,0010001000000,unseen,exact_match,0.0
stgcn,cpr,0010001000000,unseen,macro_f1,0.06552706552706553
stgcn,cpr,0010001000000,unseen,micro_f1,0.2577863577863578
stgcn,cpr,0010010000000,seen,bit_accuracy,0.5846153846153846
stgcn,cpr,0010010000000,seen,exact_match,0.0
stgcn,cpr,0010010000000,seen,macro_f1,0.05128205128205129
stgcn,cpr,0010010000000,seen,micro_f1,0.16715102198973164
stgcn,cpr,0010010000000,unseen,bit_accuracy,0.5641025641025642
stgcn,cpr,0010010000000,unseen,exact_match,0.0
stgcn,cpr,0010010000000,unseen,macro_f1,0.06308506308506308
stgcn,cpr,0010010000000,unseen,micro_f1,0.20540540540540542
stgcn,cpr,0100000000000,seen,bit_accuracy,0.7974358974358974
stgcn,cpr,0100000000000,seen,exact_match,0.0
stgcn,cpr,0100000000000,seen,macro_f1,0.025641025641025644
stgcn,cpr,0100000000000,seen,micro_f1,0.19047619047619047
stgcn,cpr,0100000000000,unseen,bit_accuracy,0.7128205128205128
stgcn,cpr,0100000000000,unseen,exact_match,0.0
stgcn,cpr,0100000000000,unseen,macro_f1,0.0
stgcn,cpr,0100000000000,unseen,micro_f1,0.0
stgcn,cpr,0100000000010,seen,bit_accuracy,0.782051282051282
stgcn,cpr,0100000000010,seen,exact_match,0.0
stgcn,cpr,0100000000010,seen,macro_f1,0.07407407407407407
stgcn,cpr,0100000000010,seen,micro_f1,0.4130639730639731
stgcn,cpr,0100000000010,unseen,bit_accuracy,0.8051282051282053
stgcn,cpr,0100000000010,unseen,exact_match,0.0
stgcn,cpr,0100000000010,unseen,macro_f1,0.07692307692307693
stgcn,cpr,0100000000010,unseen,micro_f1,0.47826086956521735
stgcn,cpr,0100000000100,seen,bit_accuracy,0.7384615384615385
stgcn,cpr,0100000000100,seen,exact_match,0.0
stgcn,cpr,0100000000100,seen,macro_f1,0.12250712250712249
stgcn,cpr,0100000000100,seen,micro_f1,0.4700396825396825
stgcn,cpr,0100000000100,unseen,bit_accuracy,0.6692307692307692
stgcn,cpr,0100000000100,unseen,exact_match,0.0
stgcn,cpr,0100000000100,unseen,macro_f1,0.07905982905982906
stgcn,cpr,0100000000100,unseen,micro_f1,0.2884990253411306
stgcn,cpr,0100000001000,seen,bit_accuracy,0.7307692307692308
stgcn,cpr,0100000001000,seen,exact_match,0.0
stgcn,cpr,0100000001000,seen,macro_f1,0.14000814000814002
stgcn,cpr,0100000001000,seen,micro_f1,0.4950396825396825
stgcn,cpr,0100000001000,unseen,bit_accuracy,0.7589743589743589
stgcn,cpr,0100000001000,unseen,exact_match,0.0
stgcn,cpr,0100000001000,unseen,macro_f1,0.12820512820512822
stgcn,cpr,0100000001000,unseen,micro_f1,0.5168650793650794
stgcn,cpr,0100000010000,seen,bit_accuracy,0.7435897435897436
stgcn,cpr,0100000010000,seen,exact_match,0.0
stgcn,cpr,0100000010000,seen,macro_f1,0.07051282051282053
stgcn,cpr,0100000010000,seen,micro_f1,0.3408602150537634
stgcn,cpr,0100000010000,unseen,bit_accuracy,0.6615384615384615
stgcn,cpr,0100000010000,unseen,exact_match,0.0
stgcn,cpr,0100000010000,unseen,macro_f1,0.04487179487179488
stgcn,cpr,0100000010000,unseen,micro_f1,0.1851851851851852
stgcn,cpr,0100000100000,seen,bit_accuracy,0.8974358974358975
stgcn,cpr,0100000100000,seen,exact_match,0.3333333333333333
stgcn,cpr,0100000100000,seen,macro_f1,0.12820512820512822
stgcn,cpr,0100000100000,seen,micro_f1,0.7222222222222222
stgcn,cpr,0100000100000,unseen,bit_accuracy,0.841025641025641
stgcn,cpr,0100000100000,unseen,exact_match,0.0
stgcn,cpr,0100000100000,unseen,macro_f1,0.07692307692307693
stgcn,cpr,0100000100000,unseen,micro_f1,0.5083333333333333
stgcn,cpr,0100001000000,seen,bit_accuracy,0.8256410256410257
stgcn,cpr,0100001000000,seen,exact_match,0.0
stgcn,cpr,0100001000000,seen,macro_f1,0.14814814814814814
stgcn,cpr,0100001000000,seen,micro_f1,0.621184031640094
stgcn,cpr,0100001000000,unseen,bit_accuracy,0.7692307692307692
stgcn,cpr,0100001000000,unseen,exact_match,0.0
stgcn,cpr,0100001000000,unseen,macro_f1,0.12820512820512822
stgcn,cpr,0100001000000,unseen,micro_f1,0.5222222222222223
stgcn,cpr,0100010000000,seen,bit_accuracy,0.7717948717948717
stgcn,cpr,0100010000000,seen,exact_match,0.0
stgcn,cpr,0100010000000,seen,macro_f1,0.10256410256410257
stgcn,cpr,0100010000000,seen,micro_f1,0.4615384615384615
stgcn,cpr,0100010000000,unseen,bit_accuracy,0.7102564102564103
stgcn,cpr,0100010000000,unseen,exact_match,0.0
stgcn,cpr,0100010000000,unseen,macro_f1,0.09971509971509972
stgcn,cpr,0100010000000,unseen,micro_f1,0.3944853944853945
stgcn,cpr,1000000000000,seen,bit_accuracy,0.7282051282051283
stgcn,cpr,1000000000000,seen,exact_match,0.0
stgcn,cpr,1000000000000,seen,macro_f1,0.0
stgcn,cpr,1000000000000,seen,micro_f1,0.0
stgcn,cpr,1000000000000,unseen,bit_accuracy,0.7576923076923077
stgcn,cpr,1000000000000,unseen,exact_match,0.0
stgcn,cpr,1000000000000,unseen,macro_f1,0.0
stgcn,cpr,1000000000000,unseen,micro_f1,0.0
stgcn,cpr,1000000000001,seen,bit_accuracy,0.5743589743589744
stgcn,cpr,1000000000001,seen,exact_match,0.0
stgcn,cpr,1000000000001,seen,macro_f1,0.01465201465201465
stgcn,cpr,1000000000001,seen,micro_f1,0.04301075268817204
stgcn,cpr,1000000000001,unseen,bit_accuracy,0.6435897435897436
stgcn,cpr,1000000000001,unseen,exact_match,0.0
stgcn,cpr,1000000000001,unseen,macro_f1,0.039886039886039885
stgcn,cpr,1000000000001,unseen,micro_f1,0.1414141414141414
stgcn,cpr,1000000000010,seen,bit_accuracy,0.7897435897435897
stgcn,cpr,1000000000010,seen,exact_match,0.0
stgcn,cpr,1000000000010,seen,macro_f1,0.07407407407407407
stgcn,cpr,1000000000010,seen,micro_f1,0.40606060606060607
stgcn,cpr,1000000000010,unseen,bit_accuracy,0.7410256410256411
stgcn,cpr,1000000000010,unseen,exact_match,0.0
stgcn,cpr,1000000000010,unseen,macro_f1,0.07407407407407407
stgcn,cpr,1000000000010,unseen,micro_f1,0.31529581529581535
stgcn,cpr,1000000000100,seen,bit_accuracy,0.6615384615384615
stgcn,cpr,1000000000100,seen,exact_match,0.0
stgcn,cpr,1000000000100,seen,macro_f1,0.034188034188034185
stgcn,cpr,1000000000100,seen,micro_f1,0.15289648622981958
stgcn,cpr,1000000000100,unseen,bit_accuracy,0.5923076923076923
stgcn,cpr,1000000000100,unseen,exact_match,0.0
stgcn,cpr,1000000000100,unseen,macro_f1,0.025641025641025644
stgcn,cpr,1000000000100,unseen,micro_f1,0.0900900900900901
stgcn,cpr,1000000001000,seen,bit_accuracy,0.6897435897435896
stgcn,cpr,1000000001000,seen,exact_match,0.0
stgcn,cpr,1000000001000,seen,macro_f1,0.05128205128205129
stgcn,cpr,1000000001000,seen,micro_f1,0.23407407407407407
stgcn,cpr,1000000001000,unseen,bit_accuracy,0.717948717948718
stgcn,cpr,1000000001000,unseen,exact_match,0.0
stgcn,cpr,1000000001000,unseen,macro_f1,0.07407407407407407
stgcn,cpr,1000000001000,unseen,micro_f1,0.3157051282051282
stgcn,cpr,1000000010000,seen,bit_accuracy,0.764102564102564
stgcn,cpr,1000000010000,seen,exact_match,0.0
stgcn,cpr,1000000010000,seen,macro_f1,0.040293040293040296
stgcn,cpr,1000000010000,seen,micro_f1,0.23015873015873015
stgcn,cpr,1000000010000,unseen,bit_accuracy,0.7128205128205128
stgcn,cpr,1000000010000,unseen,exact_match,0.0
stgcn,cpr,1000000010000,unseen,macro_f1,0.01465201465201465
stgcn,cpr,1000000010000,unseen,micro_f1,0.1111111111111111
stgcn,cpr,1000000100000,seen,bit_accuracy,0.8512820512820513
stgcn,cpr,1000000100000,seen,exact_match,0.0
stgcn,cpr,1000000100000,seen,macro_f1,0.08547008547008546
stgcn,cpr,1000000100000,seen,micro_f1,0.5238095238095238
stgcn,cpr,1000000100000,unseen,bit_accuracy,0.8153846153846155
stgcn,cpr,1000000100000,unseen,exact_match,0.0
stgcn,cpr,1000000100000,unseen,macro_f1,0.07051282051282053
stgcn,cpr,1000000100000,unseen,micro_f1,0.4176470588235294
stgcn,cpr,1000001000000,seen,bit_accuracy,0.735897435897436
stgcn,cpr,1000001000000,seen,exact_match,0.0
stgcn,cpr,1000001000000,seen,macro_f1,0.10256410256410257
stgcn,cpr,1000001000000,seen,micro_f1,0.42484909151575817
stgcn,cpr,1000001000000,unseen,bit_accuracy,0.7307692307692308
stgcn,cpr,1000001000000,unseen,exact_match,0.0
stgcn,cpr,1000001000000,unseen,macro_f1,0.07692307692307693
stgcn,cpr,1000001000000,unseen,micro_f1,0.372615039281706
stgcn,cpr,1000010000000,seen,bit_accuracy,0.5897435897435898
stgcn,cpr,1000010000000,seen,exact_match,0.0
stgcn,cpr,1000010000000,seen,macro_f1,0.0
stgcn,cpr,1000010000000,seen,micro_f1,0.0
stgcn,cpr,1000010000000,unseen,bit_accuracy,0.6256410256410256
stgcn,cpr,1000010000000,unseen,exact_match,0.0
stgcn,cpr,1000010000000,unseen,macro_f1,0.01465201465201465
stgcn,cpr,1000010000000,unseen,micro_f1,0.04938271604938271
stgcn,cpr,1000100000000,seen,bit_accuracy,0.5897435897435898
stgcn,cpr,1000100000000,seen,exact_match,0.0
stgcn,cpr,1000100000000,seen,macro_f1,0.02279202279202279
stgcn,cpr,1000100000000,seen,micro_f1,0.08602150537634408
stgcn,cpr,1000100000000,unseen,bit_accuracy,0.5923076923076923
stgcn,cpr,1000100000000,unseen,exact_match,0.0
stgcn,cpr,1000100000000,unseen,macro_f1,0.04273504273504273
stgcn,cpr,1000100000000,unseen,micro_f1,0.16161616161616163
stgcn,cpr,1001000000000,seen,bit_accuracy,0.7435897435897436
stgcn,cpr,1001000000000,seen,exact_match,0.0
stgcn,cpr,1001000000000,seen,macro_f1,0.06593406593406594
stgcn,cpr,1001000000000,seen,micro_f1,0.32222222222222224
stgcn,cpr,1001000000000,unseen,bit_accuracy,0.7999999999999999
stgcn,cpr,1001000000000,unseen,exact_match,0.0
stgcn,cpr,1001000000000,unseen,macro_f1,0.05128205128205129
stgcn,cpr,1001000000000,unseen,micro_f1,0.38888888888888884
tcn,cpr,0000000000001,seen,bit_accuracy,0.6743589743589743
tcn,cpr,0000000000001,seen,exact_match,0.03333333333333333
tcn,cpr,0000000000001,seen,macro_f1,0.02735042735042735
tcn,cpr,0000000000001,seen,micro_f1,0.13820264948084496
tcn,cpr,0000000000001,unseen,bit_accuracy,0.7294871794871794
tcn,cpr,0000000000001,unseen,exact_match,0.0
tcn,cpr,0000000000001,unseen,macro_f1,0.009130965652704784
tcn,cpr,0000000000001,unseen,micro_f1,0.037642217380779476
tcn,cpr,0000000000010,seen,bit_accuracy,0.8461538461538461
tcn,cpr,0000000000010,seen,exact_match,0.03333333333333333
tcn,cpr,0000000000010,seen,macro_f1,0.060267367959675654
tcn,cpr,0000000000010,seen,micro_f1,0.4071428571428572
tcn,cpr,0000000000010,unseen,bit_accuracy,0.8512820512820513
tcn,cpr,0000000000010,unseen,exact_match,0.0
tcn,cpr,0000000000010,unseen,macro_f1,0.021756021756021756
tcn,cpr,0000000000010,unseen,micro_f1,0.16054421768707483
tcn,cpr,0000000000100,seen,bit_accuracy,0.817948717948718
tcn,cpr,0000000000100,seen,exact_match,0.06666666666666667
tcn,cpr,0000000000100,seen,macro_f1,0.05233399079552925
tcn,cpr,0000000000100,seen,micro_f1,0.3157407407407407
tcn,cpr,0000000000100,unseen,bit_accuracy,0.764102564102564
tcn,cpr,0000000000100,unseen,exact_match,0.0
tcn,cpr,0000000000100,unseen,macro_f1,0.021756021756021756
tcn,cpr,0000000000100,unseen,micro_f1,0.08897485493230174
tcn,cpr,0000000001000,seen,bit_accuracy,0.8384615384615385
tcn,cpr,0000000001000,seen,exact_match,0.13333333333333333
tcn,cpr,0000000001000,seen,macro_f1,0.04487179487179487
tcn,cpr,0000000001000,seen,micro_f1,0.2920875420875421
tcn,cpr,0000000001000,unseen,bit_accuracy,0.8153846153846155
tcn,cpr,0000000001000,unseen,exact_match,0.0
tcn,cpr,0000000001000,unseen,macro_f1,0.025641025641025644
tcn,cpr,0000000001000,unseen,micro_f1,0.14814814814814814
tcn,cpr,0000000001001,seen,bit_accuracy,0.8153846153846155
tcn,cpr,0000000001001,seen,exact_match,0.06666666666666667
tcn,cpr,0000000001001,seen,macro_f1,0.10012210012210011
tcn,cpr,0000000001001,seen,micro_f1,0.5094017094017094
tcn,cpr,0000000001001,unseen,bit_accuracy,0.7153846153846154
tcn,cpr,0000000001001,unseen,exact_match,0.0
tcn,cpr,0000000001001,unseen,macro_f1,0.06552706552706551
tcn,cpr,0000000001001,unseen,micro_f1,0.24525961368066632
tcn,cpr,0000000001010,seen,bit_accuracy,0.7794871794871795
tcn,cpr,0000000001010,seen,exact_match,0.0
tcn,cpr,0000000001010,seen,macro_f1,0.1108058608058608
tcn,cpr,0000000001010,seen,micro_f1,0.5114699792960663
tcn,cpr,0000000001010,unseen,bit_accuracy,0.7205128205128205
tcn,cpr,0000000001010,unseen,exact_match,0.0
tcn,cpr,0000000001010,unseen,macro_f1,0.099002849002849
tcn,cpr,0000000001010,unseen,micro_f1,0.4013235806339255
tcn,cpr,0000000001100,seen,bit_accuracy,0.8307692307692308
tcn,cpr,0000000001100,seen,exact_match,0.06666666666666667
tcn,cpr,0000000001100,seen,macro_f1,0.1343101343101343
tcn,cpr,0000000001100,seen,micro_f1,0.6124999999999999
tcn,cpr,0000000001100,unseen,bit_accuracy,0.9076923076923077
tcn,cpr,0000000001100,unseen,exact_match,0.3333333333333333
tcn,cpr,0000000001100,unseen,macro_f1,0.13675213675213674
tcn,cpr,0000000001100,unseen,micro_f1,0.7541599570585077
tcn,cpr,0000000010000,seen,bit_accuracy,0.8512820512820513
tcn,cpr,0000000010000,seen,exact_match,0.09999999999999999
tcn,cpr,0000000010000,seen,macro_f1,0.04843304843304843
tcn,cpr,0000000010000,seen,micro_f1,0.3790356394129979
tcn,cpr,0000000010000,unseen,bit_accuracy,0.8641025641025641
tcn,cpr,0000000010000,unseen,exact_match,0.18333333333333335
tcn,cpr,0000000010000,unseen,macro_f1,0.047619047619047616
tcn,cpr,0000000010000,unseen,micro_f1,0.4380952380952381
tcn,cpr,0000000010100,seen,bit_accuracy,0.8487179487179487
tcn,cpr,0000000010100,seen,exact_match,0.20000000000000004
tcn,cpr,0000000010100,seen,macro_f1,0.10968660968660969
tcn,cpr,0000000010100,seen,micro_f1,0.5648148148148148
tcn,cpr,0000000010100,unseen,bit_accuracy,0.7564102564102564
tcn,cpr,0000000010100,unseen,exact_match,0.0
tcn,cpr,0000000010100,unseen,macro_f1,0.07661782661782661
tcn,cpr,0000000010100,unseen,micro_f1,0.3392592592592592
tcn,cpr,0000000011000,seen,bit_accuracy,0.8564102564102565
tcn,cpr,0000000011000,seen,exact_match,0.0
tcn,cpr,0000000011000,seen,macro_f1,0.11111111111111112
tcn,cpr,0000000011000,seen,micro_f1,0.5922136970730322
tcn,cpr,0000000011000,unseen,bit_accuracy,0.8564102564102564
tcn,cpr,0000000011000,unseen,exact_match,0.0
tcn,cpr,0000000011000,unseen,macro_f1,0.07692307692307693
tcn,cpr,0000000011000,unseen,micro_f1,0.5185185185185185
tcn,cpr,0000000100000,seen,bit_accuracy,0.9384615384615386
tcn,cpr,0000000100000,seen,exact_match,0.3666666666666667
tcn,cpr,0000000100000,seen,macro_f1,0.07692307692307693
tcn,cpr,0000000100000,seen,micro_f1,0.7335858585858586
tcn,cpr,0000000100000,unseen,bit_accuracy,0.8205128205128206
tcn,cpr,0000000100000,unseen,exact_match,0.0
tcn,cpr,0000000100000,unseen,macro_f1,0.07692307692307693
tcn,cpr,0000000100000,unseen,micro_f1,0.46467749693556143
tcn,cpr,0000000100001,seen,bit_accuracy,0.8333333333333334
tcn,cpr,0000000100001,seen,exact_match,0.0
tcn,cpr,0000000100001,seen,macro_f1,0.09615384615384615
tcn,cpr,0000000100001,seen,micro_f1,0.5249597423510467
tcn,cpr,0000000100001,unseen,bit_accuracy,0.7999999999999999
tcn,cpr,0000000100001,unseen,exact_match,0.0
tcn,cpr,0000000100001,unseen,macro_f1,0.07692307692307693
tcn,cpr,0000000100001,unseen,micro_f1,0.4388888888888889
tcn,cpr,0000000100010,seen,bit_accuracy,0.7974358974358974
tcn,cpr,0000000100010,seen,exact_match,0.0
tcn,cpr,0000000100010,seen,macro_f1,0.07692307692307693
tcn,cpr,0000000100010,seen,micro_f1,0.4452861952861953
tcn,cpr,0000000100010,unseen,bit_accuracy,0.7512820512820513
tcn,cpr,0000000100010,unseen,exact_match,0.0
tcn,cpr,0000000100010,unseen,macro_f1,0.07692307692307693
tcn,cpr,0000000100010,unseen,micro_f1,0.3974358974358974
tcn,cpr,0000000100100,seen,bit_accuracy,0.7897435897435897
tcn,cpr,0000000100100,seen,exact_match,0.0
tcn,cpr,0000000100100,seen,macro_f1,0.09615384615384615
tcn,cpr,0000000100100,seen,micro_f1,0.46666666666666673
tcn,cpr,0000000100100,unseen,bit_accuracy,0.7307692307692308
tcn,cpr,0000000100100,unseen,exact_match,0.0
tcn,cpr,0000000100100,unseen,macro_f1,0.07692307692307693
tcn,cpr,0000000100100,unseen,micro_f1,0.3996526349467526
tcn,cpr,0000000101000,seen,bit_accuracy,0.7743589743589744
tcn,cpr,0000000101000,seen,exact_match,0.0
tcn,cpr,0000000101000,seen,macro_f1,0.07692307692307693
tcn,cpr,0000000101000,seen,micro_f1,0.40830527497194163
tcn,cpr,0000000101000,unseen,bit_accuracy,0.764102564102564
tcn,cpr,0000000101000,unseen,exact_match,0.0
tcn,cpr,0000000101000,unseen,macro_f1,0.07692307692307693
tcn,cpr,0000000101000,unseen,micro_f1,0.41293859649122805
tcn,cpr,0000000110000,seen,bit_accuracy,0.8256410256410257
tcn,cpr,0000000110000,seen,exact_match,0.19999999999999998
tcn,cpr,0000000110000,seen,macro_f1,0.11436711436711437
tcn,cpr,0000000110000,seen,micro_f1,0.5905982905982906
tcn,cpr,0000000110000,unseen,bit_accuracy,0.7025641025641026
tcn,cpr,0000000110000,unseen,exact_match,0.0
tcn,cpr,0000000110000,unseen,macro_f1,0.07692307692307693
tcn,cpr,0000000110000,unseen,micro_f1,0.3469000135666802
tcn,cpr,0000001000000,seen,bit_accuracy,0.9679487179487181
tcn,cpr,0000001000000,seen,exact_match,0.7166666666666667
tcn,cpr,0000001000000,seen,macro_f1,0.07692307692307693
tcn,cpr,0000001000000,seen,micro_f1,0.8491771063620731
tcn,cpr,0000001000000,unseen,bit_accuracy,0.8705128205128205
tcn,cpr,0000001000000,unseen,exact_match,0.18333333333333335
tcn,cpr,0000001000000,unseen,macro_f1,0.07692307692307693
tcn,cpr,0000001000000,unseen,micro_f1,0.5833333333333334
tcn,cpr,0000001000001,seen,bit_accuracy,0.8615384615384616
tcn,cpr,0000001000001,seen,exact_match,0.20000000000000004
tcn,cpr,0000001000001,seen,macro_f1,0.13034188034188035
tcn,cpr,0000001000001,seen,micro_f1,0.6549707602339181
tcn,cpr,0000001000001,unseen,bit_accuracy,0.8153846153846155
tcn,cpr,0000001000001,unseen,exact_match,0.0
tcn,cpr,0000001000001,unseen,macro_f1,0.07692307692307693
tcn,cpr,0000001000001,unseen,micro_f1,0.4634460547504025
tcn,cpr,0000001000010,seen,bit_accuracy,0.8615384615384616
tcn,cpr,0000001000010,seen,exact_match,0.06666666666666667
tcn,cpr,0000001000010,seen,macro_f1,0.10012210012210011
tcn,cpr,0000001000010,seen,micro_f1,0.5692640692640693
tcn,cpr,0000001000010,unseen,bit_accuracy,0.8461538461538461
tcn,cpr,0000001000010,unseen,exact_match,0.0
tcn,cpr,0000001000010,unseen,macro_f1,0.07692307692307693
tcn,cpr,0000001000010,unseen,micro_f1,0.5308641975308642
tcn,cpr,0000001000100,seen,bit_accuracy,0.8307692307692308
tcn,cpr,0000001000100,seen,exact_match,0.06666666666666667
tcn,cpr,0000001000100,seen,macro_f1,0.09157509157509158
tcn,cpr,0000001000100,seen,micro_f1,0.5142857142857142
tcn,cpr,0000001000100,unseen,bit_accuracy,0.7897435897435897
tcn,cpr,0000001000100,unseen,exact_match,0.0
tcn,cpr,0000001000100,unseen,macro_f1,0.07692307692307693
tcn,cpr,0000001000100,unseen,micro_f1,0.42820512820512824
tcn,cpr,0000001001000,seen,bit_accuracy,0.7692307692307693
tcn,cpr,0000001001000,seen,exact_match,0.0
tcn,cpr,0000001001000,seen,macro_f1,0.07692307692307693
tcn,cpr,0000001001000,seen,micro_f1,0.4000000000000001
tcn,cpr,0000001001000,unseen,bit_accuracy,0.7974358974358974
tcn,cpr,0000001001000,unseen,exact_match,0.0
tcn,cpr,0000001001000,unseen,macro_f1,0.07692307692307693
tcn,cpr,0000001001000,unseen,micro_f1,0.43196457326892107
tcn,cpr,0000001010000,seen,bit_accuracy,0.9384615384615383
tcn,cpr,0000001010000,seen,exact_match,0.4666666666666666
tcn,cpr,0000001010000,seen,macro_f1,0.13644688644688643
tcn,cpr,0000001010000,seen,micro_f1,0.8090909090909091
tcn,cpr,0000001010000,unseen,bit_accuracy,0.8461538461538461
tcn,cpr,0000001010000,unseen,exact_match,0.0
tcn,cpr,0000001010000,unseen,macro_f1,0.07692307692307693
tcn,cpr,0000001010000,unseen,micro_f1,0.5
tcn,cpr,0000010000000,seen,bit_accuracy,0.8038461538461538
tcn,cpr,0000010000000,seen,exact_match,0.0
tcn,cpr,0000010000000,seen,macro_f1,0.040293040293040296
tcn,cpr,0000010000000,seen,micro_f1,0.23777777777777778
tcn,cpr,0000010000000,unseen,bit_accuracy,0.7551282051282051
tcn,cpr,0000010000000,unseen,exact_match,0.0
tcn,cpr,0000010000000,unseen,macro_f1,0.051812555260831124
tcn,cpr,0000010000000,unseen,micro_f1,0.2483019684187757
tcn,cpr,0000010000010,seen,bit_accuracy,0.8435897435897436
tcn,cpr,0000010000010,seen,exact_match,0.0
tcn,cpr,0000010000010,seen,macro_f1,0.08547008547008546
tcn,cpr,0000010000010,seen,micro_f1,0.5171428571428571
tcn,cpr,0000010000010,unseen,bit_accuracy,0.7487179487179487
tcn,cpr,0000010000010,unseen,exact_match,0.0
tcn,cpr,0000010000010,unseen,macro_f1,0.07051282051282053
tcn,cpr,0000010000010,unseen,micro_f1,0.3452380952380952
tcn,cpr,0000010000100,seen,bit_accuracy,0.8948717948717949
tcn,cpr,0000010000100,seen,exact_match,0.13333333333333333
tcn,cpr,0000010000100,seen,macro_f1,0.11609686609686609
tcn,cpr,0000010000100,seen,micro_f1,0.6706349206349206
tcn,cpr,0000010000100,unseen,bit_accuracy,0.8282051282051283
tcn,cpr,0000010000100,unseen,exact_match,0.0
tcn,cpr,0000010000100,unseen,macro_f1,0.08547008547008546
tcn,cpr,0000010000100,unseen,micro_f1,0.5095238095238095
tcn,cpr,0000010001000,seen,bit_accuracy,0.8358974358974359
tcn,cpr,0000010001000,seen,exact_match,0.0
tcn,cpr,0000010001000,seen,macro_f1,0.1217948717948718
tcn,cpr,0000010001000,seen,micro_f1,0.5889947089947091
tcn,cpr,0000010001000,unseen,bit_accuracy,0.817948717948718
tcn,cpr,0000010001000,unseen,exact_match,0.0
tcn,cpr,0000010001000,unseen,macro_f1,0.09971509971509972
tcn,cpr,0000010001000,unseen,micro_f1,0.4987789987789988
tcn,cpr,0000010010000,seen,bit_accuracy,0.8461538461538461
tcn,cpr,0000010010000,seen,exact_match,0.0
tcn,cpr,0000010010000,seen,macro_f1,0.10826210826210826
tcn,cpr,0000010010000,seen,micro_f1,0.5642857142857143
tcn,cpr,0000010010000,unseen,bit_accuracy,0.8205128205128206
tcn,cpr,0000010010000,unseen,exact_match,0.06666666666666667
tcn,cpr,0000010010000,unseen,macro_f1,0.1043956043956044
tcn,cpr,0000010010000,unseen,micro_f1,0.5146464646464647
tcn,cpr,0000010100000,seen,bit_accuracy,0.8692307692307693
tcn,cpr,0000010100000,seen,exact_match,0.06666666666666667
tcn,cpr,0000010100000,seen,macro_f1,0.1282051282051282
tcn,cpr,0000010100000,seen,micro_f1,0.6421356421356421
tcn,cpr,0000010100000,unseen,bit_accuracy,0.7538461538461538
tcn,cpr,0000010100000,unseen,exact_match,0.0
tcn,cpr,0000010100000,unseen,macro_f1,0.07692307692307693
tcn,cpr,0000010100000,unseen,micro_f1,0.41375661375661377
tcn,cpr,0000011000000,seen,bit_accuracy,0.8435897435897436
tcn,cpr,0000011000000,seen,exact_match,0.0
tcn,cpr,0000011000000,seen,macro_f1,0.09971509971509972
tcn,cpr,0000011000000,seen,micro_f1,0.5506912442396313
tcn,cpr,0000011000000,unseen,bit_accuracy,0.8666666666666667
tcn,cpr,0000011000000,unseen,exact_match,0.0
tcn,cpr,0000011000000,unseen,macro_f1,0.07692307692307693
tcn,cpr,0000011000000,unseen,micro_f1,0.5416666666666666
tcn,cpr,0000100000000,seen,bit_accuracy,0.9051282051282051
tcn,cpr,0000100000000,seen,exact_match,0.03333333333333333
tcn,cpr,0000100000000,seen,macro_f1,0.07692307692307693
tcn,cpr,0000100000000,seen,micro_f1,0.6203208556149732
tcn,cpr,0000100000000,unseen,bit_accuracy,0.8141025641025642
tcn,cpr,0000100000000,unseen,exact_match,0.0
tcn,cpr,0000100000000,unseen,macro_f1,0.07692307692307693
tcn,cpr,0000100000000,unseen,micro_f1,0.466966966966967
tcn,cpr,0000100000001,seen,bit_accuracy,0.9282051282051281
tcn,cpr,0000100000001,seen,exact_match,0.4000000000000001
tcn,cpr,0000100000001,seen,macro_f1,0.12820512820512822
tcn,cpr,0000100000001,seen,micro_f1,0.7739820565907523
tcn,cpr,0000100000001,unseen,bit_accuracy,0.8282051282051283
tcn,cpr,0000100000001,unseen,exact_match,0.0
tcn,cpr,0000100000001,unseen,macro_f1,0.07692307692307693
tcn,cpr,0000100000001,unseen,micro_f1,0.4735449735449735
tcn,cpr,0000100000100,seen,bit_accuracy,0.8897435897435898
tcn,cpr,0000100000100,seen,exact_match,0.13333333333333333
tcn,cpr,0000100000100,seen,macro_f1,0.12820512820512822
tcn,cpr,0000100000100,seen,micro_f1,0.6925925925925926
tcn,cpr,0000100000100,unseen,bit_accuracy,0.8025641025641027
tcn,cpr,0000100000100,unseen,exact_match,0.0
tcn,cpr,0000100000100,unseen,macro_f1,0.07692307692307693
tcn,cpr,0000100000100,unseen,micro_f1,0.4402116402116402
tcn,cpr,0000100001000,seen,bit_accuracy,0.8256410256410257
tcn,cpr,0000100001000,seen,exact_match,0.0
tcn,cpr,0000100001000,seen,macro_f1,0.07692307692307693
tcn,cpr,0000100001000,seen,micro_f1,0.47724867724867726
tcn,cpr,0000100001000,unseen,bit_accuracy,0.7487179487179487
tcn,cpr,0000100001000,unseen,exact_match,0.0
tcn,cpr,0000100001000,unseen,macro_f1,0.07692307692307693
tcn,cpr,0000100001000,unseen,micro_f1,0.38888888888888884
tcn,cpr,0000100010000,seen,bit_accuracy,0.8846153846153846
tcn,cpr,0000100010000,seen,exact_match,0.26666666666666666
tcn,cpr,0000100010000,seen,macro_f1,0.14000814000814002
tcn,cpr,0000100010000,seen,micro_f1,0.7111888111888112
tcn,cpr,0000100010000,unseen,bit_accuracy,0.8487179487179487
tcn,cpr,0000100010000,unseen,exact_match,0.0
tcn,cpr,0000100010000,unseen,macro_f1,0.10256410256410257
tcn,cpr,0000100010000,unseen,micro_f1,0.5606060606060607
tcn,cpr,0000100100000,seen,bit_accuracy,0.9102564102564102
tcn,cpr,0000100100000,seen,exact_match,0.6666666666666666
tcn,cpr,0000100100000,seen,macro_f1,0.12820512820512822
tcn,cpr,0000100100000,seen,micro_f1,0.787878787878788
tcn,cpr,0000100100000,unseen,bit_accuracy,0.8487179487179487
tcn,cpr,0000100100000,unseen,exact_match,0.0
tcn,cpr,0000100100000,unseen,macro_f1,0.09971509971509972
tcn,cpr,0000100100000,unseen,micro_f1,0.5686813186813187
tcn,cpr,0000101000000,seen,bit_accuracy,0.9743589743589745
tcn,cpr,0000101000000,seen,exact_match,0.6666666666666666
tcn,cpr,0000101000000,seen,macro_f1,0.15384615384615385
tcn,cpr,0000101000000,seen,micro_f1,0.9285714285714285
tcn,cpr,0000101000000,unseen,bit_accuracy,0.9333333333333332
tcn,cpr,0000101000000,unseen,exact_match,0.5333333333333333
tcn,cpr,0000101000000,unseen,macro_f1,0.12535612535612536
tcn,cpr,0000101000000,unseen,micro_f1,0.7841269841269841
tcn,cpr,0001000000000,seen,bit_accuracy,0.9243589743589743
tcn,cpr,0001000000000,seen,exact_match,0.3333333333333333
tcn,cpr,0001000000000,seen,macro_f1,0.055944055944055944
tcn,cpr,0001000000000,seen,micro_f1,0.5555972482801751
tcn,cpr,0001000000000,unseen,bit_accuracy,0.8974358974358975
tcn,cpr,0001000000000,unseen,exact_match,0.049999999999999996
tcn,cpr,0001000000000,unseen,macro_f1,0.05237452605873658
tcn,cpr,0001000000000,unseen,micro_f1,0.4523809523809524
tcn,cpr,0001000000001,seen,bit_accuracy,0.782051282051282
tcn,cpr,0001000000001,seen,exact_match,0.0
tcn,cpr,0001000000001,seen,macro_f1,0.10826210826210825
tcn,cpr,0001000000001,seen,micro_f1,0.5064102564102564
tcn,cpr,0001000000001,unseen,bit_accuracy,0.7410256410256411
tcn,cpr,0001000000001,unseen,exact_match,0.0
tcn,cpr,0001000000001,unseen,macro_f1,0.06837606837606837
tcn,cpr,0001000000001,unseen,micro_f1,0.32573599240265905
tcn,cpr,0001000000100,seen,bit_accuracy,0.735897435897436
tcn,cpr,0001000000100,seen,exact_match,0.0
tcn,cpr,0001000000100,seen,macro_f1,0.07692307692307693
tcn,cpr,0001000000100,seen,micro_f1,0.36948798328108673
tcn,cpr,0001000000100,unseen,bit_accuracy,0.8128205128205129
tcn,cpr,0001000000100,unseen,exact_match,0.0
tcn,cpr,0001000000100,unseen,macro_f1,0.07692307692307693
tcn,cpr,0001000000100,unseen,micro_f1,0.45180584311019095
tcn,cpr,0001000001000,seen,bit_accuracy,0.8743589743589744
tcn,cpr,0001000001000,seen,exact_match,0.06666666666666667
tcn,cpr,0001000001000,seen,macro_f1,0.1217948717948718
tcn,cpr,0001000001000,seen,micro_f1,0.6445824706694272
tcn,cpr,0001000001000,unseen,bit_accuracy,0.8256410256410257
tcn,cpr,0001000001000,unseen,exact_match,0.0
tcn,cpr,0001000001000,unseen,macro_f1,0.07692307692307693
tcn,cpr,0001000001000,unseen,micro_f1,0.4775132275132275
tcn,cpr,0001000010000,seen,bit_accuracy,0.9179487179487179
tcn,cpr,0001000010000,seen,exact_match,0.6666666666666666
tcn,cpr,0001000010000,seen,macro_f1,0.12820512820512822
tcn,cpr,0001000010000,seen,micro_f1,0.7948717948717948
tcn,cpr,0001000010000,unseen,bit_accuracy,0.8384615384615385
tcn,cpr,0001000010000,unseen,exact_match,0.0
tcn,cpr,0001000010000,unseen,macro_f1,0.11436711436711437
tcn,cpr,0001000010000,unseen,micro_f1,0.5706912442396314
tcn,cpr,0001000100000,seen,bit_accuracy,0.9307692307692307
tcn,cpr,0001000100000,seen,exact_match,0.5666666666666667
tcn,cpr,0001000100000,seen,macro_f1,0.13888888888888887
tcn,cpr,0001000100000,seen,micro_f1,0.791919191919192
tcn,cpr,0001000100000,unseen,bit_accuracy,0.8076923076923078
tcn,cpr,0001000100000,unseen,exact_match,0.0
tcn,cpr,0001000100000,unseen,macro_f1,0.06837606837606837
tcn,cpr,0001000100000,unseen,micro_f1,0.41508004167850715
tcn,cpr,0001001000000,seen,bit_accuracy,0.9487179487179488
tcn,cpr,0001001000000,seen,exact_match,0.6666666666666666
tcn,cpr,0001001000000,seen,macro_f1,0.1452991452991453
tcn,cpr,0001001000000,seen,micro_f1,0.8666666666666667
tcn,cpr,0001001000000,unseen,bit_accuracy,0.8282051282051283
tcn,cpr,0001001000000,unseen,exact_match,0.0
tcn,cpr,0001001000000,unseen,macro_f1,0.07051282051282051
tcn,cpr,0001001000000,unseen,micro_f1,0.403615991851286
tcn,cpr,0001010000000,seen,bit_accuracy,0.7743589743589743
tcn,cpr,0001010000000,seen,exact_match,0.0
tcn,cpr,0001010000000,seen,macro_f1,0.07051282051282053
tcn,cpr,0001010000000,seen,micro_f1,0.3782051282051282
tcn,cpr,0001010000000,unseen,bit_accuracy,0.7230769230769232
tcn,cpr,0001010000000,unseen,exact_match,0.0
tcn,cpr,0001010000000,unseen,macro_f1,0.053418803418803416
tcn,cpr,0001010000000,unseen,micro_f1,0.2646176911544228
tcn,cpr,0001100000000,seen,bit_accuracy,0.8461538461538461
tcn,cpr,0001100000000,seen,exact_match,0.0
tcn,cpr,0001100000000,seen,macro_f1,0.11111111111111112
tcn,cpr,0001100000000,seen,micro_f1,0.5818181818181819
tcn,cpr,0001100000000,unseen,bit_accuracy,0.8641025641025641
tcn,cpr,0001100000000,unseen,exact_match,0.0
tcn,cpr,0001100000000,unseen,macro_f1,0.08516483516483515
tcn,cpr,0001100000000,unseen,micro_f1,0.5325814536340853
tcn,cpr,0010000000000,seen,bit_accuracy,0.9141025641025641
tcn,cpr,0010000000000,seen,exact_match,0.2333333333333333
tcn,cpr,0010000000000,seen,macro_f1,0.07051282051282053
tcn,cpr,0010000000000,seen,micro_f1,0.6351542177629134
tcn,cpr,0010000000000,unseen,bit_accuracy,0.8576923076923076
tcn,cpr,0010000000000,unseen,exact_match,0.06666666666666667
tcn,cpr,0010000000000,unseen,macro_f1,0.06495402131075756
tcn,cpr,0010000000000,unseen,micro_f1,0.45443510737628384
tcn,cpr,0010000000001,seen,bit_accuracy,0.8461538461538461
tcn,cpr,0010000000001,seen,exact_match,0.0
tcn,cpr,0010000000001,seen,macro_f1,0.11324786324786325
tcn,cpr,0010000000001,seen,micro_f1,0.5864197530864198
tcn,cpr,0010000000001,unseen,bit_accuracy,0.7692307692307692
tcn,cpr,0010000000001,unseen,exact_match,0.0
tcn,cpr,0010000000001,unseen,macro_f1,0.07692307692307693
tcn,cpr,0010000000001,unseen,micro_f1,0.41111111111111115
tcn,cpr,0010000000100,seen,bit_accuracy,0.7974358974358974
tcn,cpr,0010000000100,seen,exact_match,0.0
tcn,cpr,0010000000100,seen,macro_f1,0.08547008547008546
tcn,cpr,0010000000100,seen,micro_f1,0.45026631983153725
tcn,cpr,0010000000100,unseen,bit_accuracy,0.7769230769230769
tcn,cpr,0010000000100,unseen,exact_match,0.0
tcn,cpr,0010000000100,unseen,macro_f1,0.07692307692307693
tcn,cpr,0010000000100,unseen,micro_f1,0.41212330342765124
tcn,cpr,0010000001000,seen,bit_accuracy,0.8333333333333334
tcn,cpr,0010000001000,seen,exact_match,0.0
tcn,cpr,0010000001000,seen,macro_f1,0.10427350427350428
tcn,cpr,0010000001000,seen,micro_f1,0.5404040404040403
tcn,cpr,0010000001000,unseen,bit_accuracy,0.8115384615384617
tcn,cpr,0010000001000,unseen,exact_match,0.0
tcn,cpr,0010000001000,unseen,macro_f1,0.07692307692307693
tcn,cpr,0010000001000,unseen,micro_f1,0.4623878536922015
tcn,cpr,0010000010000,seen,bit_accuracy,0.8589743589743589
tcn,cpr,0010000010000,seen,exact_match,0.2333333333333333
tcn,cpr,0010000010000,seen,macro_f1,0.1172161172161172
tcn,cpr,0010000010000,seen,micro_f1,0.6243386243386243
tcn,cpr,0010000010000,unseen,bit_accuracy,0.7666666666666666
tcn,cpr,0010000010000,unseen,exact_match,0.0
tcn,cpr,0010000010000,unseen,macro_f1,0.07051282051282051
tcn,cpr,0010000010000,unseen,micro_f1,0.3412698412698412
tcn,cpr,0010000100000,seen,bit_accuracy,0.958974358974359
tcn,cpr,0010000100000,seen,exact_match,0.8666666666666667
tcn,cpr,0010000100000,seen,macro_f1,0.14743589743589744
tcn,cpr,0010000100000,seen,micro_f1,0.8888888888888888
tcn,cpr,0010000100000,unseen,bit_accuracy,0.8358974358974359
tcn,cpr,0010000100000,unseen,exact_match,0.06666666666666667
tcn,cpr,0010000100000,unseen,macro_f1,0.09442409442409443
tcn,cpr,0010000100000,unseen,micro_f1,0.508994708994709
tcn,cpr,0010001000000,seen,bit_accuracy,0.9256410256410256
tcn,cpr,0010001000000,seen,exact_match,0.3333333333333333
tcn,cpr,0010001000000,seen,macro_f1,0.1452991452991453
tcn,cpr,0010001000000,seen,micro_f1,0.8024691358024691
tcn,cpr,0010001000000,unseen,bit_accuracy,0.8461538461538461
tcn,cpr,0010001000000,unseen,exact_match,0.26666666666666666
tcn,cpr,0010001000000,unseen,macro_f1,0.09330484330484329
tcn,cpr,0010001000000,unseen,micro_f1,0.5333333333333333
tcn,cpr,0010010000000,seen,bit_accuracy,0.8025641025641027
tcn,cpr,0010010000000,seen,exact_match,0.0
tcn,cpr,0010010000000,seen,macro_f1,0.1047008547008547
tcn,cpr,0010010000000,seen,micro_f1,0.47698373035704367
tcn,cpr,0010010000000,unseen,bit_accuracy,0.7769230769230768
tcn,cpr,0010010000000,unseen,exact_match,0.0
tcn,cpr,0010010000000,unseen,macro_f1,0.06837606837606837
tcn,cpr,0010010000000,unseen,micro_f1,0.36447811447811446
tcn,cpr,0100000000000,seen,bit_accuracy,0.8551282051282051
tcn,cpr,0100000000000,seen,exact_match,0.03333333333333333
tcn,cpr,0100000000000,seen,macro_f1,0.032745032745032744
tcn,cpr,0100000000000,seen,micro_f1,0.22597701149425287
tcn,cpr,0100000000000,unseen,bit_accuracy,0.7653846153846153
tcn,cpr,0100000000000,unseen,exact_match,0.0
tcn,cpr,0100000000000,unseen,macro_f1,0.008547008547008546
tcn,cpr,0100000000000,unseen,micro_f1,0.04301075268817204
tcn,cpr,0100000000010,seen,bit_accuracy,0.8230769230769232
tcn,cpr,0100000000010,seen,exact_match,0.0
tcn,cpr,0100000000010,seen,macro_f1,0.13247863247863248
tcn,cpr,0100000000010,seen,micro_f1,0.5707070707070706
tcn,cpr,0100000000010,unseen,bit_accuracy,0.782051282051282
tcn,cpr,0100000000010,unseen,exact_match,0.0
tcn,cpr,0100000000010,unseen,macro_f1,0.09116809116809116
tcn,cpr,0100000000010,unseen,micro_f1,0.3726851851851852
tcn,cpr,0100000000100,seen,bit_accuracy,0.7692307692307693
tcn,cpr,0100000000100,seen,exact_match,0.0
tcn,cpr,0100000000100,seen,macro_f1,0.07448107448107448
tcn,cpr,0100000000100,seen,micro_f1,0.36521739130434777
tcn,cpr,0100000000100,unseen,bit_accuracy,0.7538461538461538
tcn,cpr,0100000000100,unseen,exact_match,0.0
tcn,cpr,0100000000100,unseen,macro_f1,0.08058608058608059
tcn,cpr,0100000000100,unseen,micro_f1,0.335042735042735
tcn,cpr,0100000001000,seen,bit_accuracy,0.8307692307692308
tcn,cpr,0100000001000,seen,exact_match,0.0
tcn,cpr,0100000001000,seen,macro_f1,0.09615384615384615
tcn,cpr,0100000001000,seen,micro_f1,0.48829431438127086
tcn,cpr,0100000001000,unseen,bit_accuracy,0.7410256410256411
tcn,cpr,0100000001000,unseen,exact_match,0.0
tcn,cpr,0100000001000,unseen,macro_f1,0.05128205128205129
tcn,cpr,0100000001000,unseen,micro_f1,0.2782608695652174
tcn,cpr,0100000010000,seen,bit_accuracy,0.8461538461538461
tcn,cpr,0100000010000,seen,exact_match,0.0
tcn,cpr,0100000010000,seen,macro_f1,0.08547008547008546
tcn,cpr,0100000010000,seen,micro_f1,0.5277777777777778
tcn,cpr,0100000010000,unseen,bit_accuracy,0.7487179487179487
tcn,cpr,0100000010000,unseen,exact_match,0.0
tcn,cpr,0100000010000,unseen,macro_f1,0.06837606837606837
tcn,cpr,0100000010000,unseen,micro_f1,0.3316091954022989
tcn,cpr,0100000100000,seen,bit_accuracy,0.8717948717948718
tcn,cpr,0100000100000,seen,exact_match,0.06666666666666667
tcn,cpr,0100000100000,seen,macro_f1,0.08547008547008546
tcn,cpr,0100000100000,seen,micro_f1,0.6004273504273504
tcn,cpr,0100000100000,unseen,bit_accuracy,0.8153846153846155
tcn,cpr,0100000100000,unseen,exact_match,0.0
tcn,cpr,0100000100000,unseen,macro_f1,0.07692307692307693
tcn,cpr,0100000100000,unseen,micro_f1,0.47768762677484783
tcn,cpr,0100001000000,seen,bit_accuracy,0.8692307692307693
tcn,cpr,0100001000000,seen,exact_match,0.0
tcn,cpr,0100001000000,seen,macro_f1,0.09157509157509158
tcn,cpr,0100001000000,seen,micro_f1,0.5692640692640693
tcn,cpr,0100001000000,unseen,bit_accuracy,0.8128205128205129
tcn,cpr,0100001000000,unseen,exact_match,0.0
tcn,cpr,0100001000000,unseen,macro_f1,0.07692307692307693
tcn,cpr,0100001000000,unseen,micro_f1,0.4511784511784511
tcn,cpr,0100010000000,seen,bit_accuracy,0.8743589743589744
tcn,cpr,0100010000000,seen,exact_match,0.06666666666666667
tcn,cpr,0100010000000,seen,macro_f1,0.11721611721611723
tcn,cpr,0100010000000,seen,micro_f1,0.6313131313131314
tcn,cpr,0100010000000,unseen,bit_accuracy,0.8358974358974359
tcn,cpr,0100010000000,unseen,exact_match,0.0
tcn,cpr,0100010000000,unseen,macro_f1,0.09829059829059829
tcn,cpr,0100010000000,unseen,micro_f1,0.5171428571428571
tcn,cpr,1000000000000,seen,bit_accuracy,0.814102564102564
tcn,cpr,1000000000000,seen,exact_match,0.016666666666666666
tcn,cpr,1000000000000,seen,macro_f1,0.021756021756021756
tcn,cpr,1000000000000,seen,micro_f1,0.1065943992773261
tcn,cpr,1000000000000,unseen,bit_accuracy,0.8461538461538461
tcn,cpr,1000000000000,unseen,exact_match,0.0
tcn,cpr,1000000000000,unseen,macro_f1,0.002442002442002442
tcn,cpr,1000000000000,unseen,micro_f1,0.017543859649122806
tcn,cpr,1000000000001,seen,bit_accuracy,0.7461538461538462
tcn,cpr,1000000000001,seen,exact_match,0.0
tcn,cpr,1000000000001,seen,macro_f1,0.04884004884004883
tcn,cpr,1000000000001,seen,micro_f1,0.212497647280256
tcn,cpr,1000000000001,unseen,bit_accuracy,0.7282051282051283
tcn,cpr,1000000000001,unseen,exact_match,0.0
tcn,cpr,1000000000001,unseen,macro_f1,0.034188034188034185
tcn,cpr,1000000000001,unseen,micro_f1,0.19565217391304346
tcn,cpr,1000000000010,seen,bit_accuracy,0.8461538461538461
tcn,cpr,1000000000010,seen,exact_match,0.16666666666666666
tcn,cpr,1000000000010,seen,macro_f1,0.10826210826210825
tcn,cpr,1000000000010,seen,micro_f1,0.5651515151515151
tcn,cpr,1000000000010,unseen,bit_accuracy,0.7897435897435897
tcn,cpr,1000000000010,unseen,exact_match,0.0
tcn,cpr,1000000000010,unseen,macro_f1,0.07407407407407407
tcn,cpr,1000000000010,unseen,micro_f1,0.4070175438596491
tcn,cpr,1000000000100,seen,bit_accuracy,0.7743589743589744
tcn,cpr,1000000000100,seen,exact_match,0.0
tcn,cpr,1000000000100,seen,macro_f1,0.07692307692307693
tcn,cpr,1000000000100,seen,micro_f1,0.3703703703703704
tcn,cpr,1000000000100,unseen,bit_accuracy,0.7717948717948717
tcn,cpr,1000000000100,unseen,exact_match,0.0
tcn,cpr,1000000000100,unseen,macro_f1,0.07692307692307693
tcn,cpr,1000000000100,unseen,micro_f1,0.3409090909090909
tcn,cpr,1000000001000,seen,bit_accuracy,0.8102564102564104
tcn,cpr,1000000001000,seen,exact_match,0.0
tcn,cpr,1000000001000,seen,macro_f1,0.05911680911680911
tcn,cpr,1000000001000,seen,micro_f1,0.26666666666666666
tcn,cpr,1000000001000,unseen,bit_accuracy,0.7923076923076923
tcn,cpr,1000000001000,unseen,exact_match,0.0
tcn,cpr,1000000001000,unseen,macro_f1,0.07977207977207977
tcn,cpr,1000000001000,unseen,micro_f1,0.35873015873015873
tcn,cpr,1000000010000,seen,bit_accuracy,0.8205128205128206
tcn,cpr,1000000010000,seen,exact_match,0.0
tcn,cpr,1000000010000,seen,macro_f1,0.08516483516483515
tcn,cpr,1000000010000,seen,micro_f1,0.48055555555555557
tcn,cpr,1000000010000,unseen,bit_accuracy,0.782051282051282
tcn,cpr,1000000010000,unseen,exact_match,0.0
tcn,cpr,1000000010000,unseen,macro_f1,0.06837606837606837
tcn,cpr,1000000010000,unseen,micro_f1,0.3716931216931217
tcn,cpr,1000000100000,seen,bit_accuracy,0.8692307692307693
tcn,cpr,1000000100000,seen,exact_match,0.0
tcn,cpr,1000000100000,seen,macro_f1,0.07692307692307693
tcn,cpr,1000000100000,seen,micro_f1,0.5503246753246753
tcn,cpr,1000000100000,unseen,bit_accuracy,0.841025641025641
tcn,cpr,1000000100000,unseen,exact_match,0.0
tcn,cpr,1000000100000,unseen,macro_f1,0.07692307692307693
tcn,cpr,1000000100000,unseen,micro_f1,0.5142857142857142
tcn,cpr,1000001000000,seen,bit_accuracy,0.8897435897435898
tcn,cpr,1000001000000,seen,exact_match,0.3333333333333333
tcn,cpr,1000001000000,seen,macro_f1,0.11609686609686609
tcn,cpr,1000001000000,seen,micro_f1,0.6682769726247987
tcn,cpr,1000001000000,unseen,bit_accuracy,0.8333333333333334
tcn,cpr,1000001000000,unseen,exact_match,0.06666666666666667
tcn,cpr,1000001000000,unseen,macro_f1,0.0811965811965812
tcn,cpr,1000001000000,unseen,micro_f1,0.4506919472594529
tcn,cpr,1000010000000,seen,bit_accuracy,0.8666666666666667
tcn,cpr,1000010000000,seen,exact_match,0.16666666666666666
tcn,cpr,1000010000000,seen,macro_f1,0.1217948717948718
tcn,cpr,1000010000000,seen,micro_f1,0.6424242424242425
tcn,cpr,1000010000000,unseen,bit_accuracy,0.8871794871794872
tcn,cpr,1000010000000,unseen,exact_match,0.0
tcn,cpr,1000010000000,unseen,macro_f1,0.09971509971509972
tcn,cpr,1000010000000,unseen,micro_f1,0.6288888888888889
tcn,cpr,1000100000000,seen,bit_accuracy,0.9076923076923077
tcn,cpr,1000100000000,seen,exact_match,0.13333333333333333
tcn,cpr,1000100000000,seen,macro_f1,0.09971509971509972
tcn,cpr,1000100000000,seen,micro_f1,0.6746031746031745
tcn,cpr,1000100000000,unseen,bit_accuracy,0.923076923076923
tcn,cpr,1000100000000,unseen,exact_match,0.0
tcn,cpr,1000100000000,unseen,macro_f1,0.09401709401709402
tcn,cpr,1000100000000,unseen,micro_f1,0.6944444444444443
tcn,cpr,1001000000000,seen,bit_accuracy,0.8974358974358975
tcn,cpr,1001000000000,seen,exact_match,0.19999999999999998
tcn,cpr,1001000000000,seen,macro_f1,0.10256410256410257
tcn,cpr,1001000000000,seen,micro_f1,0.6548821548821548
tcn,cpr,1001000000000,unseen,bit_accuracy,0.8717948717948718
tcn,cpr,1001000000000,unseen,exact_match,0.0
tcn,cpr,1001000000000,unseen,macro_f1,0.08547008547008546
tcn,cpr,1001000000000,unseen,micro_f1,0.5654761904761905
transformer,cpr,0000000000001,seen,bit_accuracy,0.7884615384615384
transformer,cpr,0000000000001,seen,exact_match,0.15
transformer,cpr,0000000000001,seen,macro_f1,0.04421433267587114
transformer,cpr,0000000000001,seen,micro_f1,0.30075858991521637
transformer,cpr,0000000000001,unseen,bit_accuracy,0.791025641025641
transformer,cpr,0000000000001,unseen,exact_match,0.05000000000000001
transformer,cpr,0000000000001,unseen,macro_f1,0.031492203535214286
transformer,cpr,0000000000001,unseen,micro_f1,0.1715035931453842
transformer,cpr,0000000000010,seen,bit_accuracy,0.8333333333333334
transformer,cpr,0000000000010,seen,exact_match,0.11666666666666665
transformer,cpr,0000000000010,seen,macro_f1,0.030389363722697054
transformer,cpr,0000000000010,seen,micro_f1,0.24185463659147868
transformer,cpr,0000000000010,unseen,bit_accuracy,0.8448717948717949
transformer,cpr,0000000000010,unseen,exact_match,0.03333333333333333
transformer,cpr,0000000000010,unseen,macro_f1,0.02355175688509022
transformer,cpr,0000000000010,unseen,micro_f1,0.16726296958855094
transformer,cpr,0000000000100,seen,bit_accuracy,0.8435897435897436
transformer,cpr,0000000000100,seen,exact_match,0.03333333333333333
transformer,cpr,0000000000100,seen,macro_f1,0.04785352153773206
transformer,cpr,0000000000100,seen,micro_f1,0.3824372759856631
transformer,cpr,0000000000100,unseen,bit_accuracy,0.7846153846153846
transformer,cpr,0000000000100,unseen,exact_match,0.0
transformer,cpr,0000000000100,unseen,macro_f1,0.020512820512820513
transformer,cpr,0000000000100,unseen,micro_f1,0.10439605252426391
transformer,cpr,0000000001000,seen,bit_accuracy,0.8461538461538461
transformer,cpr,0000000001000,seen,exact_match,0.0
transformer,cpr,0000000001000,seen,macro_f1,0.01852328273732956
transformer,cpr,0000000001000,seen,micro_f1,0.11923890063424947
transformer,cpr,0000000001000,unseen,bit_accuracy,0.8141025641025642
transformer,cpr,0000000001000,unseen,exact_match,0.0
transformer,cpr,0000000001000,unseen,macro_f1,0.004884004884004884
transformer,cpr,0000000001000,unseen,micro_f1,0.02700490998363339
transformer,cpr,0000000001001,seen,bit_accuracy,0.8128205128205129
transformer,cpr,0000000001001,seen,exact_match,0.0
transformer,cpr,0000000001001,seen,macro_f1,0.08231583231583232
transformer,cpr,0000000001001,seen,micro_f1,0.4447988658514974
transformer,cpr,0000000001001,unseen,bit_accuracy,0.7794871794871795
transformer,cpr,0000000001001,unseen,exact_match,0.0
transformer,cpr,0000000001001,unseen,macro_f1,0.06196581196581197
transformer,cpr,0000000001001,unseen,micro_f1,0.3365942028985507
transformer,cpr,0000000001010,seen,bit_accuracy,0.8538461538461538
transformer,cpr,0000000001010,seen,exact_match,0.26666666666666666
transformer,cpr,0000000001010,seen,macro_f1,0.1108058608058608
transformer,cpr,0000000001010,seen,micro_f1,0.6101010101010101
transformer,cpr,0000000001010,unseen,bit_accuracy,0.8025641025641025
transformer,cpr,0000000001010,unseen,exact_match,0.13333333333333333
transformer,cpr,0000000001010,unseen,macro_f1,0.10185185185185185
transformer,cpr,0000000001010,unseen,micro_f1,0.48836187966622746
transformer,cpr,0000000001100,seen,bit_accuracy,0.8205128205128206
transformer,cpr,0000000001100,seen,exact_match,0.13333333333333333
transformer,cpr,0000000001100,seen,macro_f1,0.09116809116809117
transformer,cpr,0000000001100,seen,micro_f1,0.4898550724637681
transformer,cpr,0000000001100,unseen,bit_accuracy,0.8435897435897436
transformer,cpr,0000000001100,unseen,exact_match,0.0
transformer,cpr,0000000001100,unseen,macro_f1,0.11721611721611723
transformer,cpr,0000000001100,unseen,micro_f1,0.5824915824915825
transformer,cpr,0000000010000,seen,bit_accuracy,0.9538461538461539
transformer,cpr,0000000010000,seen,exact_match,0.4166666666666667
transformer,cpr,0000000010000,seen,macro_f1,0.05062458908612755
transformer,cpr,0000000010000,seen,micro_f1,0.5531914893617021
transformer,cpr,0000000010000,unseen,bit_accuracy,0.8846153846153847
transformer,cpr,0000000010000,unseen,exact_match,0.2333333333333333
transformer,cpr,0000000010000,unseen,macro_f1,0.05062458908612755
transformer,cpr,0000000010000,unseen,micro_f1,0.48449210192551595
transformer,cpr,0000000010100,seen,bit_accuracy,0.8256410256410257
transformer,cpr,0000000010100,seen,exact_match,0.06666666666666667
transformer,cpr,0000000010100,seen,macro_f1,0.10826210826210825
transformer,cpr,0000000010100,seen,micro_f1,0.5402298850574713
transformer,cpr,0000000010100,unseen,bit_accuracy,0.8051282051282053
transformer,cpr,0000000010100,unseen,exact_match,0.0
transformer,cpr,0000000010100,unseen,macro_f1,0.10012210012210011
transformer,cpr,0000000010100,unseen,micro_f1,0.4877777777777778
transformer,cpr,0000000011000,seen,bit_accuracy,0.8564102564102564
transformer,cpr,0000000011000,seen,exact_match,0.0
transformer,cpr,0000000011000,seen,macro_f1,0.10256410256410257
transformer,cpr,0000000011000,seen,micro_f1,0.5740740740740741
transformer,cpr,0000000011000,unseen,bit_accuracy,0.8358974358974359
transformer,cpr,0000000011000,unseen,exact_match,0.0
transformer,cpr,0000000011000,unseen,macro_f1,0.09116809116809116
transformer,cpr,0000000011000,unseen,micro_f1,0.5194444444444445
transformer,cpr,0000000100000,seen,bit_accuracy,0.9128205128205128
transformer,cpr,0000000100000,seen,exact_match,0.45
transformer,cpr,0000000100000,seen,macro_f1,0.07692307692307693
transformer,cpr,0000000100000,seen,micro_f1,0.7220908852114526
transformer,cpr,0000000100000,unseen,bit_accuracy,0.8576923076923076
transformer,cpr,0000000100000,unseen,exact_match,0.049999999999999996
transformer,cpr,0000000100000,unseen,macro_f1,0.07692307692307693
transformer,cpr,0000000100000,unseen,micro_f1,0.5268336314847942
transformer,cpr,0000000100001,seen,bit_accuracy,0.8717948717948718
transformer,cpr,0000000100001,seen,exact_match,0.13333333333333333
transformer,cpr,0000000100001,seen,macro_f1,0.12820512820512822
transformer,cpr,0000000100001,seen,micro_f1,0.6675213675213675
transformer,cpr,0000000100001,unseen,bit_accuracy,0.7717948717948717
transformer,cpr,0000000100001,unseen,exact_match,0.0
transformer,cpr,0000000100001,unseen,macro_f1,0.07692307692307693
transformer,cpr,0000000100001,unseen,micro_f1,0.40814740814740813
transformer,cpr,0000000100010,seen,bit_accuracy,0.8205128205128206
transformer,cpr,0000000100010,seen,exact_match,0.06666666666666667
transformer,cpr,0000000100010,seen,macro_f1,0.09615384615384615
transformer,cpr,0000000100010,seen,micro_f1,0.5289739500265817
transformer,cpr,0000000100010,unseen,bit_accuracy,0.7538461538461538
transformer,cpr,0000000100010,unseen,exact_match,0.0
transformer,cpr,0000000100010,unseen,macro_f1,0.07692307692307693
transformer,cpr,0000000100010,unseen,micro_f1,0.4054834054834055
transformer,cpr,0000000100100,seen,bit_accuracy,0.8307692307692308
transformer,cpr,0000000100100,seen,exact_match,0.0
transformer,cpr,0000000100100,seen,macro_f1,0.11111111111111112
transformer,cpr,0000000100100,seen,micro_f1,0.5541599570585077
transformer,cpr,0000000100100,unseen,bit_accuracy,0.7435897435897436
transformer,cpr,0000000100100,unseen,exact_match,0.0
transformer,cpr,0000000100100,unseen,macro_f1,0.07692307692307693
transformer,cpr,0000000100100,unseen,micro_f1,0.3824275362318841
transformer,cpr,0000000101000,seen,bit_accuracy,0.7923076923076923
transformer,cpr,0000000101000,seen,exact_match,0.0
transformer,cpr,0000000101000,seen,macro_f1,0.07692307692307693
transformer,cpr,0000000101000,seen,micro_f1,0.4278684278684279
transformer,cpr,0000000101000,unseen,bit_accuracy,0.7846153846153846
transformer,cpr,0000000101000,unseen,exact_match,0.0
transformer,cpr,0000000101000,unseen,macro_f1,0.07692307692307693
transformer,cpr,0000000101000,unseen,micro_f1,0.4292929292929293
transformer,cpr,0000000110000,seen,bit_accuracy,0.8589743589743589
transformer,cpr,0000000110000,seen,exact_match,0.26666666666666666
transformer,cpr,0000000110000,seen,macro_f1,0.14245014245014245
transformer,cpr,0000000110000,seen,micro_f1,0.6816239316239315
transformer,cpr,0000000110000,unseen,bit_accuracy,0.7512820512820513
transformer,cpr,0000000110000,unseen,exact_match,0.0
transformer,cpr,0000000110000,unseen,macro_f1,0.07692307692307693
transformer,cpr,0000000110000,unseen,micro_f1,0.3835578002244669
transformer,cpr,0000001000000,seen,bit_accuracy,0.8782051282051282
transformer,cpr,0000001000000,seen,exact_match,0.05000000000000001
transformer,cpr,0000001000000,seen,macro_f1,0.0762656147271532
transformer,cpr,0000001000000,seen,micro_f1,0.5632039573820395
transformer,cpr,0000001000000,unseen,bit_accuracy,0.8743589743589744
transformer,cpr,0000001000000,unseen,exact_match,0.19999999999999998
transformer,cpr,0000001000000,unseen,macro_f1,0.07692307692307693
transformer,cpr,0000001000000,unseen,micro_f1,0.5602624447297104
transformer,cpr,0000001000001,seen,bit_accuracy,0.8717948717948718
transformer,cpr,0000001000001,seen,exact_match,0.06666666666666667
transformer,cpr,0000001000001,seen,macro_f1,0.12820512820512822
transformer,cpr,0000001000001,seen,micro_f1,0.6516754850088183
transformer,cpr,0000001000001,unseen,bit_accuracy,0.7743589743589744
transformer,cpr,0000001000001,unseen,exact_match,0.0
transformer,cpr,0000001000001,unseen,macro_f1,0.07692307692307693
transformer,cpr,0000001000001,unseen,micro_f1,0.4055555555555556
transformer,cpr,0000001000010,seen,bit_accuracy,0.8794871794871795
transformer,cpr,0000001000010,seen,exact_match,0.26666666666666666
transformer,cpr,0000001000010,seen,macro_f1,0.10826210826210825
transformer,cpr,0000001000010,seen,micro_f1,0.6338624338624338
transformer,cpr,0000001000010,unseen,bit_accuracy,0.8102564102564104
transformer,cpr,0000001000010,unseen,exact_match,0.0
transformer,cpr,0000001000010,unseen,macro_f1,0.07692307692307693
transformer,cpr,0000001000010,unseen,micro_f1,0.45369946605644546
transformer,cpr,0000001000100,seen,bit_accuracy,0.817948717948718
transformer,cpr,0000001000100,seen,exact_match,0.0
transformer,cpr,0000001000100,seen,macro_f1,0.10256410256410257
transformer,cpr,0000001000100,seen,micro_f1,0.5291375291375292
transformer,cpr,0000001000100,unseen,bit_accuracy,0.8564102564102565
transformer,cpr,0000001000100,unseen,exact_match,0.0
transformer,cpr,0000001000100,unseen,macro_f1,0.07692307692307693
transformer,cpr,0000001000100,unseen,micro_f1,0.5407407407407407
transformer,cpr,0000001001000,seen,bit_accuracy,0.8128205128205129
transformer,cpr,0000001001000,seen,exact_match,0.0
transformer,cpr,0000001001000,seen,macro_f1,0.07692307692307693
transformer,cpr,0000001001000,seen,micro_f1,0.45180584311019095
transformer,cpr,0000001001000,unseen,bit_accuracy,0.7871794871794872
transformer,cpr,0000001001000,unseen,exact_match,0.0
transformer,cpr,0000001001000,unseen,macro_f1,0.07692307692307693
transformer,cpr,0000001001000,unseen,micro_f1,0.42128081258516037
transformer,cpr,0000001010000,seen,bit_accuracy,0.9282051282051281
transformer,cpr,0000001010000,seen,exact_match,0.6666666666666666
transformer,cpr,0000001010000,seen,macro_f1,0.12820512820512822
transformer,cpr,0000001010000,seen,micro_f1,0.8055555555555557
transformer,cpr,0000001010000,unseen,bit_accuracy,0.8435897435897436
transformer,cpr,0000001010000,unseen,exact_match,0.0
transformer,cpr,0000001010000,unseen,macro_f1,0.09157509157509158
transformer,cpr,0000001010000,unseen,micro_f1,0.5299823633156966
transformer,cpr,0000010000000,seen,bit_accuracy,0.8307692307692308
transformer,cpr,0000010000000,seen,exact_match,0.016666666666666666
transformer,cpr,0000010000000,seen,macro_f1,0.05945336714567484
transformer,cpr,0000010000000,seen,micro_f1,0.36779661016949156
transformer,cpr,0000010000000,unseen,bit_accuracy,0.817948717948718
transformer,cpr,0000010000000,unseen,exact_match,0.0
transformer,cpr,0000010000000,unseen,macro_f1,0.06391993571480752
transformer,cpr,0000010000000,unseen,micro_f1,0.39240460685258505
transformer,cpr,0000010000010,seen,bit_accuracy,0.8487179487179487
transformer,cpr,0000010000010,seen,exact_match,0.06666666666666667
transformer,cpr,0000010000010,seen,macro_f1,0.1047008547008547
transformer,cpr,0000010000010,seen,micro_f1,0.5493025493025493
transformer,cpr,0000010000010,unseen,bit_accuracy,0.817948717948718
transformer,cpr,0000010000010,unseen,exact_match,0.0
transformer,cpr,0000010000010,unseen,macro_f1,0.07692307692307693
transformer,cpr,0000010000010,unseen,micro_f1,0.45974235104669886
transformer,cpr,0000010000100,seen,bit_accuracy,0.8692307692307693
transformer,cpr,0000010000100,seen,exact_match,0.0
transformer,cpr,0000010000100,seen,macro_f1,0.11324786324786325
transformer,cpr,0000010000100,seen,micro_f1,0.615831517792302
transformer,cpr,0000010000100,unseen,bit_accuracy,0.8564102564102564
transformer,cpr,0000010000100,unseen,exact_match,0.0
transformer,cpr,0000010000100,unseen,macro_f1,0.08547008547008546
transformer,cpr,0000010000100,unseen,micro_f1,0.5185185185185185
transformer,cpr,0000010001000,seen,bit_accuracy,0.8717948717948718
transformer,cpr,0000010001000,seen,exact_match,0.06666666666666667
transformer,cpr,0000010001000,seen,macro_f1,0.10256410256410257
transformer,cpr,0000010001000,seen,micro_f1,0.6031746031746031
transformer,cpr,0000010001000,unseen,bit_accuracy,0.8256410256410257
transformer,cpr,0000010001000,unseen,exact_match,0.0
transformer,cpr,0000010001000,unseen,macro_f1,0.06837606837606837
transformer,cpr,0000010001000,unseen,micro_f1,0.425438596491228
transformer,cpr,0000010010000,seen,bit_accuracy,0.8384615384615385
transformer,cpr,0000010010000,seen,exact_match,0.06666666666666667
transformer,cpr,0000010010000,seen,macro_f1,0.12250712250712249
transformer,cpr,0000010010000,seen,micro_f1,0.6012121212121212
transformer,cpr,0000010010000,unseen,bit_accuracy,0.8461538461538461
transformer,cpr,0000010010000,unseen,exact_match,0.06666666666666667
transformer,cpr,0000010010000,unseen,macro_f1,0.08017908017908017
transformer,cpr,0000010010000,unseen,micro_f1,0.4852941176470589
transformer,cpr,0000010100000,seen,bit_accuracy,0.8948717948717949
transformer,cpr,0000010100000,seen,exact_match,0.13333333333333333
transformer,cpr,0000010100000,seen,macro_f1,0.1282051282051282
transformer,cpr,0000010100000,seen,micro_f1,0.6888888888888888
transformer,cpr,0000010100000,unseen,bit_accuracy,0.7717948717948717
transformer,cpr,0000010100000,unseen,exact_match,0.0
transformer,cpr,0000010100000,unseen,macro_f1,0.07692307692307693
transformer,cpr,0000010100000,unseen,micro_f1,0.4045584045584046
transformer,cpr,0000011000000,seen,bit_accuracy,0.8000000000000002
transformer,cpr,0000011000000,seen,exact_match,0.0
transformer,cpr,0000011000000,seen,macro_f1,0.07692307692307693
transformer,cpr,0000011000000,seen,micro_f1,0.4421052631578948
transformer,cpr,0000011000000,unseen,bit_accuracy,0.8128205128205129
transformer,cpr,0000011000000,unseen,exact_match,0.0
transformer,cpr,0000011000000,unseen,macro_f1,0.07692307692307693
transformer,cpr,0000011000000,unseen,micro_f1,0.45180584311019095
transformer,cpr,0000100000000,seen,bit_accuracy,0.8782051282051282
transformer,cpr,0000100000000,seen,exact_match,0.18333333333333335
transformer,cpr,0000100000000,seen,macro_f1,0.07692307692307693
transformer,cpr,0000100000000,seen,micro_f1,0.5974172719935432
transformer,cpr,0000100000000,unseen,bit_accuracy,0.9025641025641026
transformer,cpr,0000100000000,unseen,exact_match,0.049999999999999996
transformer,cpr,0000100000000,unseen,macro_f1,0.07692307692307693
transformer,cpr,0000100000000,unseen,micro_f1,0.6141836305770733
transformer,cpr,0000100000001,seen,bit_accuracy,0.8692307692307693
transformer,cpr,0000100000001,seen,exact_match,0.26666666666666666
transformer,cpr,0000100000001,seen,macro_f1,0.12535612535612536
transformer,cpr,0000100000001,seen,micro_f1,0.6742424242424242
transformer,cpr,0000100000001,unseen,bit_accuracy,0.8102564102564104
transformer,cpr,0000100000001,unseen,exact_match,0.0
transformer,cpr,0000100000001,unseen,macro_f1,0.07692307692307693
transformer,cpr,0000100000001,unseen,micro_f1,0.4507936507936508
transformer,cpr,0000100000100,seen,bit_accuracy,0.858974358974359
transformer,cpr,0000100000100,seen,exact_match,0.06666666666666667
transformer,cpr,0000100000100,seen,macro_f1,0.10622710622710622
transformer,cpr,0000100000100,seen,micro_f1,0.5824915824915825
transformer,cpr,0000100000100,unseen,bit_accuracy,0.8102564102564104
transformer,cpr,0000100000100,unseen,exact_match,0.0
transformer,cpr,0000100000100,unseen,macro_f1,0.07692307692307693
transformer,cpr,0000100000100,unseen,micro_f1,0.4507936507936508
transformer,cpr,0000100001000,seen,bit_accuracy,0.8487179487179487
transformer,cpr,0000100001000,seen,exact_match,0.0
transformer,cpr,0000100001000,seen,macro_f1,0.09401709401709402
transformer,cpr,0000100001000,seen,micro_f1,0.5516339869281045
transformer,cpr,0000100001000,unseen,bit_accuracy,0.8333333333333334
transformer,cpr,0000100001000,unseen,exact_match,0.0
transformer,cpr,0000100001000,unseen,macro_f1,0.07692307692307693
transformer,cpr,0000100001000,unseen,micro_f1,0.4823169033695349
transformer,cpr,0000100010000,seen,bit_accuracy,0.9205128205128205
transformer,cpr,0000100010000,seen,exact_match,0.26666666666666666
transformer,cpr,0000100010000,seen,macro_f1,0.150997150997151
transformer,cpr,0000100010000,seen,micro_f1,0.79988455988456
transformer,cpr,0000100010000,unseen,bit_accuracy,0.8717948717948718
transformer,cpr,0000100010000,unseen,exact_match,0.0
transformer,cpr,0000100010000,unseen,macro_f1,0.11721611721611723
transformer,cpr,0000100010000,unseen,micro_f1,0.6303030303030304
transformer,cpr,0000100100000,seen,bit_accuracy,0.9794871794871796
transformer,cpr,0000100100000,seen,exact_match,0.7333333333333334
transformer,cpr,0000100100000,seen,macro_f1,0.15384615384615385
transformer,cpr,0000100100000,seen,micro_f1,0.9393939393939394
transformer,cpr,0000100100000,unseen,bit_accuracy,0.8153846153846155
transformer,cpr,0000100100000,unseen,exact_match,0.0
transformer,cpr,0000100100000,unseen,macro_f1,0.10826210826210825
transformer,cpr,0000100100000,unseen,micro_f1,0.5356989247311827
transformer,cpr,0000101000000,seen,bit_accuracy,0.9948717948717949
transformer,cpr,0000101000000,seen,exact_match,0.9333333333333332
transformer,cpr,0000101000000,seen,macro_f1,0.15384615384615385
transformer,cpr,0000101000000,seen,micro_f1,0.9841269841269842
transformer,cpr,0000101000000,unseen,bit_accuracy,0.9435897435897437
transformer,cpr,0000101000000,unseen,exact_match,0.5333333333333333
transformer,cpr,0000101000000,unseen,macro_f1,0.12820512820512822
transformer,cpr,0000101000000,unseen,micro_f1,0.8118022328548644
transformer,cpr,0001000000000,seen,bit_accuracy,0.9410256410256411
transformer,cpr,0001000000000,seen,exact_match,0.26666666666666666
transformer,cpr,0001000000000,seen,macro_f1,0.07484407484407485
transformer,cpr,0001000000000,seen,micro_f1,0.7219538378958669
transformer,cpr,0001000000000,unseen,bit_accuracy,0.8910256410256411
transformer,cpr,0001000000000,unseen,exact_match,0.16666666666666666
transformer,cpr,0001000000000,unseen,macro_f1,0.04621814966642553
transformer,cpr,0001000000000,unseen,micro_f1,0.41503546099290783
transformer,cpr,0001000000001,seen,bit_accuracy,0.8974358974358975
transformer,cpr,0001000000001,seen,exact_match,0.3666666666666667
transformer,cpr,0001000000001,seen,macro_f1,0.11965811965811966
transformer,cpr,0001000000001,seen,micro_f1,0.6882154882154882
transformer,cpr,0001000000001,unseen,bit_accuracy,0.8333333333333334
transformer,cpr,0001000000001,unseen,exact_match,0.13333333333333333
transformer,cpr,0001000000001,unseen,macro_f1,0.1168091168091168
transformer,cpr,0001000000001,unseen,micro_f1,0.5827505827505828
transformer,cpr,0001000000100,seen,bit_accuracy,0.8153846153846155
transformer,cpr,0001000000100,seen,exact_match,0.06666666666666667
transformer,cpr,0001000000100,seen,macro_f1,0.08547008547008546
transformer,cpr,0001000000100,seen,micro_f1,0.5126262626262627
transformer,cpr,0001000000100,unseen,bit_accuracy,0.7999999999999999
transformer,cpr,0001000000100,unseen,exact_match,0.0
transformer,cpr,0001000000100,unseen,macro_f1,0.07692307692307693
transformer,cpr,0001000000100,unseen,micro_f1,0.46437198067632846
transformer,cpr,0001000001000,seen,bit_accuracy,0.8653846153846154
transformer,cpr,0001000001000,seen,exact_match,0.0
transformer,cpr,0001000001000,seen,macro_f1,0.07692307692307693
transformer,cpr,0001000001000,seen,micro_f1,0.5384615384615384
transformer,cpr,0001000001000,unseen,bit_accuracy,0.8141025641025642
transformer,cpr,0001000001000,unseen,exact_match,0.0
transformer,cpr,0001000001000,unseen,macro_f1,0.07692307692307693
transformer,cpr,0001000001000,unseen,micro_f1,0.46565656565656566
transformer,cpr,0001000010000,seen,bit_accuracy,0.9128205128205128
transformer,cpr,0001000010000,seen,exact_match,0.26666666666666666
transformer,cpr,0001000010000,seen,macro_f1,0.11721611721611723
transformer,cpr,0001000010000,seen,micro_f1,0.7263492063492064
transformer,cpr,0001000010000,unseen,bit_accuracy,0.9
transformer,cpr,0001000010000,unseen,exact_match,0.06666666666666667
transformer,cpr,0001000010000,unseen,macro_f1,0.13888888888888887
transformer,cpr,0001000010000,unseen,micro_f1,0.721056721056721
transformer,cpr,0001000100000,seen,bit_accuracy,0.9025641025641026
transformer,cpr,0001000100000,seen,exact_match,0.26666666666666666
transformer,cpr,0001000100000,seen,macro_f1,0.12576312576312576
transformer,cpr,0001000100000,seen,micro_f1,0.6962481962481962
transformer,cpr,0001000100000,unseen,bit_accuracy,0.8205128205128206
transformer,cpr,0001000100000,unseen,exact_match,0.0
transformer,cpr,0001000100000,unseen,macro_f1,0.06837606837606837
transformer,cpr,0001000100000,unseen,micro_f1,0.4388888888888889
transformer,cpr,0001001000000,seen,bit_accuracy,0.9461538461538462
transformer,cpr,0001001000000,seen,exact_match,0.4666666666666666
transformer,cpr,0001001000000,seen,macro_f1,0.11965811965811966
transformer,cpr,0001001000000,seen,micro_f1,0.7538239538239537
transformer,cpr,0001001000000,unseen,bit_accuracy,0.8794871794871795
transformer,cpr,0001001000000,unseen,exact_match,0.13333333333333333
transformer,cpr,0001001000000,unseen,macro_f1,0.09116809116809116
transformer,cpr,0001001000000,unseen,micro_f1,0.564043799337917
transformer,cpr,0001010000000,seen,bit_accuracy,0.8102564102564104
transformer,cpr,0001010000000,seen,exact_match,0.0
transformer,cpr,0001010000000,seen,macro_f1,0.08262108262108263
transformer,cpr,0001010000000,seen,micro_f1,0.477037037037037
transformer,cpr,0001010000000,unseen,bit_accuracy,0.7666666666666666
transformer,cpr,0001010000000,unseen,exact_match,0.0
transformer,cpr,0001010000000,unseen,macro_f1,0.06552706552706553
transformer,cpr,0001010000000,unseen,micro_f1,0.33465608465608465
transformer,cpr,0001100000000,seen,bit_accuracy,0.8102564102564104
transformer,cpr,0001100000000,seen,exact_match,0.26666666666666666
transformer,cpr,0001100000000,seen,macro_f1,0.07448107448107448
transformer,cpr,0001100000000,seen,micro_f1,0.4351073762838469
transformer,cpr,0001100000000,unseen,bit_accuracy,0.817948717948718
transformer,cpr,0001100000000,unseen,exact_match,0.0
transformer,cpr,0001100000000,unseen,macro_f1,0.08547008547008546
transformer,cpr,0001100000000,unseen,micro_f1,0.41917211328976034
transformer,cpr,0010000000000,seen,bit_accuracy,0.8897435897435898
transformer,cpr,0010000000000,seen,exact_match,0.016666666666666666
transformer,cpr,0010000000000,seen,macro_f1,0.07051282051282053
transformer,cpr,0010000000000,seen,micro_f1,0.5608869791252221
transformer,cpr,0010000000000,unseen,bit_accuracy,0.8717948717948718
transformer,cpr,0010000000000,unseen,exact_match,0.15
transformer,cpr,0010000000000,unseen,macro_f1,0.06843381843381845
transformer,cpr,0010000000000,unseen,micro_f1,0.5058275058275058
transformer,cpr,0010000000001,seen,bit_accuracy,0.9384615384615386
transformer,cpr,0010000000001,seen,exact_match,0.26666666666666666
transformer,cpr,0010000000001,seen,macro_f1,0.1217948717948718
transformer,cpr,0010000000001,seen,micro_f1,0.7792207792207791
transformer,cpr,0010000000001,unseen,bit_accuracy,0.8230769230769232
transformer,cpr,0010000000001,unseen,exact_match,0.0
transformer,cpr,0010000000001,unseen,macro_f1,0.07692307692307693
transformer,cpr,0010000000001,unseen,micro_f1,0.47222222222222227
transformer,cpr,0010000000100,seen,bit_accuracy,0.8461538461538461
transformer,cpr,0010000000100,seen,exact_match,0.0
transformer,cpr,0010000000100,seen,macro_f1,0.10012210012210011
transformer,cpr,0010000000100,seen,micro_f1,0.5429292929292929
transformer,cpr,0010000000100,unseen,bit_accuracy,0.841025641025641
transformer,cpr,0010000000100,unseen,exact_match,0.0
transformer,cpr,0010000000100,unseen,macro_f1,0.09401709401709402
transformer,cpr,0010000000100,unseen,micro_f1,0.5253968253968254
transformer,cpr,0010000001000,seen,bit_accuracy,0.8743589743589744
transformer,cpr,0010000001000,seen,exact_match,0.0
transformer,cpr,0010000001000,seen,macro_f1,0.10256410256410257
transformer,cpr,0010000001000,seen,micro_f1,0.5994152046783626
transformer,cpr,0010000001000,unseen,bit_accuracy,0.7602564102564102
transformer,cpr,0010000001000,unseen,exact_match,0.0
transformer,cpr,0010000001000,unseen,macro_f1,0.07692307692307693
transformer,cpr,0010000001000,unseen,micro_f1,0.3941798941798942
transformer,cpr,0010000010000,seen,bit_accuracy,0.8923076923076924
transformer,cpr,0010000010000,seen,exact_match,0.20000000000000004
transformer,cpr,0010000010000,seen,macro_f1,0.12962962962962962
transformer,cpr,0010000010000,seen,micro_f1,0.6911433172302738
transformer,cpr,0010000010000,unseen,bit_accuracy,0.7692307692307692
transformer,cpr,0010000010000,unseen,exact_match,0.0
transformer,cpr,0010000010000,unseen,macro_f1,0.08760683760683761
transformer,cpr,0010000010000,unseen,micro_f1,0.4020703933747412
transformer,cpr,0010000100000,seen,bit_accuracy,0.9128205128205128
transformer,cpr,0010000100000,seen,exact_match,0.2333333333333333
transformer,cpr,0010000100000,seen,macro_f1,0.14743589743589744
transformer,cpr,0010000100000,seen,micro_f1,0.7666666666666666
transformer,cpr,0010000100000,unseen,bit_accuracy,0.7974358974358974
transformer,cpr,0010000100000,unseen,exact_match,0.06666666666666667
transformer,cpr,0010000100000,unseen,macro_f1,0.10195360195360197
transformer,cpr,0010000100000,unseen,micro_f1,0.4382716049382716
transformer,cpr,0010001000000,seen,bit_accuracy,0.8897435897435898
transformer,cpr,0010001000000,seen,exact_match,0.19999999999999998
transformer,cpr,0010001000000,seen,macro_f1,0.11965811965811966
transformer,cpr,0010001000000,seen,micro_f1,0.6451819785153118
transformer,cpr,0010001000000,unseen,bit_accuracy,0.8717948717948718
transformer,cpr,0010001000000,unseen,exact_match,0.06666666666666667
transformer,cpr,0010001000000,unseen,macro_f1,0.1168091168091168
transformer,cpr,0010001000000,unseen,micro_f1,0.6314574314574314
transformer,cpr,0010010000000,seen,bit_accuracy,0.7948717948717948
transformer,cpr,0010010000000,seen,exact_match,0.0
transformer,cpr,0010010000000,seen,macro_f1,0.08547008547008546
transformer,cpr,0010010000000,seen,micro_f1,0.43333333333333335
transformer,cpr,0010010000000,unseen,bit_accuracy,0.8102564102564104
transformer,cpr,0010010000000,unseen,exact_match,0.0
transformer,cpr,0010010000000,unseen,macro_f1,0.08547008547008546
transformer,cpr,0010010000000,unseen,micro_f1,0.4504830917874396
transformer,cpr,0100000000000,seen,bit_accuracy,0.8346153846153846
transformer,cpr,0100000000000,seen,exact_match,0.016666666666666666
transformer,cpr,0100000000000,seen,macro_f1,0.025641025641025644
transformer,cpr,0100000000000,seen,micro_f1,0.1794871794871795
transformer,cpr,0100000000000,unseen,bit_accuracy,0.8448717948717949
transformer,cpr,0100000000000,unseen,exact_match,0.0
transformer,cpr,0100000000000,unseen,macro_f1,0.002442002442002442
transformer,cpr,0100000000000,unseen,micro_f1,0.012578616352201257
transformer,cpr,0100000000010,seen,bit_accuracy,0.8256410256410257
transformer,cpr,0100000000010,seen,exact_match,0.0
transformer,cpr,0100000000010,seen,macro_f1,0.1168091168091168
transformer,cpr,0100000000010,seen,micro_f1,0.5335632183908046
transformer,cpr,0100000000010,unseen,bit_accuracy,0.8076923076923078
transformer,cpr,0100000000010,unseen,exact_match,0.0
transformer,cpr,0100000000010,unseen,macro_f1,0.06837606837606837
transformer,cpr,0100000000010,unseen,micro_f1,0.38095238095238093
transformer,cpr,0100000000100,seen,bit_accuracy,0.9
transformer,cpr,0100000000100,seen,exact_match,0.06666666666666667
transformer,cpr,0100000000100,seen,macro_f1,0.14458689458689458
transformer,cpr,0100000000100,seen,micro_f1,0.7348484848484849
transformer,cpr,0100000000100,unseen,bit_accuracy,0.7999999999999999
transformer,cpr,0100000000100,unseen,exact_match,0.0
transformer,cpr,0100000000100,unseen,macro_f1,0.1108058608058608
transformer,cpr,0100000000100,unseen,micro_f1,0.5055555555555555
transformer,cpr,0100000001000,seen,bit_accuracy,0.7589743589743589
transformer,cpr,0100000001000,seen,exact_match,0.0
transformer,cpr,0100000001000,seen,macro_f1,0.06308506308506308
transformer,cpr,0100000001000,seen,micro_f1,0.32701754385964915
transformer,cpr,0100000001000,unseen,bit_accuracy,0.7974358974358974
transformer,cpr,0100000001000,unseen,exact_match,0.0
transformer,cpr,0100000001000,unseen,macro_f1,0.05128205128205129
transformer,cpr,0100000001000,unseen,micro_f1,0.3181818181818182
transformer,cpr,0100000010000,seen,bit_accuracy,0.8461538461538461
transformer,cpr,0100000010000,seen,exact_match,0.19999999999999998
transformer,cpr,0100000010000,seen,macro_f1,0.11396011396011395
transformer,cpr,0100000010000,seen,micro_f1,0.5893939393939394
transformer,cpr,0100000010000,unseen,bit_accuracy,0.7948717948717948
transformer,cpr,0100000010000,unseen,exact_match,0.0
transformer,cpr,0100000010000,unseen,macro_f1,0.05128205128205129
transformer,cpr,0100000010000,unseen,micro_f1,0.3
transformer,cpr,0100000100000,seen,bit_accuracy,0.8692307692307693
transformer,cpr,0100000100000,seen,exact_match,0.0
transformer,cpr,0100000100000,seen,macro_f1,0.10866910866910867
transformer,cpr,0100000100000,seen,micro_f1,0.6031746031746031
transformer,cpr,0100000100000,unseen,bit_accuracy,0.8307692307692308
transformer,cpr,0100000100000,unseen,exact_match,0.0
transformer,cpr,0100000100000,unseen,macro_f1,0.07692307692307693
transformer,cpr,0100000100000,unseen,micro_f1,0.4809941520467836
transformer,cpr,0100001000000,seen,bit_accuracy,0.8974358974358975
transformer,cpr,0100001000000,seen,exact_match,0.13333333333333333
transformer,cpr,0100001000000,seen,macro_f1,0.14814814814814814
transformer,cpr,0100001000000,seen,micro_f1,0.7462904911180773
transformer,cpr,0100001000000,unseen,bit_accuracy,0.8205128205128206
transformer,cpr,0100001000000,unseen,exact_match,0.0
transformer,cpr,0100001000000,unseen,macro_f1,0.07692307692307693
transformer,cpr,0100001000000,unseen,micro_f1,0.4631093544137022
transformer,cpr,0100010000000,seen,bit_accuracy,0.9564102564102565
transformer,cpr,0100010000000,seen,exact_match,0.5
transformer,cpr,0100010000000,seen,macro_f1,0.150997150997151
transformer,cpr,0100010000000,seen,micro_f1,0.8746261789740051
transformer,cpr,0100010000000,unseen,bit_accuracy,0.8692307692307693
transformer,cpr,0100010000000,unseen,exact_match,0.06666666666666667
transformer,cpr,0100010000000,unseen,macro_f1,0.11253561253561255
transformer,cpr,0100010000000,unseen,micro_f1,0.6030636030636031
transformer,cpr,1000000000000,seen,bit_accuracy,0.8807692307692307
transformer,cpr,1000000000000,seen,exact_match,0.2333333333333333
transformer,cpr,1000000000000,seen,macro_f1,0.03529087400055142
transformer,cpr,1000000000000,seen,micro_f1,0.30793650793650795
transformer,cpr,1000000000000,unseen,bit_accuracy,0.841025641025641
transformer,cpr,1000000000000,unseen,exact_match,0.03333333333333333
transformer,cpr,1000000000000,unseen,macro_f1,0.004662004662004662
transformer,cpr,1000000000000,unseen,micro_f1,0.03809523809523809
transformer,cpr,1000000000001,seen,bit_accuracy,0.8307692307692308
transformer,cpr,1000000000001,seen,exact_match,0.0
transformer,cpr,1000000000001,seen,macro_f1,0.08587708587708587
transformer,cpr,1000000000001,seen,micro_f1,0.48260869565217385
transformer,cpr,1000000000001,unseen,bit_accuracy,0.7871794871794872
transformer,cpr,1000000000001,unseen,exact_match,0.0
transformer,cpr,1000000000001,unseen,macro_f1,0.07448107448107448
transformer,cpr,1000000000001,unseen,micro_f1,0.3814814814814815
transformer,cpr,1000000000010,seen,bit_accuracy,0.8230769230769232
transformer,cpr,1000000000010,seen,exact_match,0.06666666666666667
transformer,cpr,1000000000010,seen,macro_f1,0.07773707773707773
transformer,cpr,1000000000010,seen,micro_f1,0.43975155279503103
transformer,cpr,1000000000010,unseen,bit_accuracy,0.8358974358974359
transformer,cpr,1000000000010,unseen,exact_match,0.0
transformer,cpr,1000000000010,unseen,macro_f1,0.09116809116809116
transformer,cpr,1000000000010,unseen,micro_f1,0.4870327993897788
transformer,cpr,1000000000100,seen,bit_accuracy,0.8102564102564104
transformer,cpr,1000000000100,seen,exact_match,0.0
transformer,cpr,1000000000100,seen,macro_f1,0.09045584045584044
transformer,cpr,1000000000100,seen,micro_f1,0.46444444444444444
transformer,cpr,1000000000100,unseen,bit_accuracy,0.8256410256410257
transformer,cpr,1000000000100,unseen,exact_match,0.0
transformer,cpr,1000000000100,unseen,macro_f1,0.09615384615384616
transformer,cpr,1000000000100,unseen,micro_f1,0.5005367686527107
transformer,cpr,1000000001000,seen,bit_accuracy,0.7512820512820513
transformer,cpr,1000000001000,seen,exact_match,0.06666666666666667
transformer,cpr,1000000001000,seen,macro_f1,0.057387057387057384
transformer,cpr,1000000001000,seen,micro_f1,0.2774327122153209
transformer,cpr,1000000001000,unseen,bit_accuracy,0.7897435897435897
transformer,cpr,1000000001000,unseen,exact_match,0.0
transformer,cpr,1000000001000,unseen,macro_f1,0.053418803418803416
transformer,cpr,1000000001000,unseen,micro_f1,0.271911663216011
transformer,cpr,1000000010000,seen,bit_accuracy,0.8923076923076924
transformer,cpr,1000000010000,seen,exact_match,0.13333333333333333
transformer,cpr,1000000010000,seen,macro_f1,0.10012210012210011
transformer,cpr,1000000010000,seen,micro_f1,0.6345029239766081
transformer,cpr,1000000010000,unseen,bit_accuracy,0.8384615384615385
transformer,cpr,1000000010000,unseen,exact_match,0.0
transformer,cpr,1000000010000,unseen,macro_f1,0.07692307692307693
transformer,cpr,1000000010000,unseen,micro_f1,0.4957417310358487
transformer,cpr,1000000100000,seen,bit_accuracy,0.8692307692307693
transformer,cpr,1000000100000,seen,exact_match,0.3
transformer,cpr,1000000100000,seen,macro_f1,0.10866910866910867
transformer,cpr,1000000100000,seen,micro_f1,0.6361416361416361
transformer,cpr,1000000100000,unseen,bit_accuracy,0.8769230769230769
transformer,cpr,1000000100000,unseen,exact_match,0.0
transformer,cpr,1000000100000,unseen,macro_f1,0.07692307692307693
transformer,cpr,1000000100000,unseen,micro_f1,0.5661375661375662
transformer,cpr,1000001000000,seen,bit_accuracy,0.8461538461538461
transformer,cpr,1000001000000,seen,exact_match,0.2333333333333333
transformer,cpr,1000001000000,seen,macro_f1,0.12047212047212047
transformer,cpr,1000001000000,seen,micro_f1,0.596031746031746
transformer,cpr,1000001000000,unseen,bit_accuracy,0.8384615384615385
transformer,cpr,1000001000000,unseen,exact_match,0.0
transformer,cpr,1000001000000,unseen,macro_f1,0.07905982905982906
transformer,cpr,1000001000000,unseen,micro_f1,0.49322128851540614
transformer,cpr,1000010000000,seen,bit_accuracy,0.8769230769230769
transformer,cpr,1000010000000,seen,exact_match,0.16666666666666666
transformer,cpr,1000010000000,seen,macro_f1,0.10256410256410257
transformer,cpr,1000010000000,seen,micro_f1,0.6071428571428571
transformer,cpr,1000010000000,unseen,bit_accuracy,0.8128205128205129
transformer,cpr,1000010000000,unseen,exact_match,0.0
transformer,cpr,1000010000000,unseen,macro_f1,0.11039886039886039
transformer,cpr,1000010000000,unseen,micro_f1,0.5151515151515151
transformer,cpr,1000100000000,seen,bit_accuracy,0.9025641025641026
transformer,cpr,1000100000000,seen,exact_match,0.13333333333333333
transformer,cpr,1000100000000,seen,macro_f1,0.10256410256410257
transformer,cpr,1000100000000,seen,micro_f1,0.6648550724637681
transformer,cpr,1000100000000,unseen,bit_accuracy,0.8974358974358975
transformer,cpr,1000100000000,unseen,exact_match,0.0
transformer,cpr,1000100000000,unseen,macro_f1,0.10256410256410257
transformer,cpr,1000100000000,unseen,micro_f1,0.6540710751237068
transformer,cpr,1001000000000,seen,bit_accuracy,0.8769230769230769
transformer,cpr,1001000000000,seen,exact_match,0.19999999999999998
transformer,cpr,1001000000000,seen,macro_f1,0.10256410256410257
transformer,cpr,1001000000000,seen,micro_f1,0.6152518978605935
transformer,cpr,1001000000000,unseen,bit_accuracy,0.8564102564102564
transformer,cpr,1001000000000,unseen,exact_match,0.0
transformer,cpr,1001000000000,unseen,macro_f1,0.1047008547008547
transformer,cpr,1001000000000,unseen,micro_f1,0.5717948717948719
